insert into digital_lib_author (digital_lib_author_id, first_name, last_name) values (1,'Peter','Liljedahl');
insert into digital_lib_author (digital_lib_author_id, first_name, last_name) values (2,'Emilson','Pereira Leite');
insert into digital_lib_author (digital_lib_author_id, first_name, last_name) values (3,'Eric','Dodge');
insert into digital_lib_author (digital_lib_author_id, first_name, last_name) values (4,'Daniele','Morselli');
insert into digital_lib_author (digital_lib_author_id, first_name, last_name) values (5,'Michael','Kauppi');
insert into digital_lib_author (digital_lib_author_id, first_name, last_name) values (6,'MArc','Jones');
insert into digital_lib_author (digital_lib_author_id, first_name, last_name) values (7,'David','Borthwick');
insert into digital_lib_author (digital_lib_author_id, first_name, last_name) values (8,'Serge','Demeyer');
insert into digital_lib_author (digital_lib_author_id, first_name, last_name) values (9,'Sarah','Bell');
insert into digital_lib_author (digital_lib_author_id, first_name, last_name) values (10,'Jane','Federowicz');
insert into digital_lib_author (digital_lib_author_id, first_name, last_name) values (11,'Sagarmay','Deb');
insert into digital_lib_author (digital_lib_author_id, first_name, last_name) values (12,'Alan','Martin');
insert into digital_lib_author (digital_lib_author_id, first_name, last_name) values (13,'Roy','Suddaby');
insert into digital_lib_author (digital_lib_author_id, first_name, last_name) values (14,'Jack','Franklin');
insert into digital_lib_author (digital_lib_author_id, first_name, last_name) values (15,'Jean-Michel','Marin');
insert into digital_lib_author (digital_lib_author_id, first_name, last_name) values (16,'Rüdiger','Striemer');
insert into digital_lib_author (digital_lib_author_id, first_name, last_name) values (17,'Robert','Harper');
insert into digital_lib_author (digital_lib_author_id, first_name, last_name) values (18,'Richard','A. Berk');
insert into digital_lib_author (digital_lib_author_id, first_name, last_name) values (19,'Yasuyuki','Todo');
insert into digital_lib_author (digital_lib_author_id, first_name, last_name) values (20,'Jimmy','Lin');
insert into digital_lib_author (digital_lib_author_id, first_name, last_name) values (21,'Chris','Dyer');
insert into digital_lib_author (digital_lib_author_id, first_name, last_name) values (22,'Frank','E. Harrell Jr.');
insert into digital_lib_author (digital_lib_author_id, first_name, last_name) values (23,'Bryan','Bibat');
insert into digital_lib_author (digital_lib_author_id, first_name, last_name) values (24,'Samson','Wiklund');
insert into digital_lib_author (digital_lib_author_id, first_name, last_name) values (25,'Eric','C. Larson');
insert into digital_lib_author (digital_lib_author_id, first_name, last_name) values (26,'Andrew','Muller');
insert into digital_lib_author (digital_lib_author_id, first_name, last_name) values (27,'Michael','W. Maher');
insert into digital_lib_author (digital_lib_author_id, first_name, last_name) values (28,'Jeffrey','Ventrella');
insert into digital_lib_author (digital_lib_author_id, first_name, last_name) values (29,'Andreas','Vohns');
insert into digital_lib_author (digital_lib_author_id, first_name, last_name) values (30,'Isil','Dillig');
insert into digital_lib_author (digital_lib_author_id, first_name, last_name) values (31,'Rémi','Badonnel');
insert into digital_lib_author (digital_lib_author_id, first_name, last_name) values (32,'Tadayoshi','Kohno');
insert into digital_lib_author (digital_lib_author_id, first_name, last_name) values (33,'Rob','Stokes');
insert into digital_lib_author (digital_lib_author_id, first_name, last_name) values (34,'Michael','Mendez');
insert into digital_lib_author (digital_lib_author_id, first_name, last_name) values (35,'Ioannis','Karydis');
insert into digital_lib_author (digital_lib_author_id, first_name, last_name) values (36,'Jee-Hwan','Ryu');
insert into digital_lib_author (digital_lib_author_id, first_name, last_name) values (37,'Alessandra','Russo');
insert into digital_lib_author (digital_lib_author_id, first_name, last_name) values (38,'Namrata','Chindarkar');
insert into digital_lib_author (digital_lib_author_id, first_name, last_name) values (39,'Henrik','Cosmo');
insert into digital_lib_author (digital_lib_author_id, first_name, last_name) values (40,'Ina','Šuklje Erjavec');
insert into digital_lib_author (digital_lib_author_id, first_name, last_name) values (41,'Armando','Carlos de Pina Filho');
insert into digital_lib_author (digital_lib_author_id, first_name, last_name) values (42,'Ian','Bogost');
insert into digital_lib_author (digital_lib_author_id, first_name, last_name) values (43,'Adam','Chlipala');
insert into digital_lib_author (digital_lib_author_id, first_name, last_name) values (44,'Daniela','Witten');
insert into digital_lib_author (digital_lib_author_id, first_name, last_name) values (45,'Hamdi','Aloulou');
insert into digital_lib_author (digital_lib_author_id, first_name, last_name) values (46,'Paul','Dobrescu');
insert into digital_lib_author (digital_lib_author_id, first_name, last_name) values (47,'Angela','Alcorn');
insert into digital_lib_author (digital_lib_author_id, first_name, last_name) values (48,'Brahma','Dathan');
insert into digital_lib_author (digital_lib_author_id, first_name, last_name) values (49,'Jan','Erik Solem');
insert into digital_lib_author (digital_lib_author_id, first_name, last_name) values (50,'Dimitrios','Tzovaras');
insert into digital_lib_author (digital_lib_author_id, first_name, last_name) values (51,'David','Sands');
insert into digital_lib_author (digital_lib_author_id, first_name, last_name) values (52,'Steve','Hubbard');
insert into digital_lib_author (digital_lib_author_id, first_name, last_name) values (53,'Julian','Fraillon');
insert into digital_lib_author (digital_lib_author_id, first_name, last_name) values (54,'Jia','Li');
insert into digital_lib_author (digital_lib_author_id, first_name, last_name) values (55,'Randall','Schumacker');
insert into digital_lib_author (digital_lib_author_id, first_name, last_name) values (56,'Abdulmotaleb','El Saddik');
insert into digital_lib_author (digital_lib_author_id, first_name, last_name) values (57,'Yinyu','Ye');
insert into digital_lib_author (digital_lib_author_id, first_name, last_name) values (58,'picodotdev','');
insert into digital_lib_author (digital_lib_author_id, first_name, last_name) values (59,'Anoop','Madhusudanan');
insert into digital_lib_author (digital_lib_author_id, first_name, last_name) values (60,'Ying-Chuan','Liu');
insert into digital_lib_author (digital_lib_author_id, first_name, last_name) values (61,'Michael','Kerres');
insert into digital_lib_author (digital_lib_author_id, first_name, last_name) values (62,'Sveinung','Jørgensen');
insert into digital_lib_author (digital_lib_author_id, first_name, last_name) values (63,'Regina','Lenz');
insert into digital_lib_author (digital_lib_author_id, first_name, last_name) values (64,'Joaquin','Vanschoren');
insert into digital_lib_author (digital_lib_author_id, first_name, last_name) values (65,'Bruce','Schneier');
insert into digital_lib_author (digital_lib_author_id, first_name, last_name) values (66,'Tobias','Hodges');
insert into digital_lib_author (digital_lib_author_id, first_name, last_name) values (67,'Stephen','Pelc');
insert into digital_lib_author (digital_lib_author_id, first_name, last_name) values (68,'Alyssa','Rose Martina');
insert into digital_lib_author (digital_lib_author_id, first_name, last_name) values (69,'Jason','Brownlee');
insert into digital_lib_author (digital_lib_author_id, first_name, last_name) values (70,'Olaf','Zawacki-Richter');
insert into digital_lib_author (digital_lib_author_id, first_name, last_name) values (71,'David','H. Hoover');
insert into digital_lib_author (digital_lib_author_id, first_name, last_name) values (72,'Jonas','Buchli');
insert into digital_lib_author (digital_lib_author_id, first_name, last_name) values (73,'Marc','van Kreveld');
insert into digital_lib_author (digital_lib_author_id, first_name, last_name) values (74,'Rachele','Cera');
insert into digital_lib_author (digital_lib_author_id, first_name, last_name) values (75,'Sadaf','Alam');
insert into digital_lib_author (digital_lib_author_id, first_name, last_name) values (76,'Dianxiang','Xu');
insert into digital_lib_author (digital_lib_author_id, first_name, last_name) values (77,'Robert','Tibshirani');
insert into digital_lib_author (digital_lib_author_id, first_name, last_name) values (78,'AnRajaraman','');
insert into digital_lib_author (digital_lib_author_id, first_name, last_name) values (79,'Anil','Kumar');
insert into digital_lib_author (digital_lib_author_id, first_name, last_name) values (80,'Bonnie','L. Webber');
insert into digital_lib_author (digital_lib_author_id, first_name, last_name) values (81,'Andrew','V. Metcalfe');
insert into digital_lib_author (digital_lib_author_id, first_name, last_name) values (82,'Christopher','Schmandt');
insert into digital_lib_author (digital_lib_author_id, first_name, last_name) values (83,'Bronis','R. de Supinski');
insert into digital_lib_author (digital_lib_author_id, first_name, last_name) values (84,'Henning','Müller');
insert into digital_lib_author (digital_lib_author_id, first_name, last_name) values (85,'Adem','Karahoca');
insert into digital_lib_author (digital_lib_author_id, first_name, last_name) values (86,'Eric','Ayars');
insert into digital_lib_author (digital_lib_author_id, first_name, last_name) values (87,'Michèle','Artigue');
insert into digital_lib_author (digital_lib_author_id, first_name, last_name) values (88,'Maria','Magdalena Isac');
insert into digital_lib_author (digital_lib_author_id, first_name, last_name) values (89,'Denise','Weldon-Siviy');
insert into digital_lib_author (digital_lib_author_id, first_name, last_name) values (90,'Russell','Thomas');
insert into digital_lib_author (digital_lib_author_id, first_name, last_name) values (91,'Bob','Page');
insert into digital_lib_author (digital_lib_author_id, first_name, last_name) values (92,'Kazuki','Nishi');
insert into digital_lib_author (digital_lib_author_id, first_name, last_name) values (93,'Tynes','Pedersen');
insert into digital_lib_author (digital_lib_author_id, first_name, last_name) values (94,'Victor','Giraldo');
insert into digital_lib_author (digital_lib_author_id, first_name, last_name) values (95,'Etti','Baranoff');
insert into digital_lib_author (digital_lib_author_id, first_name, last_name) values (96,'Dan','LaLiberte');
insert into digital_lib_author (digital_lib_author_id, first_name, last_name) values (97,'Elizabeth','Pulos');
insert into digital_lib_author (digital_lib_author_id, first_name, last_name) values (98,'Kevin','Sheppard');
insert into digital_lib_author (digital_lib_author_id, first_name, last_name) values (99,'Marja','Van den Heuvel-Panhuizen');
insert into digital_lib_author (digital_lib_author_id, first_name, last_name) values (100,'Sanjyot','P Dunung');
insert into digital_lib_author (digital_lib_author_id, first_name, last_name) values (101,'Amit','Shah');
insert into digital_lib_author (digital_lib_author_id, first_name, last_name) values (102,'Umesh','Hodeghatta Rao');
insert into digital_lib_author (digital_lib_author_id, first_name, last_name) values (103,'Rudolf','Sträßer');
insert into digital_lib_author (digital_lib_author_id, first_name, last_name) values (104,'J.','Roy Black');
insert into digital_lib_author (digital_lib_author_id, first_name, last_name) values (105,'David','Shapiro');
insert into digital_lib_author (digital_lib_author_id, first_name, last_name) values (106,'Paul','Dalziel');
insert into digital_lib_author (digital_lib_author_id, first_name, last_name) values (107,'Vinton','G. Cerf');
insert into digital_lib_author (digital_lib_author_id, first_name, last_name) values (108,'Stephen','Abbott');
insert into digital_lib_author (digital_lib_author_id, first_name, last_name) values (109,'Tryggvi','Björgvinsson');
insert into digital_lib_author (digital_lib_author_id, first_name, last_name) values (110,'Seán','Dineen');
insert into digital_lib_author (digital_lib_author_id, first_name, last_name) values (111,'Jack','Frawley');
insert into digital_lib_author (digital_lib_author_id, first_name, last_name) values (112,'Barbara','Lave');
insert into digital_lib_author (digital_lib_author_id, first_name, last_name) values (113,'Otfried','Cheong');
insert into digital_lib_author (digital_lib_author_id, first_name, last_name) values (114,'Sandra','Leaton Gray');
insert into digital_lib_author (digital_lib_author_id, first_name, last_name) values (115,'Kazuyuki','Motohashi');
insert into digital_lib_author (digital_lib_author_id, first_name, last_name) values (116,'Marijn','Haverbeke');
insert into digital_lib_author (digital_lib_author_id, first_name, last_name) values (117,'Robert','J. Vanderbei');
insert into digital_lib_author (digital_lib_author_id, first_name, last_name) values (118,'Nick','Talking');
insert into digital_lib_author (digital_lib_author_id, first_name, last_name) values (119,'R.','D. van der Mei');
insert into digital_lib_author (digital_lib_author_id, first_name, last_name) values (120,'Hanbing','Yan');
insert into digital_lib_author (digital_lib_author_id, first_name, last_name) values (121,'Petri','Lankoski');
insert into digital_lib_author (digital_lib_author_id, first_name, last_name) values (122,'Jaydip','Sen');
insert into digital_lib_author (digital_lib_author_id, first_name, last_name) values (123,'James','Bruce');
insert into digital_lib_author (digital_lib_author_id, first_name, last_name) values (124,'Whitson','John Kirk III');
insert into digital_lib_author (digital_lib_author_id, first_name, last_name) values (125,'oardo','Provenzi');
insert into digital_lib_author (digital_lib_author_id, first_name, last_name) values (126,'John','Hunt');
insert into digital_lib_author (digital_lib_author_id, first_name, last_name) values (127,'Karin','Bijsterveld');
insert into digital_lib_author (digital_lib_author_id, first_name, last_name) values (128,'Regina','Moeller');
insert into digital_lib_author (digital_lib_author_id, first_name, last_name) values (129,'Christian','Heumann');
insert into digital_lib_author (digital_lib_author_id, first_name, last_name) values (130,'Christopher','D. Barr');
insert into digital_lib_author (digital_lib_author_id, first_name, last_name) values (131,'Alan','G. Smith');
insert into digital_lib_author (digital_lib_author_id, first_name, last_name) values (132,'Georg','Langs');
insert into digital_lib_author (digital_lib_author_id, first_name, last_name) values (133,'Riccardo','Poli');
insert into digital_lib_author (digital_lib_author_id, first_name, last_name) values (134,'Sara','Bouchenak');
insert into digital_lib_author (digital_lib_author_id, first_name, last_name) values (135,'Robert','Lafore');
insert into digital_lib_author (digital_lib_author_id, first_name, last_name) values (136,'Karl','Seguin');
insert into digital_lib_author (digital_lib_author_id, first_name, last_name) values (137,'Simon','M. Lucas');
insert into digital_lib_author (digital_lib_author_id, first_name, last_name) values (138,'Erik','Nyquist');
insert into digital_lib_author (digital_lib_author_id, first_name, last_name) values (139,'Brett','Sanders');
insert into digital_lib_author (digital_lib_author_id, first_name, last_name) values (140,'Hermann','Kopetz');
insert into digital_lib_author (digital_lib_author_id, first_name, last_name) values (141,'Vishwas','H. Devaiah');
insert into digital_lib_author (digital_lib_author_id, first_name, last_name) values (142,'Fabio','Solari');
insert into digital_lib_author (digital_lib_author_id, first_name, last_name) values (143,'Lex','Holmes');
insert into digital_lib_author (digital_lib_author_id, first_name, last_name) values (144,'Wilhelm','Burger');
insert into digital_lib_author (digital_lib_author_id, first_name, last_name) values (145,'Antonio','Liñán Colina');
insert into digital_lib_author (digital_lib_author_id, first_name, last_name) values (146,'Daniel','Heck');
insert into digital_lib_author (digital_lib_author_id, first_name, last_name) values (147,'Maggie','Marystone');
insert into digital_lib_author (digital_lib_author_id, first_name, last_name) values (148,'Alexandre','Niveau');
insert into digital_lib_author (digital_lib_author_id, first_name, last_name) values (149,'Debbie','Seacrest');
insert into digital_lib_author (digital_lib_author_id, first_name, last_name) values (150,'Lorna','Lynch');
insert into digital_lib_author (digital_lib_author_id, first_name, last_name) values (151,'Burkhard','Stiller');
insert into digital_lib_author (digital_lib_author_id, first_name, last_name) values (152,'Reginald','Braithwaite');
insert into digital_lib_author (digital_lib_author_id, first_name, last_name) values (153,'Neal','Halfon');
insert into digital_lib_author (digital_lib_author_id, first_name, last_name) values (154,'Victor','Shoup');
insert into digital_lib_author (digital_lib_author_id, first_name, last_name) values (155,'Stephan','Goericke');
insert into digital_lib_author (digital_lib_author_id, first_name, last_name) values (156,'Rickardgren','');
insert into digital_lib_author (digital_lib_author_id, first_name, last_name) values (157,'Art','Schneider');
insert into digital_lib_author (digital_lib_author_id, first_name, last_name) values (158,'Denisse','R. Thompson');
insert into digital_lib_author (digital_lib_author_id, first_name, last_name) values (159,'Andi','Gutmans');
insert into digital_lib_author (digital_lib_author_id, first_name, last_name) values (160,'Michael','J. McGrath');
insert into digital_lib_author (digital_lib_author_id, first_name, last_name) values (161,'Maria','Alessandra  Mariotti');
insert into digital_lib_author (digital_lib_author_id, first_name, last_name) values (162,'Russell','Cooper');
insert into digital_lib_author (digital_lib_author_id, first_name, last_name) values (163,'Timo','Vuorikivi');
insert into digital_lib_author (digital_lib_author_id, first_name, last_name) values (164,'Robert','Singer');
insert into digital_lib_author (digital_lib_author_id, first_name, last_name) values (165,'Ingmar','Hammer');
insert into digital_lib_author (digital_lib_author_id, first_name, last_name) values (166,'Trevor','Hastie');
insert into digital_lib_author (digital_lib_author_id, first_name, last_name) values (167,'Max','Kuhn');
insert into digital_lib_author (digital_lib_author_id, first_name, last_name) values (168,'multiple','authors');
insert into digital_lib_author (digital_lib_author_id, first_name, last_name) values (169,'Michael','Mateas');
insert into digital_lib_author (digital_lib_author_id, first_name, last_name) values (170,'Patrick','Lee Brockett');
insert into digital_lib_author (digital_lib_author_id, first_name, last_name) values (171,'Emmanuel','Fuentes');
insert into digital_lib_author (digital_lib_author_id, first_name, last_name) values (172,'Constance','Steinkuehler');
insert into digital_lib_author (digital_lib_author_id, first_name, last_name) values (173,'Andrew','Cutting');
insert into digital_lib_author (digital_lib_author_id, first_name, last_name) values (174,'Ognyan','Ivanov');
insert into digital_lib_author (digital_lib_author_id, first_name, last_name) values (175,'Vijay','Reddy');
insert into digital_lib_author (digital_lib_author_id, first_name, last_name) values (176,'Huub','Dijstelbloem');
insert into digital_lib_author (digital_lib_author_id, first_name, last_name) values (177,'Steven','Greenlaw');
insert into digital_lib_author (digital_lib_author_id, first_name, last_name) values (178,'Philip','Laplante');
insert into digital_lib_author (digital_lib_author_id, first_name, last_name) values (179,'Jeffrey','Y. Tsao');
insert into digital_lib_author (digital_lib_author_id, first_name, last_name) values (180,'Georg','Rehm');
insert into digital_lib_author (digital_lib_author_id, first_name, last_name) values (181,'Geoffrey','Brown');
insert into digital_lib_author (digital_lib_author_id, first_name, last_name) values (182,'Benjamin','Yakir');
insert into digital_lib_author (digital_lib_author_id, first_name, last_name) values (183,'J.','David Eisenberg');
insert into digital_lib_author (digital_lib_author_id, first_name, last_name) values (184,'Martijn','de Waal');
insert into digital_lib_author (digital_lib_author_id, first_name, last_name) values (185,'Wikibooks.org','');
insert into digital_lib_author (digital_lib_author_id, first_name, last_name) values (186,'Richard','Baldwin');
insert into digital_lib_author (digital_lib_author_id, first_name, last_name) values (187,'Yo-Sung','Ho');
insert into digital_lib_author (digital_lib_author_id, first_name, last_name) values (188,'Sachin','Chaturvedi');
insert into digital_lib_author (digital_lib_author_id, first_name, last_name) values (189,'Thomas','Shull');
insert into digital_lib_author (digital_lib_author_id, first_name, last_name) values (190,'Valentina','Della Fina');
insert into digital_lib_author (digital_lib_author_id, first_name, last_name) values (191,'Ademar','Aguiar');
insert into digital_lib_author (digital_lib_author_id, first_name, last_name) values (192,'Sergio','Carrera');
insert into digital_lib_author (digital_lib_author_id, first_name, last_name) values (193,'Horacio','González-Vélez');
insert into digital_lib_author (digital_lib_author_id, first_name, last_name) values (194,'Daphne','Tuncer');
insert into digital_lib_author (digital_lib_author_id, first_name, last_name) values (195,'PortlCommunity','College Math Department');
insert into digital_lib_author (digital_lib_author_id, first_name, last_name) values (196,'Wayne','Collins');
insert into digital_lib_author (digital_lib_author_id, first_name, last_name) values (197,'Indranath','Gupta');
insert into digital_lib_author (digital_lib_author_id, first_name, last_name) values (198,'Cornelis','A. de Kluyver');
insert into digital_lib_author (digital_lib_author_id, first_name, last_name) values (199,'Suzanne','Kyle');
insert into digital_lib_author (digital_lib_author_id, first_name, last_name) values (200,'Simon','Slangen');
insert into digital_lib_author (digital_lib_author_id, first_name, last_name) values (201,'Jacobo','Lobeiras Blanco');
insert into digital_lib_author (digital_lib_author_id, first_name, last_name) values (202,'Albert','W. Schueller');
insert into digital_lib_author (digital_lib_author_id, first_name, last_name) values (203,'David','Challener');
insert into digital_lib_author (digital_lib_author_id, first_name, last_name) values (204,'Lars','Kotthoff');
insert into digital_lib_author (digital_lib_author_id, first_name, last_name) values (205,'Mark','de Berg');
insert into digital_lib_author (digital_lib_author_id, first_name, last_name) values (206,'Dyanna','Gregory');
insert into digital_lib_author (digital_lib_author_id, first_name, last_name) values (207,'Ephraim','Nkonya');
insert into digital_lib_author (digital_lib_author_id, first_name, last_name) values (208,'William','Frey');
insert into digital_lib_author (digital_lib_author_id, first_name, last_name) values (209,'George','M. Zinkhan');
insert into digital_lib_author (digital_lib_author_id, first_name, last_name) values (210,'Paolo','Campegiani');
insert into digital_lib_author (digital_lib_author_id, first_name, last_name) values (211,'Caitlin','Sadowski');
insert into digital_lib_author (digital_lib_author_id, first_name, last_name) values (212,'Emma','Baulch');
insert into digital_lib_author (digital_lib_author_id, first_name, last_name) values (213,'Gene','Ray');
insert into digital_lib_author (digital_lib_author_id, first_name, last_name) values (214,'Robert','Schifreen');
insert into digital_lib_author (digital_lib_author_id, first_name, last_name) values (215,'Al','Sweigart');
insert into digital_lib_author (digital_lib_author_id, first_name, last_name) values (216,'Barbara','Illowsky');
insert into digital_lib_author (digital_lib_author_id, first_name, last_name) values (217,'Matthias','Riebisch');
insert into digital_lib_author (digital_lib_author_id, first_name, last_name) values (218,'Aeilko','H. Zwinderman');
insert into digital_lib_author (digital_lib_author_id, first_name, last_name) values (219,'ward','Curry');
insert into digital_lib_author (digital_lib_author_id, first_name, last_name) values (220,'Katrin','Vorhölter');
insert into digital_lib_author (digital_lib_author_id, first_name, last_name) values (221,'Alexander','Ostermann');
insert into digital_lib_author (digital_lib_author_id, first_name, last_name) values (222,'Justin','Elardo');
insert into digital_lib_author (digital_lib_author_id, first_name, last_name) values (223,'Constance','Stein Kehler');
insert into digital_lib_author (digital_lib_author_id, first_name, last_name) values (224,'Ton','J. Cleophas');
insert into digital_lib_author (digital_lib_author_id, first_name, last_name) values (225,'Klaas-Jan','Stol');
insert into digital_lib_author (digital_lib_author_id, first_name, last_name) values (226,'Ulf','Wuggenig');
insert into digital_lib_author (digital_lib_author_id, first_name, last_name) values (227,'David','F. Hendry');
insert into digital_lib_author (digital_lib_author_id, first_name, last_name) values (228,'Luigi','Villani');
insert into digital_lib_author (digital_lib_author_id, first_name, last_name) values (229,'Marcus','Lacher');
insert into digital_lib_author (digital_lib_author_id, first_name, last_name) values (230,'Enrique','Castro-Leon');
insert into digital_lib_author (digital_lib_author_id, first_name, last_name) values (231,'Sunil','Cheruvu');
insert into digital_lib_author (digital_lib_author_id, first_name, last_name) values (232,'Beate','Jelstad Løvaas');
insert into digital_lib_author (digital_lib_author_id, first_name, last_name) values (233,'Catalin','Alexandru');
insert into digital_lib_author (digital_lib_author_id, first_name, last_name) values (234,'Amanda','Taylor');
insert into digital_lib_author (digital_lib_author_id, first_name, last_name) values (235,'Alvaro','Vives');
insert into digital_lib_author (digital_lib_author_id, first_name, last_name) values (236,'Luis','Anido');
insert into digital_lib_author (digital_lib_author_id, first_name, last_name) values (237,'Breanne','Litts');
insert into digital_lib_author (digital_lib_author_id, first_name, last_name) values (238,'Susan','Dean');
insert into digital_lib_author (digital_lib_author_id, first_name, last_name) values (239,'Frank','Miller');
insert into digital_lib_author (digital_lib_author_id, first_name, last_name) values (240,'Yusuke','Takagi');
insert into digital_lib_author (digital_lib_author_id, first_name, last_name) values (241,'Kim','Warren');
insert into digital_lib_author (digital_lib_author_id, first_name, last_name) values (242,'Richard','A. Davis');
insert into digital_lib_author (digital_lib_author_id, first_name, last_name) values (243,'Laura','Clay');
insert into digital_lib_author (digital_lib_author_id, first_name, last_name) values (244,'Kenneth','Goldman');
insert into digital_lib_author (digital_lib_author_id, first_name, last_name) values (245,'Jan','Matuszynski');
insert into digital_lib_author (digital_lib_author_id, first_name, last_name) values (246,'Kent','D. Lee');
insert into digital_lib_author (digital_lib_author_id, first_name, last_name) values (247,'Peter','J. Brockwell');
insert into digital_lib_author (digital_lib_author_id, first_name, last_name) values (248,'Ned','Smith');
insert into digital_lib_author (digital_lib_author_id, first_name, last_name) values (249,'Svein','Linge');
insert into digital_lib_author (digital_lib_author_id, first_name, last_name) values (250,'Xiaochun','Yun');
insert into digital_lib_author (digital_lib_author_id, first_name, last_name) values (251,'Terry','Dawson');
insert into digital_lib_author (digital_lib_author_id, first_name, last_name) values (252,'Dan','Boneh');
insert into digital_lib_author (digital_lib_author_id, first_name, last_name) values (253,'Rosa','Menkman');
insert into digital_lib_author (digital_lib_author_id, first_name, last_name) values (254,'Duane','A. Bailey');
insert into digital_lib_author (digital_lib_author_id, first_name, last_name) values (255,'Leonora','Diaz Moreno');
insert into digital_lib_author (digital_lib_author_id, first_name, last_name) values (256,'Naji','Barnes-McFarlane');
insert into digital_lib_author (digital_lib_author_id, first_name, last_name) values (257,'Moshe','Sipper');
insert into digital_lib_author (digital_lib_author_id, first_name, last_name) values (258,'Lijun','Zhang');
insert into digital_lib_author (digital_lib_author_id, first_name, last_name) values (259,'Keiichi','Tsunekawa');
insert into digital_lib_author (digital_lib_author_id, first_name, last_name) values (260,'Bruno','Siciliano');
insert into digital_lib_author (digital_lib_author_id, first_name, last_name) values (261,'Jennifer','L. Castle');
insert into digital_lib_author (digital_lib_author_id, first_name, last_name) values (262,'Matthew','North');
insert into digital_lib_author (digital_lib_author_id, first_name, last_name) values (263,'Anil','Maheshwari');
insert into digital_lib_author (digital_lib_author_id, first_name, last_name) values (264,'Peter','Müller');
insert into digital_lib_author (digital_lib_author_id, first_name, last_name) values (265,'Steven','F. Lott');
insert into digital_lib_author (digital_lib_author_id, first_name, last_name) values (266,'Mea','M.M. Lowcre');
insert into digital_lib_author (digital_lib_author_id, first_name, last_name) values (267,'Elena','N. Ieno');
insert into digital_lib_author (digital_lib_author_id, first_name, last_name) values (268,'Lisa','Johnson');
insert into digital_lib_author (digital_lib_author_id, first_name, last_name) values (269,'Agoston','E. Eiben');
insert into digital_lib_author (digital_lib_author_id, first_name, last_name) values (270,'Antoine','Bagula');
insert into digital_lib_author (digital_lib_author_id, first_name, last_name) values (271,'Don','Mayer');
insert into digital_lib_author (digital_lib_author_id, first_name, last_name) values (272,'Christopher','B. Forrest');
insert into digital_lib_author (digital_lib_author_id, first_name, last_name) values (273,'Nikolaus','Correl');
insert into digital_lib_author (digital_lib_author_id, first_name, last_name) values (274,'Dmitry','Khovratovich');
insert into digital_lib_author (digital_lib_author_id, first_name, last_name) values (275,'Felipe','Pepe');
insert into digital_lib_author (digital_lib_author_id, first_name, last_name) values (276,'Maria','Bicudo');
insert into digital_lib_author (digital_lib_author_id, first_name, last_name) values (277,'Reiner','Hähnle');
insert into digital_lib_author (digital_lib_author_id, first_name, last_name) values (278,'Ladyada','');
insert into digital_lib_author (digital_lib_author_id, first_name, last_name) values (279,'Francis','daCosta');
insert into digital_lib_author (digital_lib_author_id, first_name, last_name) values (280,'Marco','Zennaro');
insert into digital_lib_author (digital_lib_author_id, first_name, last_name) values (281,'José','Pagán');
insert into digital_lib_author (digital_lib_author_id, first_name, last_name) values (282,'Azimeh','Sadat Khakbaz');
insert into digital_lib_author (digital_lib_author_id, first_name, last_name) values (283,'Frank','van Harmelen');
insert into digital_lib_author (digital_lib_author_id, first_name, last_name) values (284,'Luis','Moreno-Armella');
insert into digital_lib_author (digital_lib_author_id, first_name, last_name) values (285,'Charu','C. Aggarwal');
insert into digital_lib_author (digital_lib_author_id, first_name, last_name) values (286,'Bobbin','Teegarden');
insert into digital_lib_author (digital_lib_author_id, first_name, last_name) values (287,'Ole','Skovsmose');
insert into digital_lib_author (digital_lib_author_id, first_name, last_name) values (288,'Michael','I. Schwartzbach');
insert into digital_lib_author (digital_lib_author_id, first_name, last_name) values (289,'James','Chronister');
insert into digital_lib_author (digital_lib_author_id, first_name, last_name) values (290,'William','Q. Judge');
insert into digital_lib_author (digital_lib_author_id, first_name, last_name) values (291,'Gilah','C. Leder');
insert into digital_lib_author (digital_lib_author_id, first_name, last_name) values (292,'Georg','Struth');
insert into digital_lib_author (digital_lib_author_id, first_name, last_name) values (293,'Cameron','W. Piercy');
insert into digital_lib_author (digital_lib_author_id, first_name, last_name) values (294,'Francesco','Mondada');
insert into digital_lib_author (digital_lib_author_id, first_name, last_name) values (295,'Stephen','Sirris');
insert into digital_lib_author (digital_lib_author_id, first_name, last_name) values (296,'Carmen','Batanero');
insert into digital_lib_author (digital_lib_author_id, first_name, last_name) values (297,'Frank','B. Brokken');
insert into digital_lib_author (digital_lib_author_id, first_name, last_name) values (298,'Günter','Törner');
insert into digital_lib_author (digital_lib_author_id, first_name, last_name) values (299,'Rebecca','Murphey');
insert into digital_lib_author (digital_lib_author_id, first_name, last_name) values (300,'John','Ainley');
insert into digital_lib_author (digital_lib_author_id, first_name, last_name) values (301,'Roberto','Medeiros');
insert into digital_lib_author (digital_lib_author_id, first_name, last_name) values (302,'Torben','Aegidius Mogensen');
insert into digital_lib_author (digital_lib_author_id, first_name, last_name) values (303,'Trina','Chiasson');
insert into digital_lib_author (digital_lib_author_id, first_name, last_name) values (304,'Henry','Milner');
insert into digital_lib_author (digital_lib_author_id, first_name, last_name) values (305,'David','M. Diez');
insert into digital_lib_author (digital_lib_author_id, first_name, last_name) values (306,'Greg','Kroah-Hartman');
insert into digital_lib_author (digital_lib_author_id, first_name, last_name) values (307,'Barry','Atkins');
insert into digital_lib_author (digital_lib_author_id, first_name, last_name) values (308,'Luis','G. Nardin');
insert into digital_lib_author (digital_lib_author_id, first_name, last_name) values (309,'William','J. Pervin');
insert into digital_lib_author (digital_lib_author_id, first_name, last_name) values (310,'Joe','Saunders');
insert into digital_lib_author (digital_lib_author_id, first_name, last_name) values (311,'Alexander','Rakhlin');
insert into digital_lib_author (digital_lib_author_id, first_name, last_name) values (312,'Robert','Nürnberg');
insert into digital_lib_author (digital_lib_author_id, first_name, last_name) values (313,'K.','Raghava Rao');
insert into digital_lib_author (digital_lib_author_id, first_name, last_name) values (314,'Shahriar','Akramullah');
insert into digital_lib_author (digital_lib_author_id, first_name, last_name) values (315,'Wolfgang','Ertel');
insert into digital_lib_author (digital_lib_author_id, first_name, last_name) values (316,'Jonathan','T Scott');
insert into digital_lib_author (digital_lib_author_id, first_name, last_name) values (317,'Jody','Clarke-Midura');
insert into digital_lib_author (digital_lib_author_id, first_name, last_name) values (318,'Fernando','M. Reimers');
insert into digital_lib_author (digital_lib_author_id, first_name, last_name) values (319,'Ashish','Dutta');
insert into digital_lib_author (digital_lib_author_id, first_name, last_name) values (320,'Paul','Ernest');
insert into digital_lib_author (digital_lib_author_id, first_name, last_name) values (321,'Wonsun','Ahn');
insert into digital_lib_author (digital_lib_author_id, first_name, last_name) values (322,'Laura','Tateosian');
insert into digital_lib_author (digital_lib_author_id, first_name, last_name) values (323,'Allan','M. Stavely');
insert into digital_lib_author (digital_lib_author_id, first_name, last_name) values (324,'Carl','McDaniel');
insert into digital_lib_author (digital_lib_author_id, first_name, last_name) values (325,'various','');
insert into digital_lib_author (digital_lib_author_id, first_name, last_name) values (326,'Ross','Anderson');
insert into digital_lib_author (digital_lib_author_id, first_name, last_name) values (327,'ustwo','');
insert into digital_lib_author (digital_lib_author_id, first_name, last_name) values (328,'David','J. Eck');
insert into digital_lib_author (digital_lib_author_id, first_name, last_name) values (329,'Jerry','Watkins');
insert into digital_lib_author (digital_lib_author_id, first_name, last_name) values (330,'Richard','Szeliski');
insert into digital_lib_author (digital_lib_author_id, first_name, last_name) values (331,'Andy','Schürr');
insert into digital_lib_author (digital_lib_author_id, first_name, last_name) values (332,'Taty','Sena');
insert into digital_lib_author (digital_lib_author_id, first_name, last_name) values (333,'Mordechai','Ben-Ari');
insert into digital_lib_author (digital_lib_author_id, first_name, last_name) values (334,'Michael','R. Berthold');
insert into digital_lib_author (digital_lib_author_id, first_name, last_name) values (335,'Mark','J. Burge');
insert into digital_lib_author (digital_lib_author_id, first_name, last_name) values (336,'Christian','Mercat');
insert into digital_lib_author (digital_lib_author_id, first_name, last_name) values (337,'Donald','J McCubbrey');
insert into digital_lib_author (digital_lib_author_id, first_name, last_name) values (338,'Minoru','Mori');
insert into digital_lib_author (digital_lib_author_id, first_name, last_name) values (339,'David','Parker');
insert into digital_lib_author (digital_lib_author_id, first_name, last_name) values (340,'Donald','Coffelt');
insert into digital_lib_author (digital_lib_author_id, first_name, last_name) values (341,'James','C. Hyatt');
insert into digital_lib_author (digital_lib_author_id, first_name, last_name) values (342,'John','Martin');
insert into digital_lib_author (digital_lib_author_id, first_name, last_name) values (343,'Michael','Oberguggenberger');
insert into digital_lib_author (digital_lib_author_id, first_name, last_name) values (344,'Michael','Merenda');
insert into digital_lib_author (digital_lib_author_id, first_name, last_name) values (345,'U.','V. Vazirani');
insert into digital_lib_author (digital_lib_author_id, first_name, last_name) values (346,'Ryan','Cohen');
insert into digital_lib_author (digital_lib_author_id, first_name, last_name) values (347,'Hans','van den Berg');
insert into digital_lib_author (digital_lib_author_id, first_name, last_name) values (348,'Alex','Samuel');
insert into digital_lib_author (digital_lib_author_id, first_name, last_name) values (349,'Patrick','M. Emerson');
insert into digital_lib_author (digital_lib_author_id, first_name, last_name) values (350,'Rachel','Siegel');
insert into digital_lib_author (digital_lib_author_id, first_name, last_name) values (351,'James','Donwards');
insert into digital_lib_author (digital_lib_author_id, first_name, last_name) values (352,'Kenkeiras','');
insert into digital_lib_author (digital_lib_author_id, first_name, last_name) values (353,'Michiel','Smid');
insert into digital_lib_author (digital_lib_author_id, first_name, last_name) values (354,'Scott','Chacon');
insert into digital_lib_author (digital_lib_author_id, first_name, last_name) values (355,'Serdar','Tasiran');
insert into digital_lib_author (digital_lib_author_id, first_name, last_name) values (356,'Kieran','Taylor');
insert into digital_lib_author (digital_lib_author_id, first_name, last_name) values (357,'Jacqueline','Pike');
insert into digital_lib_author (digital_lib_author_id, first_name, last_name) values (358,'James','M. Fiore');
insert into digital_lib_author (digital_lib_author_id, first_name, last_name) values (359,'Christian','P. Robert');
insert into digital_lib_author (digital_lib_author_id, first_name, last_name) values (360,'Ioannis','Komnios');
insert into digital_lib_author (digital_lib_author_id, first_name, last_name) values (361,'Linda','McCarthy');
insert into digital_lib_author (digital_lib_author_id, first_name, last_name) values (362,'Jonathan','Carpenter');
insert into digital_lib_author (digital_lib_author_id, first_name, last_name) values (363,'Vinod','Thomas');
insert into digital_lib_author (digital_lib_author_id, first_name, last_name) values (364,'Michael','Schwarz');
insert into digital_lib_author (digital_lib_author_id, first_name, last_name) values (365,'José','van Dijck');
insert into digital_lib_author (digital_lib_author_id, first_name, last_name) values (366,'Rita','Borromeo Ferri');
insert into digital_lib_author (digital_lib_author_id, first_name, last_name) values (367,'Veerayooth','Kanchoochat');
insert into digital_lib_author (digital_lib_author_id, first_name, last_name) values (368,'Lindon','J. Robinson');
insert into digital_lib_author (digital_lib_author_id, first_name, last_name) values (369,'Lorenzo','Sciavicco');
insert into digital_lib_author (digital_lib_author_id, first_name, last_name) values (370,'Joe','Hoyle');
insert into digital_lib_author (digital_lib_author_id, first_name, last_name) values (371,'Tomoaki','Mimoto');
insert into digital_lib_author (digital_lib_author_id, first_name, last_name) values (372,'Ron','McFadyen');
insert into digital_lib_author (digital_lib_author_id, first_name, last_name) values (373,'Don','Stewart');
insert into digital_lib_author (digital_lib_author_id, first_name, last_name) values (374,'Matthew','Helmke');
insert into digital_lib_author (digital_lib_author_id, first_name, last_name) values (375,'Andreas','Eichler');
insert into digital_lib_author (digital_lib_author_id, first_name, last_name) values (376,'Stefan','Obermeier');
insert into digital_lib_author (digital_lib_author_id, first_name, last_name) values (377,'Ivo','D. Dinov');
insert into digital_lib_author (digital_lib_author_id, first_name, last_name) values (378,'S.','Stuurman');
insert into digital_lib_author (digital_lib_author_id, first_name, last_name) values (379,'Salim','Rashid');
insert into digital_lib_author (digital_lib_author_id, first_name, last_name) values (380,'Chris','Crawford');
insert into digital_lib_author (digital_lib_author_id, first_name, last_name) values (381,'Spencer','Tipping');
insert into digital_lib_author (digital_lib_author_id, first_name, last_name) values (382,'Luigi','Romano');
insert into digital_lib_author (digital_lib_author_id, first_name, last_name) values (383,'Dave','Ketchen');
insert into digital_lib_author (digital_lib_author_id, first_name, last_name) values (384,'Chris','Bourke');
insert into digital_lib_author (digital_lib_author_id, first_name, last_name) values (385,'Ugo','Dal Lago');
insert into digital_lib_author (digital_lib_author_id, first_name, last_name) values (386,'Jörg','Liesen');
insert into digital_lib_author (digital_lib_author_id, first_name, last_name) values (387,'Lachlan','Roy');
insert into digital_lib_author (digital_lib_author_id, first_name, last_name) values (388,'John','Morris');
insert into digital_lib_author (digital_lib_author_id, first_name, last_name) values (389,'Justin','Marlowe');
insert into digital_lib_author (digital_lib_author_id, first_name, last_name) values (390,'Tim','Friedman');
insert into digital_lib_author (digital_lib_author_id, first_name, last_name) values (391,'Various','');
insert into digital_lib_author (digital_lib_author_id, first_name, last_name) values (392,'Lee.','A. Swanson');
insert into digital_lib_author (digital_lib_author_id, first_name, last_name) values (393,'Wolfgang','Wahlster');
insert into digital_lib_author (digital_lib_author_id, first_name, last_name) values (394,'Yehuda','Kahane');
insert into digital_lib_author (digital_lib_author_id, first_name, last_name) values (395,'Sean','Chambers');
insert into digital_lib_author (digital_lib_author_id, first_name, last_name) values (396,'Minh','Van Nguyen');
insert into digital_lib_author (digital_lib_author_id, first_name, last_name) values (397,'Axel','Marx');
insert into digital_lib_author (digital_lib_author_id, first_name, last_name) values (398,'David','Abramson');
insert into digital_lib_author (digital_lib_author_id, first_name, last_name) values (399,'Mark','L. Murphy');
insert into digital_lib_author (digital_lib_author_id, first_name, last_name) values (400,'Julie','Haupt');
insert into digital_lib_author (digital_lib_author_id, first_name, last_name) values (401,'Kevin','Krueger');
insert into digital_lib_author (digital_lib_author_id, first_name, last_name) values (402,'David','P. Williamson');
insert into digital_lib_author (digital_lib_author_id, first_name, last_name) values (403,'Stefan','Steidl');
insert into digital_lib_author (digital_lib_author_id, first_name, last_name) values (404,'Sara','Tomek');
insert into digital_lib_author (digital_lib_author_id, first_name, last_name) values (405,'Krisztian','Balog');
insert into digital_lib_author (digital_lib_author_id, first_name, last_name) values (406,'Wolfgang','Breyha');
insert into digital_lib_author (digital_lib_author_id, first_name, last_name) values (407,'R.','Trebor Scholz');
insert into digital_lib_author (digital_lib_author_id, first_name, last_name) values (408,'Alex','Simpson');
insert into digital_lib_author (digital_lib_author_id, first_name, last_name) values (409,'Azamat','“Bohed” E.');
insert into digital_lib_author (digital_lib_author_id, first_name, last_name) values (410,'Kurt','Squire');
insert into digital_lib_author (digital_lib_author_id, first_name, last_name) values (411,'Max','Giovagnoli');
insert into digital_lib_author (digital_lib_author_id, first_name, last_name) values (412,'Thomas','Davis');
insert into digital_lib_author (digital_lib_author_id, first_name, last_name) values (413,'Gabriela','Maksymiuk');
insert into digital_lib_author (digital_lib_author_id, first_name, last_name) values (414,'E.','Hoigaard');
insert into digital_lib_author (digital_lib_author_id, first_name, last_name) values (415,'Sarah','McNicol');
insert into digital_lib_author (digital_lib_author_id, first_name, last_name) values (416,'Stéphane','Ducasse');
insert into digital_lib_author (digital_lib_author_id, first_name, last_name) values (417,'Robert','K Konitzer');
insert into digital_lib_author (digital_lib_author_id, first_name, last_name) values (418,'Jess','Dahmen');
insert into digital_lib_author (digital_lib_author_id, first_name, last_name) values (419,'Andrew','JOhn');
insert into digital_lib_author (digital_lib_author_id, first_name, last_name) values (420,'Christopher','Pau');
insert into digital_lib_author (digital_lib_author_id, first_name, last_name) values (421,'Manuela','Chessa');
insert into digital_lib_author (digital_lib_author_id, first_name, last_name) values (422,'Bil','Lewis');
insert into digital_lib_author (digital_lib_author_id, first_name, last_name) values (423,'M.','Jackson Wilkinson');
insert into digital_lib_author (digital_lib_author_id, first_name, last_name) values (424,'Friedrich','Schneider');
insert into digital_lib_author (digital_lib_author_id, first_name, last_name) values (425,'Michaela','Anderle');
insert into digital_lib_author (digital_lib_author_id, first_name, last_name) values (426,'Wojciech','rutter');
insert into digital_lib_author (digital_lib_author_id, first_name, last_name) values (427,'Umesha','Nayak');
insert into digital_lib_author (digital_lib_author_id, first_name, last_name) values (428,'Yongfu','Huang');
insert into digital_lib_author (digital_lib_author_id, first_name, last_name) values (429,'Marieke','Huisman');
insert into digital_lib_author (digital_lib_author_id, first_name, last_name) values (430,'Peeter','Mehisto');
insert into digital_lib_author (digital_lib_author_id, first_name, last_name) values (431,'Joris','Dormans');
insert into digital_lib_author (digital_lib_author_id, first_name, last_name) values (432,'Andrew','N. Harrington');
insert into digital_lib_author (digital_lib_author_id, first_name, last_name) values (433,'John','Nelson');
insert into digital_lib_author (digital_lib_author_id, first_name, last_name) values (434,'Thomas','C. Priester');
insert into digital_lib_author (digital_lib_author_id, first_name, last_name) values (435,'Keith','Watson');
insert into digital_lib_author (digital_lib_author_id, first_name, last_name) values (436,'Hans','Petter Langtangen');
insert into digital_lib_author (digital_lib_author_id, first_name, last_name) values (437,'Antonio','Lupetti');
insert into digital_lib_author (digital_lib_author_id, first_name, last_name) values (438,'John','B. Schneider');
insert into digital_lib_author (digital_lib_author_id, first_name, last_name) values (439,'Giulia','De Lazzari');
insert into digital_lib_author (digital_lib_author_id, first_name, last_name) values (440,'Louisa','Rosenheck');
insert into digital_lib_author (digital_lib_author_id, first_name, last_name) values (441,'José','P. Zagal');
insert into digital_lib_author (digital_lib_author_id, first_name, last_name) values (442,'Lars','Geschwind');
insert into digital_lib_author (digital_lib_author_id, first_name, last_name) values (443,'Aruna','Ravichandran');
insert into digital_lib_author (digital_lib_author_id, first_name, last_name) values (444,'Ján','Rusnacko');
insert into digital_lib_author (digital_lib_author_id, first_name, last_name) values (445,'Sharon','Kioko');
insert into digital_lib_author (digital_lib_author_id, first_name, last_name) values (446,'Serge','Lang');
insert into digital_lib_author (digital_lib_author_id, first_name, last_name) values (447,'Pauline','Vos');
insert into digital_lib_author (digital_lib_author_id, first_name, last_name) values (448,'Victor','Martinez-Luaces');
insert into digital_lib_author (digital_lib_author_id, first_name, last_name) values (449,'Sherri','Melrose');
insert into digital_lib_author (digital_lib_author_id, first_name, last_name) values (450,'Hana','Chockler');
insert into digital_lib_author (digital_lib_author_id, first_name, last_name) values (451,'Matteo','Pozzi');
insert into digital_lib_author (digital_lib_author_id, first_name, last_name) values (452,'Mutual','Mobile');
insert into digital_lib_author (digital_lib_author_id, first_name, last_name) values (453,'Ron','Miazga');
insert into digital_lib_author (digital_lib_author_id, first_name, last_name) values (454,'Terry','Anderson');
insert into digital_lib_author (digital_lib_author_id, first_name, last_name) values (455,'John','Burnett');
insert into digital_lib_author (digital_lib_author_id, first_name, last_name) values (456,'Yossef','Oren');
insert into digital_lib_author (digital_lib_author_id, first_name, last_name) values (457,'Tyler','Seacrest');
insert into digital_lib_author (digital_lib_author_id, first_name, last_name) values (458,'Corey','Gough');
insert into digital_lib_author (digital_lib_author_id, first_name, last_name) values (459,'Joe','E. Urbany');
insert into digital_lib_author (digital_lib_author_id, first_name, last_name) values (460,'Brian','Price');
insert into digital_lib_author (digital_lib_author_id, first_name, last_name) values (461,'Jonas','Odhner');
insert into digital_lib_author (digital_lib_author_id, first_name, last_name) values (462,'G.','J. Chaitin');
insert into digital_lib_author (digital_lib_author_id, first_name, last_name) values (463,'Michael','Ummels');
insert into digital_lib_author (digital_lib_author_id, first_name, last_name) values (464,'Yandong','Zhao');
insert into digital_lib_author (digital_lib_author_id, first_name, last_name) values (465,'Michal','Tabach');
insert into digital_lib_author (digital_lib_author_id, first_name, last_name) values (466,'Salvador','Francisco Morera Soler');
insert into digital_lib_author (digital_lib_author_id, first_name, last_name) values (467,'Dilip','Datta');
insert into digital_lib_author (digital_lib_author_id, first_name, last_name) values (468,'Alexander','Dolgin');
insert into digital_lib_author (digital_lib_author_id, first_name, last_name) values (469,'Adnan','Qayyum');
insert into digital_lib_author (digital_lib_author_id, first_name, last_name) values (470,'Allen','B. Downey');
insert into digital_lib_author (digital_lib_author_id, first_name, last_name) values (471,'Thomas','Bialas');
insert into digital_lib_author (digital_lib_author_id, first_name, last_name) values (472,'Alejandra','Garrido');
insert into digital_lib_author (digital_lib_author_id, first_name, last_name) values (473,'Tara','Robertson');
insert into digital_lib_author (digital_lib_author_id, first_name, last_name) values (474,'David','Phillips');
insert into digital_lib_author (digital_lib_author_id, first_name, last_name) values (475,'Pierre','Berthon');
insert into digital_lib_author (digital_lib_author_id, first_name, last_name) values (476,'Andrea','Larson');
insert into digital_lib_author (digital_lib_author_id, first_name, last_name) values (477,'Mariette','Awad');
insert into digital_lib_author (digital_lib_author_id, first_name, last_name) values (478,'Hans','C. Mumm');
insert into digital_lib_author (digital_lib_author_id, first_name, last_name) values (479,'Stefan','Heule');
insert into digital_lib_author (digital_lib_author_id, first_name, last_name) values (480,'Mason','A Carpenter');
insert into digital_lib_author (digital_lib_author_id, first_name, last_name) values (481,'Fevzi','Belli');
insert into digital_lib_author (digital_lib_author_id, first_name, last_name) values (482,'Anselm','Lingnau');
insert into digital_lib_author (digital_lib_author_id, first_name, last_name) values (483,'Steve','Suranovic');
insert into digital_lib_author (digital_lib_author_id, first_name, last_name) values (484,'Dennis','Yurichev');
insert into digital_lib_author (digital_lib_author_id, first_name, last_name) values (485,'Laura','Portolese Dias');
insert into digital_lib_author (digital_lib_author_id, first_name, last_name) values (486,'Rómulo','Pinheiro');
insert into digital_lib_author (digital_lib_author_id, first_name, last_name) values (487,'Richard','L. Halterman');
insert into digital_lib_author (digital_lib_author_id, first_name, last_name) values (488,'Jordi','Cabot');
insert into digital_lib_author (digital_lib_author_id, first_name, last_name) values (489,'Travis','E. Oliphant');
insert into digital_lib_author (digital_lib_author_id, first_name, last_name) values (490,'Meredith','Martin');
insert into digital_lib_author (digital_lib_author_id, first_name, last_name) values (491,'Ulf','Nilsson');
insert into digital_lib_author (digital_lib_author_id, first_name, last_name) values (492,'Aino-Kaisa','Koistinen');
insert into digital_lib_author (digital_lib_author_id, first_name, last_name) values (493,'Andreas','Treske');
insert into digital_lib_author (digital_lib_author_id, first_name, last_name) values (494,'Stefan','Ufer');
insert into digital_lib_author (digital_lib_author_id, first_name, last_name) values (495,'Rahul','Batra');
insert into digital_lib_author (digital_lib_author_id, first_name, last_name) values (496,'Ian','Irvine');
insert into digital_lib_author (digital_lib_author_id, first_name, last_name) values (497,'Marc','Jones');
insert into digital_lib_author (digital_lib_author_id, first_name, last_name) values (498,'Philippe','Cudré-Mauroux');
insert into digital_lib_author (digital_lib_author_id, first_name, last_name) values (499,'Stefano','Zacchiroli');
insert into digital_lib_author (digital_lib_author_id, first_name, last_name) values (500,'Sonia','Fizek');
insert into digital_lib_author (digital_lib_author_id, first_name, last_name) values (501,'Richard','M. Lerner');
insert into digital_lib_author (digital_lib_author_id, first_name, last_name) values (502,'Sean','M. Tracey');
insert into digital_lib_author (digital_lib_author_id, first_name, last_name) values (503,'Alex','Galis');
insert into digital_lib_author (digital_lib_author_id, first_name, last_name) values (504,'Christel','Baier');
insert into digital_lib_author (digital_lib_author_id, first_name, last_name) values (505,'Gareth','James');
insert into digital_lib_author (digital_lib_author_id, first_name, last_name) values (506,'Satoru','Goto');
insert into digital_lib_author (digital_lib_author_id, first_name, last_name) values (507,'Mark','Watson');
insert into digital_lib_author (digital_lib_author_id, first_name, last_name) values (508,'W.','Eric Wong');
insert into digital_lib_author (digital_lib_author_id, first_name, last_name) values (509,'Sabine','Niederer');
insert into digital_lib_author (digital_lib_author_id, first_name, last_name) values (510,'Mary','Shaw');
insert into digital_lib_author (digital_lib_author_id, first_name, last_name) values (511,'Alessandro','Rubini');
insert into digital_lib_author (digital_lib_author_id, first_name, last_name) values (512,'Max','Bramer');
insert into digital_lib_author (digital_lib_author_id, first_name, last_name) values (513,'Volker','Springel');
insert into digital_lib_author (digital_lib_author_id, first_name, last_name) values (514,'Li','Ding');
insert into digital_lib_author (digital_lib_author_id, first_name, last_name) values (515,'Wolfram','Schulz');
insert into digital_lib_author (digital_lib_author_id, first_name, last_name) values (516,'Peter','Waterhouse');
insert into digital_lib_author (digital_lib_author_id, first_name, last_name) values (517,'Steve','Larkin');
insert into digital_lib_author (digital_lib_author_id, first_name, last_name) values (518,'Jethro','K. Lieberman');
insert into digital_lib_author (digital_lib_author_id, first_name, last_name) values (519,'Diane','Shingledecker');
insert into digital_lib_author (digital_lib_author_id, first_name, last_name) values (520,'Reinhard','Hochmuth');
insert into digital_lib_author (digital_lib_author_id, first_name, last_name) values (521,'Lin-Shung','Huang');
insert into digital_lib_author (digital_lib_author_id, first_name, last_name) values (522,'Stephen','Davies');
insert into digital_lib_author (digital_lib_author_id, first_name, last_name) values (523,'Mark','Wilding');
insert into digital_lib_author (digital_lib_author_id, first_name, last_name) values (524,'Andreas','Maier');
insert into digital_lib_author (digital_lib_author_id, first_name, last_name) values (525,'Niklaus','Wirth');
insert into digital_lib_author (digital_lib_author_id, first_name, last_name) values (526,'Christopher','Holden');
insert into digital_lib_author (digital_lib_author_id, first_name, last_name) values (527,'Sergey','Sosnovsky');
insert into digital_lib_author (digital_lib_author_id, first_name, last_name) values (528,'Peter','L. Moore');
insert into digital_lib_author (digital_lib_author_id, first_name, last_name) values (529,'Steve','Oualline');
insert into digital_lib_author (digital_lib_author_id, first_name, last_name) values (530,'Sarnath','Ramnath');
insert into digital_lib_author (digital_lib_author_id, first_name, last_name) values (531,'Thomas','Weise');
insert into digital_lib_author (digital_lib_author_id, first_name, last_name) values (532,'Niklas','Schrape');
insert into digital_lib_author (digital_lib_author_id, first_name, last_name) values (533,'B.J.','Heeren');
insert into digital_lib_author (digital_lib_author_id, first_name, last_name) values (534,'Paul','Vogt');
insert into digital_lib_author (digital_lib_author_id, first_name, last_name) values (535,'Chris','Hendrickson');
insert into digital_lib_author (digital_lib_author_id, first_name, last_name) values (536,'Nathalie','Sayac');
insert into digital_lib_author (digital_lib_author_id, first_name, last_name) values (537,'Johannes','Glückler');
insert into digital_lib_author (digital_lib_author_id, first_name, last_name) values (538,'Gregorio','Robles');
insert into digital_lib_author (digital_lib_author_id, first_name, last_name) values (539,'Aaron','Hertzmann');
insert into digital_lib_author (digital_lib_author_id, first_name, last_name) values (540,'Alexandru','C. Telea');
insert into digital_lib_author (digital_lib_author_id, first_name, last_name) values (541,'Davide','Natalini');
insert into digital_lib_author (digital_lib_author_id, first_name, last_name) values (542,'Seppo','Pohjolainen');
insert into digital_lib_author (digital_lib_author_id, first_name, last_name) values (543,'Stephen','Wong');
insert into digital_lib_author (digital_lib_author_id, first_name, last_name) values (544,'Ubuntu','Manual Team');
insert into digital_lib_author (digital_lib_author_id, first_name, last_name) values (545,'Sam','Williams');
insert into digital_lib_author (digital_lib_author_id, first_name, last_name) values (546,'Jucheng','Yang');
insert into digital_lib_author (digital_lib_author_id, first_name, last_name) values (547,'Xiaofeng','Wang');
insert into digital_lib_author (digital_lib_author_id, first_name, last_name) values (548,'Robert','J. Glushko');
insert into digital_lib_author (digital_lib_author_id, first_name, last_name) values (549,'Tetsushi','Sonobe');
insert into digital_lib_author (digital_lib_author_id, first_name, last_name) values (550,'Doug','Curtis');
insert into digital_lib_author (digital_lib_author_id, first_name, last_name) values (551,'Caroline','Adams');
insert into digital_lib_author (digital_lib_author_id, first_name, last_name) values (552,'Cornelis','Kraaikamp');
insert into digital_lib_author (digital_lib_author_id, first_name, last_name) values (553,'Mounir','Mokhtari');
insert into digital_lib_author (digital_lib_author_id, first_name, last_name) values (554,'Michael','Schomaker Shalabh');
insert into digital_lib_author (digital_lib_author_id, first_name, last_name) values (555,'Xiaoyu','Ruan');
insert into digital_lib_author (digital_lib_author_id, first_name, last_name) values (556,'J.','David Logan');
insert into digital_lib_author (digital_lib_author_id, first_name, last_name) values (557,'Malcolm','Harkins');
insert into digital_lib_author (digital_lib_author_id, first_name, last_name) values (558,'Robert','E. Wright');
insert into digital_lib_author (digital_lib_author_id, first_name, last_name) values (559,'Bo','Lang');
insert into digital_lib_author (digital_lib_author_id, first_name, last_name) values (560,'Alexander','Rush');
insert into digital_lib_author (digital_lib_author_id, first_name, last_name) values (561,'Greg','Wilson');
insert into digital_lib_author (digital_lib_author_id, first_name, last_name) values (562,'Amber','Graner');
insert into digital_lib_author (digital_lib_author_id, first_name, last_name) values (563,'Sandro','Skansi');
insert into digital_lib_author (digital_lib_author_id, first_name, last_name) values (564,'Frank','Hutter');
insert into digital_lib_author (digital_lib_author_id, first_name, last_name) values (565,'Patrick','Horain');
insert into digital_lib_author (digital_lib_author_id, first_name, last_name) values (566,'David','BressoudImène Ghedamsi');
insert into digital_lib_author (digital_lib_author_id, first_name, last_name) values (567,'Jody','Scott Ginther');
insert into digital_lib_author (digital_lib_author_id, first_name, last_name) values (568,'LeylF.','Pitt');
insert into digital_lib_author (digital_lib_author_id, first_name, last_name) values (569,'Pieter','Spronck');
insert into digital_lib_author (digital_lib_author_id, first_name, last_name) values (570,'Stephen','Hegedus');
insert into digital_lib_author (digital_lib_author_id, first_name, last_name) values (571,'Swaroop','Chitlur');
insert into digital_lib_author (digital_lib_author_id, first_name, last_name) values (572,'Roger','Ferrer Ibáñez');
insert into digital_lib_author (digital_lib_author_id, first_name, last_name) values (573,'Jacob','Cass');
insert into digital_lib_author (digital_lib_author_id, first_name, last_name) values (574,'V.','Elizabeth Owen');
insert into digital_lib_author (digital_lib_author_id, first_name, last_name) values (575,'Scott','McQuire');
insert into digital_lib_author (digital_lib_author_id, first_name, last_name) values (576,'Steve','Tomljanovic');
insert into digital_lib_author (digital_lib_author_id, first_name, last_name) values (577,'David','Kriesel');
insert into digital_lib_author (digital_lib_author_id, first_name, last_name) values (578,'Daniel','Warner');
insert into digital_lib_author (digital_lib_author_id, first_name, last_name) values (579,'A.','D. Rodić');
insert into digital_lib_author (digital_lib_author_id, first_name, last_name) values (580,'Mathias','Fuchs');
insert into digital_lib_author (digital_lib_author_id, first_name, last_name) values (581,'Helen','Foster');
insert into digital_lib_author (digital_lib_author_id, first_name, last_name) values (582,'Derick','Rethans');
insert into digital_lib_author (digital_lib_author_id, first_name, last_name) values (583,'Mikael','Stenkula');
insert into digital_lib_author (digital_lib_author_id, first_name, last_name) values (584,'Jeﬀrey','D. Ullman');
insert into digital_lib_author (digital_lib_author_id, first_name, last_name) values (585,'Cecilia','Berlin');
insert into digital_lib_author (digital_lib_author_id, first_name, last_name) values (586,'William','Shotts');
insert into digital_lib_author (digital_lib_author_id, first_name, last_name) values (587,'Faron','Moller');
insert into digital_lib_author (digital_lib_author_id, first_name, last_name) values (588,'Volha','Bryl');
insert into digital_lib_author (digital_lib_author_id, first_name, last_name) values (589,'Volker','Mehrmann');
insert into digital_lib_author (digital_lib_author_id, first_name, last_name) values (590,'Michael','K Crist');
insert into digital_lib_author (digital_lib_author_id, first_name, last_name) values (591,'Ralf','Reussner');
insert into digital_lib_author (digital_lib_author_id, first_name, last_name) values (592,'Coventry','University');
insert into digital_lib_author (digital_lib_author_id, first_name, last_name) values (593,'Chris','Okasaki');
insert into digital_lib_author (digital_lib_author_id, first_name, last_name) values (594,'Kurt','Normark');
insert into digital_lib_author (digital_lib_author_id, first_name, last_name) values (595,'Jason','Spero');
insert into digital_lib_author (digital_lib_author_id, first_name, last_name) values (596,'Brian','R. Belland');
insert into digital_lib_author (digital_lib_author_id, first_name, last_name) values (597,'Karthik','Sridharan');
insert into digital_lib_author (digital_lib_author_id, first_name, last_name) values (598,'Nancy','W. Gleason');
insert into digital_lib_author (digital_lib_author_id, first_name, last_name) values (599,'Eric','Holter');
insert into digital_lib_author (digital_lib_author_id, first_name, last_name) values (600,'Thomas','Hoeren');
insert into digital_lib_author (digital_lib_author_id, first_name, last_name) values (601,'Raymond','Frost');
insert into digital_lib_author (digital_lib_author_id, first_name, last_name) values (602,'Rossitza','Goleva');
insert into digital_lib_author (digital_lib_author_id, first_name, last_name) values (603,'Qiaoping','Zhang');
insert into digital_lib_author (digital_lib_author_id, first_name, last_name) values (604,'Cody','Jackson');
insert into digital_lib_author (digital_lib_author_id, first_name, last_name) values (605,'Joanna','Kołodziej');
insert into digital_lib_author (digital_lib_author_id, first_name, last_name) values (606,'Jiming','Sun');
insert into digital_lib_author (digital_lib_author_id, first_name, last_name) values (607,'Csaba','Szepesvári');
insert into digital_lib_author (digital_lib_author_id, first_name, last_name) values (608,'Maike','Vollstedt');
insert into digital_lib_author (digital_lib_author_id, first_name, last_name) values (609,'Michael','Christoph Thrun');
insert into digital_lib_author (digital_lib_author_id, first_name, last_name) values (610,'Catherine','Shea Sanger');
insert into digital_lib_author (digital_lib_author_id, first_name, last_name) values (611,'John','C. Lusth');
insert into digital_lib_author (digital_lib_author_id, first_name, last_name) values (612,'David','Travis');
insert into digital_lib_author (digital_lib_author_id, first_name, last_name) values (613,'Brian','W. Evans');
insert into digital_lib_author (digital_lib_author_id, first_name, last_name) values (614,'Pat','Drake');
insert into digital_lib_author (digital_lib_author_id, first_name, last_name) values (615,'Horst','Lichter');
insert into digital_lib_author (digital_lib_author_id, first_name, last_name) values (616,'LamNgeun','Virasak');
insert into digital_lib_author (digital_lib_author_id, first_name, last_name) values (617,'Cary','B. Phillips1');
insert into digital_lib_author (digital_lib_author_id, first_name, last_name) values (618,'Lauren','Kenyo');
insert into digital_lib_author (digital_lib_author_id, first_name, last_name) values (619,'Alain','F. Zuur');
insert into digital_lib_author (digital_lib_author_id, first_name, last_name) values (620,'Clara','Ionescu');
insert into digital_lib_author (digital_lib_author_id, first_name, last_name) values (621,'Jan','Schäfer');
insert into digital_lib_author (digital_lib_author_id, first_name, last_name) values (622,'Wouter','van Vugt');
insert into digital_lib_author (digital_lib_author_id, first_name, last_name) values (623,'R.','Bijlsma');
insert into digital_lib_author (digital_lib_author_id, first_name, last_name) values (624,'Fabio','Kon');
insert into digital_lib_author (digital_lib_author_id, first_name, last_name) values (625,'Thomas','Zimmermann');
insert into digital_lib_author (digital_lib_author_id, first_name, last_name) values (626,'María','Fernanda Cabrera');
insert into digital_lib_author (digital_lib_author_id, first_name, last_name) values (627,'Jose','a Cruz-Cruz');
insert into digital_lib_author (digital_lib_author_id, first_name, last_name) values (628,'Flemming','Nielson');
insert into digital_lib_author (digital_lib_author_id, first_name, last_name) values (629,'Tong','Ka Iok');
insert into digital_lib_author (digital_lib_author_id, first_name, last_name) values (630,'Jennifer','Firkins Nordstrom');
insert into digital_lib_author (digital_lib_author_id, first_name, last_name) values (631,'Ernst','Hirsch Ballin');
insert into digital_lib_author (digital_lib_author_id, first_name, last_name) values (632,'Steven','F Lott');
insert into digital_lib_author (digital_lib_author_id, first_name, last_name) values (633,'Matjaž','Gams');
insert into digital_lib_author (digital_lib_author_id, first_name, last_name) values (634,'Amy','Brown');
insert into digital_lib_author (digital_lib_author_id, first_name, last_name) values (635,'Gilbert','Greefrath');
insert into digital_lib_author (digital_lib_author_id, first_name, last_name) values (636,'Chetan','Giridhar');
insert into digital_lib_author (digital_lib_author_id, first_name, last_name) values (637,'Michiel','de Lange');
insert into digital_lib_author (digital_lib_author_id, first_name, last_name) values (638,'Kjell','Johnson');
insert into digital_lib_author (digital_lib_author_id, first_name, last_name) values (639,'Iulian','Tanea');
insert into digital_lib_author (digital_lib_author_id, first_name, last_name) values (640,'Stephen','J. Skripak');
insert into digital_lib_author (digital_lib_author_id, first_name, last_name) values (641,'Sebastian','Bergmann');
insert into digital_lib_author (digital_lib_author_id, first_name, last_name) values (642,'Ton','Kloks');
insert into digital_lib_author (digital_lib_author_id, first_name, last_name) values (643,'Rene','Reitsma');
insert into digital_lib_author (digital_lib_author_id, first_name, last_name) values (644,'Emily','Jones');
insert into digital_lib_author (digital_lib_author_id, first_name, last_name) values (645,'Krzysztof','Grochla');
insert into digital_lib_author (digital_lib_author_id, first_name, last_name) values (646,'Peter','Norvig');
insert into digital_lib_author (digital_lib_author_id, first_name, last_name) values (647,'José','María Cavanillas');
insert into digital_lib_author (digital_lib_author_id, first_name, last_name) values (648,'Frank','Maurer');
insert into digital_lib_author (digital_lib_author_id, first_name, last_name) values (649,'Dominique','Bonvin');
insert into digital_lib_author (digital_lib_author_id, first_name, last_name) values (650,'Tony','Olsson');
insert into digital_lib_author (digital_lib_author_id, first_name, last_name) values (651,'Rahul','Khanna');
insert into digital_lib_author (digital_lib_author_id, first_name, last_name) values (652,'Dung','Nguyen');
insert into digital_lib_author (digital_lib_author_id, first_name, last_name) values (653,'Sebastian','Berger');
insert into digital_lib_author (digital_lib_author_id, first_name, last_name) values (654,'Keir','Тhomas');
insert into digital_lib_author (digital_lib_author_id, first_name, last_name) values (655,'Thomas','K. Tiemann');
insert into digital_lib_author (digital_lib_author_id, first_name, last_name) values (656,'Ruben','Niederhagen');
insert into digital_lib_author (digital_lib_author_id, first_name, last_name) values (657,'Linda','Koffel');
insert into digital_lib_author (digital_lib_author_id, first_name, last_name) values (658,'Will','Arthur');
insert into digital_lib_author (digital_lib_author_id, first_name, last_name) values (659,'Lawrence','Lessig');
insert into digital_lib_author (digital_lib_author_id, first_name, last_name) values (660,'Joachim','Hornegger');
insert into digital_lib_author (digital_lib_author_id, first_name, last_name) values (661,'Rafeeq','Ur Rehman');
insert into digital_lib_author (digital_lib_author_id, first_name, last_name) values (662,'Ioannis','Deliyannis');
insert into digital_lib_author (digital_lib_author_id, first_name, last_name) values (663,'Hans-Stefan','Siller');
insert into digital_lib_author (digital_lib_author_id, first_name, last_name) values (664,'Jason','Cole');
insert into digital_lib_author (digital_lib_author_id, first_name, last_name) values (665,'Julian','Togelius');
insert into digital_lib_author (digital_lib_author_id, first_name, last_name) values (666,'Hannes','Werthner');
insert into digital_lib_author (digital_lib_author_id, first_name, last_name) values (667,'Richard','P. Gabriel');
insert into digital_lib_author (digital_lib_author_id, first_name, last_name) values (668,'Atsuko','Miyaji');
insert into digital_lib_author (digital_lib_author_id, first_name, last_name) values (669,'Stewart','Watkiss');
insert into digital_lib_author (digital_lib_author_id, first_name, last_name) values (670,'Mark','Pilgrim');
insert into digital_lib_author (digital_lib_author_id, first_name, last_name) values (671,'Vincent','St-Amour');
insert into digital_lib_author (digital_lib_author_id, first_name, last_name) values (672,'George','J. Siedel');
insert into digital_lib_author (digital_lib_author_id, first_name, last_name) values (673,'James','Paskins');
insert into digital_lib_author (digital_lib_author_id, first_name, last_name) values (674,'Lars','Jacob');
insert into digital_lib_author (digital_lib_author_id, first_name, last_name) values (675,'Shira','Lynn Broschat');
insert into digital_lib_author (digital_lib_author_id, first_name, last_name) values (676,'Armin','Biere');
insert into digital_lib_author (digital_lib_author_id, first_name, last_name) values (677,'Jana','Trgalova');
insert into digital_lib_author (digital_lib_author_id, first_name, last_name) values (678,'Alisher','Mirzabaev');
insert into digital_lib_author (digital_lib_author_id, first_name, last_name) values (679,'Giuseppe','Oriolo');
insert into digital_lib_author (digital_lib_author_id, first_name, last_name) values (680,'Matt','Magnusson');
insert into digital_lib_author (digital_lib_author_id, first_name, last_name) values (681,'Terence','Lau');
insert into digital_lib_author (digital_lib_author_id, first_name, last_name) values (682,'Hallie','Puncochar');
insert into digital_lib_author (digital_lib_author_id, first_name, last_name) values (683,'Emina','Ćerimović');
insert into digital_lib_author (digital_lib_author_id, first_name, last_name) values (684,'Suraiya','Jabin');
insert into digital_lib_author (digital_lib_author_id, first_name, last_name) values (685,'no','authors');
insert into digital_lib_author (digital_lib_author_id, first_name, last_name) values (686,'Winston','A. Saunders');
insert into digital_lib_author (digital_lib_author_id, first_name, last_name) values (687,'Koushik','Sen');
insert into digital_lib_author (digital_lib_author_id, first_name, last_name) values (688,'Ken','Jeffery');
insert into digital_lib_author (digital_lib_author_id, first_name, last_name) values (689,'James','Raymond Mahoney');
insert into digital_lib_author (digital_lib_author_id, first_name, last_name) values (690,'Albert','Fleischmann');
insert into digital_lib_author (digital_lib_author_id, first_name, last_name) values (691,'Ricardo','Lent');
insert into digital_lib_author (digital_lib_author_id, first_name, last_name) values (692,'Julie','Zwart');
insert into digital_lib_author (digital_lib_author_id, first_name, last_name) values (693,'Charles','R. Standridge');
insert into digital_lib_author (digital_lib_author_id, first_name, last_name) values (694,'Jurg','Nievergelt');
insert into digital_lib_author (digital_lib_author_id, first_name, last_name) values (695,'David','Fleet');
insert into digital_lib_author (digital_lib_author_id, first_name, last_name) values (696,'MIchael','Shin');
insert into digital_lib_author (digital_lib_author_id, first_name, last_name) values (697,'Tanweer','Akram');
insert into digital_lib_author (digital_lib_author_id, first_name, last_name) values (698,'Raul','Rojas');
insert into digital_lib_author (digital_lib_author_id, first_name, last_name) values (699,'Markus','Kaltenborn');
insert into digital_lib_author (digital_lib_author_id, first_name, last_name) values (700,'David','Wagner');
insert into digital_lib_author (digital_lib_author_id, first_name, last_name) values (701,'Hans-Dieter','Daniel');
insert into digital_lib_author (digital_lib_author_id, first_name, last_name) values (702,'David','Griffiths');
insert into digital_lib_author (digital_lib_author_id, first_name, last_name) values (703,'Heike','Jagode');
insert into digital_lib_author (digital_lib_author_id, first_name, last_name) values (704,'Ian','Steiner');
insert into digital_lib_author (digital_lib_author_id, first_name, last_name) values (705,'Erik','Dean');
insert into digital_lib_author (digital_lib_author_id, first_name, last_name) values (706,'Han','Entzinger');
insert into digital_lib_author (digital_lib_author_id, first_name, last_name) values (707,'Heike','Kuhn');
insert into digital_lib_author (digital_lib_author_id, first_name, last_name) values (708,'Elaine','M. Faustman');
insert into digital_lib_author (digital_lib_author_id, first_name, last_name) values (709,'Tao','Wang');
insert into digital_lib_author (digital_lib_author_id, first_name, last_name) values (710,'Nick','Jenkins');
insert into digital_lib_author (digital_lib_author_id, first_name, last_name) values (711,'Jan','Keim');
insert into digital_lib_author (digital_lib_author_id, first_name, last_name) values (712,'Emanuel','Deutschmann');
insert into digital_lib_author (digital_lib_author_id, first_name, last_name) values (713,'Gorana','Krstić');
insert into digital_lib_author (digital_lib_author_id, first_name, last_name) values (714,'David','Joyner');
insert into digital_lib_author (digital_lib_author_id, first_name, last_name) values (715,'Owen','L. Astrachan');
insert into digital_lib_author (digital_lib_author_id, first_name, last_name) values (716,'Kent','Dybvig');
insert into digital_lib_author (digital_lib_author_id, first_name, last_name) values (717,'No','authors');
insert into digital_lib_author (digital_lib_author_id, first_name, last_name) values (718,'Thomas','Ristenpart');
insert into digital_lib_author (digital_lib_author_id, first_name, last_name) values (719,'Simha','Sethumadhavan');
insert into digital_lib_author (digital_lib_author_id, first_name, last_name) values (720,'Karen','Hyder');
insert into digital_lib_author (digital_lib_author_id, first_name, last_name) values (721,'Sandra','L. Lueder');
insert into digital_lib_author (digital_lib_author_id, first_name, last_name) values (722,'Matthew','Fredrikson');
insert into digital_lib_author (digital_lib_author_id, first_name, last_name) values (723,'David','J.C. MacKay');
insert into digital_lib_author (digital_lib_author_id, first_name, last_name) values (724,'Bryan','O\'Sullivan');
insert into digital_lib_author (digital_lib_author_id, first_name, last_name) values (725,'Ivan','Ganchev');
insert into digital_lib_author (digital_lib_author_id, first_name, last_name) values (726,'Remus','Pricopie');
insert into digital_lib_author (digital_lib_author_id, first_name, last_name) values (727,'Sven','E. Hug');
insert into digital_lib_author (digital_lib_author_id, first_name, last_name) values (728,'Benjamin','Wilson');
insert into digital_lib_author (digital_lib_author_id, first_name, last_name) values (729,'Travis','');
insert into digital_lib_author (digital_lib_author_id, first_name, last_name) values (730,'Raghu','Yeluri');
insert into digital_lib_author (digital_lib_author_id, first_name, last_name) values (731,'Giovanni','Landi');
insert into digital_lib_author (digital_lib_author_id, first_name, last_name) values (732,'Gianluca','Bontempi');
insert into digital_lib_author (digital_lib_author_id, first_name, last_name) values (733,'Colette','Laborde');
insert into digital_lib_author (digital_lib_author_id, first_name, last_name) values (734,'Constandinos','X. Mavromoustakis');
insert into digital_lib_author (digital_lib_author_id, first_name, last_name) values (735,'Margaret','M. Fleck');
insert into digital_lib_author (digital_lib_author_id, first_name, last_name) values (736,'Norm','Matloff');
insert into digital_lib_author (digital_lib_author_id, first_name, last_name) values (737,'Jeffrey','D. Ullman');
insert into digital_lib_author (digital_lib_author_id, first_name, last_name) values (738,'Allan','Hanbury');
insert into digital_lib_author (digital_lib_author_id, first_name, last_name) values (739,'Alister','Scott');
insert into digital_lib_author (digital_lib_author_id, first_name, last_name) values (740,'Eric','Evans');
insert into digital_lib_author (digital_lib_author_id, first_name, last_name) values (741,'Miltos','Ladikas');
insert into digital_lib_author (digital_lib_author_id, first_name, last_name) values (742,'Mikołaj','Bojańczyk');
insert into digital_lib_author (digital_lib_author_id, first_name, last_name) values (743,'Yagang','Zhang');
insert into digital_lib_author (digital_lib_author_id, first_name, last_name) values (744,'Rob','Zwetsloot');
insert into digital_lib_author (digital_lib_author_id, first_name, last_name) values (745,'Oliver','Stacey');
insert into digital_lib_author (digital_lib_author_id, first_name, last_name) values (746,'Ulrich','Drepper');
insert into digital_lib_author (digital_lib_author_id, first_name, last_name) values (747,'R.','Walde');
insert into digital_lib_author (digital_lib_author_id, first_name, last_name) values (748,'Victor','Eijkhout');
insert into digital_lib_author (digital_lib_author_id, first_name, last_name) values (749,'Wil','van der Aalst');
insert into digital_lib_author (digital_lib_author_id, first_name, last_name) values (750,'Alex','Hass');
insert into digital_lib_author (digital_lib_author_id, first_name, last_name) values (751,'Sebastian','Ring');
insert into digital_lib_author (digital_lib_author_id, first_name, last_name) values (752,'C.','H. Papadimitriou');
insert into digital_lib_author (digital_lib_author_id, first_name, last_name) values (753,'Keith','Miller');
insert into digital_lib_author (digital_lib_author_id, first_name, last_name) values (754,'David','B. Shmoys');
insert into digital_lib_author (digital_lib_author_id, first_name, last_name) values (755,'Sebastian','Tramp');
insert into digital_lib_author (digital_lib_author_id, first_name, last_name) values (756,'Kenneth','Reitz');
insert into digital_lib_author (digital_lib_author_id, first_name, last_name) values (757,'Rinus','Penninx');
insert into digital_lib_author (digital_lib_author_id, first_name, last_name) values (758,'Gerard','Beekmans');
insert into digital_lib_author (digital_lib_author_id, first_name, last_name) values (759,'Egon','Börger');
insert into digital_lib_author (digital_lib_author_id, first_name, last_name) values (760,'Ciprian','Dobre');
insert into digital_lib_author (digital_lib_author_id, first_name, last_name) values (761,'Jan','Borcher');
insert into digital_lib_author (digital_lib_author_id, first_name, last_name) values (762,'Roger','H. Hermanson');
insert into digital_lib_author (digital_lib_author_id, first_name, last_name) values (763,'Barbara','Kolany-Raiser');
insert into digital_lib_author (digital_lib_author_id, first_name, last_name) values (764,'Julian','Williams');
insert into digital_lib_author (digital_lib_author_id, first_name, last_name) values (765,'Josh','Cogliatti');
insert into digital_lib_author (digital_lib_author_id, first_name, last_name) values (766,'Lawrence','J. Gitman');
insert into digital_lib_author (digital_lib_author_id, first_name, last_name) values (767,'Pekka','Abrahamsson');
insert into digital_lib_author (digital_lib_author_id, first_name, last_name) values (768,'Michèle','Weiland');
insert into digital_lib_author (digital_lib_author_id, first_name, last_name) values (769,'Kaitlyn','Braybrooke');
insert into digital_lib_author (digital_lib_author_id, first_name, last_name) values (770,'Mike','Preuss');
insert into digital_lib_author (digital_lib_author_id, first_name, last_name) values (771,'Ramesh','Natarajan');
insert into digital_lib_author (digital_lib_author_id, first_name, last_name) values (772,'Alessandro','Zampini');
insert into digital_lib_author (digital_lib_author_id, first_name, last_name) values (773,'Caroline','Saunders');
insert into digital_lib_author (digital_lib_author_id, first_name, last_name) values (774,'Rebekah','Levine');
insert into digital_lib_author (digital_lib_author_id, first_name, last_name) values (775,'John','Willison');
insert into digital_lib_author (digital_lib_author_id, first_name, last_name) values (776,'John','Reich');
insert into digital_lib_author (digital_lib_author_id, first_name, last_name) values (777,'Robert','J. Chassell');
insert into digital_lib_author (digital_lib_author_id, first_name, last_name) values (778,'Dustin','Lange');
insert into digital_lib_author (digital_lib_author_id, first_name, last_name) values (779,'Adrian','Curaj');
insert into digital_lib_author (digital_lib_author_id, first_name, last_name) values (780,'J.','Perez Lopez');
insert into digital_lib_author (digital_lib_author_id, first_name, last_name) values (781,'Georg','Weissenbacher');
insert into digital_lib_author (digital_lib_author_id, first_name, last_name) values (782,'Martin','Odersky');
insert into digital_lib_author (digital_lib_author_id, first_name, last_name) values (783,'Takashi','Shiraishi');
insert into digital_lib_author (digital_lib_author_id, first_name, last_name) values (784,'Kjell','Jørgen Hole');
insert into digital_lib_author (digital_lib_author_id, first_name, last_name) values (785,'Mark','Mitchell');
insert into digital_lib_author (digital_lib_author_id, first_name, last_name) values (786,'Ioannis','Kypraios');
insert into digital_lib_author (digital_lib_author_id, first_name, last_name) values (787,'Philippe','Kruchten');
insert into digital_lib_author (digital_lib_author_id, first_name, last_name) values (788,'Laura','IgualSanti Seguí');
insert into digital_lib_author (digital_lib_author_id, first_name, last_name) values (789,'Corey','Brady');
insert into digital_lib_author (digital_lib_author_id, first_name, last_name) values (790,'Kurt','Heisinger');
insert into digital_lib_author (digital_lib_author_id, first_name, last_name) values (791,'Muhammad','Yasoob Ulla Khalid');
insert into digital_lib_author (digital_lib_author_id, first_name, last_name) values (792,'Ad','Feelders');
insert into digital_lib_author (digital_lib_author_id, first_name, last_name) values (793,'Samit','Bhattacharya');
insert into digital_lib_author (digital_lib_author_id, first_name, last_name) values (794,'Bob','Coulter');
insert into digital_lib_author (digital_lib_author_id, first_name, last_name) values (795,'Carsten','Wartmann');
insert into digital_lib_author (digital_lib_author_id, first_name, last_name) values (796,'Herbert','S. Wilf');
insert into digital_lib_author (digital_lib_author_id, first_name, last_name) values (797,'Stig','Saether Bakken');
insert into digital_lib_author (digital_lib_author_id, first_name, last_name) values (798,'Lisa','Duke Cornell');
insert into digital_lib_author (digital_lib_author_id, first_name, last_name) values (799,'Anupam','Basu');
insert into digital_lib_author (digital_lib_author_id, first_name, last_name) values (800,'Noam','R. Shabtai');
insert into digital_lib_author (digital_lib_author_id, first_name, last_name) values (801,'Tony','Howlett');
insert into digital_lib_author (digital_lib_author_id, first_name, last_name) values (802,'Tuomas','Myllykoski');
insert into digital_lib_author (digital_lib_author_id, first_name, last_name) values (803,'Antonio','Javier Barragán Piña');
insert into digital_lib_author (digital_lib_author_id, first_name, last_name) values (804,'Mary','Schatz');
insert into digital_lib_author (digital_lib_author_id, first_name, last_name) values (805,'Ladislav','Kvasz');
insert into digital_lib_author (digital_lib_author_id, first_name, last_name) values (806,'Christopher','Lee DeLeon');
insert into digital_lib_author (digital_lib_author_id, first_name, last_name) values (807,'Cody','Lindley');
insert into digital_lib_author (digital_lib_author_id, first_name, last_name) values (808,'Marcello','Carrozzino');
insert into digital_lib_author (digital_lib_author_id, first_name, last_name) values (809,'The','MagPi team');
insert into digital_lib_author (digital_lib_author_id, first_name, last_name) values (810,'','Doris Köhn');
insert into digital_lib_author (digital_lib_author_id, first_name, last_name) values (811,'Andrés','Sandoval-Hernández');
insert into digital_lib_author (digital_lib_author_id, first_name, last_name) values (812,'Henry','Dauderis');
insert into digital_lib_author (digital_lib_author_id, first_name, last_name) values (813,'Yoshua','Bengio');
insert into digital_lib_author (digital_lib_author_id, first_name, last_name) values (814,'Richard','Stallman');
insert into digital_lib_author (digital_lib_author_id, first_name, last_name) values (815,'François','Coallier');
insert into digital_lib_author (digital_lib_author_id, first_name, last_name) values (816,'Goro','Obinata');
insert into digital_lib_author (digital_lib_author_id, first_name, last_name) values (817,'Timothy','Taylor');
insert into digital_lib_author (digital_lib_author_id, first_name, last_name) values (818,'Jussi','Nissilä');
insert into digital_lib_author (digital_lib_author_id, first_name, last_name) values (819,'Sascha','Kolski');
insert into digital_lib_author (digital_lib_author_id, first_name, last_name) values (820,'Tadeusz','Czachórski');
insert into digital_lib_author (digital_lib_author_id, first_name, last_name) values (821,'Randall','K. Nichols');
insert into digital_lib_author (digital_lib_author_id, first_name, last_name) values (822,'Karen','Schrier');
insert into digital_lib_author (digital_lib_author_id, first_name, last_name) values (823,'Amina','Tariq');
insert into digital_lib_author (digital_lib_author_id, first_name, last_name) values (824,'Agner','Fog');
insert into digital_lib_author (digital_lib_author_id, first_name, last_name) values (825,'Jose','Csrlos R. Alcantud');
insert into digital_lib_author (digital_lib_author_id, first_name, last_name) values (826,'Morgan','Chase');
insert into digital_lib_author (digital_lib_author_id, first_name, last_name) values (827,'Jan','Lorenz');
insert into digital_lib_author (digital_lib_author_id, first_name, last_name) values (828,'Kimberly','Richmond');
insert into digital_lib_author (digital_lib_author_id, first_name, last_name) values (829,'Michael','Ochsner');
insert into digital_lib_author (digital_lib_author_id, first_name, last_name) values (830,'Lucía','Zapata-Cardona');
insert into digital_lib_author (digital_lib_author_id, first_name, last_name) values (831,'Simone','Chiaretta');
insert into digital_lib_author (digital_lib_author_id, first_name, last_name) values (832,'Phil','King');
insert into digital_lib_author (digital_lib_author_id, first_name, last_name) values (833,'Laurent','Rosenfeld');
insert into digital_lib_author (digital_lib_author_id, first_name, last_name) values (834,'Lori','M. Takeuchi');
insert into digital_lib_author (digital_lib_author_id, first_name, last_name) values (835,'Norman','I. Badler');
insert into digital_lib_author (digital_lib_author_id, first_name, last_name) values (836,'Jennifer','Groff');
insert into digital_lib_author (digital_lib_author_id, first_name, last_name) values (837,'Nigel','P. Smart');
insert into digital_lib_author (digital_lib_author_id, first_name, last_name) values (838,'Gerard','O\'Regan');
insert into digital_lib_author (digital_lib_author_id, first_name, last_name) values (839,'Uldarico','Malaspina');
insert into digital_lib_author (digital_lib_author_id, first_name, last_name) values (840,'Michael','Beall');
insert into digital_lib_author (digital_lib_author_id, first_name, last_name) values (841,'David','Mertz');
insert into digital_lib_author (digital_lib_author_id, first_name, last_name) values (842,'Stefan','Oppl');
insert into digital_lib_author (digital_lib_author_id, first_name, last_name) values (843,'Toluwalogo','Odumosu');
insert into digital_lib_author (digital_lib_author_id, first_name, last_name) values (844,'Klas','Nilsson');
insert into digital_lib_author (digital_lib_author_id, first_name, last_name) values (845,'Mai','Moua');
insert into digital_lib_author (digital_lib_author_id, first_name, last_name) values (846,'Fabio','Varesano');
insert into digital_lib_author (digital_lib_author_id, first_name, last_name) values (847,'Mike','Gerwitz');
insert into digital_lib_author (digital_lib_author_id, first_name, last_name) values (848,'Glenn','Arnold');
insert into digital_lib_author (digital_lib_author_id, first_name, last_name) values (849,'Werner','Schmidt');
insert into digital_lib_author (digital_lib_author_id, first_name, last_name) values (850,'Richard','T. Watson');
insert into digital_lib_author (digital_lib_author_id, first_name, last_name) values (851,'Gry','Espedal');
insert into digital_lib_author (digital_lib_author_id, first_name, last_name) values (852,'Jeremy','Short');
insert into digital_lib_author (digital_lib_author_id, first_name, last_name) values (853,'Joshua','Hulse');
insert into digital_lib_author (digital_lib_author_id, first_name, last_name) values (854,'Michael','Pradel');
insert into digital_lib_author (digital_lib_author_id, first_name, last_name) values (855,'Nelson','Eng');
insert into digital_lib_author (digital_lib_author_id, first_name, last_name) values (856,'Maria','Maleshkova');
insert into digital_lib_author (digital_lib_author_id, first_name, last_name) values (857,'Paul','Gribble');
insert into digital_lib_author (digital_lib_author_id, first_name, last_name) values (858,'Scott','Krig');
insert into digital_lib_author (digital_lib_author_id, first_name, last_name) values (859,'Hilary','Grayson');
insert into digital_lib_author (digital_lib_author_id, first_name, last_name) values (860,'Hal','Daumé III');
insert into digital_lib_author (digital_lib_author_id, first_name, last_name) values (861,'Melissa','Bond');
insert into digital_lib_author (digital_lib_author_id, first_name, last_name) values (862,'Azamat','"Bohed" E.');
insert into digital_lib_author (digital_lib_author_id, first_name, last_name) values (863,'Michael','Boland');
insert into digital_lib_author (digital_lib_author_id, first_name, last_name) values (864,'Thomas','Erker');
insert into digital_lib_author (digital_lib_author_id, first_name, last_name) values (865,'Drew','Davidson');
insert into digital_lib_author (digital_lib_author_id, first_name, last_name) values (866,'Alfred','V. Aho');
insert into digital_lib_author (digital_lib_author_id, first_name, last_name) values (867,'Daniel','Clewley');
insert into digital_lib_author (digital_lib_author_id, first_name, last_name) values (868,'Federico','Balaguer');
insert into digital_lib_author (digital_lib_author_id, first_name, last_name) values (869,'James','H. Davis');
insert into digital_lib_author (digital_lib_author_id, first_name, last_name) values (870,'Yeluri','Raghuram');
insert into digital_lib_author (digital_lib_author_id, first_name, last_name) values (871,'Mark','L. Fox');
insert into digital_lib_author (digital_lib_author_id, first_name, last_name) values (872,'WebGuru','India');
insert into digital_lib_author (digital_lib_author_id, first_name, last_name) values (873,'Adrienne','Watt');
insert into digital_lib_author (digital_lib_author_id, first_name, last_name) values (874,'Stijn','Verbeek');
insert into digital_lib_author (digital_lib_author_id, first_name, last_name) values (875,'James','Brusseau');
insert into digital_lib_author (digital_lib_author_id, first_name, last_name) values (876,'Jeffrey','Oldham');
insert into digital_lib_author (digital_lib_author_id, first_name, last_name) values (877,'Paolo','Ruffino');
insert into digital_lib_author (digital_lib_author_id, first_name, last_name) values (878,'Daniel','Ritchie');
insert into digital_lib_author (digital_lib_author_id, first_name, last_name) values (879,'Patrick','Tague');
insert into digital_lib_author (digital_lib_author_id, first_name, last_name) values (880,'Christopher','Francis Lewis');
insert into digital_lib_author (digital_lib_author_id, first_name, last_name) values (881,'Hugo','Campos');
insert into digital_lib_author (digital_lib_author_id, first_name, last_name) values (882,'David','Gaetano');
insert into digital_lib_author (digital_lib_author_id, first_name, last_name) values (883,'Irene','Biza');
insert into digital_lib_author (digital_lib_author_id, first_name, last_name) values (884,'Vincent','Christlein');
insert into digital_lib_author (digital_lib_author_id, first_name, last_name) values (885,'Gerald','Jay Sussman');
insert into digital_lib_author (digital_lib_author_id, first_name, last_name) values (886,'Michele','Marchesi');
insert into digital_lib_author (digital_lib_author_id, first_name, last_name) values (887,'Thomas','Apperley');
insert into digital_lib_author (digital_lib_author_id, first_name, last_name) values (888,'Oscar','Ortiz');
insert into digital_lib_author (digital_lib_author_id, first_name, last_name) values (889,'Tomáš','Vojnar');
insert into digital_lib_author (digital_lib_author_id, first_name, last_name) values (890,'Volker','Gruhn');
insert into digital_lib_author (digital_lib_author_id, first_name, last_name) values (891,'Stephen','Mahar');
insert into digital_lib_author (digital_lib_author_id, first_name, last_name) values (892,'María','J. Garzarán');
insert into digital_lib_author (digital_lib_author_id, first_name, last_name) values (893,'Tracy','R Lewis');
insert into digital_lib_author (digital_lib_author_id, first_name, last_name) values (894,'Richard','Smedley');
insert into digital_lib_author (digital_lib_author_id, first_name, last_name) values (895,'Stanislaw','Schukajlow');
insert into digital_lib_author (digital_lib_author_id, first_name, last_name) values (896,'Carlos','Smaniotto Costa');
insert into digital_lib_author (digital_lib_author_id, first_name, last_name) values (897,'Byron','Henderson');
insert into digital_lib_author (digital_lib_author_id, first_name, last_name) values (898,'David','M. Wheeler');
insert into digital_lib_author (digital_lib_author_id, first_name, last_name) values (899,'Siu-Cheung','Kong');
insert into digital_lib_author (digital_lib_author_id, first_name, last_name) values (900,'Katja','Buntins');
insert into digital_lib_author (digital_lib_author_id, first_name, last_name) values (901,'Hendrik','Paul Lopuhaä');
insert into digital_lib_author (digital_lib_author_id, first_name, last_name) values (902,'Anastasius','Gavras');
insert into digital_lib_author (digital_lib_author_id, first_name, last_name) values (903,'Peter','Corke');
insert into digital_lib_author (digital_lib_author_id, first_name, last_name) values (904,'Kung-Chung','Liu');
insert into digital_lib_author (digital_lib_author_id, first_name, last_name) values (905,'Michael','Solomon');
insert into digital_lib_author (digital_lib_author_id, first_name, last_name) values (906,'Russell','Leigh Sharman');
insert into digital_lib_author (digital_lib_author_id, first_name, last_name) values (907,'Daniel','Miranda');
insert into digital_lib_author (digital_lib_author_id, first_name, last_name) values (908,'Christian','Dawson');
insert into digital_lib_author (digital_lib_author_id, first_name, last_name) values (909,'Andrea','Bondavalli');
insert into digital_lib_author (digital_lib_author_id, first_name, last_name) values (910,'Wayne','Pferdehirt');
insert into digital_lib_author (digital_lib_author_id, first_name, last_name) values (911,'Allen','Downey');
insert into digital_lib_author (digital_lib_author_id, first_name, last_name) values (912,'Karen','M Gardner');
insert into digital_lib_author (digital_lib_author_id, first_name, last_name) values (913,'Richard','M. Heiberger');
insert into digital_lib_author (digital_lib_author_id, first_name, last_name) values (914,'Birgit','Vogel-Heuser');
insert into digital_lib_author (digital_lib_author_id, first_name, last_name) values (915,'Nicolas','Gramlich');
insert into digital_lib_author (digital_lib_author_id, first_name, last_name) values (916,'Janicewards','');
insert into digital_lib_author (digital_lib_author_id, first_name, last_name) values (917,'Peter','J. Olver');
insert into digital_lib_author (digital_lib_author_id, first_name, last_name) values (918,'Francesca','Morselli');
insert into digital_lib_author (digital_lib_author_id, first_name, last_name) values (919,'Amar','Bhosale');
insert into digital_lib_author (digital_lib_author_id, first_name, last_name) values (920,'Adewale','Oshineye');
insert into digital_lib_author (digital_lib_author_id, first_name, last_name) values (921,'Jorge','Angeles');
insert into digital_lib_author (digital_lib_author_id, first_name, last_name) values (922,'Humberto','Barreto');
insert into digital_lib_author (digital_lib_author_id, first_name, last_name) values (923,'Christos','Kalloniatis');
insert into digital_lib_author (digital_lib_author_id, first_name, last_name) values (924,'Angelos','D. Keromytis');
insert into digital_lib_author (digital_lib_author_id, first_name, last_name) values (925,'Jonathan','Campbell');
insert into digital_lib_author (digital_lib_author_id, first_name, last_name) values (926,'Norm','Mattoff');
insert into digital_lib_author (digital_lib_author_id, first_name, last_name) values (927,'Vincent','Zimmer');
insert into digital_lib_author (digital_lib_author_id, first_name, last_name) values (928,'Ludolf','Erwin Meester');
insert into digital_lib_author (digital_lib_author_id, first_name, last_name) values (929,'L.','Ribas i Xirgo');
insert into digital_lib_author (digital_lib_author_id, first_name, last_name) values (930,'Mohammad','Mahbobi');
insert into digital_lib_author (digital_lib_author_id, first_name, last_name) values (931,'Raphaël','Hertzog');
insert into digital_lib_author (digital_lib_author_id, first_name, last_name) values (932,'Tanja','Sihvonen');
insert into digital_lib_author (digital_lib_author_id, first_name, last_name) values (933,'Adalbert','F. X. Wilhelm');
insert into digital_lib_author (digital_lib_author_id, first_name, last_name) values (934,'Daniel','J. Taipala');
insert into digital_lib_author (digital_lib_author_id, first_name, last_name) values (935,'Rae','Young Kim');
insert into digital_lib_author (digital_lib_author_id, first_name, last_name) values (936,'Christian','Stary');
insert into digital_lib_author (digital_lib_author_id, first_name, last_name) values (937,'Carl','Albing');
insert into digital_lib_author (digital_lib_author_id, first_name, last_name) values (938,'Jonathan','Stark');
insert into digital_lib_author (digital_lib_author_id, first_name, last_name) values (939,'Zdravko','Markov');
insert into digital_lib_author (digital_lib_author_id, first_name, last_name) values (940,'Rahul','Verma');
insert into digital_lib_author (digital_lib_author_id, first_name, last_name) values (941,'mund','K. Burke');
insert into digital_lib_author (digital_lib_author_id, first_name, last_name) values (942,'Steven','D. Hanson');
insert into digital_lib_author (digital_lib_author_id, first_name, last_name) values (943,'Michael','D. Stiber');
insert into digital_lib_author (digital_lib_author_id, first_name, last_name) values (944,'Tobias','Elsner');
insert into digital_lib_author (digital_lib_author_id, first_name, last_name) values (945,'Matthias','hackel');
insert into digital_lib_author (digital_lib_author_id, first_name, last_name) values (946,'Sergio','Santander Jiménez');
insert into digital_lib_author (digital_lib_author_id, first_name, last_name) values (947,'Shu-yu','Guo');
insert into digital_lib_author (digital_lib_author_id, first_name, last_name) values (948,'Klaus','Hinrichs');
insert into digital_lib_author (digital_lib_author_id, first_name, last_name) values (949,'Amanda','Coolidge');
insert into digital_lib_author (digital_lib_author_id, first_name, last_name) values (950,'Greg','Gay');
insert into digital_lib_author (digital_lib_author_id, first_name, last_name) values (951,'Tim','Hendtlass');
insert into digital_lib_author (digital_lib_author_id, first_name, last_name) values (952,'Erik','Champion');
insert into digital_lib_author (digital_lib_author_id, first_name, last_name) values (953,'E.E.Roubtsova','');
insert into digital_lib_author (digital_lib_author_id, first_name, last_name) values (954,'Katherine','Carpenter');
insert into digital_lib_author (digital_lib_author_id, first_name, last_name) values (955,'Yuan','Tian');
insert into digital_lib_author (digital_lib_author_id, first_name, last_name) values (956,'York','Sure-Vetter');
insert into digital_lib_author (digital_lib_author_id, first_name, last_name) values (957,'Nobuhiko','Mukai');
insert into digital_lib_author (digital_lib_author_id, first_name, last_name) values (958,'Stefan','Raß');
insert into digital_lib_author (digital_lib_author_id, first_name, last_name) values (959,'Nick','Parlante');
insert into digital_lib_author (digital_lib_author_id, first_name, last_name) values (960,'Badis','Ydri');
insert into digital_lib_author (digital_lib_author_id, first_name, last_name) values (961,'Weiping','Wen');
insert into digital_lib_author (digital_lib_author_id, first_name, last_name) values (962,'Willi','Dörfler');
insert into digital_lib_author (digital_lib_author_id, first_name, last_name) values (963,'Jinfa','CaiIda A.C. Mok');
insert into digital_lib_author (digital_lib_author_id, first_name, last_name) values (964,'Markku','S. Hannula');
insert into digital_lib_author (digital_lib_author_id, first_name, last_name) values (965,'Ann','Kwinn');
insert into digital_lib_author (digital_lib_author_id, first_name, last_name) values (966,'Christian','Reuter');
insert into digital_lib_author (digital_lib_author_id, first_name, last_name) values (967,'Olaf','Kirch');
insert into digital_lib_author (digital_lib_author_id, first_name, last_name) values (968,'Jonathan','Rasmusson');
insert into digital_lib_author (digital_lib_author_id, first_name, last_name) values (969,'Nils','M. Holm');
insert into digital_lib_author (digital_lib_author_id, first_name, last_name) values (970,'Carol','Yacht');
insert into digital_lib_author (digital_lib_author_id, first_name, last_name) values (971,'Chris','McDonough');
insert into digital_lib_author (digital_lib_author_id, first_name, last_name) values (972,'White','Darkness');
insert into digital_lib_author (digital_lib_author_id, first_name, last_name) values (973,'José','Manuel Andújar Márquez');
insert into digital_lib_author (digital_lib_author_id, first_name, last_name) values (974,'Andy','Spackman');
insert into digital_lib_author (digital_lib_author_id, first_name, last_name) values (975,'Pat','Morin');
insert into digital_lib_author (digital_lib_author_id, first_name, last_name) values (976,'Richard','L. Amoroso');
insert into digital_lib_author (digital_lib_author_id, first_name, last_name) values (977,'Harald','Sack');
insert into digital_lib_author (digital_lib_author_id, first_name, last_name) values (978,'Rachel','L. Webb');
insert into digital_lib_author (digital_lib_author_id, first_name, last_name) values (979,'Greg','Kapfhammer');
insert into digital_lib_author (digital_lib_author_id, first_name, last_name) values (980,'Ceriel','J. H. Jacobs');
insert into digital_lib_author (digital_lib_author_id, first_name, last_name) values (981,'Sukhendu','Das');
insert into digital_lib_author (digital_lib_author_id, first_name, last_name) values (982,'Steven','S. Skiena');
insert into digital_lib_author (digital_lib_author_id, first_name, last_name) values (983,'Yue-Li','Wang');
insert into digital_lib_author (digital_lib_author_id, first_name, last_name) values (984,'Luca','Trevisan');
insert into digital_lib_author (digital_lib_author_id, first_name, last_name) values (985,'Harald','Askeland');
insert into digital_lib_author (digital_lib_author_id, first_name, last_name) values (986,'Jan','Wielemaker');
insert into digital_lib_author (digital_lib_author_id, first_name, last_name) values (987,'Therese','Kenna');
insert into digital_lib_author (digital_lib_author_id, first_name, last_name) values (988,'Guido','Juckeland');
insert into digital_lib_author (digital_lib_author_id, first_name, last_name) values (989,'Stefan','Neagu');
insert into digital_lib_author (digital_lib_author_id, first_name, last_name) values (990,'Siegmund','Brandt');
insert into digital_lib_author (digital_lib_author_id, first_name, last_name) values (991,'David','Scott');
insert into digital_lib_author (digital_lib_author_id, first_name, last_name) values (992,'Jim','Lehmer');
insert into digital_lib_author (digital_lib_author_id, first_name, last_name) values (993,'Amit','Nizan');
insert into digital_lib_author (digital_lib_author_id, first_name, last_name) values (994,'Patrick','Licht');
insert into digital_lib_author (digital_lib_author_id, first_name, last_name) values (995,'David','Annand');
insert into digital_lib_author (digital_lib_author_id, first_name, last_name) values (996,'Georg','Krempl');
insert into digital_lib_author (digital_lib_author_id, first_name, last_name) values (997,'Burt','Holland');
insert into digital_lib_author (digital_lib_author_id, first_name, last_name) values (998,'Kaye','Stacey');
insert into digital_lib_author (digital_lib_author_id, first_name, last_name) values (999,'Ryan','Dube');
insert into digital_lib_author (digital_lib_author_id, first_name, last_name) values (1000,'Jorg','Arndt');
insert into digital_lib_author (digital_lib_author_id, first_name, last_name) values (1001,'Dick','Grune');
insert into digital_lib_author (digital_lib_author_id, first_name, last_name) values (1002,'Emmanuel','Lazega');
insert into digital_lib_author (digital_lib_author_id, first_name, last_name) values (1003,'Bernt','Arne Ødegaard');
insert into digital_lib_author (digital_lib_author_id, first_name, last_name) values (1004,'Lukas','Märtin');
insert into digital_lib_author (digital_lib_author_id, first_name, last_name) values (1005,'Scott','McLean');
insert into digital_lib_author (digital_lib_author_id, first_name, last_name) values (1006,'Dan','Behman');
insert into digital_lib_author (digital_lib_author_id, first_name, last_name) values (1007,'Ligia','Deca');
insert into digital_lib_author (digital_lib_author_id, first_name, last_name) values (1008,'Scott','Fitzgerald');
insert into digital_lib_author (digital_lib_author_id, first_name, last_name) values (1009,'Jeremy','A. Hansen');
insert into digital_lib_author (digital_lib_author_id, first_name, last_name) values (1010,'Juan','Garbajosa');
insert into digital_lib_author (digital_lib_author_id, first_name, last_name) values (1011,'Dirk','Beyer');
insert into digital_lib_author (digital_lib_author_id, first_name, last_name) values (1012,'David','DiBiase');
insert into digital_lib_author (digital_lib_author_id, first_name, last_name) values (1013,'Lauri','Kasanen');
insert into digital_lib_author (digital_lib_author_id, first_name, last_name) values (1014,'Jean','Gallier');
insert into digital_lib_author (digital_lib_author_id, first_name, last_name) values (1015,'Cathy','Lewin');
insert into digital_lib_author (digital_lib_author_id, first_name, last_name) values (1016,'Øyvind','Kvalnes');
insert into digital_lib_author (digital_lib_author_id, first_name, last_name) values (1017,'Paul','A. Carter');
insert into digital_lib_author (digital_lib_author_id, first_name, last_name) values (1018,'Shan','Juan Xie');
insert into digital_lib_author (digital_lib_author_id, first_name, last_name) values (1019,'Jeroen','Janssens');
insert into digital_lib_author (digital_lib_author_id, first_name, last_name) values (1020,'Roger','Miarka');
insert into digital_lib_author (digital_lib_author_id, first_name, last_name) values (1021,'David','Garlan');
insert into digital_lib_author (digital_lib_author_id, first_name, last_name) values (1022,'Stefan','Reinauer');
insert into digital_lib_author (digital_lib_author_id, first_name, last_name) values (1023,'Michael','Goedicke');
insert into digital_lib_author (digital_lib_author_id, first_name, last_name) values (1024,'Lisa','Thomas');
insert into digital_lib_author (digital_lib_author_id, first_name, last_name) values (1025,'Ernesto','Sánchez');
insert into digital_lib_author (digital_lib_author_id, first_name, last_name) values (1026,'Preston','McAfee');
insert into digital_lib_author (digital_lib_author_id, first_name, last_name) values (1027,'Barry','Chazan');
insert into digital_lib_author (digital_lib_author_id, first_name, last_name) values (1028,'Hollylynne','S. Lee');
insert into digital_lib_author (digital_lib_author_id, first_name, last_name) values (1029,'Ross','Gittell');
insert into digital_lib_author (digital_lib_author_id, first_name, last_name) values (1030,'Sheldon','Axler');
insert into digital_lib_author (digital_lib_author_id, first_name, last_name) values (1031,'Oliver','Schmitt');
insert into digital_lib_author (digital_lib_author_id, first_name, last_name) values (1032,'Tassilo','Pellegrini');
insert into digital_lib_author (digital_lib_author_id, first_name, last_name) values (1033,'Erik','H. W. G. Meesters');
insert into digital_lib_author (digital_lib_author_id, first_name, last_name) values (1034,'Darren','R. Reid');
insert into digital_lib_author (digital_lib_author_id, first_name, last_name) values (1035,'J.E.','Smith');
insert into digital_lib_author (digital_lib_author_id, first_name, last_name) values (1036,'Steve','G. Sutton');
insert into digital_lib_author (digital_lib_author_id, first_name, last_name) values (1037,'David','G. Luenberger');
insert into digital_lib_author (digital_lib_author_id, first_name, last_name) values (1038,'Monique','Reece');
insert into digital_lib_author (digital_lib_author_id, first_name, last_name) values (1039,'Sten','Minör');
insert into digital_lib_author (digital_lib_author_id, first_name, last_name) values (1040,'Girija','Chetty');
insert into digital_lib_author (digital_lib_author_id, first_name, last_name) values (1041,'Robert','Koch');
insert into digital_lib_author (digital_lib_author_id, first_name, last_name) values (1042,'Bilin','Zhang Stiber');
insert into digital_lib_author (digital_lib_author_id, first_name, last_name) values (1043,'Egan','J. Chernoff');
insert into digital_lib_author (digital_lib_author_id, first_name, last_name) values (1044,'Josep','Torrellas');
insert into digital_lib_author (digital_lib_author_id, first_name, last_name) values (1045,'Mark','Sanders');
insert into digital_lib_author (digital_lib_author_id, first_name, last_name) values (1046,'Roberto','Rossi');
insert into digital_lib_author (digital_lib_author_id, first_name, last_name) values (1047,'Mats','Henricson');
insert into digital_lib_author (digital_lib_author_id, first_name, last_name) values (1048,'Mathieu','Segers');
insert into digital_lib_author (digital_lib_author_id, first_name, last_name) values (1049,'Paul','S.P. Cowpertwait');
insert into digital_lib_author (digital_lib_author_id, first_name, last_name) values (1050,'Gabriella','Agrusti');
insert into digital_lib_author (digital_lib_author_id, first_name, last_name) values (1051,'Christopher','West');
insert into digital_lib_author (digital_lib_author_id, first_name, last_name) values (1052,'Peter','Scholten');
insert into digital_lib_author (digital_lib_author_id, first_name, last_name) values (1053,'Leon','Strous');
insert into digital_lib_author (digital_lib_author_id, first_name, last_name) values (1054,'Collin','Jackson');
insert into digital_lib_author (digital_lib_author_id, first_name, last_name) values (1055,'Clifford','A. Shaffer');
insert into digital_lib_author (digital_lib_author_id, first_name, last_name) values (1056,'Massimiliano','Bonamente');
insert into digital_lib_author (digital_lib_author_id, first_name, last_name) values (1057,'David','Guichard');
insert into digital_lib_author (digital_lib_author_id, first_name, last_name) values (1058,'Charles','Severance');
insert into digital_lib_author (digital_lib_author_id, first_name, last_name) values (1059,'Heike','Wehrheim');
insert into digital_lib_author (digital_lib_author_id, first_name, last_name) values (1060,'Frank','Chimero');
insert into digital_lib_author (digital_lib_author_id, first_name, last_name) values (1061,'Hubert','Baumeister');
insert into digital_lib_author (digital_lib_author_id, first_name, last_name) values (1062,'Paul','Ezust');
insert into digital_lib_author (digital_lib_author_id, first_name, last_name) values (1063,'Steven','A. Greenlaw');
insert into digital_lib_author (digital_lib_author_id, first_name, last_name) values (1064,'Pawel','Mikolajczyk');
insert into digital_lib_author (digital_lib_author_id, first_name, last_name) values (1065,'R.','Morelli');
insert into digital_lib_author (digital_lib_author_id, first_name, last_name) values (1066,'Vasileios','P. Kemerlis');
insert into digital_lib_author (digital_lib_author_id, first_name, last_name) values (1067,'Sean','Luke');
insert into digital_lib_author (digital_lib_author_id, first_name, last_name) values (1068,'Inter-American','Development Bank');
insert into digital_lib_author (digital_lib_author_id, first_name, last_name) values (1069,'Hector','Guerrero');
insert into digital_lib_author (digital_lib_author_id, first_name, last_name) values (1070,'Angelika','Bikner-Ahsbahs');
insert into digital_lib_author (digital_lib_author_id, first_name, last_name) values (1071,'John','Goerzen');
insert into digital_lib_author (digital_lib_author_id, first_name, last_name) values (1072,'Thomas','Scheffler');
insert into digital_lib_author (digital_lib_author_id, first_name, last_name) values (1073,'Annika','Richterich');
insert into digital_lib_author (digital_lib_author_id, first_name, last_name) values (1074,'Sarah','Vaala');
insert into digital_lib_author (digital_lib_author_id, first_name, last_name) values (1075,'Xin','‐ Xing Tang');
insert into digital_lib_author (digital_lib_author_id, first_name, last_name) values (1076,'Markus','Krajewski');
insert into digital_lib_author (digital_lib_author_id, first_name, last_name) values (1077,'Yu','Zhou');
insert into digital_lib_author (digital_lib_author_id, first_name, last_name) values (1078,'Basarat','Ali Syed');
insert into digital_lib_author (digital_lib_author_id, first_name, last_name) values (1079,'Mads','P. Sørensen');
insert into digital_lib_author (digital_lib_author_id, first_name, last_name) values (1080,'Ben','Stephenson');
insert into digital_lib_author (digital_lib_author_id, first_name, last_name) values (1081,'Miroslav','Kubat');
insert into digital_lib_author (digital_lib_author_id, first_name, last_name) values (1082,'Joachim','Engel');
insert into digital_lib_author (digital_lib_author_id, first_name, last_name) values (1083,'Frederik','Michel Dekking');
insert into digital_lib_author (digital_lib_author_id, first_name, last_name) values (1084,'David','Swanson');
insert into digital_lib_author (digital_lib_author_id, first_name, last_name) values (1085,'Chris','Rasmussen');
insert into digital_lib_author (digital_lib_author_id, first_name, last_name) values (1086,'Manuel','Santos-Trigo');
insert into digital_lib_author (digital_lib_author_id, first_name, last_name) values (1087,'Mihai','Duguleană');
insert into digital_lib_author (digital_lib_author_id, first_name, last_name) values (1088,'Alan','Kaminsky');
insert into digital_lib_author (digital_lib_author_id, first_name, last_name) values (1089,'Frans','Van Assche');
insert into digital_lib_author (digital_lib_author_id, first_name, last_name) values (1090,'Cliodhna','Ni Scanaill');
insert into digital_lib_author (digital_lib_author_id, first_name, last_name) values (1091,'Matthias','Neubauer');
insert into digital_lib_author (digital_lib_author_id, first_name, last_name) values (1092,'Susanne','C. Ylönen');
insert into digital_lib_author (digital_lib_author_id, first_name, last_name) values (1093,'Mitch','Green');
insert into digital_lib_author (digital_lib_author_id, first_name, last_name) values (1094,'Bruno','Losito');
insert into digital_lib_author (digital_lib_author_id, first_name, last_name) values (1095,'Vladan','Papić');
insert into digital_lib_author (digital_lib_author_id, first_name, last_name) values (1096,'Sue','Doner');
insert into digital_lib_author (digital_lib_author_id, first_name, last_name) values (1097,'Aymeric','Histace');
insert into digital_lib_author (digital_lib_author_id, first_name, last_name) values (1098,'Claretha','Hughes');
insert into digital_lib_author (digital_lib_author_id, first_name, last_name) values (1099,'David','Tarnoff');
insert into digital_lib_author (digital_lib_author_id, first_name, last_name) values (1100,'Matteo','Meucci');
insert into digital_lib_author (digital_lib_author_id, first_name, last_name) values (1101,'ward','Silver');
insert into digital_lib_author (digital_lib_author_id, first_name, last_name) values (1102,'Mayor','Michael R. Bloomberg');
insert into digital_lib_author (digital_lib_author_id, first_name, last_name) values (1103,'Graham','Kendall');
insert into digital_lib_author (digital_lib_author_id, first_name, last_name) values (1104,'G.','Lawrence Sanders');
insert into digital_lib_author (digital_lib_author_id, first_name, last_name) values (1105,'Muhammad','Tanvir Afzal');
insert into digital_lib_author (digital_lib_author_id, first_name, last_name) values (1106,'Pete','Bunting');
insert into digital_lib_author (digital_lib_author_id, first_name, last_name) values (1107,'Michel','Bagnol');
insert into digital_lib_author (digital_lib_author_id, first_name, last_name) values (1108,'Florin','Balasa');
insert into digital_lib_author (digital_lib_author_id, first_name, last_name) values (1109,'David','Thomas');
insert into digital_lib_author (digital_lib_author_id, first_name, last_name) values (1110,'Werner','Blum');
insert into digital_lib_author (digital_lib_author_id, first_name, last_name) values (1111,'Seann','Dikkers');
insert into digital_lib_author (digital_lib_author_id, first_name, last_name) values (1112,'Ulric','J Gelinas Jr.');
insert into digital_lib_author (digital_lib_author_id, first_name, last_name) values (1113,'Ermanno','Pietrosemoli');
insert into digital_lib_author (digital_lib_author_id, first_name, last_name) values (1114,'Matt','Smith');
insert into digital_lib_author (digital_lib_author_id, first_name, last_name) values (1115,'Silvio','P. Sabatini');
insert into digital_lib_author (digital_lib_author_id, first_name, last_name) values (1116,'Kraig','Brockschmidt');
insert into digital_lib_author (digital_lib_author_id, first_name, last_name) values (1117,'Jean','Paul van Bendegem');
insert into digital_lib_author (digital_lib_author_id, first_name, last_name) values (1118,'Eswaran','Subrahmanian');
insert into digital_lib_author (digital_lib_author_id, first_name, last_name) values (1119,'Christine','Suurtamm');
insert into digital_lib_author (digital_lib_author_id, first_name, last_name) values (1120,'Tuuli','Lähdesmäki');
insert into digital_lib_author (digital_lib_author_id, first_name, last_name) values (1121,'Grzegorz','Gałęzowski');
insert into digital_lib_author (digital_lib_author_id, first_name, last_name) values (1122,'Max','Hailperin');
insert into digital_lib_author (digital_lib_author_id, first_name, last_name) values (1123,'Christian','Crawley');
insert into digital_lib_author (digital_lib_author_id, first_name, last_name) values (1124,'Andrew','"bunnie" Huang');
insert into digital_lib_author (digital_lib_author_id, first_name, last_name) values (1125,'Bethann','Talsma');
insert into digital_lib_author (digital_lib_author_id, first_name, last_name) values (1126,'Hiroki','Sayama');
insert into digital_lib_author (digital_lib_author_id, first_name, last_name) values (1127,'RolMas','');
insert into digital_lib_author (digital_lib_author_id, first_name, last_name) values (1128,'Bill','Hails');
insert into digital_lib_author (digital_lib_author_id, first_name, last_name) values (1129,'Nuno','M. Garcia');
insert into digital_lib_author (digital_lib_author_id, first_name, last_name) values (1130,'Wilhelm','Hasselbring');
insert into digital_lib_author (digital_lib_author_id, first_name, last_name) values (1131,'Harold','Abelson');
insert into digital_lib_author (digital_lib_author_id, first_name, last_name) values (1132,'Jouni','Kekäle');
insert into digital_lib_author (digital_lib_author_id, first_name, last_name) values (1133,'Michele','Anderson');
insert into digital_lib_author (digital_lib_author_id, first_name, last_name) values (1134,'Jiho','Choi');
insert into digital_lib_author (digital_lib_author_id, first_name, last_name) values (1135,'Staffan','Björk');
insert into digital_lib_author (digital_lib_author_id, first_name, last_name) values (1136,'Maribel','Acosta');
insert into digital_lib_author (digital_lib_author_id, first_name, last_name) values (1137,'Sören','Auer');
insert into digital_lib_author (digital_lib_author_id, first_name, last_name) values (1138,'James','A. Smith');
insert into digital_lib_author (digital_lib_author_id, first_name, last_name) values (1139,'Jerry','Gao');
insert into digital_lib_author (digital_lib_author_id, first_name, last_name) values (1140,'Brian','Doig');
insert into digital_lib_author (digital_lib_author_id, first_name, last_name) values (1141,'Erol','Gelenbe');
insert into digital_lib_author (digital_lib_author_id, first_name, last_name) values (1142,'Alan','Ezust');
insert into digital_lib_author (digital_lib_author_id, first_name, last_name) values (1143,'Marinela','Mircea');
insert into digital_lib_author (digital_lib_author_id, first_name, last_name) values (1144,'Kurt','Stanberry');
insert into digital_lib_author (digital_lib_author_id, first_name, last_name) values (1145,'Sarah','Pels');
insert into digital_lib_author (digital_lib_author_id, first_name, last_name) values (1146,'André','Alves Garzia');
insert into digital_lib_author (digital_lib_author_id, first_name, last_name) values (1147,'Brian','Fitzgerald');
insert into digital_lib_author (digital_lib_author_id, first_name, last_name) values (1148,'Joey','de Vries');
insert into digital_lib_author (digital_lib_author_id, first_name, last_name) values (1149,'Mark','Overmars');
insert into digital_lib_author (digital_lib_author_id, first_name, last_name) values (1150,'Jason','Garber');
insert into digital_lib_author (digital_lib_author_id, first_name, last_name) values (1151,'Uday','S. Racherla');
insert into digital_lib_author (digital_lib_author_id, first_name, last_name) values (1152,'Alex','Robenko');
insert into digital_lib_author (digital_lib_author_id, first_name, last_name) values (1153,'David','Cadden');
insert into digital_lib_author (digital_lib_author_id, first_name, last_name) values (1154,'Jeff','Erickson');
insert into digital_lib_author (digital_lib_author_id, first_name, last_name) values (1155,'Rio','Yokota');
insert into digital_lib_author (digital_lib_author_id, first_name, last_name) values (1156,'Uwe','Hassler');
insert into digital_lib_author (digital_lib_author_id, first_name, last_name) values (1157,'Jonathan','Corbet');
insert into digital_lib_author (digital_lib_author_id, first_name, last_name) values (1158,'Sara','Dalton');
insert into digital_lib_author (digital_lib_author_id, first_name, last_name) values (1159,'Gerald','Raunig');
insert into digital_lib_author (digital_lib_author_id, first_name, last_name) values (1160,'Noreen','Brown');
insert into digital_lib_author (digital_lib_author_id, first_name, last_name) values (1161,'Darmawan','Salihun');
insert into digital_lib_author (digital_lib_author_id, first_name, last_name) values (1162,'Bessam','Abdulrazak');
insert into digital_lib_author (digital_lib_author_id, first_name, last_name) values (1163,'S.','Dasgupta');
insert into digital_lib_author (digital_lib_author_id, first_name, last_name) values (1164,'Joris','Bleys');
insert into digital_lib_author (digital_lib_author_id, first_name, last_name) values (1165,'Svenja','Bedenlier');
insert into digital_lib_author (digital_lib_author_id, first_name, last_name) values (1166,'Adam','Douglas Wright');
insert into digital_lib_author (digital_lib_author_id, first_name, last_name) values (1167,'Wayne','D. Lonstein');
insert into digital_lib_author (digital_lib_author_id, first_name, last_name) values (1168,'Weigang','Wu');
insert into digital_lib_author (digital_lib_author_id, first_name, last_name) values (1169,'Noel','Rappin');
insert into digital_lib_author (digital_lib_author_id, first_name, last_name) values (1170,'Stephen','M. Byars');
insert into digital_lib_author (digital_lib_author_id, first_name, last_name) values (1171,'Andreas','de Vries');
insert into digital_lib_author (digital_lib_author_id, first_name, last_name) values (1172,'Joachim','von Braun');
insert into digital_lib_author (digital_lib_author_id, first_name, last_name) values (1173,'Jon','Dron');
insert into digital_lib_author (digital_lib_author_id, first_name, last_name) values (1174,'Brian','Heinold');
insert into digital_lib_author (digital_lib_author_id, first_name, last_name) values (1175,'Konstantinos','Ioannidis');
insert into digital_lib_author (digital_lib_author_id, first_name, last_name) values (1176,'0xAX','');
insert into digital_lib_author (digital_lib_author_id, first_name, last_name) values (1177,'Guillermo','C. Jimenez');
insert into digital_lib_author (digital_lib_author_id, first_name, last_name) values (1178,'Roberto','Di Cosmo');
insert into digital_lib_author (digital_lib_author_id, first_name, last_name) values (1179,'Ben','Straub');
insert into digital_lib_author (digital_lib_author_id, first_name, last_name) values (1180,'Oscar','Nierstrasz');
insert into digital_lib_author (digital_lib_author_id, first_name, last_name) values (1181,'Amal','Ahmed');
insert into digital_lib_author (digital_lib_author_id, first_name, last_name) values (1182,'Steven','Fraser');
insert into digital_lib_author (digital_lib_author_id, first_name, last_name) values (1183,'Eric','Zimmerman');
insert into digital_lib_author (digital_lib_author_id, first_name, last_name) values (1184,'Sokratis','K. Katsikas');
insert into digital_lib_author (digital_lib_author_id, first_name, last_name) values (1185,'Hazel','Griffin');
insert into digital_lib_author (digital_lib_author_id, first_name, last_name) values (1186,'Michael','Young');
insert into digital_lib_author (digital_lib_author_id, first_name, last_name) values (1187,'Jerome','Friedman');
insert into digital_lib_author (digital_lib_author_id, first_name, last_name) values (1188,'Steven','M. LaValle');
insert into digital_lib_author (digital_lib_author_id, first_name, last_name) values (1189,'Julie','Romey');
insert into digital_lib_author (digital_lib_author_id, first_name, last_name) values (1190,'Laura','Allen');
insert into digital_lib_author (digital_lib_author_id, first_name, last_name) values (1191,'Regina','Bruder');
insert into digital_lib_author (digital_lib_author_id, first_name, last_name) values (1192,'S.','Ramakrishnan');
insert into digital_lib_author (digital_lib_author_id, first_name, last_name) values (1193,'Matthew','Murray');
insert into digital_lib_author (digital_lib_author_id, first_name, last_name) values (1194,'Jeffrey','Russell');
insert into digital_lib_author (digital_lib_author_id, first_name, last_name) values (1195,'Mine','Cetinkaya-Rundel');
insert into digital_lib_author (digital_lib_author_id, first_name, last_name) values (1196,'Russell','Barnes');
insert into digital_lib_author (digital_lib_author_id, first_name, last_name) values (1197,'Thierry','Declerck');
insert into digital_lib_author (digital_lib_author_id, first_name, last_name) values (1198,'Ashish','Bharadwaj');
insert into digital_lib_author (digital_lib_author_id, first_name, last_name) values (1199,'Dawn','Nafus');
insert into digital_lib_author (digital_lib_author_id, first_name, last_name) values (1200,'Dirk','Stemerding');
insert into digital_lib_tag (digital_lib_tag_id, name) values (1,'competition');
insert into digital_lib_tag (digital_lib_tag_id, name) values (2,'Fick\`s law');
insert into digital_lib_tag (digital_lib_tag_id, name) values (3,'TeachEngineering');
insert into digital_lib_tag (digital_lib_tag_id, name) values (4,'service management');
insert into digital_lib_tag (digital_lib_tag_id, name) values (5,'responsive');
insert into digital_lib_tag (digital_lib_tag_id, name) values (6,'data enrichment');
insert into digital_lib_tag (digital_lib_tag_id, name) values (7,'vector system');
insert into digital_lib_tag (digital_lib_tag_id, name) values (8,'financial accounting');
insert into digital_lib_tag (digital_lib_tag_id, name) values (9,'Wittgenstein');
insert into digital_lib_tag (digital_lib_tag_id, name) values (10,'revenue');
insert into digital_lib_tag (digital_lib_tag_id, name) values (11,'business models');
insert into digital_lib_tag (digital_lib_tag_id, name) values (12,'haptic');
insert into digital_lib_tag (digital_lib_tag_id, name) values (13,'random');
insert into digital_lib_tag (digital_lib_tag_id, name) values (14,'circular economy');
insert into digital_lib_tag (digital_lib_tag_id, name) values (15,'Media');
insert into digital_lib_tag (digital_lib_tag_id, name) values (16,'Software Maintenance');
insert into digital_lib_tag (digital_lib_tag_id, name) values (17,'Technology Studies');
insert into digital_lib_tag (digital_lib_tag_id, name) values (18,'trees');
insert into digital_lib_tag (digital_lib_tag_id, name) values (19,'Meter');
insert into digital_lib_tag (digital_lib_tag_id, name) values (20,'Management');
insert into digital_lib_tag (digital_lib_tag_id, name) values (21,'Optimization');
insert into digital_lib_tag (digital_lib_tag_id, name) values (22,'memory');
insert into digital_lib_tag (digital_lib_tag_id, name) values (23,'Fetal programming');
insert into digital_lib_tag (digital_lib_tag_id, name) values (24,'Market Basket Analysis');
insert into digital_lib_tag (digital_lib_tag_id, name) values (25,'system');
insert into digital_lib_tag (digital_lib_tag_id, name) values (26,'Operations Research');
insert into digital_lib_tag (digital_lib_tag_id, name) values (27,'higher education');
insert into digital_lib_tag (digital_lib_tag_id, name) values (28,'NURBS');
insert into digital_lib_tag (digital_lib_tag_id, name) values (29,'factor analysis');
insert into digital_lib_tag (digital_lib_tag_id, name) values (30,'IoT');
insert into digital_lib_tag (digital_lib_tag_id, name) values (31,'software architecture');
insert into digital_lib_tag (digital_lib_tag_id, name) values (32,'comparative');
insert into digital_lib_tag (digital_lib_tag_id, name) values (33,'IPP');
insert into digital_lib_tag (digital_lib_tag_id, name) values (34,'identity');
insert into digital_lib_tag (digital_lib_tag_id, name) values (35,'Student Diversity');
insert into digital_lib_tag (digital_lib_tag_id, name) values (36,'monetary system');
insert into digital_lib_tag (digital_lib_tag_id, name) values (37,'complexity computing');
insert into digital_lib_tag (digital_lib_tag_id, name) values (38,'Maximum Likelihood Fit');
insert into digital_lib_tag (digital_lib_tag_id, name) values (39,'Linear models');
insert into digital_lib_tag (digital_lib_tag_id, name) values (40,'web 2.0');
insert into digital_lib_tag (digital_lib_tag_id, name) values (41,'Restricted Boltzmann Machines');
insert into digital_lib_tag (digital_lib_tag_id, name) values (42,'deep learning');
insert into digital_lib_tag (digital_lib_tag_id, name) values (43,'Skills Agenda');
insert into digital_lib_tag (digital_lib_tag_id, name) values (44,'ACID');
insert into digital_lib_tag (digital_lib_tag_id, name) values (45,'audit');
insert into digital_lib_tag (digital_lib_tag_id, name) values (46,'Asset management');
insert into digital_lib_tag (digital_lib_tag_id, name) values (47,'India');
insert into digital_lib_tag (digital_lib_tag_id, name) values (48,'Software Engineering');
insert into digital_lib_tag (digital_lib_tag_id, name) values (49,'Neural networks');
insert into digital_lib_tag (digital_lib_tag_id, name) values (50,'API management');
insert into digital_lib_tag (digital_lib_tag_id, name) values (51,'common law');
insert into digital_lib_tag (digital_lib_tag_id, name) values (52,'religion');
insert into digital_lib_tag (digital_lib_tag_id, name) values (53,'supply');
insert into digital_lib_tag (digital_lib_tag_id, name) values (54,'Decent work');
insert into digital_lib_tag (digital_lib_tag_id, name) values (55,'middleware');
insert into digital_lib_tag (digital_lib_tag_id, name) values (56,'creativity');
insert into digital_lib_tag (digital_lib_tag_id, name) values (57,'social responsibility');
insert into digital_lib_tag (digital_lib_tag_id, name) values (58,'mobile robot');
insert into digital_lib_tag (digital_lib_tag_id, name) values (59,'GDB');
insert into digital_lib_tag (digital_lib_tag_id, name) values (60,'statistical inference');
insert into digital_lib_tag (digital_lib_tag_id, name) values (61,'debt');
insert into digital_lib_tag (digital_lib_tag_id, name) values (62,'foreign exchange markets');
insert into digital_lib_tag (digital_lib_tag_id, name) values (63,'Kant');
insert into digital_lib_tag (digital_lib_tag_id, name) values (64,'AGP');
insert into digital_lib_tag (digital_lib_tag_id, name) values (65,'budget');
insert into digital_lib_tag (digital_lib_tag_id, name) values (66,'nearest neighbor classifier');
insert into digital_lib_tag (digital_lib_tag_id, name) values (67,'iOS');
insert into digital_lib_tag (digital_lib_tag_id, name) values (68,'Fourier Transforms');
insert into digital_lib_tag (digital_lib_tag_id, name) values (69,'M/S');
insert into digital_lib_tag (digital_lib_tag_id, name) values (70,'APIs');
insert into digital_lib_tag (digital_lib_tag_id, name) values (71,'languages');
insert into digital_lib_tag (digital_lib_tag_id, name) values (72,'financial reporting');
insert into digital_lib_tag (digital_lib_tag_id, name) values (73,'data security');
insert into digital_lib_tag (digital_lib_tag_id, name) values (74,'analytics');
insert into digital_lib_tag (digital_lib_tag_id, name) values (75,'indifference curves');
insert into digital_lib_tag (digital_lib_tag_id, name) values (76,'matrix');
insert into digital_lib_tag (digital_lib_tag_id, name) values (77,'Colonial state');
insert into digital_lib_tag (digital_lib_tag_id, name) values (78,'Microservices');
insert into digital_lib_tag (digital_lib_tag_id, name) values (79,'HRM plans');
insert into digital_lib_tag (digital_lib_tag_id, name) values (80,'computer software selection');
insert into digital_lib_tag (digital_lib_tag_id, name) values (81,'parsing');
insert into digital_lib_tag (digital_lib_tag_id, name) values (82,'blogging');
insert into digital_lib_tag (digital_lib_tag_id, name) values (83,'anonymity');
insert into digital_lib_tag (digital_lib_tag_id, name) values (84,'Analysis');
insert into digital_lib_tag (digital_lib_tag_id, name) values (85,'Object-oriented Concepts');
insert into digital_lib_tag (digital_lib_tag_id, name) values (86,'information technology');
insert into digital_lib_tag (digital_lib_tag_id, name) values (87,'Primers');
insert into digital_lib_tag (digital_lib_tag_id, name) values (88,'State-space models');
insert into digital_lib_tag (digital_lib_tag_id, name) values (89,'Human-Computer Interaction (HCI)');
insert into digital_lib_tag (digital_lib_tag_id, name) values (90,'problem complexity');
insert into digital_lib_tag (digital_lib_tag_id, name) values (91,'inference');
insert into digital_lib_tag (digital_lib_tag_id, name) values (92,'Anti-fragility');
insert into digital_lib_tag (digital_lib_tag_id, name) values (93,'RC');
insert into digital_lib_tag (digital_lib_tag_id, name) values (94,'financial reports');
insert into digital_lib_tag (digital_lib_tag_id, name) values (95,'corporations');
insert into digital_lib_tag (digital_lib_tag_id, name) values (96,'certification');
insert into digital_lib_tag (digital_lib_tag_id, name) values (97,'Hearing loss');
insert into digital_lib_tag (digital_lib_tag_id, name) values (98,'narrative');
insert into digital_lib_tag (digital_lib_tag_id, name) values (99,'Medical Imaging');
insert into digital_lib_tag (digital_lib_tag_id, name) values (100,'differential equations');
insert into digital_lib_tag (digital_lib_tag_id, name) values (101,'CGI');
insert into digital_lib_tag (digital_lib_tag_id, name) values (102,'Educational Technology');
insert into digital_lib_tag (digital_lib_tag_id, name) values (103,'interculturalism');
insert into digital_lib_tag (digital_lib_tag_id, name) values (104,'validation');
insert into digital_lib_tag (digital_lib_tag_id, name) values (105,'game theory');
insert into digital_lib_tag (digital_lib_tag_id, name) values (106,'framework');
insert into digital_lib_tag (digital_lib_tag_id, name) values (107,'market demand');
insert into digital_lib_tag (digital_lib_tag_id, name) values (108,'photography');
insert into digital_lib_tag (digital_lib_tag_id, name) values (109,'Systems');
insert into digital_lib_tag (digital_lib_tag_id, name) values (110,'mental health');
insert into digital_lib_tag (digital_lib_tag_id, name) values (111,'legal systems');
insert into digital_lib_tag (digital_lib_tag_id, name) values (112,'Implementation');
insert into digital_lib_tag (digital_lib_tag_id, name) values (113,'B2B');
insert into digital_lib_tag (digital_lib_tag_id, name) values (114,'Women in computing');
insert into digital_lib_tag (digital_lib_tag_id, name) values (115,'Riemann integral');
insert into digital_lib_tag (digital_lib_tag_id, name) values (116,'exploratory data analysis');
insert into digital_lib_tag (digital_lib_tag_id, name) values (117,'Emerging states');
insert into digital_lib_tag (digital_lib_tag_id, name) values (118,'dynamicity');
insert into digital_lib_tag (digital_lib_tag_id, name) values (119,'TDD');
insert into digital_lib_tag (digital_lib_tag_id, name) values (120,'Land Improvement');
insert into digital_lib_tag (digital_lib_tag_id, name) values (121,'Shell');
insert into digital_lib_tag (digital_lib_tag_id, name) values (122,'transportation');
insert into digital_lib_tag (digital_lib_tag_id, name) values (123,'Natural language processing');
insert into digital_lib_tag (digital_lib_tag_id, name) values (124,'product differentiation');
insert into digital_lib_tag (digital_lib_tag_id, name) values (125,'Handbook');
insert into digital_lib_tag (digital_lib_tag_id, name) values (126,'Historical Background');
insert into digital_lib_tag (digital_lib_tag_id, name) values (127,'e-commerce');
insert into digital_lib_tag (digital_lib_tag_id, name) values (128,'Mobile devices');
insert into digital_lib_tag (digital_lib_tag_id, name) values (129,'Action');
insert into digital_lib_tag (digital_lib_tag_id, name) values (130,'Hybrid Places');
insert into digital_lib_tag (digital_lib_tag_id, name) values (131,'blender');
insert into digital_lib_tag (digital_lib_tag_id, name) values (132,'numerical methods');
insert into digital_lib_tag (digital_lib_tag_id, name) values (133,'memory subsystems');
insert into digital_lib_tag (digital_lib_tag_id, name) values (134,'SAA methodologies');
insert into digital_lib_tag (digital_lib_tag_id, name) values (135,'advertising');
insert into digital_lib_tag (digital_lib_tag_id, name) values (136,'synthesizers');
insert into digital_lib_tag (digital_lib_tag_id, name) values (137,'image');
insert into digital_lib_tag (digital_lib_tag_id, name) values (138,'surveillance');
insert into digital_lib_tag (digital_lib_tag_id, name) values (139,'cloudcomputing');
insert into digital_lib_tag (digital_lib_tag_id, name) values (140,'linear optimization');
insert into digital_lib_tag (digital_lib_tag_id, name) values (141,'computational social science');
insert into digital_lib_tag (digital_lib_tag_id, name) values (142,'Wellbeing');
insert into digital_lib_tag (digital_lib_tag_id, name) values (143,'CLI');
insert into digital_lib_tag (digital_lib_tag_id, name) values (144,'Information technology');
insert into digital_lib_tag (digital_lib_tag_id, name) values (145,'university');
insert into digital_lib_tag (digital_lib_tag_id, name) values (146,'t-Test');
insert into digital_lib_tag (digital_lib_tag_id, name) values (147,'upgrading');
insert into digital_lib_tag (digital_lib_tag_id, name) values (148,'Design activities');
insert into digital_lib_tag (digital_lib_tag_id, name) values (149,'heritage');
insert into digital_lib_tag (digital_lib_tag_id, name) values (150,'separation logic');
insert into digital_lib_tag (digital_lib_tag_id, name) values (151,'Quantitative finance');
insert into digital_lib_tag (digital_lib_tag_id, name) values (152,'machine operated');
insert into digital_lib_tag (digital_lib_tag_id, name) values (153,'reasoning');
insert into digital_lib_tag (digital_lib_tag_id, name) values (154,'SUN');
insert into digital_lib_tag (digital_lib_tag_id, name) values (155,'information');
insert into digital_lib_tag (digital_lib_tag_id, name) values (156,'branching');
insert into digital_lib_tag (digital_lib_tag_id, name) values (157,'Land Degradation');
insert into digital_lib_tag (digital_lib_tag_id, name) values (158,'Competency');
insert into digital_lib_tag (digital_lib_tag_id, name) values (159,'zero sum games');
insert into digital_lib_tag (digital_lib_tag_id, name) values (160,'systems');
insert into digital_lib_tag (digital_lib_tag_id, name) values (161,'middle-income trap');
insert into digital_lib_tag (digital_lib_tag_id, name) values (162,'business intelligence');
insert into digital_lib_tag (digital_lib_tag_id, name) values (163,'particle system');
insert into digital_lib_tag (digital_lib_tag_id, name) values (164,'ASEAN');
insert into digital_lib_tag (digital_lib_tag_id, name) values (165,'Free software');
insert into digital_lib_tag (digital_lib_tag_id, name) values (166,'hard disk');
insert into digital_lib_tag (digital_lib_tag_id, name) values (167,'Nordic Higher Education');
insert into digital_lib_tag (digital_lib_tag_id, name) values (168,'augmented reality');
insert into digital_lib_tag (digital_lib_tag_id, name) values (169,'MVC');
insert into digital_lib_tag (digital_lib_tag_id, name) values (170,'PtoP');
insert into digital_lib_tag (digital_lib_tag_id, name) values (171,'types');
insert into digital_lib_tag (digital_lib_tag_id, name) values (172,'player');
insert into digital_lib_tag (digital_lib_tag_id, name) values (173,'Revenue Collection');
insert into digital_lib_tag (digital_lib_tag_id, name) values (174,'dispute resolution');
insert into digital_lib_tag (digital_lib_tag_id, name) values (175,'ethical education');
insert into digital_lib_tag (digital_lib_tag_id, name) values (176,'health informatics');
insert into digital_lib_tag (digital_lib_tag_id, name) values (177,'Open source');
insert into digital_lib_tag (digital_lib_tag_id, name) values (178,'household finance');
insert into digital_lib_tag (digital_lib_tag_id, name) values (179,'Articulation');
insert into digital_lib_tag (digital_lib_tag_id, name) values (180,'Safe harbor');
insert into digital_lib_tag (digital_lib_tag_id, name) values (181,'3d');
insert into digital_lib_tag (digital_lib_tag_id, name) values (182,'automated guided vehicle systems');
insert into digital_lib_tag (digital_lib_tag_id, name) values (183,'Relations');
insert into digital_lib_tag (digital_lib_tag_id, name) values (184,'Cost');
insert into digital_lib_tag (digital_lib_tag_id, name) values (185,'WSH');
insert into digital_lib_tag (digital_lib_tag_id, name) values (186,'Teacher Training');
insert into digital_lib_tag (digital_lib_tag_id, name) values (187,'simulations');
insert into digital_lib_tag (digital_lib_tag_id, name) values (188,'Calculus Design');
insert into digital_lib_tag (digital_lib_tag_id, name) values (189,'semantic');
insert into digital_lib_tag (digital_lib_tag_id, name) values (190,'Governance');
insert into digital_lib_tag (digital_lib_tag_id, name) values (191,'aeronautics');
insert into digital_lib_tag (digital_lib_tag_id, name) values (192,'genetic programming');
insert into digital_lib_tag (digital_lib_tag_id, name) values (193,'ranking');
insert into digital_lib_tag (digital_lib_tag_id, name) values (194,'Identification');
insert into digital_lib_tag (digital_lib_tag_id, name) values (195,'Business information systems');
insert into digital_lib_tag (digital_lib_tag_id, name) values (196,'arrays');
insert into digital_lib_tag (digital_lib_tag_id, name) values (197,'Big Data Security');
insert into digital_lib_tag (digital_lib_tag_id, name) values (198,'Chrome book');
insert into digital_lib_tag (digital_lib_tag_id, name) values (199,'DDD');
insert into digital_lib_tag (digital_lib_tag_id, name) values (200,'javaScript');
insert into digital_lib_tag (digital_lib_tag_id, name) values (201,'color');
insert into digital_lib_tag (digital_lib_tag_id, name) values (202,'quality');
insert into digital_lib_tag (digital_lib_tag_id, name) values (203,'Hyperparameters');
insert into digital_lib_tag (digital_lib_tag_id, name) values (204,'requirements engineering');
insert into digital_lib_tag (digital_lib_tag_id, name) values (205,'linguistics');
insert into digital_lib_tag (digital_lib_tag_id, name) values (206,'CPU');
insert into digital_lib_tag (digital_lib_tag_id, name) values (207,'Toolbox');
insert into digital_lib_tag (digital_lib_tag_id, name) values (208,'Engineering Education');
insert into digital_lib_tag (digital_lib_tag_id, name) values (209,'prices');
insert into digital_lib_tag (digital_lib_tag_id, name) values (210,'milling machines');
insert into digital_lib_tag (digital_lib_tag_id, name) values (211,'audit(or)');
insert into digital_lib_tag (digital_lib_tag_id, name) values (212,'VLSI');
insert into digital_lib_tag (digital_lib_tag_id, name) values (213,'Convolutional Neural Networks');
insert into digital_lib_tag (digital_lib_tag_id, name) values (214,'Theology');
insert into digital_lib_tag (digital_lib_tag_id, name) values (215,'e-books');
insert into digital_lib_tag (digital_lib_tag_id, name) values (216,'global innovation');
insert into digital_lib_tag (digital_lib_tag_id, name) values (217,'CUDA');
insert into digital_lib_tag (digital_lib_tag_id, name) values (218,'Leibniz rule');
insert into digital_lib_tag (digital_lib_tag_id, name) values (219,'Complex adaptive systems');
insert into digital_lib_tag (digital_lib_tag_id, name) values (220,'AVC');
insert into digital_lib_tag (digital_lib_tag_id, name) values (221,'information society');
insert into digital_lib_tag (digital_lib_tag_id, name) values (222,'estimate');
insert into digital_lib_tag (digital_lib_tag_id, name) values (223,'Minecraft');
insert into digital_lib_tag (digital_lib_tag_id, name) values (224,'AMADEOS');
insert into digital_lib_tag (digital_lib_tag_id, name) values (225,'string manipulation');
insert into digital_lib_tag (digital_lib_tag_id, name) values (226,'social sciences');
insert into digital_lib_tag (digital_lib_tag_id, name) values (227,'empirical software engineering');
insert into digital_lib_tag (digital_lib_tag_id, name) values (228,'XML');
insert into digital_lib_tag (digital_lib_tag_id, name) values (229,'Gantt chart');
insert into digital_lib_tag (digital_lib_tag_id, name) values (230,'schools');
insert into digital_lib_tag (digital_lib_tag_id, name) values (231,'Country of origin');
insert into digital_lib_tag (digital_lib_tag_id, name) values (232,'Software Product Lines');
insert into digital_lib_tag (digital_lib_tag_id, name) values (233,'Graphic Design');
insert into digital_lib_tag (digital_lib_tag_id, name) values (234,'Triple Integrals');
insert into digital_lib_tag (digital_lib_tag_id, name) values (235,'explorative statistical methods');
insert into digital_lib_tag (digital_lib_tag_id, name) values (236,'genetic');
insert into digital_lib_tag (digital_lib_tag_id, name) values (237,'youtube');
insert into digital_lib_tag (digital_lib_tag_id, name) values (238,'Image Processing');
insert into digital_lib_tag (digital_lib_tag_id, name) values (239,'property');
insert into digital_lib_tag (digital_lib_tag_id, name) values (240,'health care');
insert into digital_lib_tag (digital_lib_tag_id, name) values (241,'management systems');
insert into digital_lib_tag (digital_lib_tag_id, name) values (242,'innovation');
insert into digital_lib_tag (digital_lib_tag_id, name) values (243,'Bayesian modeling');
insert into digital_lib_tag (digital_lib_tag_id, name) values (244,'intelligence');
insert into digital_lib_tag (digital_lib_tag_id, name) values (245,'access control');
insert into digital_lib_tag (digital_lib_tag_id, name) values (246,'GPU');
insert into digital_lib_tag (digital_lib_tag_id, name) values (247,'feedback filters');
insert into digital_lib_tag (digital_lib_tag_id, name) values (248,'Workflow');
insert into digital_lib_tag (digital_lib_tag_id, name) values (249,'management');
insert into digital_lib_tag (digital_lib_tag_id, name) values (250,'transformations');
insert into digital_lib_tag (digital_lib_tag_id, name) values (251,'diversity');
insert into digital_lib_tag (digital_lib_tag_id, name) values (252,'business information systems');
insert into digital_lib_tag (digital_lib_tag_id, name) values (253,'internet protocols');
insert into digital_lib_tag (digital_lib_tag_id, name) values (254,'Autoencoders');
insert into digital_lib_tag (digital_lib_tag_id, name) values (255,'voice');
insert into digital_lib_tag (digital_lib_tag_id, name) values (256,'sysadmin');
insert into digital_lib_tag (digital_lib_tag_id, name) values (257,'labor unions');
insert into digital_lib_tag (digital_lib_tag_id, name) values (258,'paper');
insert into digital_lib_tag (digital_lib_tag_id, name) values (259,'Kanbanlean development');
insert into digital_lib_tag (digital_lib_tag_id, name) values (260,'financial statements');
insert into digital_lib_tag (digital_lib_tag_id, name) values (261,'hacking');
insert into digital_lib_tag (digital_lib_tag_id, name) values (262,'Pareto');
insert into digital_lib_tag (digital_lib_tag_id, name) values (263,'Pyramid');
insert into digital_lib_tag (digital_lib_tag_id, name) values (264,'Stochastic differential equations');
insert into digital_lib_tag (digital_lib_tag_id, name) values (265,'Global value chains');
insert into digital_lib_tag (digital_lib_tag_id, name) values (266,'Technology');
insert into digital_lib_tag (digital_lib_tag_id, name) values (267,'balance sheet');
insert into digital_lib_tag (digital_lib_tag_id, name) values (268,'hiring');
insert into digital_lib_tag (digital_lib_tag_id, name) values (269,'operating system');
insert into digital_lib_tag (digital_lib_tag_id, name) values (270,'Software engineering');
insert into digital_lib_tag (digital_lib_tag_id, name) values (271,'process mining');
insert into digital_lib_tag (digital_lib_tag_id, name) values (272,'threats');
insert into digital_lib_tag (digital_lib_tag_id, name) values (273,'regular immigration');
insert into digital_lib_tag (digital_lib_tag_id, name) values (274,'free');
insert into digital_lib_tag (digital_lib_tag_id, name) values (275,'logicprogramming');
insert into digital_lib_tag (digital_lib_tag_id, name) values (276,'Ethics');
insert into digital_lib_tag (digital_lib_tag_id, name) values (277,'Goodness of Fit');
insert into digital_lib_tag (digital_lib_tag_id, name) values (278,'layout');
insert into digital_lib_tag (digital_lib_tag_id, name) values (279,'statistical analyses');
insert into digital_lib_tag (digital_lib_tag_id, name) values (280,'employee performance');
insert into digital_lib_tag (digital_lib_tag_id, name) values (281,'Information retrieval');
insert into digital_lib_tag (digital_lib_tag_id, name) values (282,'Educational Research');
insert into digital_lib_tag (digital_lib_tag_id, name) values (283,'simulation modeling');
insert into digital_lib_tag (digital_lib_tag_id, name) values (284,'Clustering');
insert into digital_lib_tag (digital_lib_tag_id, name) values (285,'Preprocessing');
insert into digital_lib_tag (digital_lib_tag_id, name) values (286,'Heuristics');
insert into digital_lib_tag (digital_lib_tag_id, name) values (287,'characters');
insert into digital_lib_tag (digital_lib_tag_id, name) values (288,'skill development');
insert into digital_lib_tag (digital_lib_tag_id, name) values (289,'business risk');
insert into digital_lib_tag (digital_lib_tag_id, name) values (290,'economic growth');
insert into digital_lib_tag (digital_lib_tag_id, name) values (291,'SAGE');
insert into digital_lib_tag (digital_lib_tag_id, name) values (292,'Medical Sciences');
insert into digital_lib_tag (digital_lib_tag_id, name) values (293,'schedule');
insert into digital_lib_tag (digital_lib_tag_id, name) values (294,'Total Economic Value');
insert into digital_lib_tag (digital_lib_tag_id, name) values (295,'BPLG');
insert into digital_lib_tag (digital_lib_tag_id, name) values (296,'Spatial needs');
insert into digital_lib_tag (digital_lib_tag_id, name) values (297,'Italy');
insert into digital_lib_tag (digital_lib_tag_id, name) values (298,'telecommunication traffic');
insert into digital_lib_tag (digital_lib_tag_id, name) values (299,'non-parametric tests');
insert into digital_lib_tag (digital_lib_tag_id, name) values (300,'Open classroom');
insert into digital_lib_tag (digital_lib_tag_id, name) values (301,'civil law');
insert into digital_lib_tag (digital_lib_tag_id, name) values (302,'camera');
insert into digital_lib_tag (digital_lib_tag_id, name) values (303,'Decision Trees');
insert into digital_lib_tag (digital_lib_tag_id, name) values (304,'simulation');
insert into digital_lib_tag (digital_lib_tag_id, name) values (305,'coreboot');
insert into digital_lib_tag (digital_lib_tag_id, name) values (306,'GUI');
insert into digital_lib_tag (digital_lib_tag_id, name) values (307,'buffer');
insert into digital_lib_tag (digital_lib_tag_id, name) values (308,'ADO');
insert into digital_lib_tag (digital_lib_tag_id, name) values (309,'computer networks');
insert into digital_lib_tag (digital_lib_tag_id, name) values (310,'Baire Category Theorem');
insert into digital_lib_tag (digital_lib_tag_id, name) values (311,'U.S. Governance reforms');
insert into digital_lib_tag (digital_lib_tag_id, name) values (312,'chain rule');
insert into digital_lib_tag (digital_lib_tag_id, name) values (313,'microeconomics');
insert into digital_lib_tag (digital_lib_tag_id, name) values (314,'statistical computing');
insert into digital_lib_tag (digital_lib_tag_id, name) values (315,'list');
insert into digital_lib_tag (digital_lib_tag_id, name) values (316,'basic functions');
insert into digital_lib_tag (digital_lib_tag_id, name) values (317,'investment banking');
insert into digital_lib_tag (digital_lib_tag_id, name) values (318,'map-reduce');
insert into digital_lib_tag (digital_lib_tag_id, name) values (319,'Internet of services');
insert into digital_lib_tag (digital_lib_tag_id, name) values (320,'streaming');
insert into digital_lib_tag (digital_lib_tag_id, name) values (321,'Surface Integrals');
insert into digital_lib_tag (digital_lib_tag_id, name) values (322,'Signal processing systems');
insert into digital_lib_tag (digital_lib_tag_id, name) values (323,'arduino');
insert into digital_lib_tag (digital_lib_tag_id, name) values (324,'statistical learning in Rhands-on machine learning');
insert into digital_lib_tag (digital_lib_tag_id, name) values (325,'avatar');
insert into digital_lib_tag (digital_lib_tag_id, name) values (326,'drawing');
insert into digital_lib_tag (digital_lib_tag_id, name) values (327,'Open design');
insert into digital_lib_tag (digital_lib_tag_id, name) values (328,'software');
insert into digital_lib_tag (digital_lib_tag_id, name) values (329,'finances');
insert into digital_lib_tag (digital_lib_tag_id, name) values (330,'Collaboration in software development');
insert into digital_lib_tag (digital_lib_tag_id, name) values (331,'Hybrid Campus');
insert into digital_lib_tag (digital_lib_tag_id, name) values (332,'Microsoft Office');
insert into digital_lib_tag (digital_lib_tag_id, name) values (333,'Sustainable Development');
insert into digital_lib_tag (digital_lib_tag_id, name) values (334,'Competence');
insert into digital_lib_tag (digital_lib_tag_id, name) values (335,'DevOps');
insert into digital_lib_tag (digital_lib_tag_id, name) values (336,'branding');
insert into digital_lib_tag (digital_lib_tag_id, name) values (337,'capital flow');
insert into digital_lib_tag (digital_lib_tag_id, name) values (338,'Human-Computer Interactopm');
insert into digital_lib_tag (digital_lib_tag_id, name) values (339,'knowledge management');
insert into digital_lib_tag (digital_lib_tag_id, name) values (340,'aociety');
insert into digital_lib_tag (digital_lib_tag_id, name) values (341,'network');
insert into digital_lib_tag (digital_lib_tag_id, name) values (342,'feedforward filters');
insert into digital_lib_tag (digital_lib_tag_id, name) values (343,'Bayesian R');
insert into digital_lib_tag (digital_lib_tag_id, name) values (344,'ERP');
insert into digital_lib_tag (digital_lib_tag_id, name) values (345,'Nationality');
insert into digital_lib_tag (digital_lib_tag_id, name) values (346,'math');
insert into digital_lib_tag (digital_lib_tag_id, name) values (347,'Standard Essential Patents');
insert into digital_lib_tag (digital_lib_tag_id, name) values (348,'Weierstrass approximation theorem');
insert into digital_lib_tag (digital_lib_tag_id, name) values (349,'hacks');
insert into digital_lib_tag (digital_lib_tag_id, name) values (350,'grpahs');
insert into digital_lib_tag (digital_lib_tag_id, name) values (351,'literature');
insert into digital_lib_tag (digital_lib_tag_id, name) values (352,'democracy');
insert into digital_lib_tag (digital_lib_tag_id, name) values (353,'the Pure Exchange Model of Trade');
insert into digital_lib_tag (digital_lib_tag_id, name) values (354,'CLIPS');
insert into digital_lib_tag (digital_lib_tag_id, name) values (355,'Intel FSP');
insert into digital_lib_tag (digital_lib_tag_id, name) values (356,'media');
insert into digital_lib_tag (digital_lib_tag_id, name) values (357,'Knowledge');
insert into digital_lib_tag (digital_lib_tag_id, name) values (358,'arithmetic');
insert into digital_lib_tag (digital_lib_tag_id, name) values (359,'project');
insert into digital_lib_tag (digital_lib_tag_id, name) values (360,'VPAT');
insert into digital_lib_tag (digital_lib_tag_id, name) values (361,'business modeling');
insert into digital_lib_tag (digital_lib_tag_id, name) values (362,'neural networks');
insert into digital_lib_tag (digital_lib_tag_id, name) values (363,'CSS3. HTML5');
insert into digital_lib_tag (digital_lib_tag_id, name) values (364,'traffic');
insert into digital_lib_tag (digital_lib_tag_id, name) values (365,'talent management');
insert into digital_lib_tag (digital_lib_tag_id, name) values (366,'Bivariate Errors');
insert into digital_lib_tag (digital_lib_tag_id, name) values (367,'C++');
insert into digital_lib_tag (digital_lib_tag_id, name) values (368,'OPenOffice');
insert into digital_lib_tag (digital_lib_tag_id, name) values (369,'Extreme poverty');
insert into digital_lib_tag (digital_lib_tag_id, name) values (370,'deep reinforcement learning');
insert into digital_lib_tag (digital_lib_tag_id, name) values (371,'sharing economy');
insert into digital_lib_tag (digital_lib_tag_id, name) values (372,'Microfinance');
insert into digital_lib_tag (digital_lib_tag_id, name) values (373,'health');
insert into digital_lib_tag (digital_lib_tag_id, name) values (374,'international trade');
insert into digital_lib_tag (digital_lib_tag_id, name) values (375,'composition');
insert into digital_lib_tag (digital_lib_tag_id, name) values (376,'bandsaws');
insert into digital_lib_tag (digital_lib_tag_id, name) values (377,'symbolic');
insert into digital_lib_tag (digital_lib_tag_id, name) values (378,'processors');
insert into digital_lib_tag (digital_lib_tag_id, name) values (379,'elasticity');
insert into digital_lib_tag (digital_lib_tag_id, name) values (380,'assess');
insert into digital_lib_tag (digital_lib_tag_id, name) values (381,'data authoring');
insert into digital_lib_tag (digital_lib_tag_id, name) values (382,'company');
insert into digital_lib_tag (digital_lib_tag_id, name) values (383,'quality control');
insert into digital_lib_tag (digital_lib_tag_id, name) values (384,'bash');
insert into digital_lib_tag (digital_lib_tag_id, name) values (385,'development');
insert into digital_lib_tag (digital_lib_tag_id, name) values (386,'normal distribution');
insert into digital_lib_tag (digital_lib_tag_id, name) values (387,'TIGER');
insert into digital_lib_tag (digital_lib_tag_id, name) values (388,'copyright protection');
insert into digital_lib_tag (digital_lib_tag_id, name) values (389,'concurrence');
insert into digital_lib_tag (digital_lib_tag_id, name) values (390,'morality');
insert into digital_lib_tag (digital_lib_tag_id, name) values (391,'optical device');
insert into digital_lib_tag (digital_lib_tag_id, name) values (392,'Frequent pattern');
insert into digital_lib_tag (digital_lib_tag_id, name) values (393,'YAML');
insert into digital_lib_tag (digital_lib_tag_id, name) values (394,'open source');
insert into digital_lib_tag (digital_lib_tag_id, name) values (395,'IMC');
insert into digital_lib_tag (digital_lib_tag_id, name) values (396,'Social Science');
insert into digital_lib_tag (digital_lib_tag_id, name) values (397,'audio');
insert into digital_lib_tag (digital_lib_tag_id, name) values (398,'health development');
insert into digital_lib_tag (digital_lib_tag_id, name) values (399,'software creation');
insert into digital_lib_tag (digital_lib_tag_id, name) values (400,'Software Evolution');
insert into digital_lib_tag (digital_lib_tag_id, name) values (401,'Twitter');
insert into digital_lib_tag (digital_lib_tag_id, name) values (402,'electronics');
insert into digital_lib_tag (digital_lib_tag_id, name) values (403,'compensation');
insert into digital_lib_tag (digital_lib_tag_id, name) values (404,'DBMS');
insert into digital_lib_tag (digital_lib_tag_id, name) values (405,'methods');
insert into digital_lib_tag (digital_lib_tag_id, name) values (406,'financial statement');
insert into digital_lib_tag (digital_lib_tag_id, name) values (407,'Cognitive Tools');
insert into digital_lib_tag (digital_lib_tag_id, name) values (408,'ITSM 2000');
insert into digital_lib_tag (digital_lib_tag_id, name) values (409,'workflow management');
insert into digital_lib_tag (digital_lib_tag_id, name) values (410,'educational cloud');
insert into digital_lib_tag (digital_lib_tag_id, name) values (411,'Brand');
insert into digital_lib_tag (digital_lib_tag_id, name) values (412,'Mobile Devices');
insert into digital_lib_tag (digital_lib_tag_id, name) values (413,'VBS');
insert into digital_lib_tag (digital_lib_tag_id, name) values (414,'RPC');
insert into digital_lib_tag (digital_lib_tag_id, name) values (415,'Open MP');
insert into digital_lib_tag (digital_lib_tag_id, name) values (416,'social network analysis');
insert into digital_lib_tag (digital_lib_tag_id, name) values (417,'learning systems');
insert into digital_lib_tag (digital_lib_tag_id, name) values (418,'Data protection');
insert into digital_lib_tag (digital_lib_tag_id, name) values (419,'FRANDIPR');
insert into digital_lib_tag (digital_lib_tag_id, name) values (420,'Ricardian theory');
insert into digital_lib_tag (digital_lib_tag_id, name) values (421,'spring');
insert into digital_lib_tag (digital_lib_tag_id, name) values (422,'Integer Programming');
insert into digital_lib_tag (digital_lib_tag_id, name) values (423,'Enterprise systems');
insert into digital_lib_tag (digital_lib_tag_id, name) values (424,'resources');
insert into digital_lib_tag (digital_lib_tag_id, name) values (425,'Future European Cooperation');
insert into digital_lib_tag (digital_lib_tag_id, name) values (426,'geometry');
insert into digital_lib_tag (digital_lib_tag_id, name) values (427,'CSCW');
insert into digital_lib_tag (digital_lib_tag_id, name) values (428,'Geography of knowledge');
insert into digital_lib_tag (digital_lib_tag_id, name) values (429,'Robotics');
insert into digital_lib_tag (digital_lib_tag_id, name) values (430,'managerial accounting');
insert into digital_lib_tag (digital_lib_tag_id, name) values (431,'large-scale assessment');
insert into digital_lib_tag (digital_lib_tag_id, name) values (432,'digital technology');
insert into digital_lib_tag (digital_lib_tag_id, name) values (433,'transdisciplinary learning');
insert into digital_lib_tag (digital_lib_tag_id, name) values (434,'Linux');
insert into digital_lib_tag (digital_lib_tag_id, name) values (435,'Cointegration');
insert into digital_lib_tag (digital_lib_tag_id, name) values (436,'Frenet-Serret Equations');
insert into digital_lib_tag (digital_lib_tag_id, name) values (437,'business process');
insert into digital_lib_tag (digital_lib_tag_id, name) values (438,'Python 2.7');
insert into digital_lib_tag (digital_lib_tag_id, name) values (439,'financial risks');
insert into digital_lib_tag (digital_lib_tag_id, name) values (440,'citizenship');
insert into digital_lib_tag (digital_lib_tag_id, name) values (441,'sustainable business');
insert into digital_lib_tag (digital_lib_tag_id, name) values (442,'socialist economies');
insert into digital_lib_tag (digital_lib_tag_id, name) values (443,'Image processing');
insert into digital_lib_tag (digital_lib_tag_id, name) values (444,'object-oriented programming');
insert into digital_lib_tag (digital_lib_tag_id, name) values (445,'quantitative');
insert into digital_lib_tag (digital_lib_tag_id, name) values (446,'bathtub behavior');
insert into digital_lib_tag (digital_lib_tag_id, name) values (447,'Nutrition');
insert into digital_lib_tag (digital_lib_tag_id, name) values (448,'employment benefits');
insert into digital_lib_tag (digital_lib_tag_id, name) values (449,'how to');
insert into digital_lib_tag (digital_lib_tag_id, name) values (450,'graph theory');
insert into digital_lib_tag (digital_lib_tag_id, name) values (451,'.NET');
insert into digital_lib_tag (digital_lib_tag_id, name) values (452,'ethicalleadership');
insert into digital_lib_tag (digital_lib_tag_id, name) values (453,'Secure Date Management');
insert into digital_lib_tag (digital_lib_tag_id, name) values (454,'geo-location');
insert into digital_lib_tag (digital_lib_tag_id, name) values (455,'flow control');
insert into digital_lib_tag (digital_lib_tag_id, name) values (456,'Jordan Canonical Form');
insert into digital_lib_tag (digital_lib_tag_id, name) values (457,'BSF');
insert into digital_lib_tag (digital_lib_tag_id, name) values (458,'indication');
insert into digital_lib_tag (digital_lib_tag_id, name) values (459,'SVG');
insert into digital_lib_tag (digital_lib_tag_id, name) values (460,'AA-DD model');
insert into digital_lib_tag (digital_lib_tag_id, name) values (461,'globalisation');
insert into digital_lib_tag (digital_lib_tag_id, name) values (462,'Financial economics');
insert into digital_lib_tag (digital_lib_tag_id, name) values (463,'Geodesic Curvature');
insert into digital_lib_tag (digital_lib_tag_id, name) values (464,'cost management');
insert into digital_lib_tag (digital_lib_tag_id, name) values (465,'Document Preparation');
insert into digital_lib_tag (digital_lib_tag_id, name) values (466,'Ruby');
insert into digital_lib_tag (digital_lib_tag_id, name) values (467,'Trust');
insert into digital_lib_tag (digital_lib_tag_id, name) values (468,'computer graphics');
insert into digital_lib_tag (digital_lib_tag_id, name) values (469,'International Comparative Studies');
insert into digital_lib_tag (digital_lib_tag_id, name) values (470,'Human capital');
insert into digital_lib_tag (digital_lib_tag_id, name) values (471,'Swarm Intelligence');
insert into digital_lib_tag (digital_lib_tag_id, name) values (472,'SEM/SEO');
insert into digital_lib_tag (digital_lib_tag_id, name) values (473,'reactivate');
insert into digital_lib_tag (digital_lib_tag_id, name) values (474,'photoshop');
insert into digital_lib_tag (digital_lib_tag_id, name) values (475,'policy measures');
insert into digital_lib_tag (digital_lib_tag_id, name) values (476,'public relations');
insert into digital_lib_tag (digital_lib_tag_id, name) values (477,'heuristic');
insert into digital_lib_tag (digital_lib_tag_id, name) values (478,'communication channels');
insert into digital_lib_tag (digital_lib_tag_id, name) values (479,'testing');
insert into digital_lib_tag (digital_lib_tag_id, name) values (480,'distance learning');
insert into digital_lib_tag (digital_lib_tag_id, name) values (481,'Pascal');
insert into digital_lib_tag (digital_lib_tag_id, name) values (482,'hypoothesis');
insert into digital_lib_tag (digital_lib_tag_id, name) values (483,'Gaussian Elimination');
insert into digital_lib_tag (digital_lib_tag_id, name) values (484,'Teaching Practices');
insert into digital_lib_tag (digital_lib_tag_id, name) values (485,'cyber-physical systems');
insert into digital_lib_tag (digital_lib_tag_id, name) values (486,'ArcGIS');
insert into digital_lib_tag (digital_lib_tag_id, name) values (487,'InnovationScience');
insert into digital_lib_tag (digital_lib_tag_id, name) values (488,'Model-Driven Software Engineering');
insert into digital_lib_tag (digital_lib_tag_id, name) values (489,'linear systems');
insert into digital_lib_tag (digital_lib_tag_id, name) values (490,'financial resources');
insert into digital_lib_tag (digital_lib_tag_id, name) values (491,'global warming');
insert into digital_lib_tag (digital_lib_tag_id, name) values (492,'Business');
insert into digital_lib_tag (digital_lib_tag_id, name) values (493,'strategic architecture');
insert into digital_lib_tag (digital_lib_tag_id, name) values (494,'Web mining');
insert into digital_lib_tag (digital_lib_tag_id, name) values (495,'Textbooks');
insert into digital_lib_tag (digital_lib_tag_id, name) values (496,'visualization');
insert into digital_lib_tag (digital_lib_tag_id, name) values (497,'J.D.K.');
insert into digital_lib_tag (digital_lib_tag_id, name) values (498,'infrastructure');
insert into digital_lib_tag (digital_lib_tag_id, name) values (499,'dynamic development');
insert into digital_lib_tag (digital_lib_tag_id, name) values (500,'Stokes Theorem');
insert into digital_lib_tag (digital_lib_tag_id, name) values (501,'Pattern Recognition');
insert into digital_lib_tag (digital_lib_tag_id, name) values (502,'windows phone');
insert into digital_lib_tag (digital_lib_tag_id, name) values (503,'robotics algorithms');
insert into digital_lib_tag (digital_lib_tag_id, name) values (504,'DIAMINT project');
insert into digital_lib_tag (digital_lib_tag_id, name) values (505,'policy');
insert into digital_lib_tag (digital_lib_tag_id, name) values (506,'data communication systems');
insert into digital_lib_tag (digital_lib_tag_id, name) values (507,'global world');
insert into digital_lib_tag (digital_lib_tag_id, name) values (508,'HRD');
insert into digital_lib_tag (digital_lib_tag_id, name) values (509,'Gaussian Curvature');
insert into digital_lib_tag (digital_lib_tag_id, name) values (510,'Error');
insert into digital_lib_tag (digital_lib_tag_id, name) values (511,'system admin');
insert into digital_lib_tag (digital_lib_tag_id, name) values (512,'Social');
insert into digital_lib_tag (digital_lib_tag_id, name) values (513,'theorem');
insert into digital_lib_tag (digital_lib_tag_id, name) values (514,'Computer-generated');
insert into digital_lib_tag (digital_lib_tag_id, name) values (515,'long lived assets');
insert into digital_lib_tag (digital_lib_tag_id, name) values (516,'rivalry');
insert into digital_lib_tag (digital_lib_tag_id, name) values (517,'quantitative data analysis');
insert into digital_lib_tag (digital_lib_tag_id, name) values (518,'IT');
insert into digital_lib_tag (digital_lib_tag_id, name) values (519,'FAD');
insert into digital_lib_tag (digital_lib_tag_id, name) values (520,'assessment reform');
insert into digital_lib_tag (digital_lib_tag_id, name) values (521,'Sustainability');
insert into digital_lib_tag (digital_lib_tag_id, name) values (522,'entrepreneurs');
insert into digital_lib_tag (digital_lib_tag_id, name) values (523,'requirejs');
insert into digital_lib_tag (digital_lib_tag_id, name) values (524,'DNS');
insert into digital_lib_tag (digital_lib_tag_id, name) values (525,'common LISP');
insert into digital_lib_tag (digital_lib_tag_id, name) values (526,'Migration Policies');
insert into digital_lib_tag (digital_lib_tag_id, name) values (527,'queueing systems');
insert into digital_lib_tag (digital_lib_tag_id, name) values (528,'technology policy');
insert into digital_lib_tag (digital_lib_tag_id, name) values (529,'Emerging state');
insert into digital_lib_tag (digital_lib_tag_id, name) values (530,'Ecosystem Value');
insert into digital_lib_tag (digital_lib_tag_id, name) values (531,'cyclomatic complexity');
insert into digital_lib_tag (digital_lib_tag_id, name) values (532,'DFAs');
insert into digital_lib_tag (digital_lib_tag_id, name) values (533,'google plus');
insert into digital_lib_tag (digital_lib_tag_id, name) values (534,'Physical-Digital Interfaces');
insert into digital_lib_tag (digital_lib_tag_id, name) values (535,'biometric');
insert into digital_lib_tag (digital_lib_tag_id, name) values (536,'react Native');
insert into digital_lib_tag (digital_lib_tag_id, name) values (537,'Ethnographic Studies');
insert into digital_lib_tag (digital_lib_tag_id, name) values (538,'VGA');
insert into digital_lib_tag (digital_lib_tag_id, name) values (539,'expenditure');
insert into digital_lib_tag (digital_lib_tag_id, name) values (540,'unemployment');
insert into digital_lib_tag (digital_lib_tag_id, name) values (541,'Retrieval models');
insert into digital_lib_tag (digital_lib_tag_id, name) values (542,'privacy');
insert into digital_lib_tag (digital_lib_tag_id, name) values (543,'Operation');
insert into digital_lib_tag (digital_lib_tag_id, name) values (544,'thinking critically');
insert into digital_lib_tag (digital_lib_tag_id, name) values (545,'STATISTICA');
insert into digital_lib_tag (digital_lib_tag_id, name) values (546,'Raspberry Pi');
insert into digital_lib_tag (digital_lib_tag_id, name) values (547,'PM');
insert into digital_lib_tag (digital_lib_tag_id, name) values (548,'FFT');
insert into digital_lib_tag (digital_lib_tag_id, name) values (549,'Green\`s identity');
insert into digital_lib_tag (digital_lib_tag_id, name) values (550,'Formal Methods');
insert into digital_lib_tag (digital_lib_tag_id, name) values (551,'sustainability');
insert into digital_lib_tag (digital_lib_tag_id, name) values (552,'SSH');
insert into digital_lib_tag (digital_lib_tag_id, name) values (553,'Prolog');
insert into digital_lib_tag (digital_lib_tag_id, name) values (554,'Diversity');
insert into digital_lib_tag (digital_lib_tag_id, name) values (555,'Aggregate Supply-Aggregate Demand model');
insert into digital_lib_tag (digital_lib_tag_id, name) values (556,'STM32');
insert into digital_lib_tag (digital_lib_tag_id, name) values (557,'reactJS');
insert into digital_lib_tag (digital_lib_tag_id, name) values (558,'clients');
insert into digital_lib_tag (digital_lib_tag_id, name) values (559,'computation');
insert into digital_lib_tag (digital_lib_tag_id, name) values (560,'science OOP');
insert into digital_lib_tag (digital_lib_tag_id, name) values (561,'video games');
insert into digital_lib_tag (digital_lib_tag_id, name) values (562,'distributed systems');
insert into digital_lib_tag (digital_lib_tag_id, name) values (563,'adaptive similarity');
insert into digital_lib_tag (digital_lib_tag_id, name) values (564,'risk');
insert into digital_lib_tag (digital_lib_tag_id, name) values (565,'platform');
insert into digital_lib_tag (digital_lib_tag_id, name) values (566,'leases');
insert into digital_lib_tag (digital_lib_tag_id, name) values (567,'images');
insert into digital_lib_tag (digital_lib_tag_id, name) values (568,'Knowledge capital');
insert into digital_lib_tag (digital_lib_tag_id, name) values (569,'computerized systems');
insert into digital_lib_tag (digital_lib_tag_id, name) values (570,'holistic risk management');
insert into digital_lib_tag (digital_lib_tag_id, name) values (571,'personal computer');
insert into digital_lib_tag (digital_lib_tag_id, name) values (572,'psychology');
insert into digital_lib_tag (digital_lib_tag_id, name) values (573,'Philosophical Archaeology');
insert into digital_lib_tag (digital_lib_tag_id, name) values (574,'interpreters');
insert into digital_lib_tag (digital_lib_tag_id, name) values (575,'V8');
insert into digital_lib_tag (digital_lib_tag_id, name) values (576,'confidentiality');
insert into digital_lib_tag (digital_lib_tag_id, name) values (577,'Tight coupling');
insert into digital_lib_tag (digital_lib_tag_id, name) values (578,'Theano');
insert into digital_lib_tag (digital_lib_tag_id, name) values (579,'Serial Robot Manipulators');
insert into digital_lib_tag (digital_lib_tag_id, name) values (580,'chart');
insert into digital_lib_tag (digital_lib_tag_id, name) values (581,'manager');
insert into digital_lib_tag (digital_lib_tag_id, name) values (582,'IP codification');
insert into digital_lib_tag (digital_lib_tag_id, name) values (583,'CS');
insert into digital_lib_tag (digital_lib_tag_id, name) values (584,'binary trees');
insert into digital_lib_tag (digital_lib_tag_id, name) values (585,'monetqary policy');
insert into digital_lib_tag (digital_lib_tag_id, name) values (586,'VPNs');
insert into digital_lib_tag (digital_lib_tag_id, name) values (587,'Islamic Finance');
insert into digital_lib_tag (digital_lib_tag_id, name) values (588,'Citizenship');
insert into digital_lib_tag (digital_lib_tag_id, name) values (589,'Eigenvectors');
insert into digital_lib_tag (digital_lib_tag_id, name) values (590,'community engagement');
insert into digital_lib_tag (digital_lib_tag_id, name) values (591,'research');
insert into digital_lib_tag (digital_lib_tag_id, name) values (592,'Educational apps');
insert into digital_lib_tag (digital_lib_tag_id, name) values (593,'reform');
insert into digital_lib_tag (digital_lib_tag_id, name) values (594,'Medical technologies');
insert into digital_lib_tag (digital_lib_tag_id, name) values (595,'Median');
insert into digital_lib_tag (digital_lib_tag_id, name) values (596,'process management');
insert into digital_lib_tag (digital_lib_tag_id, name) values (597,'devices');
insert into digital_lib_tag (digital_lib_tag_id, name) values (598,'TV');
insert into digital_lib_tag (digital_lib_tag_id, name) values (599,'terminal');
insert into digital_lib_tag (digital_lib_tag_id, name) values (600,'Apache');
insert into digital_lib_tag (digital_lib_tag_id, name) values (601,'roadway infrastructure');
insert into digital_lib_tag (digital_lib_tag_id, name) values (602,'trusted platform module');
insert into digital_lib_tag (digital_lib_tag_id, name) values (603,'Cluster Analysis');
insert into digital_lib_tag (digital_lib_tag_id, name) values (604,'Toolbox Vision');
insert into digital_lib_tag (digital_lib_tag_id, name) values (605,'Bayesian methodology');
insert into digital_lib_tag (digital_lib_tag_id, name) values (606,'HTTP');
insert into digital_lib_tag (digital_lib_tag_id, name) values (607,'Boole');
insert into digital_lib_tag (digital_lib_tag_id, name) values (608,'Cloud Computing');
insert into digital_lib_tag (digital_lib_tag_id, name) values (609,'Cross-Cultural Studies');
insert into digital_lib_tag (digital_lib_tag_id, name) values (610,'Common Market Studies');
insert into digital_lib_tag (digital_lib_tag_id, name) values (611,'Control');
insert into digital_lib_tag (digital_lib_tag_id, name) values (612,'Teacher Education');
insert into digital_lib_tag (digital_lib_tag_id, name) values (613,'Competency Development');
insert into digital_lib_tag (digital_lib_tag_id, name) values (614,'critical thinking');
insert into digital_lib_tag (digital_lib_tag_id, name) values (615,'Textbook Statistical Methods');
insert into digital_lib_tag (digital_lib_tag_id, name) values (616,'goodwill');
insert into digital_lib_tag (digital_lib_tag_id, name) values (617,'agile development');
insert into digital_lib_tag (digital_lib_tag_id, name) values (618,'Digitally Enhanced Places');
insert into digital_lib_tag (digital_lib_tag_id, name) values (619,'Mediated Activity');
insert into digital_lib_tag (digital_lib_tag_id, name) values (620,'corporate strategy');
insert into digital_lib_tag (digital_lib_tag_id, name) values (621,'STEM education');
insert into digital_lib_tag (digital_lib_tag_id, name) values (622,'QoS');
insert into digital_lib_tag (digital_lib_tag_id, name) values (623,'Analytical Statistics');
insert into digital_lib_tag (digital_lib_tag_id, name) values (624,'Semidefinite Programming');
insert into digital_lib_tag (digital_lib_tag_id, name) values (625,'Capabilities');
insert into digital_lib_tag (digital_lib_tag_id, name) values (626,'motivation');
insert into digital_lib_tag (digital_lib_tag_id, name) values (627,'remote sensing');
insert into digital_lib_tag (digital_lib_tag_id, name) values (628,'Civic knowledge');
insert into digital_lib_tag (digital_lib_tag_id, name) values (629,'motivation patterns');
insert into digital_lib_tag (digital_lib_tag_id, name) values (630,'wireless networks');
insert into digital_lib_tag (digital_lib_tag_id, name) values (631,'set theory');
insert into digital_lib_tag (digital_lib_tag_id, name) values (632,'Textbook');
insert into digital_lib_tag (digital_lib_tag_id, name) values (633,'CVs');
insert into digital_lib_tag (digital_lib_tag_id, name) values (634,'numeric limits');
insert into digital_lib_tag (digital_lib_tag_id, name) values (635,'Streamline workflow');
insert into digital_lib_tag (digital_lib_tag_id, name) values (636,'game engine');
insert into digital_lib_tag (digital_lib_tag_id, name) values (637,'Scripting');
insert into digital_lib_tag (digital_lib_tag_id, name) values (638,'North America');
insert into digital_lib_tag (digital_lib_tag_id, name) values (639,'Teaching');
insert into digital_lib_tag (digital_lib_tag_id, name) values (640,'balance');
insert into digital_lib_tag (digital_lib_tag_id, name) values (641,'mods');
insert into digital_lib_tag (digital_lib_tag_id, name) values (642,'computational learning theory');
insert into digital_lib_tag (digital_lib_tag_id, name) values (643,'fashion');
insert into digital_lib_tag (digital_lib_tag_id, name) values (644,'cost');
insert into digital_lib_tag (digital_lib_tag_id, name) values (645,'hardware');
insert into digital_lib_tag (digital_lib_tag_id, name) values (646,'administrative law');
insert into digital_lib_tag (digital_lib_tag_id, name) values (647,'internet');
insert into digital_lib_tag (digital_lib_tag_id, name) values (648,'School segregation');
insert into digital_lib_tag (digital_lib_tag_id, name) values (649,'dictionaries');
insert into digital_lib_tag (digital_lib_tag_id, name) values (650,'UML2');
insert into digital_lib_tag (digital_lib_tag_id, name) values (651,'probability');
insert into digital_lib_tag (digital_lib_tag_id, name) values (652,'embedded-system');
insert into digital_lib_tag (digital_lib_tag_id, name) values (653,'Infinity');
insert into digital_lib_tag (digital_lib_tag_id, name) values (654,'instruction');
insert into digital_lib_tag (digital_lib_tag_id, name) values (655,'Expulsion');
insert into digital_lib_tag (digital_lib_tag_id, name) values (656,'structure');
insert into digital_lib_tag (digital_lib_tag_id, name) values (657,'built-in data types');
insert into digital_lib_tag (digital_lib_tag_id, name) values (658,'software development techniques');
insert into digital_lib_tag (digital_lib_tag_id, name) values (659,'grammar');
insert into digital_lib_tag (digital_lib_tag_id, name) values (660,'output model');
insert into digital_lib_tag (digital_lib_tag_id, name) values (661,'macroeconomics');
insert into digital_lib_tag (digital_lib_tag_id, name) values (662,'interaction design');
insert into digital_lib_tag (digital_lib_tag_id, name) values (663,'logical operators');
insert into digital_lib_tag (digital_lib_tag_id, name) values (664,'Geoprocessing');
insert into digital_lib_tag (digital_lib_tag_id, name) values (665,'IoS');
insert into digital_lib_tag (digital_lib_tag_id, name) values (666,'spreadsheet');
insert into digital_lib_tag (digital_lib_tag_id, name) values (667,'Cluster analysis');
insert into digital_lib_tag (digital_lib_tag_id, name) values (668,'Linear');
insert into digital_lib_tag (digital_lib_tag_id, name) values (669,'H264');
insert into digital_lib_tag (digital_lib_tag_id, name) values (670,'cs');
insert into digital_lib_tag (digital_lib_tag_id, name) values (671,'media design');
insert into digital_lib_tag (digital_lib_tag_id, name) values (672,'F-Test');
insert into digital_lib_tag (digital_lib_tag_id, name) values (673,'taxes');
insert into digital_lib_tag (digital_lib_tag_id, name) values (674,'community mannager');
insert into digital_lib_tag (digital_lib_tag_id, name) values (675,'Google');
insert into digital_lib_tag (digital_lib_tag_id, name) values (676,'J2ME');
insert into digital_lib_tag (digital_lib_tag_id, name) values (677,'Generalized least squares');
insert into digital_lib_tag (digital_lib_tag_id, name) values (678,'Linear Maps');
insert into digital_lib_tag (digital_lib_tag_id, name) values (679,'Privacy');
insert into digital_lib_tag (digital_lib_tag_id, name) values (680,'technology');
insert into digital_lib_tag (digital_lib_tag_id, name) values (681,'OpenStack');
insert into digital_lib_tag (digital_lib_tag_id, name) values (682,'Regional trade');
insert into digital_lib_tag (digital_lib_tag_id, name) values (683,'distributed computer systems');
insert into digital_lib_tag (digital_lib_tag_id, name) values (684,'faith');
insert into digital_lib_tag (digital_lib_tag_id, name) values (685,'interpretations');
insert into digital_lib_tag (digital_lib_tag_id, name) values (686,'supervised learning');
insert into digital_lib_tag (digital_lib_tag_id, name) values (687,'communication technologies');
insert into digital_lib_tag (digital_lib_tag_id, name) values (688,'Deeper Learning');
insert into digital_lib_tag (digital_lib_tag_id, name) values (689,'excel');
insert into digital_lib_tag (digital_lib_tag_id, name) values (690,'cryptoanalysis');
insert into digital_lib_tag (digital_lib_tag_id, name) values (691,'Euler');
insert into digital_lib_tag (digital_lib_tag_id, name) values (692,'Computer-based scaffolding');
insert into digital_lib_tag (digital_lib_tag_id, name) values (693,'Obesity');
insert into digital_lib_tag (digital_lib_tag_id, name) values (694,'Pattern recognition');
insert into digital_lib_tag (digital_lib_tag_id, name) values (695,'accessability');
insert into digital_lib_tag (digital_lib_tag_id, name) values (696,'Rome');
insert into digital_lib_tag (digital_lib_tag_id, name) values (697,'resiliency');
insert into digital_lib_tag (digital_lib_tag_id, name) values (698,'emerging state');
insert into digital_lib_tag (digital_lib_tag_id, name) values (699,'Visual Basic');
insert into digital_lib_tag (digital_lib_tag_id, name) values (700,'cultural relativism');
insert into digital_lib_tag (digital_lib_tag_id, name) values (701,'Central');
insert into digital_lib_tag (digital_lib_tag_id, name) values (702,'Business process management');
insert into digital_lib_tag (digital_lib_tag_id, name) values (703,'controlled variable selection');
insert into digital_lib_tag (digital_lib_tag_id, name) values (704,'political economy');
insert into digital_lib_tag (digital_lib_tag_id, name) values (705,'social network');
insert into digital_lib_tag (digital_lib_tag_id, name) values (706,'reverse engineering');
insert into digital_lib_tag (digital_lib_tag_id, name) values (707,'Web');
insert into digital_lib_tag (digital_lib_tag_id, name) values (708,'Device connectivity');
insert into digital_lib_tag (digital_lib_tag_id, name) values (709,'s ecurity');
insert into digital_lib_tag (digital_lib_tag_id, name) values (710,'human computer interaction');
insert into digital_lib_tag (digital_lib_tag_id, name) values (711,'and');
insert into digital_lib_tag (digital_lib_tag_id, name) values (712,'medicine');
insert into digital_lib_tag (digital_lib_tag_id, name) values (713,'Human development');
insert into digital_lib_tag (digital_lib_tag_id, name) values (714,'risk management');
insert into digital_lib_tag (digital_lib_tag_id, name) values (715,'Research ethics');
insert into digital_lib_tag (digital_lib_tag_id, name) values (716,'Software Versioning');
insert into digital_lib_tag (digital_lib_tag_id, name) values (717,'multimedia');
insert into digital_lib_tag (digital_lib_tag_id, name) values (718,'Refugee law');
insert into digital_lib_tag (digital_lib_tag_id, name) values (719,'Regression analysis');
insert into digital_lib_tag (digital_lib_tag_id, name) values (720,'Webtracking');
insert into digital_lib_tag (digital_lib_tag_id, name) values (721,'curricular analysis');
insert into digital_lib_tag (digital_lib_tag_id, name) values (722,'Diplomatic capital');
insert into digital_lib_tag (digital_lib_tag_id, name) values (723,'peer production');
insert into digital_lib_tag (digital_lib_tag_id, name) values (724,'Development');
insert into digital_lib_tag (digital_lib_tag_id, name) values (725,'ray-tracing');
insert into digital_lib_tag (digital_lib_tag_id, name) values (726,'e-mail marketing');
insert into digital_lib_tag (digital_lib_tag_id, name) values (727,'Business Process');
insert into digital_lib_tag (digital_lib_tag_id, name) values (728,'resource');
insert into digital_lib_tag (digital_lib_tag_id, name) values (729,'URLs');
insert into digital_lib_tag (digital_lib_tag_id, name) values (730,'procurement');
insert into digital_lib_tag (digital_lib_tag_id, name) values (731,'INFOSEC');
insert into digital_lib_tag (digital_lib_tag_id, name) values (732,'High-Performance Computing (HPC)');
insert into digital_lib_tag (digital_lib_tag_id, name) values (733,'Global production networks');
insert into digital_lib_tag (digital_lib_tag_id, name) values (734,'linear');
insert into digital_lib_tag (digital_lib_tag_id, name) values (735,'learning machines');
insert into digital_lib_tag (digital_lib_tag_id, name) values (736,'Developmental state');
insert into digital_lib_tag (digital_lib_tag_id, name) values (737,'Monte Carlo Methods');
insert into digital_lib_tag (digital_lib_tag_id, name) values (738,'innovation governance');
insert into digital_lib_tag (digital_lib_tag_id, name) values (739,'Statistical Distributions');
insert into digital_lib_tag (digital_lib_tag_id, name) values (740,'Sensor Devices');
insert into digital_lib_tag (digital_lib_tag_id, name) values (741,'Developers');
insert into digital_lib_tag (digital_lib_tag_id, name) values (742,'International Relations in Europe');
insert into digital_lib_tag (digital_lib_tag_id, name) values (743,'sensors');
insert into digital_lib_tag (digital_lib_tag_id, name) values (744,'AI');
insert into digital_lib_tag (digital_lib_tag_id, name) values (745,'blackberry');
insert into digital_lib_tag (digital_lib_tag_id, name) values (746,'Agile Programming');
insert into digital_lib_tag (digital_lib_tag_id, name) values (747,'BigData');
insert into digital_lib_tag (digital_lib_tag_id, name) values (748,'relational databases');
insert into digital_lib_tag (digital_lib_tag_id, name) values (749,'Analytical tools');
insert into digital_lib_tag (digital_lib_tag_id, name) values (750,'DIY @en');
insert into digital_lib_tag (digital_lib_tag_id, name) values (751,'bonds');
insert into digital_lib_tag (digital_lib_tag_id, name) values (752,'telecommunications');
insert into digital_lib_tag (digital_lib_tag_id, name) values (753,'Arduino');
insert into digital_lib_tag (digital_lib_tag_id, name) values (754,'data management');
insert into digital_lib_tag (digital_lib_tag_id, name) values (755,'Deep Learning');
insert into digital_lib_tag (digital_lib_tag_id, name) values (756,'Regression');
insert into digital_lib_tag (digital_lib_tag_id, name) values (757,'sequences');
insert into digital_lib_tag (digital_lib_tag_id, name) values (758,'syjmbolic convergence theory');
insert into digital_lib_tag (digital_lib_tag_id, name) values (759,'AJAX');
insert into digital_lib_tag (digital_lib_tag_id, name) values (760,'keyboard shortcuts');
insert into digital_lib_tag (digital_lib_tag_id, name) values (761,'Fourier method');
insert into digital_lib_tag (digital_lib_tag_id, name) values (762,'corporate governance');
insert into digital_lib_tag (digital_lib_tag_id, name) values (763,'stress management');
insert into digital_lib_tag (digital_lib_tag_id, name) values (764,'manufacturing');
insert into digital_lib_tag (digital_lib_tag_id, name) values (765,'Newton');
insert into digital_lib_tag (digital_lib_tag_id, name) values (766,'Inclusive education');
insert into digital_lib_tag (digital_lib_tag_id, name) values (767,'e-business. e-commerse');
insert into digital_lib_tag (digital_lib_tag_id, name) values (768,'Modules');
insert into digital_lib_tag (digital_lib_tag_id, name) values (769,'Gender equality');
insert into digital_lib_tag (digital_lib_tag_id, name) values (770,'Mathematics education');
insert into digital_lib_tag (digital_lib_tag_id, name) values (771,'Android');
insert into digital_lib_tag (digital_lib_tag_id, name) values (772,'representation');
insert into digital_lib_tag (digital_lib_tag_id, name) values (773,'integrated web');
insert into digital_lib_tag (digital_lib_tag_id, name) values (774,'Social networks');
insert into digital_lib_tag (digital_lib_tag_id, name) values (775,'users');
insert into digital_lib_tag (digital_lib_tag_id, name) values (776,'business strategy');
insert into digital_lib_tag (digital_lib_tag_id, name) values (777,'solutions');
insert into digital_lib_tag (digital_lib_tag_id, name) values (778,'Technology Mediated Learning Environments');
insert into digital_lib_tag (digital_lib_tag_id, name) values (779,'Germany');
insert into digital_lib_tag (digital_lib_tag_id, name) values (780,'theories');
insert into digital_lib_tag (digital_lib_tag_id, name) values (781,'Animal rights');
insert into digital_lib_tag (digital_lib_tag_id, name) values (782,'design patterns');
insert into digital_lib_tag (digital_lib_tag_id, name) values (783,'formal languages');
insert into digital_lib_tag (digital_lib_tag_id, name) values (784,'Anomaly detection');
insert into digital_lib_tag (digital_lib_tag_id, name) values (785,'Academic Success');
insert into digital_lib_tag (digital_lib_tag_id, name) values (786,'surface grinders');
insert into digital_lib_tag (digital_lib_tag_id, name) values (787,'Regional economics');
insert into digital_lib_tag (digital_lib_tag_id, name) values (788,'General-to-Specific Autometrics');
insert into digital_lib_tag (digital_lib_tag_id, name) values (789,'Course Design');
insert into digital_lib_tag (digital_lib_tag_id, name) values (790,'Social Sciences');
insert into digital_lib_tag (digital_lib_tag_id, name) values (791,'cultural intelligence');
insert into digital_lib_tag (digital_lib_tag_id, name) values (792,'cash flow');
insert into digital_lib_tag (digital_lib_tag_id, name) values (793,'anomaly detection');
insert into digital_lib_tag (digital_lib_tag_id, name) values (794,'capital');
insert into digital_lib_tag (digital_lib_tag_id, name) values (795,'evaluation');
insert into digital_lib_tag (digital_lib_tag_id, name) values (796,'Integrals');
insert into digital_lib_tag (digital_lib_tag_id, name) values (797,'mass media');
insert into digital_lib_tag (digital_lib_tag_id, name) values (798,'decision making');
insert into digital_lib_tag (digital_lib_tag_id, name) values (799,'optimization');
insert into digital_lib_tag (digital_lib_tag_id, name) values (800,'social design');
insert into digital_lib_tag (digital_lib_tag_id, name) values (801,'mass functions');
insert into digital_lib_tag (digital_lib_tag_id, name) values (802,'Solanum tuberosum');
insert into digital_lib_tag (digital_lib_tag_id, name) values (803,'Monte Carlo');
insert into digital_lib_tag (digital_lib_tag_id, name) values (804,'Engineering Economics');
insert into digital_lib_tag (digital_lib_tag_id, name) values (805,'Linked Dataspaces');
insert into digital_lib_tag (digital_lib_tag_id, name) values (806,'information systems');
insert into digital_lib_tag (digital_lib_tag_id, name) values (807,'Matrix Algebra');
insert into digital_lib_tag (digital_lib_tag_id, name) values (808,'computer architecture');
insert into digital_lib_tag (digital_lib_tag_id, name) values (809,'Aegean');
insert into digital_lib_tag (digital_lib_tag_id, name) values (810,'Random Forest');
insert into digital_lib_tag (digital_lib_tag_id, name) values (811,'flexible manufacturing systems');
insert into digital_lib_tag (digital_lib_tag_id, name) values (812,'Privacy Protection');
insert into digital_lib_tag (digital_lib_tag_id, name) values (813,'Regional Development');
insert into digital_lib_tag (digital_lib_tag_id, name) values (814,'OLSR');
insert into digital_lib_tag (digital_lib_tag_id, name) values (815,'mechanics');
insert into digital_lib_tag (digital_lib_tag_id, name) values (816,'minimax');
insert into digital_lib_tag (digital_lib_tag_id, name) values (817,'Ubuntu');
insert into digital_lib_tag (digital_lib_tag_id, name) values (818,'linear programming');
insert into digital_lib_tag (digital_lib_tag_id, name) values (819,'enhanced living');
insert into digital_lib_tag (digital_lib_tag_id, name) values (820,'pixel');
insert into digital_lib_tag (digital_lib_tag_id, name) values (821,'android');
insert into digital_lib_tag (digital_lib_tag_id, name) values (822,'end-to-end automation');
insert into digital_lib_tag (digital_lib_tag_id, name) values (823,'compiler');
insert into digital_lib_tag (digital_lib_tag_id, name) values (824,'report');
insert into digital_lib_tag (digital_lib_tag_id, name) values (825,'RDBMS');
insert into digital_lib_tag (digital_lib_tag_id, name) values (826,'calculation');
insert into digital_lib_tag (digital_lib_tag_id, name) values (827,'tools');
insert into digital_lib_tag (digital_lib_tag_id, name) values (828,'Social disparity');
insert into digital_lib_tag (digital_lib_tag_id, name) values (829,'boosting');
insert into digital_lib_tag (digital_lib_tag_id, name) values (830,'Public education systems');
insert into digital_lib_tag (digital_lib_tag_id, name) values (831,'Data analysis');
insert into digital_lib_tag (digital_lib_tag_id, name) values (832,'Cognitive Development');
insert into digital_lib_tag (digital_lib_tag_id, name) values (833,'ANOCA');
insert into digital_lib_tag (digital_lib_tag_id, name) values (834,'Polynomials');
insert into digital_lib_tag (digital_lib_tag_id, name) values (835,'Vector Spaces');
insert into digital_lib_tag (digital_lib_tag_id, name) values (836,'SQL');
insert into digital_lib_tag (digital_lib_tag_id, name) values (837,'standard');
insert into digital_lib_tag (digital_lib_tag_id, name) values (838,'Probability Theory for Physicists');
insert into digital_lib_tag (digital_lib_tag_id, name) values (839,'dynamic');
insert into digital_lib_tag (digital_lib_tag_id, name) values (840,'jQuery');
insert into digital_lib_tag (digital_lib_tag_id, name) values (841,'geocoding');
insert into digital_lib_tag (digital_lib_tag_id, name) values (842,'charts');
insert into digital_lib_tag (digital_lib_tag_id, name) values (843,'Cloud computing');
insert into digital_lib_tag (digital_lib_tag_id, name) values (844,'demand forecasting');
insert into digital_lib_tag (digital_lib_tag_id, name) values (845,'exchange rate');
insert into digital_lib_tag (digital_lib_tag_id, name) values (846,'Electronic commerce strategy');
insert into digital_lib_tag (digital_lib_tag_id, name) values (847,'statistical methods');
insert into digital_lib_tag (digital_lib_tag_id, name) values (848,'Logics');
insert into digital_lib_tag (digital_lib_tag_id, name) values (849,'inventory systms');
insert into digital_lib_tag (digital_lib_tag_id, name) values (850,'Debug');
insert into digital_lib_tag (digital_lib_tag_id, name) values (851,'ICCSIEA');
insert into digital_lib_tag (digital_lib_tag_id, name) values (852,'Statistical Methods');
insert into digital_lib_tag (digital_lib_tag_id, name) values (853,'navigation');
insert into digital_lib_tag (digital_lib_tag_id, name) values (854,'Datasets');
insert into digital_lib_tag (digital_lib_tag_id, name) values (855,'Institutional Emergence');
insert into digital_lib_tag (digital_lib_tag_id, name) values (856,'photo retouching');
insert into digital_lib_tag (digital_lib_tag_id, name) values (857,'Loose coupling');
insert into digital_lib_tag (digital_lib_tag_id, name) values (858,'multimedia systems');
insert into digital_lib_tag (digital_lib_tag_id, name) values (859,'javadoc');
insert into digital_lib_tag (digital_lib_tag_id, name) values (860,'women');
insert into digital_lib_tag (digital_lib_tag_id, name) values (861,'inspection');
insert into digital_lib_tag (digital_lib_tag_id, name) values (862,'network management');
insert into digital_lib_tag (digital_lib_tag_id, name) values (863,'Distributed Computing Methodologies');
insert into digital_lib_tag (digital_lib_tag_id, name) values (864,'thinking creatively');
insert into digital_lib_tag (digital_lib_tag_id, name) values (865,'K-12');
insert into digital_lib_tag (digital_lib_tag_id, name) values (866,'International Topic Study Group');
insert into digital_lib_tag (digital_lib_tag_id, name) values (867,'logarithms');
insert into digital_lib_tag (digital_lib_tag_id, name) values (868,'CEO');
insert into digital_lib_tag (digital_lib_tag_id, name) values (869,'Malware');
insert into digital_lib_tag (digital_lib_tag_id, name) values (870,'SHA-2');
insert into digital_lib_tag (digital_lib_tag_id, name) values (871,'networking');
insert into digital_lib_tag (digital_lib_tag_id, name) values (872,'prototyping');
insert into digital_lib_tag (digital_lib_tag_id, name) values (873,'Iinformation security');
insert into digital_lib_tag (digital_lib_tag_id, name) values (874,'innovative culture');
insert into digital_lib_tag (digital_lib_tag_id, name) values (875,'Economic crisis');
insert into digital_lib_tag (digital_lib_tag_id, name) values (876,'algorithms');
insert into digital_lib_tag (digital_lib_tag_id, name) values (877,'purchasing power parity');
insert into digital_lib_tag (digital_lib_tag_id, name) values (878,'clean products');
insert into digital_lib_tag (digital_lib_tag_id, name) values (879,'hard definition');
insert into digital_lib_tag (digital_lib_tag_id, name) values (880,'informatics');
insert into digital_lib_tag (digital_lib_tag_id, name) values (881,'sound');
insert into digital_lib_tag (digital_lib_tag_id, name) values (882,'accountability');
insert into digital_lib_tag (digital_lib_tag_id, name) values (883,'Nonlinear Programming');
insert into digital_lib_tag (digital_lib_tag_id, name) values (884,'decision trees');
insert into digital_lib_tag (digital_lib_tag_id, name) values (885,'entrepreneur');
insert into digital_lib_tag (digital_lib_tag_id, name) values (886,'Stochastic model');
insert into digital_lib_tag (digital_lib_tag_id, name) values (887,'parallel processing systems');
insert into digital_lib_tag (digital_lib_tag_id, name) values (888,'microcontrollers');
insert into digital_lib_tag (digital_lib_tag_id, name) values (889,'hashes');
insert into digital_lib_tag (digital_lib_tag_id, name) values (890,'statistical learning');
insert into digital_lib_tag (digital_lib_tag_id, name) values (891,'financial statement analysis');
insert into digital_lib_tag (digital_lib_tag_id, name) values (892,'infrastructure development');
insert into digital_lib_tag (digital_lib_tag_id, name) values (893,'Javascript');
insert into digital_lib_tag (digital_lib_tag_id, name) values (894,'sampling');
insert into digital_lib_tag (digital_lib_tag_id, name) values (895,'Technological Innovation');
insert into digital_lib_tag (digital_lib_tag_id, name) values (896,'online');
insert into digital_lib_tag (digital_lib_tag_id, name) values (897,'social media');
insert into digital_lib_tag (digital_lib_tag_id, name) values (898,'firewalls');
insert into digital_lib_tag (digital_lib_tag_id, name) values (899,'Rapberry Pi');
insert into digital_lib_tag (digital_lib_tag_id, name) values (900,'TE1.0');
insert into digital_lib_tag (digital_lib_tag_id, name) values (901,'agile');
insert into digital_lib_tag (digital_lib_tag_id, name) values (902,'Agile Processes');
insert into digital_lib_tag (digital_lib_tag_id, name) values (903,'data structures');
insert into digital_lib_tag (digital_lib_tag_id, name) values (904,'modeling');
insert into digital_lib_tag (digital_lib_tag_id, name) values (905,'szstems');
insert into digital_lib_tag (digital_lib_tag_id, name) values (906,'lean manufacturing');
insert into digital_lib_tag (digital_lib_tag_id, name) values (907,'Z-transform');
insert into digital_lib_tag (digital_lib_tag_id, name) values (908,'web programming');
insert into digital_lib_tag (digital_lib_tag_id, name) values (909,'mHealth Projects');
insert into digital_lib_tag (digital_lib_tag_id, name) values (910,'genetic algorithms');
insert into digital_lib_tag (digital_lib_tag_id, name) values (911,'process modeling');
insert into digital_lib_tag (digital_lib_tag_id, name) values (912,'storage');
insert into digital_lib_tag (digital_lib_tag_id, name) values (913,'ECMAScript');
insert into digital_lib_tag (digital_lib_tag_id, name) values (914,'international education');
insert into digital_lib_tag (digital_lib_tag_id, name) values (915,'programmins');
insert into digital_lib_tag (digital_lib_tag_id, name) values (916,'cloud');
insert into digital_lib_tag (digital_lib_tag_id, name) values (917,'PollEverywhere');
insert into digital_lib_tag (digital_lib_tag_id, name) values (918,'theme');
insert into digital_lib_tag (digital_lib_tag_id, name) values (919,'Problem Solving Research');
insert into digital_lib_tag (digital_lib_tag_id, name) values (920,'Economics');
insert into digital_lib_tag (digital_lib_tag_id, name) values (921,'Internet of Things');
insert into digital_lib_tag (digital_lib_tag_id, name) values (922,'Luenberger');
insert into digital_lib_tag (digital_lib_tag_id, name) values (923,'monads');
insert into digital_lib_tag (digital_lib_tag_id, name) values (924,'Data quality');
insert into digital_lib_tag (digital_lib_tag_id, name) values (925,'copywriting');
insert into digital_lib_tag (digital_lib_tag_id, name) values (926,'The European Union');
insert into digital_lib_tag (digital_lib_tag_id, name) values (927,'facebook');
insert into digital_lib_tag (digital_lib_tag_id, name) values (928,'Hofstede\`s Cultural Dimension');
insert into digital_lib_tag (digital_lib_tag_id, name) values (929,'mobile devices');
insert into digital_lib_tag (digital_lib_tag_id, name) values (930,'Institutional Theory');
insert into digital_lib_tag (digital_lib_tag_id, name) values (931,'virtual worlds');
insert into digital_lib_tag (digital_lib_tag_id, name) values (932,'Order-to-Cash');
insert into digital_lib_tag (digital_lib_tag_id, name) values (933,'Emerging Economies');
insert into digital_lib_tag (digital_lib_tag_id, name) values (934,'Life');
insert into digital_lib_tag (digital_lib_tag_id, name) values (935,'refactor');
insert into digital_lib_tag (digital_lib_tag_id, name) values (936,'medical sciences');
insert into digital_lib_tag (digital_lib_tag_id, name) values (937,'Echelon Form');
insert into digital_lib_tag (digital_lib_tag_id, name) values (938,'software quality');
insert into digital_lib_tag (digital_lib_tag_id, name) values (939,'modularity');
insert into digital_lib_tag (digital_lib_tag_id, name) values (940,'Computational Thinking Education');
insert into digital_lib_tag (digital_lib_tag_id, name) values (941,'entrepreneurship');
insert into digital_lib_tag (digital_lib_tag_id, name) values (942,'toold');
insert into digital_lib_tag (digital_lib_tag_id, name) values (943,'compliance');
insert into digital_lib_tag (digital_lib_tag_id, name) values (944,'heckscher-Ohlin Model');
insert into digital_lib_tag (digital_lib_tag_id, name) values (945,'linear regression');
insert into digital_lib_tag (digital_lib_tag_id, name) values (946,'interest rate');
insert into digital_lib_tag (digital_lib_tag_id, name) values (947,'Text mining');
insert into digital_lib_tag (digital_lib_tag_id, name) values (948,'role games');
insert into digital_lib_tag (digital_lib_tag_id, name) values (949,'inflation');
insert into digital_lib_tag (digital_lib_tag_id, name) values (950,'Search Methodologies');
insert into digital_lib_tag (digital_lib_tag_id, name) values (951,'hyperlinks');
insert into digital_lib_tag (digital_lib_tag_id, name) values (952,'ent');
insert into digital_lib_tag (digital_lib_tag_id, name) values (953,'employment-based risk management');
insert into digital_lib_tag (digital_lib_tag_id, name) values (954,'program compilers');
insert into digital_lib_tag (digital_lib_tag_id, name) values (955,'Probability');
insert into digital_lib_tag (digital_lib_tag_id, name) values (956,'Object Oriented Programming');
insert into digital_lib_tag (digital_lib_tag_id, name) values (957,'Education Financing');
insert into digital_lib_tag (digital_lib_tag_id, name) values (958,'Software Quality Assurance');
insert into digital_lib_tag (digital_lib_tag_id, name) values (959,'Public health');
insert into digital_lib_tag (digital_lib_tag_id, name) values (960,'language');
insert into digital_lib_tag (digital_lib_tag_id, name) values (961,'conflict');
insert into digital_lib_tag (digital_lib_tag_id, name) values (962,'Communications');
insert into digital_lib_tag (digital_lib_tag_id, name) values (963,'Software Development');
insert into digital_lib_tag (digital_lib_tag_id, name) values (964,'computing profession');
insert into digital_lib_tag (digital_lib_tag_id, name) values (965,'computer vision');
insert into digital_lib_tag (digital_lib_tag_id, name) values (966,'comparative statistics');
insert into digital_lib_tag (digital_lib_tag_id, name) values (967,'Direct X');
insert into digital_lib_tag (digital_lib_tag_id, name) values (968,'receivables');
insert into digital_lib_tag (digital_lib_tag_id, name) values (969,'Mock App');
insert into digital_lib_tag (digital_lib_tag_id, name) values (970,'Artificial Intelligence');
insert into digital_lib_tag (digital_lib_tag_id, name) values (971,'I/O. programming');
insert into digital_lib_tag (digital_lib_tag_id, name) values (972,'General Unrestricted Model');
insert into digital_lib_tag (digital_lib_tag_id, name) values (973,'Stochastic inventory control');
insert into digital_lib_tag (digital_lib_tag_id, name) values (974,'KADS');
insert into digital_lib_tag (digital_lib_tag_id, name) values (975,'UX');
insert into digital_lib_tag (digital_lib_tag_id, name) values (976,'neural networking');
insert into digital_lib_tag (digital_lib_tag_id, name) values (977,'data structure');
insert into digital_lib_tag (digital_lib_tag_id, name) values (978,'the Ricardian Theory');
insert into digital_lib_tag (digital_lib_tag_id, name) values (979,'Wi-Fi');
insert into digital_lib_tag (digital_lib_tag_id, name) values (980,'open source software');
insert into digital_lib_tag (digital_lib_tag_id, name) values (981,'retrogaming');
insert into digital_lib_tag (digital_lib_tag_id, name) values (982,'power');
insert into digital_lib_tag (digital_lib_tag_id, name) values (983,'PowerPoint');
insert into digital_lib_tag (digital_lib_tag_id, name) values (984,'strategies');
insert into digital_lib_tag (digital_lib_tag_id, name) values (985,'parallel processing');
insert into digital_lib_tag (digital_lib_tag_id, name) values (986,'Wellbeing economics');
insert into digital_lib_tag (digital_lib_tag_id, name) values (987,'open access');
insert into digital_lib_tag (digital_lib_tag_id, name) values (988,'crop sciences');
insert into digital_lib_tag (digital_lib_tag_id, name) values (989,'prototype');
insert into digital_lib_tag (digital_lib_tag_id, name) values (990,'accessibility');
insert into digital_lib_tag (digital_lib_tag_id, name) values (991,'intrapreneurship');
insert into digital_lib_tag (digital_lib_tag_id, name) values (992,'interlinking data');
insert into digital_lib_tag (digital_lib_tag_id, name) values (993,'climate');
insert into digital_lib_tag (digital_lib_tag_id, name) values (994,'Indicator saturation methods');
insert into digital_lib_tag (digital_lib_tag_id, name) values (995,'wireless telecommunication systems');
insert into digital_lib_tag (digital_lib_tag_id, name) values (996,'EW');
insert into digital_lib_tag (digital_lib_tag_id, name) values (997,'Parameter Uncertainty');
insert into digital_lib_tag (digital_lib_tag_id, name) values (998,'elearning');
insert into digital_lib_tag (digital_lib_tag_id, name) values (999,'Theories of teaching');
insert into digital_lib_tag (digital_lib_tag_id, name) values (1000,'Automated');
insert into digital_lib_tag (digital_lib_tag_id, name) values (1001,'categorization');
insert into digital_lib_tag (digital_lib_tag_id, name) values (1002,'geospatial analysis');
insert into digital_lib_tag (digital_lib_tag_id, name) values (1003,'information discovery');
insert into digital_lib_tag (digital_lib_tag_id, name) values (1004,'usability');
insert into digital_lib_tag (digital_lib_tag_id, name) values (1005,'I/O');
insert into digital_lib_tag (digital_lib_tag_id, name) values (1006,'oligopoly');
insert into digital_lib_tag (digital_lib_tag_id, name) values (1007,'Kinetostatics');
insert into digital_lib_tag (digital_lib_tag_id, name) values (1008,'alternatives');
insert into digital_lib_tag (digital_lib_tag_id, name) values (1009,'Comparative Education');
insert into digital_lib_tag (digital_lib_tag_id, name) values (1010,'combinatorics');
insert into digital_lib_tag (digital_lib_tag_id, name) values (1011,'sales');
insert into digital_lib_tag (digital_lib_tag_id, name) values (1012,'automobile industry');
insert into digital_lib_tag (digital_lib_tag_id, name) values (1013,'Photoshop');
insert into digital_lib_tag (digital_lib_tag_id, name) values (1014,'RPL');
insert into digital_lib_tag (digital_lib_tag_id, name) values (1015,'risk environment');
insert into digital_lib_tag (digital_lib_tag_id, name) values (1016,'retrocomputing');
insert into digital_lib_tag (digital_lib_tag_id, name) values (1017,'blog');
insert into digital_lib_tag (digital_lib_tag_id, name) values (1018,'encoding');
insert into digital_lib_tag (digital_lib_tag_id, name) values (1019,'ambient assisted living');
insert into digital_lib_tag (digital_lib_tag_id, name) values (1020,'deterioration modeling');
insert into digital_lib_tag (digital_lib_tag_id, name) values (1021,'design thinking');
insert into digital_lib_tag (digital_lib_tag_id, name) values (1022,'clustering');
insert into digital_lib_tag (digital_lib_tag_id, name) values (1023,'-policy');
insert into digital_lib_tag (digital_lib_tag_id, name) values (1024,'Instructional scaffolding');
insert into digital_lib_tag (digital_lib_tag_id, name) values (1025,'UML Diagrams');
insert into digital_lib_tag (digital_lib_tag_id, name) values (1026,'CSS');
insert into digital_lib_tag (digital_lib_tag_id, name) values (1027,'Social Law');
insert into digital_lib_tag (digital_lib_tag_id, name) values (1028,'hackers');
insert into digital_lib_tag (digital_lib_tag_id, name) values (1029,'topology');
insert into digital_lib_tag (digital_lib_tag_id, name) values (1030,'Science education');
insert into digital_lib_tag (digital_lib_tag_id, name) values (1031,'Liabilities');
insert into digital_lib_tag (digital_lib_tag_id, name) values (1032,'Laplace equation');
insert into digital_lib_tag (digital_lib_tag_id, name) values (1033,'mathematical analysis');
insert into digital_lib_tag (digital_lib_tag_id, name) values (1034,'EJB');
insert into digital_lib_tag (digital_lib_tag_id, name) values (1035,'scheme');
insert into digital_lib_tag (digital_lib_tag_id, name) values (1036,'Software management');
insert into digital_lib_tag (digital_lib_tag_id, name) values (1037,'determinism');
insert into digital_lib_tag (digital_lib_tag_id, name) values (1038,'Weighted Mean');
insert into digital_lib_tag (digital_lib_tag_id, name) values (1039,'arrangement');
insert into digital_lib_tag (digital_lib_tag_id, name) values (1040,'Philosophy');
insert into digital_lib_tag (digital_lib_tag_id, name) values (1041,'maths');
insert into digital_lib_tag (digital_lib_tag_id, name) values (1042,'financial management');
insert into digital_lib_tag (digital_lib_tag_id, name) values (1043,'AJAx');
insert into digital_lib_tag (digital_lib_tag_id, name) values (1044,'Error Propagation');
insert into digital_lib_tag (digital_lib_tag_id, name) values (1045,'stock investments');
insert into digital_lib_tag (digital_lib_tag_id, name) values (1046,'market');
insert into digital_lib_tag (digital_lib_tag_id, name) values (1047,'sensor simulation');
insert into digital_lib_tag (digital_lib_tag_id, name) values (1048,'information storage');
insert into digital_lib_tag (digital_lib_tag_id, name) values (1049,'iPhone');
insert into digital_lib_tag (digital_lib_tag_id, name) values (1050,'Cross-National Studies');
insert into digital_lib_tag (digital_lib_tag_id, name) values (1051,'clinical data');
insert into digital_lib_tag (digital_lib_tag_id, name) values (1052,'games');
insert into digital_lib_tag (digital_lib_tag_id, name) values (1053,'MDL');
insert into digital_lib_tag (digital_lib_tag_id, name) values (1054,'Surveillance');
insert into digital_lib_tag (digital_lib_tag_id, name) values (1055,'matrix theory');
insert into digital_lib_tag (digital_lib_tag_id, name) values (1056,'History of mathematics education');
insert into digital_lib_tag (digital_lib_tag_id, name) values (1057,'Stochastic calculus');
insert into digital_lib_tag (digital_lib_tag_id, name) values (1058,'My SQL');
insert into digital_lib_tag (digital_lib_tag_id, name) values (1059,'customer satisfaction');
insert into digital_lib_tag (digital_lib_tag_id, name) values (1060,'Business Rules');
insert into digital_lib_tag (digital_lib_tag_id, name) values (1061,'routers');
insert into digital_lib_tag (digital_lib_tag_id, name) values (1062,'discriminant analysis');
insert into digital_lib_tag (digital_lib_tag_id, name) values (1063,'Bayesian textbook');
insert into digital_lib_tag (digital_lib_tag_id, name) values (1064,'formal verifications');
insert into digital_lib_tag (digital_lib_tag_id, name) values (1065,'video games. programming');
insert into digital_lib_tag (digital_lib_tag_id, name) values (1066,'vision');
insert into digital_lib_tag (digital_lib_tag_id, name) values (1067,'Future Education');
insert into digital_lib_tag (digital_lib_tag_id, name) values (1068,'Economic');
insert into digital_lib_tag (digital_lib_tag_id, name) values (1069,'crypto foundations');
insert into digital_lib_tag (digital_lib_tag_id, name) values (1070,'STEM');
insert into digital_lib_tag (digital_lib_tag_id, name) values (1071,'anatomy. design');
insert into digital_lib_tag (digital_lib_tag_id, name) values (1072,'the AA-DD model');
insert into digital_lib_tag (digital_lib_tag_id, name) values (1073,'simulation engine');
insert into digital_lib_tag (digital_lib_tag_id, name) values (1074,'conflict modeling');
insert into digital_lib_tag (digital_lib_tag_id, name) values (1075,'Open Source');
insert into digital_lib_tag (digital_lib_tag_id, name) values (1076,'history');
insert into digital_lib_tag (digital_lib_tag_id, name) values (1077,'applications');
insert into digital_lib_tag (digital_lib_tag_id, name) values (1078,'Software Security');
insert into digital_lib_tag (digital_lib_tag_id, name) values (1079,'C-UAS');
insert into digital_lib_tag (digital_lib_tag_id, name) values (1080,'GDP');
insert into digital_lib_tag (digital_lib_tag_id, name) values (1081,'career');
insert into digital_lib_tag (digital_lib_tag_id, name) values (1082,'Interdisciplinary Mathematics');
insert into digital_lib_tag (digital_lib_tag_id, name) values (1083,'Civic Education');
insert into digital_lib_tag (digital_lib_tag_id, name) values (1084,'sorting');
insert into digital_lib_tag (digital_lib_tag_id, name) values (1085,'Knowledge representation');
insert into digital_lib_tag (digital_lib_tag_id, name) values (1086,'web development');
insert into digital_lib_tag (digital_lib_tag_id, name) values (1087,'corporate law');
insert into digital_lib_tag (digital_lib_tag_id, name) values (1088,'Agile method');
insert into digital_lib_tag (digital_lib_tag_id, name) values (1089,'drivers');
insert into digital_lib_tag (digital_lib_tag_id, name) values (1090,'Euro');
insert into digital_lib_tag (digital_lib_tag_id, name) values (1091,'architecture');
insert into digital_lib_tag (digital_lib_tag_id, name) values (1092,'AODA');
insert into digital_lib_tag (digital_lib_tag_id, name) values (1093,'recruitment');
insert into digital_lib_tag (digital_lib_tag_id, name) values (1094,'Agile');
insert into digital_lib_tag (digital_lib_tag_id, name) values (1095,'maintenance');
insert into digital_lib_tag (digital_lib_tag_id, name) values (1096,'bayes');
insert into digital_lib_tag (digital_lib_tag_id, name) values (1097,'frameworks');
insert into digital_lib_tag (digital_lib_tag_id, name) values (1098,'statistical software analysis');
insert into digital_lib_tag (digital_lib_tag_id, name) values (1099,'Smart farming');
insert into digital_lib_tag (digital_lib_tag_id, name) values (1100,'person-centered education');
insert into digital_lib_tag (digital_lib_tag_id, name) values (1101,'liabilities');
insert into digital_lib_tag (digital_lib_tag_id, name) values (1102,'GIS');
insert into digital_lib_tag (digital_lib_tag_id, name) values (1103,'cross curricula mathematics education');
insert into digital_lib_tag (digital_lib_tag_id, name) values (1104,'co-design');
insert into digital_lib_tag (digital_lib_tag_id, name) values (1105,'Bash');
insert into digital_lib_tag (digital_lib_tag_id, name) values (1106,'Nietzsche');
insert into digital_lib_tag (digital_lib_tag_id, name) values (1107,'China model');
insert into digital_lib_tag (digital_lib_tag_id, name) values (1108,'Collective Action');
insert into digital_lib_tag (digital_lib_tag_id, name) values (1109,'Matrix Functions');
insert into digital_lib_tag (digital_lib_tag_id, name) values (1110,'Robots');
insert into digital_lib_tag (digital_lib_tag_id, name) values (1111,'DX');
insert into digital_lib_tag (digital_lib_tag_id, name) values (1112,'ethics');
insert into digital_lib_tag (digital_lib_tag_id, name) values (1113,'Impact Evaluation');
insert into digital_lib_tag (digital_lib_tag_id, name) values (1114,'cache');
insert into digital_lib_tag (digital_lib_tag_id, name) values (1115,'Predictive modeling');
insert into digital_lib_tag (digital_lib_tag_id, name) values (1116,'tables');
insert into digital_lib_tag (digital_lib_tag_id, name) values (1117,'tips');
insert into digital_lib_tag (digital_lib_tag_id, name) values (1118,'discourse');
insert into digital_lib_tag (digital_lib_tag_id, name) values (1119,'Euclidean vector spaces');
insert into digital_lib_tag (digital_lib_tag_id, name) values (1120,'ANOVA');
insert into digital_lib_tag (digital_lib_tag_id, name) values (1121,'law');
insert into digital_lib_tag (digital_lib_tag_id, name) values (1122,'model checking');
insert into digital_lib_tag (digital_lib_tag_id, name) values (1123,'file management');
insert into digital_lib_tag (digital_lib_tag_id, name) values (1124,'Connectivity');
insert into digital_lib_tag (digital_lib_tag_id, name) values (1125,'asynchronous');
insert into digital_lib_tag (digital_lib_tag_id, name) values (1126,'labor');
insert into digital_lib_tag (digital_lib_tag_id, name) values (1127,'education systems');
insert into digital_lib_tag (digital_lib_tag_id, name) values (1128,'education');
insert into digital_lib_tag (digital_lib_tag_id, name) values (1129,'Dynamics of Planar Media');
insert into digital_lib_tag (digital_lib_tag_id, name) values (1130,'presentation');
insert into digital_lib_tag (digital_lib_tag_id, name) values (1131,'Logic Programming');
insert into digital_lib_tag (digital_lib_tag_id, name) values (1132,'Regression Trees');
insert into digital_lib_tag (digital_lib_tag_id, name) values (1133,'natural language processing systems');
insert into digital_lib_tag (digital_lib_tag_id, name) values (1134,'Symbian');
insert into digital_lib_tag (digital_lib_tag_id, name) values (1135,'Integration');
insert into digital_lib_tag (digital_lib_tag_id, name) values (1136,'Peirce');
insert into digital_lib_tag (digital_lib_tag_id, name) values (1137,'Intel. software');
insert into digital_lib_tag (digital_lib_tag_id, name) values (1138,'detection');
insert into digital_lib_tag (digital_lib_tag_id, name) values (1139,'supercomputing');
insert into digital_lib_tag (digital_lib_tag_id, name) values (1140,'documentation');
insert into digital_lib_tag (digital_lib_tag_id, name) values (1141,'experiments');
insert into digital_lib_tag (digital_lib_tag_id, name) values (1142,'Matrices');
insert into digital_lib_tag (digital_lib_tag_id, name) values (1143,'dynamic programming');
insert into digital_lib_tag (digital_lib_tag_id, name) values (1144,'software measurement');
insert into digital_lib_tag (digital_lib_tag_id, name) values (1145,'Design Process');
insert into digital_lib_tag (digital_lib_tag_id, name) values (1146,'OHO');
insert into digital_lib_tag (digital_lib_tag_id, name) values (1147,'Henstock integral');
insert into digital_lib_tag (digital_lib_tag_id, name) values (1148,'data communication');
insert into digital_lib_tag (digital_lib_tag_id, name) values (1149,'tracking');
insert into digital_lib_tag (digital_lib_tag_id, name) values (1150,'Climate change');
insert into digital_lib_tag (digital_lib_tag_id, name) values (1151,'BDD');
insert into digital_lib_tag (digital_lib_tag_id, name) values (1152,'objections');
insert into digital_lib_tag (digital_lib_tag_id, name) values (1153,'Raspberry PI');
insert into digital_lib_tag (digital_lib_tag_id, name) values (1154,'consumerism');
insert into digital_lib_tag (digital_lib_tag_id, name) values (1155,'cloud services');
insert into digital_lib_tag (digital_lib_tag_id, name) values (1156,'Readmission agreemen');
insert into digital_lib_tag (digital_lib_tag_id, name) values (1157,'Antitrust');
insert into digital_lib_tag (digital_lib_tag_id, name) values (1158,'economics');
insert into digital_lib_tag (digital_lib_tag_id, name) values (1159,'Security');
insert into digital_lib_tag (digital_lib_tag_id, name) values (1160,'budget strategy');
insert into digital_lib_tag (digital_lib_tag_id, name) values (1161,'Bayes');
insert into digital_lib_tag (digital_lib_tag_id, name) values (1162,'Chi-Square tests');
insert into digital_lib_tag (digital_lib_tag_id, name) values (1163,'unit testing');
insert into digital_lib_tag (digital_lib_tag_id, name) values (1164,'Algebraic Geometry');
insert into digital_lib_tag (digital_lib_tag_id, name) values (1165,'National higher education systems');
insert into digital_lib_tag (digital_lib_tag_id, name) values (1166,'designer');
insert into digital_lib_tag (digital_lib_tag_id, name) values (1167,'Formal methods');
insert into digital_lib_tag (digital_lib_tag_id, name) values (1168,'Christianity');
insert into digital_lib_tag (digital_lib_tag_id, name) values (1169,'geneticprogramming');
insert into digital_lib_tag (digital_lib_tag_id, name) values (1170,'8bits');
insert into digital_lib_tag (digital_lib_tag_id, name) values (1171,'Public engagement');
insert into digital_lib_tag (digital_lib_tag_id, name) values (1172,'inventory control');
insert into digital_lib_tag (digital_lib_tag_id, name) values (1173,'Third country nationals');
insert into digital_lib_tag (digital_lib_tag_id, name) values (1174,'European Union');
insert into digital_lib_tag (digital_lib_tag_id, name) values (1175,'cartography');
insert into digital_lib_tag (digital_lib_tag_id, name) values (1176,'Curriculum');
insert into digital_lib_tag (digital_lib_tag_id, name) values (1177,'Indigenous');
insert into digital_lib_tag (digital_lib_tag_id, name) values (1178,'interdependence');
insert into digital_lib_tag (digital_lib_tag_id, name) values (1179,'point estimation');
insert into digital_lib_tag (digital_lib_tag_id, name) values (1180,'property risk management');
insert into digital_lib_tag (digital_lib_tag_id, name) values (1181,'R-Type');
insert into digital_lib_tag (digital_lib_tag_id, name) values (1182,'migration Policy');
insert into digital_lib_tag (digital_lib_tag_id, name) values (1183,'biological computation');
insert into digital_lib_tag (digital_lib_tag_id, name) values (1184,'restoration');
insert into digital_lib_tag (digital_lib_tag_id, name) values (1185,'SmartArt');
insert into digital_lib_tag (digital_lib_tag_id, name) values (1186,'UEFI @en');
insert into digital_lib_tag (digital_lib_tag_id, name) values (1187,'parallel computing');
insert into digital_lib_tag (digital_lib_tag_id, name) values (1188,'Scala');
insert into digital_lib_tag (digital_lib_tag_id, name) values (1189,'Digital signal processing');
insert into digital_lib_tag (digital_lib_tag_id, name) values (1190,'Change');
insert into digital_lib_tag (digital_lib_tag_id, name) values (1191,'suretyship');
insert into digital_lib_tag (digital_lib_tag_id, name) values (1192,'philosophy');
insert into digital_lib_tag (digital_lib_tag_id, name) values (1193,'webOS');
insert into digital_lib_tag (digital_lib_tag_id, name) values (1194,'teamwork');
insert into digital_lib_tag (digital_lib_tag_id, name) values (1195,'Reverse Patent Hold-Up');
insert into digital_lib_tag (digital_lib_tag_id, name) values (1196,'requirements');
insert into digital_lib_tag (digital_lib_tag_id, name) values (1197,'BPMIndustry 4.0');
insert into digital_lib_tag (digital_lib_tag_id, name) values (1198,'Linear Regression');
insert into digital_lib_tag (digital_lib_tag_id, name) values (1199,'Diabetes');
insert into digital_lib_tag (digital_lib_tag_id, name) values (1200,'Entomology');
insert into digital_lib_tag (digital_lib_tag_id, name) values (1201,'data storage');
insert into digital_lib_tag (digital_lib_tag_id, name) values (1202,'JDBC');
insert into digital_lib_tag (digital_lib_tag_id, name) values (1203,'Scratch');
insert into digital_lib_tag (digital_lib_tag_id, name) values (1204,'UEFI Integration');
insert into digital_lib_tag (digital_lib_tag_id, name) values (1205,'operating systems');
insert into digital_lib_tag (digital_lib_tag_id, name) values (1206,',,');
insert into digital_lib_tag (digital_lib_tag_id, name) values (1207,'Network theory');
insert into digital_lib_tag (digital_lib_tag_id, name) values (1208,'JAVA');
insert into digital_lib_tag (digital_lib_tag_id, name) values (1209,'Quality of Service (QoS)');
insert into digital_lib_tag (digital_lib_tag_id, name) values (1210,'Engineering');
insert into digital_lib_tag (digital_lib_tag_id, name) values (1211,'2D');
insert into digital_lib_tag (digital_lib_tag_id, name) values (1212,'online reputation management');
insert into digital_lib_tag (digital_lib_tag_id, name) values (1213,'sysadim');
insert into digital_lib_tag (digital_lib_tag_id, name) values (1214,'lighting');
insert into digital_lib_tag (digital_lib_tag_id, name) values (1215,'History of Software');
insert into digital_lib_tag (digital_lib_tag_id, name) values (1216,'Derivatives');
insert into digital_lib_tag (digital_lib_tag_id, name) values (1217,'communication');
insert into digital_lib_tag (digital_lib_tag_id, name) values (1218,'Statistical Beliefs');
insert into digital_lib_tag (digital_lib_tag_id, name) values (1219,'cluster analysis');
insert into digital_lib_tag (digital_lib_tag_id, name) values (1220,'Classifiers');
insert into digital_lib_tag (digital_lib_tag_id, name) values (1221,'GCC');
insert into digital_lib_tag (digital_lib_tag_id, name) values (1222,'inventory');
insert into digital_lib_tag (digital_lib_tag_id, name) values (1223,'nutrition security');
insert into digital_lib_tag (digital_lib_tag_id, name) values (1224,'i18n');
insert into digital_lib_tag (digital_lib_tag_id, name) values (1225,'Empirical Software Engineering');
insert into digital_lib_tag (digital_lib_tag_id, name) values (1226,'consumers');
insert into digital_lib_tag (digital_lib_tag_id, name) values (1227,'Social science in engineering');
insert into digital_lib_tag (digital_lib_tag_id, name) values (1228,'entrepreneurial plan');
insert into digital_lib_tag (digital_lib_tag_id, name) values (1229,'Python');
insert into digital_lib_tag (digital_lib_tag_id, name) values (1230,'embedded szstems');
insert into digital_lib_tag (digital_lib_tag_id, name) values (1231,'Platforms');
insert into digital_lib_tag (digital_lib_tag_id, name) values (1232,'encryption');
insert into digital_lib_tag (digital_lib_tag_id, name) values (1233,'quantum algorithms');
insert into digital_lib_tag (digital_lib_tag_id, name) values (1234,'Intercorporate investments');
insert into digital_lib_tag (digital_lib_tag_id, name) values (1235,'IPv6');
insert into digital_lib_tag (digital_lib_tag_id, name) values (1236,'Institutions');
insert into digital_lib_tag (digital_lib_tag_id, name) values (1237,'banking');
insert into digital_lib_tag (digital_lib_tag_id, name) values (1238,'ownership');
insert into digital_lib_tag (digital_lib_tag_id, name) values (1239,'statistical analysis');
insert into digital_lib_tag (digital_lib_tag_id, name) values (1240,'GSM - Postponed Project');
insert into digital_lib_tag (digital_lib_tag_id, name) values (1241,'perception');
insert into digital_lib_tag (digital_lib_tag_id, name) values (1242,'robot soccer');
insert into digital_lib_tag (digital_lib_tag_id, name) values (1243,'Evolution strategies');
insert into digital_lib_tag (digital_lib_tag_id, name) values (1244,'emotions');
insert into digital_lib_tag (digital_lib_tag_id, name) values (1245,'javamodel checking');
insert into digital_lib_tag (digital_lib_tag_id, name) values (1246,'comparative studies');
insert into digital_lib_tag (digital_lib_tag_id, name) values (1247,'Economic development');
insert into digital_lib_tag (digital_lib_tag_id, name) values (1248,'program debugging');
insert into digital_lib_tag (digital_lib_tag_id, name) values (1249,'fair trade');
insert into digital_lib_tag (digital_lib_tag_id, name) values (1250,'money');
insert into digital_lib_tag (digital_lib_tag_id, name) values (1251,'AWT');
insert into digital_lib_tag (digital_lib_tag_id, name) values (1252,'Software architecture');
insert into digital_lib_tag (digital_lib_tag_id, name) values (1253,'programming language');
insert into digital_lib_tag (digital_lib_tag_id, name) values (1254,'Nonparametric StatisticsR');
insert into digital_lib_tag (digital_lib_tag_id, name) values (1255,'maps');
insert into digital_lib_tag (digital_lib_tag_id, name) values (1256,'State building');
insert into digital_lib_tag (digital_lib_tag_id, name) values (1257,'moral ecology');
insert into digital_lib_tag (digital_lib_tag_id, name) values (1258,'FLT');
insert into digital_lib_tag (digital_lib_tag_id, name) values (1259,'lathe machines');
insert into digital_lib_tag (digital_lib_tag_id, name) values (1260,'database');
insert into digital_lib_tag (digital_lib_tag_id, name) values (1261,'CSRF');
insert into digital_lib_tag (digital_lib_tag_id, name) values (1262,'double entry accounting');
insert into digital_lib_tag (digital_lib_tag_id, name) values (1263,'pattern design');
insert into digital_lib_tag (digital_lib_tag_id, name) values (1264,'generalized additive model');
insert into digital_lib_tag (digital_lib_tag_id, name) values (1265,'Tuscany');
insert into digital_lib_tag (digital_lib_tag_id, name) values (1266,'DEI');
insert into digital_lib_tag (digital_lib_tag_id, name) values (1267,'neoclassical perspective');
insert into digital_lib_tag (digital_lib_tag_id, name) values (1268,'lazy evaluation');
insert into digital_lib_tag (digital_lib_tag_id, name) values (1269,'mainstreaming');
insert into digital_lib_tag (digital_lib_tag_id, name) values (1270,'Zune');
insert into digital_lib_tag (digital_lib_tag_id, name) values (1271,'retrogames');
insert into digital_lib_tag (digital_lib_tag_id, name) values (1272,'illustrator');
insert into digital_lib_tag (digital_lib_tag_id, name) values (1273,'Biological embedding');
insert into digital_lib_tag (digital_lib_tag_id, name) values (1274,'Line Integrals');
insert into digital_lib_tag (digital_lib_tag_id, name) values (1275,'research performance');
insert into digital_lib_tag (digital_lib_tag_id, name) values (1276,'plan draft');
insert into digital_lib_tag (digital_lib_tag_id, name) values (1277,'income');
insert into digital_lib_tag (digital_lib_tag_id, name) values (1278,'Stationary time series');
insert into digital_lib_tag (digital_lib_tag_id, name) values (1279,'web design');
insert into digital_lib_tag (digital_lib_tag_id, name) values (1280,'distribution');
insert into digital_lib_tag (digital_lib_tag_id, name) values (1281,'Human rights');
insert into digital_lib_tag (digital_lib_tag_id, name) values (1282,'gnu');
insert into digital_lib_tag (digital_lib_tag_id, name) values (1283,'HTML5');
insert into digital_lib_tag (digital_lib_tag_id, name) values (1284,'Microsoft Access');
insert into digital_lib_tag (digital_lib_tag_id, name) values (1285,'financial markets');
insert into digital_lib_tag (digital_lib_tag_id, name) values (1286,'cross-media correlation');
insert into digital_lib_tag (digital_lib_tag_id, name) values (1287,'genre');
insert into digital_lib_tag (digital_lib_tag_id, name) values (1288,'evolutionary algorithms');
insert into digital_lib_tag (digital_lib_tag_id, name) values (1289,'UK');
insert into digital_lib_tag (digital_lib_tag_id, name) values (1290,'AllegroGraph');
insert into digital_lib_tag (digital_lib_tag_id, name) values (1291,'cognition');
insert into digital_lib_tag (digital_lib_tag_id, name) values (1292,'edition');
insert into digital_lib_tag (digital_lib_tag_id, name) values (1293,'functional programming');
insert into digital_lib_tag (digital_lib_tag_id, name) values (1294,'inequality');
insert into digital_lib_tag (digital_lib_tag_id, name) values (1295,'scripting');
insert into digital_lib_tag (digital_lib_tag_id, name) values (1296,'Brazil');
insert into digital_lib_tag (digital_lib_tag_id, name) values (1297,'Epistemology');
insert into digital_lib_tag (digital_lib_tag_id, name) values (1298,'Global BusinessJapan');
insert into digital_lib_tag (digital_lib_tag_id, name) values (1299,'Internet of things');
insert into digital_lib_tag (digital_lib_tag_id, name) values (1300,'team');
insert into digital_lib_tag (digital_lib_tag_id, name) values (1301,'descriptive statistical methods');
insert into digital_lib_tag (digital_lib_tag_id, name) values (1302,'monetary policy');
insert into digital_lib_tag (digital_lib_tag_id, name) values (1303,'graphs');
insert into digital_lib_tag (digital_lib_tag_id, name) values (1304,'algorithm analysis');
insert into digital_lib_tag (digital_lib_tag_id, name) values (1305,'add-ins');
insert into digital_lib_tag (digital_lib_tag_id, name) values (1306,'KOffice');
insert into digital_lib_tag (digital_lib_tag_id, name) values (1307,'Support Vector Machine');
insert into digital_lib_tag (digital_lib_tag_id, name) values (1308,'Multidisciplary Project');
insert into digital_lib_tag (digital_lib_tag_id, name) values (1309,'state machine');
insert into digital_lib_tag (digital_lib_tag_id, name) values (1310,'ensemble heuristics');
insert into digital_lib_tag (digital_lib_tag_id, name) values (1311,'OCR');
insert into digital_lib_tag (digital_lib_tag_id, name) values (1312,'metadata');
insert into digital_lib_tag (digital_lib_tag_id, name) values (1313,'ecology');
insert into digital_lib_tag (digital_lib_tag_id, name) values (1314,'EU action plan on return');
insert into digital_lib_tag (digital_lib_tag_id, name) values (1315,'Disability');
insert into digital_lib_tag (digital_lib_tag_id, name) values (1316,'scrumproject');
insert into digital_lib_tag (digital_lib_tag_id, name) values (1317,'partial differential equations');
insert into digital_lib_tag (digital_lib_tag_id, name) values (1318,'monopoly');
insert into digital_lib_tag (digital_lib_tag_id, name) values (1319,'correlation');
insert into digital_lib_tag (digital_lib_tag_id, name) values (1320,'estimation');
insert into digital_lib_tag (digital_lib_tag_id, name) values (1321,'protocols');
insert into digital_lib_tag (digital_lib_tag_id, name) values (1322,'Reviews');
insert into digital_lib_tag (digital_lib_tag_id, name) values (1323,'Linear Average');
insert into digital_lib_tag (digital_lib_tag_id, name) values (1324,'CSR');
insert into digital_lib_tag (digital_lib_tag_id, name) values (1325,'user interfaces');
insert into digital_lib_tag (digital_lib_tag_id, name) values (1326,'Linear Programming');
insert into digital_lib_tag (digital_lib_tag_id, name) values (1327,'globalization');
insert into digital_lib_tag (digital_lib_tag_id, name) values (1328,'Software Management');
insert into digital_lib_tag (digital_lib_tag_id, name) values (1329,'dealings');
insert into digital_lib_tag (digital_lib_tag_id, name) values (1330,'web strategy');
insert into digital_lib_tag (digital_lib_tag_id, name) values (1331,'data');
insert into digital_lib_tag (digital_lib_tag_id, name) values (1332,'passwords');
insert into digital_lib_tag (digital_lib_tag_id, name) values (1333,'binary');
insert into digital_lib_tag (digital_lib_tag_id, name) values (1334,'Theory');
insert into digital_lib_tag (digital_lib_tag_id, name) values (1335,'classified balance sheet');
insert into digital_lib_tag (digital_lib_tag_id, name) values (1336,'State transformation');
insert into digital_lib_tag (digital_lib_tag_id, name) values (1337,'adobe color');
insert into digital_lib_tag (digital_lib_tag_id, name) values (1338,'image processing');
insert into digital_lib_tag (digital_lib_tag_id, name) values (1339,'Logistic regression');
insert into digital_lib_tag (digital_lib_tag_id, name) values (1340,'two person games');
insert into digital_lib_tag (digital_lib_tag_id, name) values (1341,'Bayesian networks');
insert into digital_lib_tag (digital_lib_tag_id, name) values (1342,'Estimator');
insert into digital_lib_tag (digital_lib_tag_id, name) values (1343,'Web searching');
insert into digital_lib_tag (digital_lib_tag_id, name) values (1344,'LPI');
insert into digital_lib_tag (digital_lib_tag_id, name) values (1345,'704');
insert into digital_lib_tag (digital_lib_tag_id, name) values (1346,'long-lived assets');
insert into digital_lib_tag (digital_lib_tag_id, name) values (1347,'tax system');
insert into digital_lib_tag (digital_lib_tag_id, name) values (1348,'NXT');
insert into digital_lib_tag (digital_lib_tag_id, name) values (1349,'managing costs');
insert into digital_lib_tag (digital_lib_tag_id, name) values (1350,'benchmarking');
insert into digital_lib_tag (digital_lib_tag_id, name) values (1351,'medium access control');
insert into digital_lib_tag (digital_lib_tag_id, name) values (1352,'usability evaluation');
insert into digital_lib_tag (digital_lib_tag_id, name) values (1353,'Industry');
insert into digital_lib_tag (digital_lib_tag_id, name) values (1354,'health analytics');
insert into digital_lib_tag (digital_lib_tag_id, name) values (1355,'Qualitative Research');
insert into digital_lib_tag (digital_lib_tag_id, name) values (1356,'Testing');
insert into digital_lib_tag (digital_lib_tag_id, name) values (1357,'Asylum');
insert into digital_lib_tag (digital_lib_tag_id, name) values (1358,'regression trees');
insert into digital_lib_tag (digital_lib_tag_id, name) values (1359,'computer crime');
insert into digital_lib_tag (digital_lib_tag_id, name) values (1360,'benchmarks');
insert into digital_lib_tag (digital_lib_tag_id, name) values (1361,'essays');
insert into digital_lib_tag (digital_lib_tag_id, name) values (1362,'Management Organization');
insert into digital_lib_tag (digital_lib_tag_id, name) values (1363,'Machine learning');
insert into digital_lib_tag (digital_lib_tag_id, name) values (1364,'Lagrange');
insert into digital_lib_tag (digital_lib_tag_id, name) values (1365,'FirefoxOS');
insert into digital_lib_tag (digital_lib_tag_id, name) values (1366,'plagiarism');
insert into digital_lib_tag (digital_lib_tag_id, name) values (1367,'Tertiary Mathematics');
insert into digital_lib_tag (digital_lib_tag_id, name) values (1368,'Household economics');
insert into digital_lib_tag (digital_lib_tag_id, name) values (1369,'IBM');
insert into digital_lib_tag (digital_lib_tag_id, name) values (1370,'profit');
insert into digital_lib_tag (digital_lib_tag_id, name) values (1371,'property rights');
insert into digital_lib_tag (digital_lib_tag_id, name) values (1372,'project initiation');
insert into digital_lib_tag (digital_lib_tag_id, name) values (1373,'Financing');
insert into digital_lib_tag (digital_lib_tag_id, name) values (1374,'customer relationship');
insert into digital_lib_tag (digital_lib_tag_id, name) values (1375,'Image segmentation');
insert into digital_lib_tag (digital_lib_tag_id, name) values (1376,'employee communication');
insert into digital_lib_tag (digital_lib_tag_id, name) values (1377,'EURAs');
insert into digital_lib_tag (digital_lib_tag_id, name) values (1378,'Crank-Nicolson scheme');
insert into digital_lib_tag (digital_lib_tag_id, name) values (1379,'Fundamental rights');
insert into digital_lib_tag (digital_lib_tag_id, name) values (1380,'UOC');
insert into digital_lib_tag (digital_lib_tag_id, name) values (1381,'threads');
insert into digital_lib_tag (digital_lib_tag_id, name) values (1382,'work motivation');
insert into digital_lib_tag (digital_lib_tag_id, name) values (1383,'Triangulation');
insert into digital_lib_tag (digital_lib_tag_id, name) values (1384,'wave equation');
insert into digital_lib_tag (digital_lib_tag_id, name) values (1385,'business pitch');
insert into digital_lib_tag (digital_lib_tag_id, name) values (1386,'entrepreneurial ecosystem');
insert into digital_lib_tag (digital_lib_tag_id, name) values (1387,'verifications');
insert into digital_lib_tag (digital_lib_tag_id, name) values (1388,'Bayesian classifier');
insert into digital_lib_tag (digital_lib_tag_id, name) values (1389,'VIA');
insert into digital_lib_tag (digital_lib_tag_id, name) values (1390,'food security');
insert into digital_lib_tag (digital_lib_tag_id, name) values (1391,'Patent Hold-Up');
insert into digital_lib_tag (digital_lib_tag_id, name) values (1392,'text');
insert into digital_lib_tag (digital_lib_tag_id, name) values (1393,'Global health');
insert into digital_lib_tag (digital_lib_tag_id, name) values (1394,'negotiation');
insert into digital_lib_tag (digital_lib_tag_id, name) values (1395,'Hadoop');
insert into digital_lib_tag (digital_lib_tag_id, name) values (1396,'online education');
insert into digital_lib_tag (digital_lib_tag_id, name) values (1397,'Software design');
insert into digital_lib_tag (digital_lib_tag_id, name) values (1398,'Information Security');
insert into digital_lib_tag (digital_lib_tag_id, name) values (1399,'Monitoring');
insert into digital_lib_tag (digital_lib_tag_id, name) values (1400,'Digital Logic');
insert into digital_lib_tag (digital_lib_tag_id, name) values (1401,'drill presses');
insert into digital_lib_tag (digital_lib_tag_id, name) values (1402,'W3C');
insert into digital_lib_tag (digital_lib_tag_id, name) values (1403,'communications');
insert into digital_lib_tag (digital_lib_tag_id, name) values (1404,'rootkit');
insert into digital_lib_tag (digital_lib_tag_id, name) values (1405,'Algorithms');
insert into digital_lib_tag (digital_lib_tag_id, name) values (1406,'crypto');
insert into digital_lib_tag (digital_lib_tag_id, name) values (1407,'operations management');
insert into digital_lib_tag (digital_lib_tag_id, name) values (1408,'Data science');
insert into digital_lib_tag (digital_lib_tag_id, name) values (1409,'firmware');
insert into digital_lib_tag (digital_lib_tag_id, name) values (1410,'Diversification of Higher Education');
insert into digital_lib_tag (digital_lib_tag_id, name) values (1411,'HAPS');
insert into digital_lib_tag (digital_lib_tag_id, name) values (1412,'student equity');
insert into digital_lib_tag (digital_lib_tag_id, name) values (1413,'Standard ML');
insert into digital_lib_tag (digital_lib_tag_id, name) values (1414,'legal remedies');
insert into digital_lib_tag (digital_lib_tag_id, name) values (1415,'Legal systems');
insert into digital_lib_tag (digital_lib_tag_id, name) values (1416,'multiculturalism');
insert into digital_lib_tag (digital_lib_tag_id, name) values (1417,'RaspberryPi');
insert into digital_lib_tag (digital_lib_tag_id, name) values (1418,'future classroom');
insert into digital_lib_tag (digital_lib_tag_id, name) values (1419,'ancient');
insert into digital_lib_tag (digital_lib_tag_id, name) values (1420,'labor relations');
insert into digital_lib_tag (digital_lib_tag_id, name) values (1421,'Teachers‘ Statistical Literacy');
insert into digital_lib_tag (digital_lib_tag_id, name) values (1422,'telecommunication networks');
insert into digital_lib_tag (digital_lib_tag_id, name) values (1423,'reinforcement learning');
insert into digital_lib_tag (digital_lib_tag_id, name) values (1424,'equipment');
insert into digital_lib_tag (digital_lib_tag_id, name) values (1425,'feng Shui');
insert into digital_lib_tag (digital_lib_tag_id, name) values (1426,'model-based design');
insert into digital_lib_tag (digital_lib_tag_id, name) values (1427,'CNC');
insert into digital_lib_tag (digital_lib_tag_id, name) values (1428,'signals');
insert into digital_lib_tag (digital_lib_tag_id, name) values (1429,'Vision');
insert into digital_lib_tag (digital_lib_tag_id, name) values (1430,'TIMSS');
insert into digital_lib_tag (digital_lib_tag_id, name) values (1431,'MCH');
insert into digital_lib_tag (digital_lib_tag_id, name) values (1432,'CRM');
insert into digital_lib_tag (digital_lib_tag_id, name) values (1433,'website design');
insert into digital_lib_tag (digital_lib_tag_id, name) values (1434,'machine code');
insert into digital_lib_tag (digital_lib_tag_id, name) values (1435,'challenges of growth');
insert into digital_lib_tag (digital_lib_tag_id, name) values (1436,'Refugee status');
insert into digital_lib_tag (digital_lib_tag_id, name) values (1437,'Expansive Learning');
insert into digital_lib_tag (digital_lib_tag_id, name) values (1438,'business framework');
insert into digital_lib_tag (digital_lib_tag_id, name) values (1439,'kinetics');
insert into digital_lib_tag (digital_lib_tag_id, name) values (1440,'Internalization of Higher Education');
insert into digital_lib_tag (digital_lib_tag_id, name) values (1441,'style guide');
insert into digital_lib_tag (digital_lib_tag_id, name) values (1442,'neural network');
insert into digital_lib_tag (digital_lib_tag_id, name) values (1443,'Knowledge economy');
insert into digital_lib_tag (digital_lib_tag_id, name) values (1444,'GPIO');
insert into digital_lib_tag (digital_lib_tag_id, name) values (1445,'mortality risk management');
insert into digital_lib_tag (digital_lib_tag_id, name) values (1446,'european union politics');
insert into digital_lib_tag (digital_lib_tag_id, name) values (1447,'digitalization');
insert into digital_lib_tag (digital_lib_tag_id, name) values (1448,'Random Sampling');
insert into digital_lib_tag (digital_lib_tag_id, name) values (1449,'Electronic commerce');
insert into digital_lib_tag (digital_lib_tag_id, name) values (1450,'multirisk');
insert into digital_lib_tag (digital_lib_tag_id, name) values (1451,'x86');
insert into digital_lib_tag (digital_lib_tag_id, name) values (1452,'ENI2M');
insert into digital_lib_tag (digital_lib_tag_id, name) values (1453,'Competition');
insert into digital_lib_tag (digital_lib_tag_id, name) values (1454,'Markov');
insert into digital_lib_tag (digital_lib_tag_id, name) values (1455,'RRegression Models');
insert into digital_lib_tag (digital_lib_tag_id, name) values (1456,'Abbott analysis');
insert into digital_lib_tag (digital_lib_tag_id, name) values (1457,'cracking');
insert into digital_lib_tag (digital_lib_tag_id, name) values (1458,'imbalanced representation');
insert into digital_lib_tag (digital_lib_tag_id, name) values (1459,'Nonstationary processes');
insert into digital_lib_tag (digital_lib_tag_id, name) values (1460,'logics');
insert into digital_lib_tag (digital_lib_tag_id, name) values (1461,'rights');
insert into digital_lib_tag (digital_lib_tag_id, name) values (1462,'merchandising');
insert into digital_lib_tag (digital_lib_tag_id, name) values (1463,'Ubiquitous computing');
insert into digital_lib_tag (digital_lib_tag_id, name) values (1464,'Universities');
insert into digital_lib_tag (digital_lib_tag_id, name) values (1465,'game maker');
insert into digital_lib_tag (digital_lib_tag_id, name) values (1466,'cultural differences');
insert into digital_lib_tag (digital_lib_tag_id, name) values (1467,'starting a business');
insert into digital_lib_tag (digital_lib_tag_id, name) values (1468,'movies');
insert into digital_lib_tag (digital_lib_tag_id, name) values (1469,'rhetoric');
insert into digital_lib_tag (digital_lib_tag_id, name) values (1470,'BPM');
insert into digital_lib_tag (digital_lib_tag_id, name) values (1471,'Non-formal Learning');
insert into digital_lib_tag (digital_lib_tag_id, name) values (1472,'client expectations');
insert into digital_lib_tag (digital_lib_tag_id, name) values (1473,'web services');
insert into digital_lib_tag (digital_lib_tag_id, name) values (1474,'BIOS');
insert into digital_lib_tag (digital_lib_tag_id, name) values (1475,'problems');
insert into digital_lib_tag (digital_lib_tag_id, name) values (1476,'applications of statistical methods');
insert into digital_lib_tag (digital_lib_tag_id, name) values (1477,'Writing');
insert into digital_lib_tag (digital_lib_tag_id, name) values (1478,'encrytption');
insert into digital_lib_tag (digital_lib_tag_id, name) values (1479,'Research organization');
insert into digital_lib_tag (digital_lib_tag_id, name) values (1480,'mobile');
insert into digital_lib_tag (digital_lib_tag_id, name) values (1481,'climate change');
insert into digital_lib_tag (digital_lib_tag_id, name) values (1482,'Comparative education');
insert into digital_lib_tag (digital_lib_tag_id, name) values (1483,'quotient spaces');
insert into digital_lib_tag (digital_lib_tag_id, name) values (1484,'Large-scale Assessment');
insert into digital_lib_tag (digital_lib_tag_id, name) values (1485,'TRIPS');
insert into digital_lib_tag (digital_lib_tag_id, name) values (1486,'Software development process management');
insert into digital_lib_tag (digital_lib_tag_id, name) values (1487,'Associate Rule Mining');
insert into digital_lib_tag (digital_lib_tag_id, name) values (1488,'Complex Analysis');
insert into digital_lib_tag (digital_lib_tag_id, name) values (1489,'ItalianOpen Access');
insert into digital_lib_tag (digital_lib_tag_id, name) values (1490,'Software Process Management');
insert into digital_lib_tag (digital_lib_tag_id, name) values (1491,'Discrete Fourier Transform');
insert into digital_lib_tag (digital_lib_tag_id, name) values (1492,'global history');
insert into digital_lib_tag (digital_lib_tag_id, name) values (1493,'microprocessor');
insert into digital_lib_tag (digital_lib_tag_id, name) values (1494,'Software organization');
insert into digital_lib_tag (digital_lib_tag_id, name) values (1495,'versioning curves');
insert into digital_lib_tag (digital_lib_tag_id, name) values (1496,'Xbox');
insert into digital_lib_tag (digital_lib_tag_id, name) values (1497,'GNU');
insert into digital_lib_tag (digital_lib_tag_id, name) values (1498,'evolution');
insert into digital_lib_tag (digital_lib_tag_id, name) values (1499,'cryptography');
insert into digital_lib_tag (digital_lib_tag_id, name) values (1500,'Computing ethics');
insert into digital_lib_tag (digital_lib_tag_id, name) values (1501,'Middle-income trap');
insert into digital_lib_tag (digital_lib_tag_id, name) values (1502,'learning');
insert into digital_lib_tag (digital_lib_tag_id, name) values (1503,'Distribution');
insert into digital_lib_tag (digital_lib_tag_id, name) values (1504,'mHealth');
insert into digital_lib_tag (digital_lib_tag_id, name) values (1505,'Decision Support');
insert into digital_lib_tag (digital_lib_tag_id, name) values (1506,'analysis');
insert into digital_lib_tag (digital_lib_tag_id, name) values (1507,'Kotter’s model');
insert into digital_lib_tag (digital_lib_tag_id, name) values (1508,'proprietorships');
insert into digital_lib_tag (digital_lib_tag_id, name) values (1509,'students');
insert into digital_lib_tag (digital_lib_tag_id, name) values (1510,'Assessment');
insert into digital_lib_tag (digital_lib_tag_id, name) values (1511,'linear equations');
insert into digital_lib_tag (digital_lib_tag_id, name) values (1512,'Classroom');
insert into digital_lib_tag (digital_lib_tag_id, name) values (1513,'Propositional logic');
insert into digital_lib_tag (digital_lib_tag_id, name) values (1514,'input');
insert into digital_lib_tag (digital_lib_tag_id, name) values (1515,'service');
insert into digital_lib_tag (digital_lib_tag_id, name) values (1516,'JavaScripts');
insert into digital_lib_tag (digital_lib_tag_id, name) values (1517,'vectors');
insert into digital_lib_tag (digital_lib_tag_id, name) values (1518,'CryEngine');
insert into digital_lib_tag (digital_lib_tag_id, name) values (1519,'python');
insert into digital_lib_tag (digital_lib_tag_id, name) values (1520,'OpenGL');
insert into digital_lib_tag (digital_lib_tag_id, name) values (1521,'guidelines');
insert into digital_lib_tag (digital_lib_tag_id, name) values (1522,'render');
insert into digital_lib_tag (digital_lib_tag_id, name) values (1523,'Empirical research');
insert into digital_lib_tag (digital_lib_tag_id, name) values (1524,'Recurrent Neural Networks');
insert into digital_lib_tag (digital_lib_tag_id, name) values (1525,'MongoDB');
insert into digital_lib_tag (digital_lib_tag_id, name) values (1526,'enterprise');
insert into digital_lib_tag (digital_lib_tag_id, name) values (1527,'Mathematical Programming');
insert into digital_lib_tag (digital_lib_tag_id, name) values (1528,'market behavior');
insert into digital_lib_tag (digital_lib_tag_id, name) values (1529,'software projects');
insert into digital_lib_tag (digital_lib_tag_id, name) values (1530,'UI');
insert into digital_lib_tag (digital_lib_tag_id, name) values (1531,'childhood experiences');
insert into digital_lib_tag (digital_lib_tag_id, name) values (1532,'Socio-emotional development');
insert into digital_lib_tag (digital_lib_tag_id, name) values (1533,'Mnemomic Communities');
insert into digital_lib_tag (digital_lib_tag_id, name) values (1534,'ISR');
insert into digital_lib_tag (digital_lib_tag_id, name) values (1535,'Organizational Development');
insert into digital_lib_tag (digital_lib_tag_id, name) values (1536,'Economic policy');
insert into digital_lib_tag (digital_lib_tag_id, name) values (1537,'monitoring');
insert into digital_lib_tag (digital_lib_tag_id, name) values (1538,'interaction');
insert into digital_lib_tag (digital_lib_tag_id, name) values (1539,'Netherlands');
insert into digital_lib_tag (digital_lib_tag_id, name) values (1540,'equations');
insert into digital_lib_tag (digital_lib_tag_id, name) values (1541,'Extreme Programming');
insert into digital_lib_tag (digital_lib_tag_id, name) values (1542,'Computing profession');
insert into digital_lib_tag (digital_lib_tag_id, name) values (1543,'projects');
insert into digital_lib_tag (digital_lib_tag_id, name) values (1544,'DOM');
insert into digital_lib_tag (digital_lib_tag_id, name) values (1545,'Knowledge Management');
insert into digital_lib_tag (digital_lib_tag_id, name) values (1546,'synchronized timing');
insert into digital_lib_tag (digital_lib_tag_id, name) values (1547,'Intercultural dialogue');
insert into digital_lib_tag (digital_lib_tag_id, name) values (1548,'trade');
insert into digital_lib_tag (digital_lib_tag_id, name) values (1549,'markets');
insert into digital_lib_tag (digital_lib_tag_id, name) values (1550,'engine');
insert into digital_lib_tag (digital_lib_tag_id, name) values (1551,'data science');
insert into digital_lib_tag (digital_lib_tag_id, name) values (1552,'Serbia');
insert into digital_lib_tag (digital_lib_tag_id, name) values (1553,'Asymptotic theory');
insert into digital_lib_tag (digital_lib_tag_id, name) values (1554,'copyright');
insert into digital_lib_tag (digital_lib_tag_id, name) values (1555,'JVM');
insert into digital_lib_tag (digital_lib_tag_id, name) values (1556,'Research');
insert into digital_lib_tag (digital_lib_tag_id, name) values (1557,'stress');
insert into digital_lib_tag (digital_lib_tag_id, name) values (1558,'ICTFRAND');
insert into digital_lib_tag (digital_lib_tag_id, name) values (1559,'Health Informatics');
insert into digital_lib_tag (digital_lib_tag_id, name) values (1560,'film industry');
insert into digital_lib_tag (digital_lib_tag_id, name) values (1561,'Visualization');
insert into digital_lib_tag (digital_lib_tag_id, name) values (1562,'pricing');
insert into digital_lib_tag (digital_lib_tag_id, name) values (1563,'virtual reality');
insert into digital_lib_tag (digital_lib_tag_id, name) values (1564,'social welfare');
insert into digital_lib_tag (digital_lib_tag_id, name) values (1565,'Sustainable development');
insert into digital_lib_tag (digital_lib_tag_id, name) values (1566,'equity financing');
insert into digital_lib_tag (digital_lib_tag_id, name) values (1567,'e-learning');
insert into digital_lib_tag (digital_lib_tag_id, name) values (1568,'biomaterials');
insert into digital_lib_tag (digital_lib_tag_id, name) values (1569,'Non-stationary time series');
insert into digital_lib_tag (digital_lib_tag_id, name) values (1570,'economic development');
insert into digital_lib_tag (digital_lib_tag_id, name) values (1571,'Formatting');
insert into digital_lib_tag (digital_lib_tag_id, name) values (1572,'Keynesian Perspective');
insert into digital_lib_tag (digital_lib_tag_id, name) values (1573,'spectral analysis');
insert into digital_lib_tag (digital_lib_tag_id, name) values (1574,'Perl');
insert into digital_lib_tag (digital_lib_tag_id, name) values (1575,'SOAP');
insert into digital_lib_tag (digital_lib_tag_id, name) values (1576,'behavioral economics');
insert into digital_lib_tag (digital_lib_tag_id, name) values (1577,'intellectual property');
insert into digital_lib_tag (digital_lib_tag_id, name) values (1578,'Hypotheses');
insert into digital_lib_tag (digital_lib_tag_id, name) values (1579,'teaching');
insert into digital_lib_tag (digital_lib_tag_id, name) values (1580,'3-circle analysis');
insert into digital_lib_tag (digital_lib_tag_id, name) values (1581,'software engineering');
insert into digital_lib_tag (digital_lib_tag_id, name) values (1582,'structuration theory');
insert into digital_lib_tag (digital_lib_tag_id, name) values (1583,'Data Science');
insert into digital_lib_tag (digital_lib_tag_id, name) values (1584,'employee');
insert into digital_lib_tag (digital_lib_tag_id, name) values (1585,'Theorem proving');
insert into digital_lib_tag (digital_lib_tag_id, name) values (1586,'budgeting');
insert into digital_lib_tag (digital_lib_tag_id, name) values (1587,'formulas');
insert into digital_lib_tag (digital_lib_tag_id, name) values (1588,'Digital Image Processing');
insert into digital_lib_tag (digital_lib_tag_id, name) values (1589,'values');
insert into digital_lib_tag (digital_lib_tag_id, name) values (1590,'XPath');
insert into digital_lib_tag (digital_lib_tag_id, name) values (1591,'zenlisp');
insert into digital_lib_tag (digital_lib_tag_id, name) values (1592,'Semiotics');
insert into digital_lib_tag (digital_lib_tag_id, name) values (1593,'Responsible governance');
insert into digital_lib_tag (digital_lib_tag_id, name) values (1594,'licensing');
insert into digital_lib_tag (digital_lib_tag_id, name) values (1595,'International assessments');
insert into digital_lib_tag (digital_lib_tag_id, name) values (1596,'PScheme');
insert into digital_lib_tag (digital_lib_tag_id, name) values (1597,'Image Processing System');
insert into digital_lib_tag (digital_lib_tag_id, name) values (1598,'Oral health');
insert into digital_lib_tag (digital_lib_tag_id, name) values (1599,'numerical modeling');
insert into digital_lib_tag (digital_lib_tag_id, name) values (1600,'ICME-13');
insert into digital_lib_tag (digital_lib_tag_id, name) values (1601,'computer software');
insert into digital_lib_tag (digital_lib_tag_id, name) values (1602,'apps');
insert into digital_lib_tag (digital_lib_tag_id, name) values (1603,'writing');
insert into digital_lib_tag (digital_lib_tag_id, name) values (1604,'landsurvey. GPS');
insert into digital_lib_tag (digital_lib_tag_id, name) values (1605,'disabilities');
insert into digital_lib_tag (digital_lib_tag_id, name) values (1606,'Discrete mathematics');
insert into digital_lib_tag (digital_lib_tag_id, name) values (1607,'Proof of identity');
insert into digital_lib_tag (digital_lib_tag_id, name) values (1608,'marketing ethics');
insert into digital_lib_tag (digital_lib_tag_id, name) values (1609,'Mozilla');
insert into digital_lib_tag (digital_lib_tag_id, name) values (1610,'agile software development');
insert into digital_lib_tag (digital_lib_tag_id, name) values (1611,'Survival analysis');
insert into digital_lib_tag (digital_lib_tag_id, name) values (1612,'spirituality');
insert into digital_lib_tag (digital_lib_tag_id, name) values (1613,'classification');
insert into digital_lib_tag (digital_lib_tag_id, name) values (1614,'teachers');
insert into digital_lib_tag (digital_lib_tag_id, name) values (1615,'sheet');
insert into digital_lib_tag (digital_lib_tag_id, name) values (1616,'numbers');
insert into digital_lib_tag (digital_lib_tag_id, name) values (1617,'Torsion of Curves');
insert into digital_lib_tag (digital_lib_tag_id, name) values (1618,'genetic biometrics');
insert into digital_lib_tag (digital_lib_tag_id, name) values (1619,'PHP');
insert into digital_lib_tag (digital_lib_tag_id, name) values (1620,'logic programming');
insert into digital_lib_tag (digital_lib_tag_id, name) values (1621,'Windows');
insert into digital_lib_tag (digital_lib_tag_id, name) values (1622,'global sourcing');
insert into digital_lib_tag (digital_lib_tag_id, name) values (1623,'IT industry');
insert into digital_lib_tag (digital_lib_tag_id, name) values (1624,'commerce');
insert into digital_lib_tag (digital_lib_tag_id, name) values (1625,'Lisp');
insert into digital_lib_tag (digital_lib_tag_id, name) values (1626,'negotations');
insert into digital_lib_tag (digital_lib_tag_id, name) values (1627,'telecommunication systems');
insert into digital_lib_tag (digital_lib_tag_id, name) values (1628,'Big Data');
insert into digital_lib_tag (digital_lib_tag_id, name) values (1629,'Architects');
insert into digital_lib_tag (digital_lib_tag_id, name) values (1630,'Radial Basis Function Networks');
insert into digital_lib_tag (digital_lib_tag_id, name) values (1631,'Business-IT Alignment');
insert into digital_lib_tag (digital_lib_tag_id, name) values (1632,'identification');
insert into digital_lib_tag (digital_lib_tag_id, name) values (1633,'investigation');
insert into digital_lib_tag (digital_lib_tag_id, name) values (1634,'download');
insert into digital_lib_tag (digital_lib_tag_id, name) values (1635,'HTML');
insert into digital_lib_tag (digital_lib_tag_id, name) values (1636,'foreign exchange');
insert into digital_lib_tag (digital_lib_tag_id, name) values (1637,'Boltzmann');
insert into digital_lib_tag (digital_lib_tag_id, name) values (1638,'mathematics');
insert into digital_lib_tag (digital_lib_tag_id, name) values (1639,'soft computing');
insert into digital_lib_tag (digital_lib_tag_id, name) values (1640,'Forecasting techniques');
insert into digital_lib_tag (digital_lib_tag_id, name) values (1641,'Digital Tools');
insert into digital_lib_tag (digital_lib_tag_id, name) values (1642,'Jupyter');
insert into digital_lib_tag (digital_lib_tag_id, name) values (1643,'Entropy');
insert into digital_lib_tag (digital_lib_tag_id, name) values (1644,'Data accuracy');
insert into digital_lib_tag (digital_lib_tag_id, name) values (1645,'estimates');
insert into digital_lib_tag (digital_lib_tag_id, name) values (1646,'Learner Diversity');
insert into digital_lib_tag (digital_lib_tag_id, name) values (1647,'MPEG');
insert into digital_lib_tag (digital_lib_tag_id, name) values (1648,'strategy');
insert into digital_lib_tag (digital_lib_tag_id, name) values (1649,'Australian');
insert into digital_lib_tag (digital_lib_tag_id, name) values (1650,'mas media');
insert into digital_lib_tag (digital_lib_tag_id, name) values (1651,'SQL Injection');
insert into digital_lib_tag (digital_lib_tag_id, name) values (1652,'Data communication systems');
insert into digital_lib_tag (digital_lib_tag_id, name) values (1653,'filtering');
insert into digital_lib_tag (digital_lib_tag_id, name) values (1654,'eLearning');
insert into digital_lib_tag (digital_lib_tag_id, name) values (1655,'Evolutionary programming');
insert into digital_lib_tag (digital_lib_tag_id, name) values (1656,'program verification');
insert into digital_lib_tag (digital_lib_tag_id, name) values (1657,'organizational culture');
insert into digital_lib_tag (digital_lib_tag_id, name) values (1658,'application');
insert into digital_lib_tag (digital_lib_tag_id, name) values (1659,'industry');
insert into digital_lib_tag (digital_lib_tag_id, name) values (1660,'model-driven development');
insert into digital_lib_tag (digital_lib_tag_id, name) values (1661,'digital culture');
insert into digital_lib_tag (digital_lib_tag_id, name) values (1662,'test-driven development');
insert into digital_lib_tag (digital_lib_tag_id, name) values (1663,'real code');
insert into digital_lib_tag (digital_lib_tag_id, name) values (1664,'Migration policy');
insert into digital_lib_tag (digital_lib_tag_id, name) values (1665,'business model');
insert into digital_lib_tag (digital_lib_tag_id, name) values (1666,'Wearables');
insert into digital_lib_tag (digital_lib_tag_id, name) values (1667,'disciplinary');
insert into digital_lib_tag (digital_lib_tag_id, name) values (1668,'IoT Frameworks');
insert into digital_lib_tag (digital_lib_tag_id, name) values (1669,'Redundancy');
insert into digital_lib_tag (digital_lib_tag_id, name) values (1670,'automotive');
insert into digital_lib_tag (digital_lib_tag_id, name) values (1671,'academic papers');
insert into digital_lib_tag (digital_lib_tag_id, name) values (1672,'Inaction');
insert into digital_lib_tag (digital_lib_tag_id, name) values (1673,'adobe');
insert into digital_lib_tag (digital_lib_tag_id, name) values (1674,'computer science');
insert into digital_lib_tag (digital_lib_tag_id, name) values (1675,'trial balance');
insert into digital_lib_tag (digital_lib_tag_id, name) values (1676,'Design Thinking');
insert into digital_lib_tag (digital_lib_tag_id, name) values (1677,'logs');
insert into digital_lib_tag (digital_lib_tag_id, name) values (1678,'course comparison');
insert into digital_lib_tag (digital_lib_tag_id, name) values (1679,'gamification');
insert into digital_lib_tag (digital_lib_tag_id, name) values (1680,'marketing');
insert into digital_lib_tag (digital_lib_tag_id, name) values (1681,'Big O');
insert into digital_lib_tag (digital_lib_tag_id, name) values (1682,'Social networking');
insert into digital_lib_tag (digital_lib_tag_id, name) values (1683,'organization');
insert into digital_lib_tag (digital_lib_tag_id, name) values (1684,'Smart car');
insert into digital_lib_tag (digital_lib_tag_id, name) values (1685,'Open XML');
insert into digital_lib_tag (digital_lib_tag_id, name) values (1686,'Byzantium');
insert into digital_lib_tag (digital_lib_tag_id, name) values (1687,'embedded systems');
insert into digital_lib_tag (digital_lib_tag_id, name) values (1688,'Classification');
insert into digital_lib_tag (digital_lib_tag_id, name) values (1689,'MultiThreading');
insert into digital_lib_tag (digital_lib_tag_id, name) values (1690,'Lagrange identity');
insert into digital_lib_tag (digital_lib_tag_id, name) values (1691,'art');
insert into digital_lib_tag (digital_lib_tag_id, name) values (1692,'employees');
insert into digital_lib_tag (digital_lib_tag_id, name) values (1693,'formal model');
insert into digital_lib_tag (digital_lib_tag_id, name) values (1694,'semantics');
insert into digital_lib_tag (digital_lib_tag_id, name) values (1695,'Eigen values');
insert into digital_lib_tag (digital_lib_tag_id, name) values (1696,'XLMiner');
insert into digital_lib_tag (digital_lib_tag_id, name) values (1697,'Optimization Models');
insert into digital_lib_tag (digital_lib_tag_id, name) values (1698,'automation control');
insert into digital_lib_tag (digital_lib_tag_id, name) values (1699,'compression');
insert into digital_lib_tag (digital_lib_tag_id, name) values (1700,'Transition');
insert into digital_lib_tag (digital_lib_tag_id, name) values (1701,'Leadership');
insert into digital_lib_tag (digital_lib_tag_id, name) values (1702,'Public perceptions');
insert into digital_lib_tag (digital_lib_tag_id, name) values (1703,'corporate social responsibility');
insert into digital_lib_tag (digital_lib_tag_id, name) values (1704,'liability');
insert into digital_lib_tag (digital_lib_tag_id, name) values (1705,'social networks');
insert into digital_lib_tag (digital_lib_tag_id, name) values (1706,'biometrics');
insert into digital_lib_tag (digital_lib_tag_id, name) values (1707,'command line');
insert into digital_lib_tag (digital_lib_tag_id, name) values (1708,'Globalization paradox');
insert into digital_lib_tag (digital_lib_tag_id, name) values (1709,'Theories');
insert into digital_lib_tag (digital_lib_tag_id, name) values (1710,'random forests');
insert into digital_lib_tag (digital_lib_tag_id, name) values (1711,'Selftracking');
insert into digital_lib_tag (digital_lib_tag_id, name) values (1712,'Matlab');
insert into digital_lib_tag (digital_lib_tag_id, name) values (1713,'aggregate data');
insert into digital_lib_tag (digital_lib_tag_id, name) values (1714,'automatism');
insert into digital_lib_tag (digital_lib_tag_id, name) values (1715,'LCD');
insert into digital_lib_tag (digital_lib_tag_id, name) values (1716,'computing/IT');
insert into digital_lib_tag (digital_lib_tag_id, name) values (1717,'Studying');
insert into digital_lib_tag (digital_lib_tag_id, name) values (1718,'gamedev');
insert into digital_lib_tag (digital_lib_tag_id, name) values (1719,'RESTful');
insert into digital_lib_tag (digital_lib_tag_id, name) values (1720,'C++Imperative');
insert into digital_lib_tag (digital_lib_tag_id, name) values (1721,'integration research');
insert into digital_lib_tag (digital_lib_tag_id, name) values (1722,'social networking');
insert into digital_lib_tag (digital_lib_tag_id, name) values (1723,'Univariate');
insert into digital_lib_tag (digital_lib_tag_id, name) values (1724,'risk measurement');
insert into digital_lib_tag (digital_lib_tag_id, name) values (1725,'free software');
insert into digital_lib_tag (digital_lib_tag_id, name) values (1726,'Weak links');
insert into digital_lib_tag (digital_lib_tag_id, name) values (1727,'ROI');
insert into digital_lib_tag (digital_lib_tag_id, name) values (1728,'encrypted');
insert into digital_lib_tag (digital_lib_tag_id, name) values (1729,'formal logic');
insert into digital_lib_tag (digital_lib_tag_id, name) values (1730,'R statistical software');
insert into digital_lib_tag (digital_lib_tag_id, name) values (1731,'microarchitecture');
insert into digital_lib_tag (digital_lib_tag_id, name) values (1732,'NaN');
insert into digital_lib_tag (digital_lib_tag_id, name) values (1733,'ubiquitous computing');
insert into digital_lib_tag (digital_lib_tag_id, name) values (1734,'UN Convention on the Rights of Persons with Disabilities');
insert into digital_lib_tag (digital_lib_tag_id, name) values (1735,'automation');
insert into digital_lib_tag (digital_lib_tag_id, name) values (1736,'Liberal Arts Teaching');
insert into digital_lib_tag (digital_lib_tag_id, name) values (1737,'productions');
insert into digital_lib_tag (digital_lib_tag_id, name) values (1738,'Cyber Security');
insert into digital_lib_tag (digital_lib_tag_id, name) values (1739,'Random Numbers');
insert into digital_lib_tag (digital_lib_tag_id, name) values (1740,'finite automaton');
insert into digital_lib_tag (digital_lib_tag_id, name) values (1741,'Multivariate');
insert into digital_lib_tag (digital_lib_tag_id, name) values (1742,'metrics');
insert into digital_lib_tag (digital_lib_tag_id, name) values (1743,'Education');
insert into digital_lib_tag (digital_lib_tag_id, name) values (1744,'Speaking');
insert into digital_lib_tag (digital_lib_tag_id, name) values (1745,'business cycles');
insert into digital_lib_tag (digital_lib_tag_id, name) values (1746,'human robot collaboration');
insert into digital_lib_tag (digital_lib_tag_id, name) values (1747,'Learning LaTeX');
insert into digital_lib_tag (digital_lib_tag_id, name) values (1748,'politics');
insert into digital_lib_tag (digital_lib_tag_id, name) values (1749,'robots');
insert into digital_lib_tag (digital_lib_tag_id, name) values (1750,'Inf');
insert into digital_lib_tag (digital_lib_tag_id, name) values (1751,'learning algorithms');
insert into digital_lib_tag (digital_lib_tag_id, name) values (1752,'computer systems');
insert into digital_lib_tag (digital_lib_tag_id, name) values (1753,'Lewin’s Model');
insert into digital_lib_tag (digital_lib_tag_id, name) values (1754,'Random variable');
insert into digital_lib_tag (digital_lib_tag_id, name) values (1755,'Singular-Value Analysis');
insert into digital_lib_tag (digital_lib_tag_id, name) values (1756,'promotion');
insert into digital_lib_tag (digital_lib_tag_id, name) values (1757,'Comparative Advantage');
insert into digital_lib_tag (digital_lib_tag_id, name) values (1758,'convolution');
insert into digital_lib_tag (digital_lib_tag_id, name) values (1759,'finite-dimensional spectral theorem');
insert into digital_lib_tag (digital_lib_tag_id, name) values (1760,'radio');
insert into digital_lib_tag (digital_lib_tag_id, name) values (1761,'Networking of Theories');
insert into digital_lib_tag (digital_lib_tag_id, name) values (1762,'parallel programming');
insert into digital_lib_tag (digital_lib_tag_id, name) values (1763,'Open AccessS');
insert into digital_lib_tag (digital_lib_tag_id, name) values (1764,'audits');
insert into digital_lib_tag (digital_lib_tag_id, name) values (1765,'user interface');
insert into digital_lib_tag (digital_lib_tag_id, name) values (1766,'clone validations');
insert into digital_lib_tag (digital_lib_tag_id, name) values (1767,'Purier');
insert into digital_lib_tag (digital_lib_tag_id, name) values (1768,'t-distributions');
insert into digital_lib_tag (digital_lib_tag_id, name) values (1769,'mathematical statistics');
insert into digital_lib_tag (digital_lib_tag_id, name) values (1770,'windows');
insert into digital_lib_tag (digital_lib_tag_id, name) values (1771,'programming languages');
insert into digital_lib_tag (digital_lib_tag_id, name) values (1772,'vulnerability');
insert into digital_lib_tag (digital_lib_tag_id, name) values (1773,'XSS');
insert into digital_lib_tag (digital_lib_tag_id, name) values (1774,'wireless');
insert into digital_lib_tag (digital_lib_tag_id, name) values (1775,'RDF');
insert into digital_lib_tag (digital_lib_tag_id, name) values (1776,'B2C');
insert into digital_lib_tag (digital_lib_tag_id, name) values (1777,'intrusion detection');
insert into digital_lib_tag (digital_lib_tag_id, name) values (1778,'Citizenship Study');
insert into digital_lib_tag (digital_lib_tag_id, name) values (1779,'parallel testing');
insert into digital_lib_tag (digital_lib_tag_id, name) values (1780,'Fundamental Theorem of Algebra');
insert into digital_lib_tag (digital_lib_tag_id, name) values (1781,'Emerging economies');
insert into digital_lib_tag (digital_lib_tag_id, name) values (1782,'knowledge');
insert into digital_lib_tag (digital_lib_tag_id, name) values (1783,'ITILGRC');
insert into digital_lib_tag (digital_lib_tag_id, name) values (1784,'Economic Community');
insert into digital_lib_tag (digital_lib_tag_id, name) values (1785,'Bologna Process');
insert into digital_lib_tag (digital_lib_tag_id, name) values (1786,'Eastern Europe');
insert into digital_lib_tag (digital_lib_tag_id, name) values (1787,'Fundamentals of Data');
insert into digital_lib_tag (digital_lib_tag_id, name) values (1788,'OpenGl');
insert into digital_lib_tag (digital_lib_tag_id, name) values (1789,'Productivity');
insert into digital_lib_tag (digital_lib_tag_id, name) values (1790,'Decolonizing the Curriculum');
insert into digital_lib_tag (digital_lib_tag_id, name) values (1791,'Markov Chains');
insert into digital_lib_tag (digital_lib_tag_id, name) values (1792,'POSIX');
insert into digital_lib_tag (digital_lib_tag_id, name) values (1793,'hash');
insert into digital_lib_tag (digital_lib_tag_id, name) values (1794,'automated storage');
insert into digital_lib_tag (digital_lib_tag_id, name) values (1795,'Graph');
insert into digital_lib_tag (digital_lib_tag_id, name) values (1796,'Lagrange Multipliers');
insert into digital_lib_tag (digital_lib_tag_id, name) values (1797,'technical debt');
insert into digital_lib_tag (digital_lib_tag_id, name) values (1798,'Statistical inference');
insert into digital_lib_tag (digital_lib_tag_id, name) values (1799,'Software Architectures');
insert into digital_lib_tag (digital_lib_tag_id, name) values (1800,'NUMA');
insert into digital_lib_tag (digital_lib_tag_id, name) values (1801,'SDRAM');
insert into digital_lib_tag (digital_lib_tag_id, name) values (1802,'Mathematical Literacy');
insert into digital_lib_tag (digital_lib_tag_id, name) values (1803,'Weak Solutions');
insert into digital_lib_tag (digital_lib_tag_id, name) values (1804,'Mobile Health');
insert into digital_lib_tag (digital_lib_tag_id, name) values (1805,'bank management');
insert into digital_lib_tag (digital_lib_tag_id, name) values (1806,'flash');
insert into digital_lib_tag (digital_lib_tag_id, name) values (1807,'governance');
insert into digital_lib_tag (digital_lib_tag_id, name) values (1808,'English');
insert into digital_lib_tag (digital_lib_tag_id, name) values (1809,'Adaptive Systems');
insert into digital_lib_tag (digital_lib_tag_id, name) values (1810,'legal');
insert into digital_lib_tag (digital_lib_tag_id, name) values (1811,'Gauss');
insert into digital_lib_tag (digital_lib_tag_id, name) values (1812,'producer theory');
insert into digital_lib_tag (digital_lib_tag_id, name) values (1813,'creativity. future');
insert into digital_lib_tag (digital_lib_tag_id, name) values (1814,'optics');
insert into digital_lib_tag (digital_lib_tag_id, name) values (1815,'Linear Algebra');
insert into digital_lib_tag (digital_lib_tag_id, name) values (1816,'SHA-3. SHA-1');
insert into digital_lib_tag (digital_lib_tag_id, name) values (1817,'Machine Learning');
insert into digital_lib_tag (digital_lib_tag_id, name) values (1818,'speech recognition');
insert into digital_lib_tag (digital_lib_tag_id, name) values (1819,'kinetic');
insert into digital_lib_tag (digital_lib_tag_id, name) values (1820,'organizing systems');
insert into digital_lib_tag (digital_lib_tag_id, name) values (1821,'data privacy');
insert into digital_lib_tag (digital_lib_tag_id, name) values (1822,'QA');
insert into digital_lib_tag (digital_lib_tag_id, name) values (1823,'machine learning');
insert into digital_lib_tag (digital_lib_tag_id, name) values (1824,'Fourier series');
insert into digital_lib_tag (digital_lib_tag_id, name) values (1825,'PC');
insert into digital_lib_tag (digital_lib_tag_id, name) values (1826,'social inequality');
insert into digital_lib_tag (digital_lib_tag_id, name) values (1827,'LaTeX');
insert into digital_lib_tag (digital_lib_tag_id, name) values (1828,'SSD');
insert into digital_lib_tag (digital_lib_tag_id, name) values (1829,'commercial roof management');
insert into digital_lib_tag (digital_lib_tag_id, name) values (1830,'P2P');
insert into digital_lib_tag (digital_lib_tag_id, name) values (1831,'productivity');
insert into digital_lib_tag (digital_lib_tag_id, name) values (1832,'corruption');
insert into digital_lib_tag (digital_lib_tag_id, name) values (1833,'interfaces');
insert into digital_lib_tag (digital_lib_tag_id, name) values (1834,'Turkey');
insert into digital_lib_tag (digital_lib_tag_id, name) values (1835,'corporate');
insert into digital_lib_tag (digital_lib_tag_id, name) values (1836,'correlation analysis');
insert into digital_lib_tag (digital_lib_tag_id, name) values (1837,'Science');
insert into digital_lib_tag (digital_lib_tag_id, name) values (1838,'intangible assets');
insert into digital_lib_tag (digital_lib_tag_id, name) values (1839,'computer programming');
insert into digital_lib_tag (digital_lib_tag_id, name) values (1840,'LISP');
insert into digital_lib_tag (digital_lib_tag_id, name) values (1841,'mission');
insert into digital_lib_tag (digital_lib_tag_id, name) values (1842,'Data Mining');
insert into digital_lib_tag (digital_lib_tag_id, name) values (1843,'hypotheses testing');
insert into digital_lib_tag (digital_lib_tag_id, name) values (1844,'output');
insert into digital_lib_tag (digital_lib_tag_id, name) values (1845,'long-term financing');
insert into digital_lib_tag (digital_lib_tag_id, name) values (1846,'world');
insert into digital_lib_tag (digital_lib_tag_id, name) values (1847,'The Weingarten Mapping');
insert into digital_lib_tag (digital_lib_tag_id, name) values (1848,'kinematics');
insert into digital_lib_tag (digital_lib_tag_id, name) values (1849,'Axler linear algebra');
insert into digital_lib_tag (digital_lib_tag_id, name) values (1850,'autonomous mobile robots');
insert into digital_lib_tag (digital_lib_tag_id, name) values (1851,'CPUs');
insert into digital_lib_tag (digital_lib_tag_id, name) values (1852,'Turing');
insert into digital_lib_tag (digital_lib_tag_id, name) values (1853,'web public relations');
insert into digital_lib_tag (digital_lib_tag_id, name) values (1854,'Least Squares');
insert into digital_lib_tag (digital_lib_tag_id, name) values (1855,'Critical Mathematics');
insert into digital_lib_tag (digital_lib_tag_id, name) values (1856,'prolog');
insert into digital_lib_tag (digital_lib_tag_id, name) values (1857,'Multisim');
insert into digital_lib_tag (digital_lib_tag_id, name) values (1858,'logic programmig');
insert into digital_lib_tag (digital_lib_tag_id, name) values (1859,'Concurrency');
insert into digital_lib_tag (digital_lib_tag_id, name) values (1860,'project management');
insert into digital_lib_tag (digital_lib_tag_id, name) values (1861,'Polynomial Regression');
insert into digital_lib_tag (digital_lib_tag_id, name) values (1862,'Innovation');
insert into digital_lib_tag (digital_lib_tag_id, name) values (1863,'solid disk');
insert into digital_lib_tag (digital_lib_tag_id, name) values (1864,'support vector machines');
insert into digital_lib_tag (digital_lib_tag_id, name) values (1865,'reactive system');
insert into digital_lib_tag (digital_lib_tag_id, name) values (1866,'forecasting models');
insert into digital_lib_tag (digital_lib_tag_id, name) values (1867,'robotics');
insert into digital_lib_tag (digital_lib_tag_id, name) values (1868,'EDA');
insert into digital_lib_tag (digital_lib_tag_id, name) values (1869,'Web Design');
insert into digital_lib_tag (digital_lib_tag_id, name) values (1870,'e-business');
insert into digital_lib_tag (digital_lib_tag_id, name) values (1871,'financial system');
insert into digital_lib_tag (digital_lib_tag_id, name) values (1872,'Model Non-Linear Predictive Models');
insert into digital_lib_tag (digital_lib_tag_id, name) values (1873,'software development');
insert into digital_lib_tag (digital_lib_tag_id, name) values (1874,'Geometric');
insert into digital_lib_tag (digital_lib_tag_id, name) values (1875,'Nonlinear Evolution Equations');
insert into digital_lib_tag (digital_lib_tag_id, name) values (1876,'Egypt');
insert into digital_lib_tag (digital_lib_tag_id, name) values (1877,'Statistical Simulation');
insert into digital_lib_tag (digital_lib_tag_id, name) values (1878,'Autism');
insert into digital_lib_tag (digital_lib_tag_id, name) values (1879,'MQTT');
insert into digital_lib_tag (digital_lib_tag_id, name) values (1880,'external environment');
insert into digital_lib_tag (digital_lib_tag_id, name) values (1881,'Radio-frequency identification (RFID)');
insert into digital_lib_tag (digital_lib_tag_id, name) values (1882,'screen sharing');
insert into digital_lib_tag (digital_lib_tag_id, name) values (1883,'complexity');
insert into digital_lib_tag (digital_lib_tag_id, name) values (1884,'tricks');
insert into digital_lib_tag (digital_lib_tag_id, name) values (1885,'Value');
insert into digital_lib_tag (digital_lib_tag_id, name) values (1886,'internal capability');
insert into digital_lib_tag (digital_lib_tag_id, name) values (1887,'PD curves');
insert into digital_lib_tag (digital_lib_tag_id, name) values (1888,'Development Finance');
insert into digital_lib_tag (digital_lib_tag_id, name) values (1889,'Educational Achievement');
insert into digital_lib_tag (digital_lib_tag_id, name) values (1890,'mootols');
insert into digital_lib_tag (digital_lib_tag_id, name) values (1891,'data mining');
insert into digital_lib_tag (digital_lib_tag_id, name) values (1892,'terrorism');
insert into digital_lib_tag (digital_lib_tag_id, name) values (1893,'pmey');
insert into digital_lib_tag (digital_lib_tag_id, name) values (1894,'Populism');
insert into digital_lib_tag (digital_lib_tag_id, name) values (1895,'Central Limit Theorem');
insert into digital_lib_tag (digital_lib_tag_id, name) values (1896,'UML');
insert into digital_lib_tag (digital_lib_tag_id, name) values (1897,'transmedia');
insert into digital_lib_tag (digital_lib_tag_id, name) values (1898,'Architecture');
insert into digital_lib_tag (digital_lib_tag_id, name) values (1899,'cultural interfaces');
insert into digital_lib_tag (digital_lib_tag_id, name) values (1900,'POMs');
insert into digital_lib_tag (digital_lib_tag_id, name) values (1901,'Infrastructures of mHealth');
insert into digital_lib_tag (digital_lib_tag_id, name) values (1902,'engineering');
insert into digital_lib_tag (digital_lib_tag_id, name) values (1903,'TypeScript');
insert into digital_lib_tag (digital_lib_tag_id, name) values (1904,'Data Visualisation');
insert into digital_lib_tag (digital_lib_tag_id, name) values (1905,'bagging');
insert into digital_lib_tag (digital_lib_tag_id, name) values (1906,'behavior');
insert into digital_lib_tag (digital_lib_tag_id, name) values (1907,'global environment');
insert into digital_lib_tag (digital_lib_tag_id, name) values (1908,'Stochastic processes');
insert into digital_lib_tag (digital_lib_tag_id, name) values (1909,'Data Structures');
insert into digital_lib_tag (digital_lib_tag_id, name) values (1910,'SCM');
insert into digital_lib_tag (digital_lib_tag_id, name) values (1911,'8 bits');
insert into digital_lib_tag (digital_lib_tag_id, name) values (1912,'Optics');
insert into digital_lib_tag (digital_lib_tag_id, name) values (1913,'animation');
insert into digital_lib_tag (digital_lib_tag_id, name) values (1914,'logic');
insert into digital_lib_tag (digital_lib_tag_id, name) values (1915,'streams');
insert into digital_lib_tag (digital_lib_tag_id, name) values (1916,'crowdsourcing');
insert into digital_lib_tag (digital_lib_tag_id, name) values (1917,'JSON');
insert into digital_lib_tag (digital_lib_tag_id, name) values (1918,'Risk analysis');
insert into digital_lib_tag (digital_lib_tag_id, name) values (1919,'MATLAB');
insert into digital_lib_tag (digital_lib_tag_id, name) values (1920,'Attribute Selection');
insert into digital_lib_tag (digital_lib_tag_id, name) values (1921,'JavaScript');
insert into digital_lib_tag (digital_lib_tag_id, name) values (1922,'Computer Science');
insert into digital_lib_tag (digital_lib_tag_id, name) values (1923,'Social Network Analysis');
insert into digital_lib_tag (digital_lib_tag_id, name) values (1924,'Statistics');
insert into digital_lib_tag (digital_lib_tag_id, name) values (1925,'production');
insert into digital_lib_tag (digital_lib_tag_id, name) values (1926,'Finite Elements');
insert into digital_lib_tag (digital_lib_tag_id, name) values (1927,'Methods');
insert into digital_lib_tag (digital_lib_tag_id, name) values (1928,'tests');
insert into digital_lib_tag (digital_lib_tag_id, name) values (1929,'cost analysis');
insert into digital_lib_tag (digital_lib_tag_id, name) values (1930,'Deep learning');
insert into digital_lib_tag (digital_lib_tag_id, name) values (1931,'Mechanics');
insert into digital_lib_tag (digital_lib_tag_id, name) values (1932,'mobile applications');
insert into digital_lib_tag (digital_lib_tag_id, name) values (1933,'Java');
insert into digital_lib_tag (digital_lib_tag_id, name) values (1934,'TXT');
insert into digital_lib_tag (digital_lib_tag_id, name) values (1935,'numerical technique');
insert into digital_lib_tag (digital_lib_tag_id, name) values (1936,'Statistical Knowledge');
insert into digital_lib_tag (digital_lib_tag_id, name) values (1937,'Economic growth');
insert into digital_lib_tag (digital_lib_tag_id, name) values (1938,'Education reform');
insert into digital_lib_tag (digital_lib_tag_id, name) values (1939,'accountable culture');
insert into digital_lib_tag (digital_lib_tag_id, name) values (1940,'Bayesian data analysis');
insert into digital_lib_tag (digital_lib_tag_id, name) values (1941,'unsupervised learning');
insert into digital_lib_tag (digital_lib_tag_id, name) values (1942,'overhead');
insert into digital_lib_tag (digital_lib_tag_id, name) values (1943,'work environment');
insert into digital_lib_tag (digital_lib_tag_id, name) values (1944,'market research');
insert into digital_lib_tag (digital_lib_tag_id, name) values (1945,'hibernate');
insert into digital_lib_tag (digital_lib_tag_id, name) values (1946,'Chi-Square distribution');
insert into digital_lib_tag (digital_lib_tag_id, name) values (1947,'Sweatshops');
insert into digital_lib_tag (digital_lib_tag_id, name) values (1948,'Boosting');
insert into digital_lib_tag (digital_lib_tag_id, name) values (1949,'account');
insert into digital_lib_tag (digital_lib_tag_id, name) values (1950,'Bayesian estimation theory');
insert into digital_lib_tag (digital_lib_tag_id, name) values (1951,'Economic agglomeration');
insert into digital_lib_tag (digital_lib_tag_id, name) values (1952,'cost flow');
insert into digital_lib_tag (digital_lib_tag_id, name) values (1953,'RR software');
insert into digital_lib_tag (digital_lib_tag_id, name) values (1954,'recursion');
insert into digital_lib_tag (digital_lib_tag_id, name) values (1955,'TE 2.0');
insert into digital_lib_tag (digital_lib_tag_id, name) values (1956,'Privacy-preserving data mining');
insert into digital_lib_tag (digital_lib_tag_id, name) values (1957,'International');
insert into digital_lib_tag (digital_lib_tag_id, name) values (1958,'public economy');
insert into digital_lib_tag (digital_lib_tag_id, name) values (1959,'problem solving');
insert into digital_lib_tag (digital_lib_tag_id, name) values (1960,'RAM');
insert into digital_lib_tag (digital_lib_tag_id, name) values (1961,'autonomic decision making');
insert into digital_lib_tag (digital_lib_tag_id, name) values (1962,'kernelo methods');
insert into digital_lib_tag (digital_lib_tag_id, name) values (1963,'Topology');
insert into digital_lib_tag (digital_lib_tag_id, name) values (1964,'Multidisciplinary Studies');
insert into digital_lib_tag (digital_lib_tag_id, name) values (1965,'automatons');
insert into digital_lib_tag (digital_lib_tag_id, name) values (1966,'NoSQL');
insert into digital_lib_tag (digital_lib_tag_id, name) values (1967,'statistics');
insert into digital_lib_tag (digital_lib_tag_id, name) values (1968,'corporate responsibility');
insert into digital_lib_tag (digital_lib_tag_id, name) values (1969,'OASIS');
insert into digital_lib_tag (digital_lib_tag_id, name) values (1970,'punctuation');
insert into digital_lib_tag (digital_lib_tag_id, name) values (1971,'BR');
insert into digital_lib_tag (digital_lib_tag_id, name) values (1972,'Requirements Engineering');
insert into digital_lib_tag (digital_lib_tag_id, name) values (1973,'LaTeX user guide');
insert into digital_lib_tag (digital_lib_tag_id, name) values (1974,'synchronization');
insert into digital_lib_tag (digital_lib_tag_id, name) values (1975,'algebraic reasoning');
insert into digital_lib_tag (digital_lib_tag_id, name) values (1976,'regression');
insert into digital_lib_tag (digital_lib_tag_id, name) values (1977,'delivery');
insert into digital_lib_tag (digital_lib_tag_id, name) values (1978,'OTG');
insert into digital_lib_tag (digital_lib_tag_id, name) values (1979,'ID');
insert into digital_lib_tag (digital_lib_tag_id, name) values (1980,'speech');
insert into digital_lib_tag (digital_lib_tag_id, name) values (1981,'fonts');
insert into digital_lib_tag (digital_lib_tag_id, name) values (1982,'USB');
insert into digital_lib_tag (digital_lib_tag_id, name) values (1983,'Evaluation');
insert into digital_lib_tag (digital_lib_tag_id, name) values (1984,'Oracle');
insert into digital_lib_tag (digital_lib_tag_id, name) values (1985,'cryptoprocessor');
insert into digital_lib_tag (digital_lib_tag_id, name) values (1986,'Time Series Analysis');
insert into digital_lib_tag (digital_lib_tag_id, name) values (1987,'error');
insert into digital_lib_tag (digital_lib_tag_id, name) values (1988,'Lifelong Learning');
insert into digital_lib_tag (digital_lib_tag_id, name) values (1989,'economies');
insert into digital_lib_tag (digital_lib_tag_id, name) values (1990,'Design');
insert into digital_lib_tag (digital_lib_tag_id, name) values (1991,'infographics');
insert into digital_lib_tag (digital_lib_tag_id, name) values (1992,'symbols');
insert into digital_lib_tag (digital_lib_tag_id, name) values (1993,'MIS');
insert into digital_lib_tag (digital_lib_tag_id, name) values (1994,'graphic design');
insert into digital_lib_tag (digital_lib_tag_id, name) values (1995,'@Risk');
insert into digital_lib_tag (digital_lib_tag_id, name) values (1996,'Python programming');
insert into digital_lib_tag (digital_lib_tag_id, name) values (1997,'Feature selection');
insert into digital_lib_tag (digital_lib_tag_id, name) values (1998,'Spectral analysis');
insert into digital_lib_tag (digital_lib_tag_id, name) values (1999,'IPs');
insert into digital_lib_tag (digital_lib_tag_id, name) values (2000,'Computer programming');
insert into digital_lib_tag (digital_lib_tag_id, name) values (2001,'IS-LM');
insert into digital_lib_tag (digital_lib_tag_id, name) values (2002,'Migrant');
insert into digital_lib_tag (digital_lib_tag_id, name) values (2003,'quality of experience');
insert into digital_lib_tag (digital_lib_tag_id, name) values (2004,'Inclusive Pedagogy');
insert into digital_lib_tag (digital_lib_tag_id, name) values (2005,'school');
insert into digital_lib_tag (digital_lib_tag_id, name) values (2006,'power dynamics');
insert into digital_lib_tag (digital_lib_tag_id, name) values (2007,'qualitative research');
insert into digital_lib_tag (digital_lib_tag_id, name) values (2008,'cultural diversity');
insert into digital_lib_tag (digital_lib_tag_id, name) values (2009,'robot');
insert into digital_lib_tag (digital_lib_tag_id, name) values (2010,'Hybrid Organization');
insert into digital_lib_tag (digital_lib_tag_id, name) values (2011,'strategic planning');
insert into digital_lib_tag (digital_lib_tag_id, name) values (2012,'Smart Environments');
insert into digital_lib_tag (digital_lib_tag_id, name) values (2013,'SPies');
insert into digital_lib_tag (digital_lib_tag_id, name) values (2014,'factor mobility');
insert into digital_lib_tag (digital_lib_tag_id, name) values (2015,'UNIX');
insert into digital_lib_tag (digital_lib_tag_id, name) values (2016,'authentication');
insert into digital_lib_tag (digital_lib_tag_id, name) values (2017,'statistical software R');
insert into digital_lib_tag (digital_lib_tag_id, name) values (2018,'sript');
insert into digital_lib_tag (digital_lib_tag_id, name) values (2019,'linear algebra');
insert into digital_lib_tag (digital_lib_tag_id, name) values (2020,'market system');
insert into digital_lib_tag (digital_lib_tag_id, name) values (2021,'European Internal Market');
insert into digital_lib_tag (digital_lib_tag_id, name) values (2022,'Spatial data mining');
insert into digital_lib_tag (digital_lib_tag_id, name) values (2023,'MOOCs');
insert into digital_lib_tag (digital_lib_tag_id, name) values (2024,'UAS MArket');
insert into digital_lib_tag (digital_lib_tag_id, name) values (2025,'Educational data mining');
insert into digital_lib_tag (digital_lib_tag_id, name) values (2026,'energy');
insert into digital_lib_tag (digital_lib_tag_id, name) values (2027,'fractions');
insert into digital_lib_tag (digital_lib_tag_id, name) values (2028,'bridging concept identification');
insert into digital_lib_tag (digital_lib_tag_id, name) values (2029,'consumption');
insert into digital_lib_tag (digital_lib_tag_id, name) values (2030,'routing');
insert into digital_lib_tag (digital_lib_tag_id, name) values (2031,'polynomial classifiers');
insert into digital_lib_tag (digital_lib_tag_id, name) values (2032,'cash');
insert into digital_lib_tag (digital_lib_tag_id, name) values (2033,'Matrix Calculation');
insert into digital_lib_tag (digital_lib_tag_id, name) values (2034,'computerprogramming');
insert into digital_lib_tag (digital_lib_tag_id, name) values (2035,'pseudocode');
insert into digital_lib_tag (digital_lib_tag_id, name) values (2036,'computer application');
insert into digital_lib_tag (digital_lib_tag_id, name) values (2037,'continuous experimentation');
insert into digital_lib_tag (digital_lib_tag_id, name) values (2038,'Image');
insert into digital_lib_tag (digital_lib_tag_id, name) values (2039,'Assembly Language Programming');
insert into digital_lib_tag (digital_lib_tag_id, name) values (2040,'biofortified crops');
insert into digital_lib_tag (digital_lib_tag_id, name) values (2041,'accounting');
insert into digital_lib_tag (digital_lib_tag_id, name) values (2042,'motion');
insert into digital_lib_tag (digital_lib_tag_id, name) values (2043,'big data');
insert into digital_lib_tag (digital_lib_tag_id, name) values (2044,'Open Access');
insert into digital_lib_tag (digital_lib_tag_id, name) values (2045,'Mobile computing');
insert into digital_lib_tag (digital_lib_tag_id, name) values (2046,'Inequality');
insert into digital_lib_tag (digital_lib_tag_id, name) values (2047,'heat treating');
insert into digital_lib_tag (digital_lib_tag_id, name) values (2048,'C');
insert into digital_lib_tag (digital_lib_tag_id, name) values (2049,'IPv4');
insert into digital_lib_tag (digital_lib_tag_id, name) values (2050,'graphical representation of data');
insert into digital_lib_tag (digital_lib_tag_id, name) values (2051,'Python 3');
insert into digital_lib_tag (digital_lib_tag_id, name) values (2052,'Data-Driven Economy');
insert into digital_lib_tag (digital_lib_tag_id, name) values (2053,'Embedded autonomy');
insert into digital_lib_tag (digital_lib_tag_id, name) values (2054,'Pythonalgorithm analysis');
insert into digital_lib_tag (digital_lib_tag_id, name) values (2055,'performance');
insert into digital_lib_tag (digital_lib_tag_id, name) values (2056,'South Africa');
insert into digital_lib_tag (digital_lib_tag_id, name) values (2057,'matrices');
insert into digital_lib_tag (digital_lib_tag_id, name) values (2058,'lambda');
insert into digital_lib_tag (digital_lib_tag_id, name) values (2059,'dual spaces');
insert into digital_lib_tag (digital_lib_tag_id, name) values (2060,'Open access');
insert into digital_lib_tag (digital_lib_tag_id, name) values (2061,'Graph analysis');
insert into digital_lib_tag (digital_lib_tag_id, name) values (2062,'firmware @en');
insert into digital_lib_tag (digital_lib_tag_id, name) values (2063,'insurance');
insert into digital_lib_tag (digital_lib_tag_id, name) values (2064,'extraction');
insert into digital_lib_tag (digital_lib_tag_id, name) values (2065,'Functional Programming');
insert into digital_lib_tag (digital_lib_tag_id, name) values (2066,'ArcPy');
insert into digital_lib_tag (digital_lib_tag_id, name) values (2067,'Forecasting with structural breaks');
insert into digital_lib_tag (digital_lib_tag_id, name) values (2068,'numerical reasoning');
insert into digital_lib_tag (digital_lib_tag_id, name) values (2069,'Public policy');
insert into digital_lib_tag (digital_lib_tag_id, name) values (2070,'the Heckscher-Ohlin model');
insert into digital_lib_tag (digital_lib_tag_id, name) values (2071,'music');
insert into digital_lib_tag (digital_lib_tag_id, name) values (2072,'Opengl');
insert into digital_lib_tag (digital_lib_tag_id, name) values (2073,'Eigenvalues');
insert into digital_lib_tag (digital_lib_tag_id, name) values (2074,'MooTools');
insert into digital_lib_tag (digital_lib_tag_id, name) values (2075,'culture');
insert into digital_lib_tag (digital_lib_tag_id, name) values (2076,'programming');
insert into digital_lib_tag (digital_lib_tag_id, name) values (2077,'decision theory');
insert into digital_lib_tag (digital_lib_tag_id, name) values (2078,'Statistics for Business Science');
insert into digital_lib_tag (digital_lib_tag_id, name) values (2079,'OOP');
insert into digital_lib_tag (digital_lib_tag_id, name) values (2080,'matlab');
insert into digital_lib_tag (digital_lib_tag_id, name) values (2081,'physical security');
insert into digital_lib_tag (digital_lib_tag_id, name) values (2082,'cybernetics');
insert into digital_lib_tag (digital_lib_tag_id, name) values (2083,'business plan');
insert into digital_lib_tag (digital_lib_tag_id, name) values (2084,'retrieval');
insert into digital_lib_tag (digital_lib_tag_id, name) values (2085,'digitization');
insert into digital_lib_tag (digital_lib_tag_id, name) values (2086,'Mathematics Teaching');
insert into digital_lib_tag (digital_lib_tag_id, name) values (2087,'Italian');
insert into digital_lib_tag (digital_lib_tag_id, name) values (2088,'Test Driven Development');
insert into digital_lib_tag (digital_lib_tag_id, name) values (2089,'security');
insert into digital_lib_tag (digital_lib_tag_id, name) values (2090,'quality of service');
insert into digital_lib_tag (digital_lib_tag_id, name) values (2091,'Asia');
insert into digital_lib_tag (digital_lib_tag_id, name) values (2092,'Haskell');
insert into digital_lib_tag (digital_lib_tag_id, name) values (2093,'Telecommunication networks');
insert into digital_lib_tag (digital_lib_tag_id, name) values (2094,'Global community');
insert into digital_lib_tag (digital_lib_tag_id, name) values (2095,'performance evaluation');
insert into digital_lib_tag (digital_lib_tag_id, name) values (2096,'Data Analysis Textbook');
insert into digital_lib_tag (digital_lib_tag_id, name) values (2097,'transaction analysis');
insert into digital_lib_tag (digital_lib_tag_id, name) values (2098,'applied consumer theory');
insert into digital_lib_tag (digital_lib_tag_id, name) values (2099,'bioinformatics');
insert into digital_lib_tag (digital_lib_tag_id, name) values (2100,'LAML');
insert into digital_lib_tag (digital_lib_tag_id, name) values (2101,'Semantic search');
insert into digital_lib_tag (digital_lib_tag_id, name) values (2102,'safety principles');
insert into digital_lib_tag (digital_lib_tag_id, name) values (2103,'purchase');
insert into digital_lib_tag (digital_lib_tag_id, name) values (2104,'value');
insert into digital_lib_tag (digital_lib_tag_id, name) values (2105,'social security');
insert into digital_lib_tag (digital_lib_tag_id, name) values (2106,'Gnu');
insert into digital_lib_tag (digital_lib_tag_id, name) values (2107,'Policy');
insert into digital_lib_tag (digital_lib_tag_id, name) values (2108,'IOCs');
insert into digital_lib_tag (digital_lib_tag_id, name) values (2109,'Public Values');
insert into digital_lib_tag (digital_lib_tag_id, name) values (2110,'NLP');
insert into digital_lib_tag (digital_lib_tag_id, name) values (2111,'trust management');
insert into digital_lib_tag (digital_lib_tag_id, name) values (2112,'random variables');
insert into digital_lib_tag (digital_lib_tag_id, name) values (2113,'computer security');
insert into digital_lib_tag (digital_lib_tag_id, name) values (2114,'basic math');
insert into digital_lib_tag (digital_lib_tag_id, name) values (2115,'Cultural literacy');
insert into digital_lib_tag (digital_lib_tag_id, name) values (2116,'heat equation');
insert into digital_lib_tag (digital_lib_tag_id, name) values (2117,'Creative Problem Solving');
insert into digital_lib_tag (digital_lib_tag_id, name) values (2118,'Performance Evaluation');
insert into digital_lib_tag (digital_lib_tag_id, name) values (2119,'free hardware');
insert into digital_lib_tag (digital_lib_tag_id, name) values (2120,'java');
insert into digital_lib_tag (digital_lib_tag_id, name) values (2121,'reputation');
insert into digital_lib_tag (digital_lib_tag_id, name) values (2122,'Simplex Method');
insert into digital_lib_tag (digital_lib_tag_id, name) values (2123,'Spectral theorems');
insert into digital_lib_tag (digital_lib_tag_id, name) values (2124,'partnerships');
insert into digital_lib_tag (digital_lib_tag_id, name) values (2125,'networks');
insert into digital_lib_tag (digital_lib_tag_id, name) values (2126,'Microsoft');
insert into digital_lib_tag (digital_lib_tag_id, name) values (2127,'ergonomics');
insert into digital_lib_tag (digital_lib_tag_id, name) values (2128,'EHEAEducation');
insert into digital_lib_tag (digital_lib_tag_id, name) values (2129,'Jasmine');
insert into digital_lib_tag (digital_lib_tag_id, name) values (2130,'global');
insert into digital_lib_tag (digital_lib_tag_id, name) values (2131,'predictive analytics');
insert into digital_lib_tag (digital_lib_tag_id, name) values (2132,'organizational structures');
insert into digital_lib_tag (digital_lib_tag_id, name) values (2133,'constitutional law');
insert into digital_lib_tag (digital_lib_tag_id, name) values (2134,'blended learning');
insert into digital_lib_tag (digital_lib_tag_id, name) values (2135,'HDD');
insert into digital_lib_tag (digital_lib_tag_id, name) values (2136,'EU expansion');
insert into digital_lib_tag (digital_lib_tag_id, name) values (2137,'Image representations');
insert into digital_lib_tag (digital_lib_tag_id, name) values (2138,'tort reform');
insert into digital_lib_tag (digital_lib_tag_id, name) values (2139,'firm');
insert into digital_lib_tag (digital_lib_tag_id, name) values (2140,'R Software');
insert into digital_lib_tag (digital_lib_tag_id, name) values (2141,'public sector');
insert into digital_lib_tag (digital_lib_tag_id, name) values (2142,'courts');
insert into digital_lib_tag (digital_lib_tag_id, name) values (2143,'strategic entrepreneurship');
insert into digital_lib_tag (digital_lib_tag_id, name) values (2144,'phone');
insert into digital_lib_tag (digital_lib_tag_id, name) values (2145,'abstraction');
insert into digital_lib_tag (digital_lib_tag_id, name) values (2146,'HR');
insert into digital_lib_tag (digital_lib_tag_id, name) values (2147,'Corporate Governance');
insert into digital_lib_tag (digital_lib_tag_id, name) values (2148,'Data Analytics');
insert into digital_lib_tag (digital_lib_tag_id, name) values (2149,'patent free-trade agreement');
insert into digital_lib_tag (digital_lib_tag_id, name) values (2150,'BlueJ');
insert into digital_lib_tag (digital_lib_tag_id, name) values (2151,'Introductory Computer Science');
insert into digital_lib_tag (digital_lib_tag_id, name) values (2152,'inductive statistical methods');
insert into digital_lib_tag (digital_lib_tag_id, name) values (2153,'analytic geometry');
insert into digital_lib_tag (digital_lib_tag_id, name) values (2154,'EU');
insert into digital_lib_tag (digital_lib_tag_id, name) values (2155,'probability distributions');
insert into digital_lib_tag (digital_lib_tag_id, name) values (2156,'European Law');
insert into digital_lib_tag (digital_lib_tag_id, name) values (2157,'Taylor series');
insert into digital_lib_tag (digital_lib_tag_id, name) values (2158,'bookkeeping');
insert into digital_lib_tag (digital_lib_tag_id, name) values (2159,'assembler');
insert into digital_lib_tag (digital_lib_tag_id, name) values (2160,'economy');
insert into digital_lib_tag (digital_lib_tag_id, name) values (2161,'Education policy');
insert into digital_lib_tag (digital_lib_tag_id, name) values (2162,'recommendation');
insert into digital_lib_tag (digital_lib_tag_id, name) values (2163,'software architectures');
insert into digital_lib_tag (digital_lib_tag_id, name) values (2164,'Neuroscience');
insert into digital_lib_tag (digital_lib_tag_id, name) values (2165,'Emacs Lisp');
insert into digital_lib_tag (digital_lib_tag_id, name) values (2166,'Corporate Social Responsibility');
insert into digital_lib_tag (digital_lib_tag_id, name) values (2167,'R&D');
insert into digital_lib_tag (digital_lib_tag_id, name) values (2168,'foreign direct investment');
insert into digital_lib_tag (digital_lib_tag_id, name) values (2169,'agency theory');
insert into digital_lib_tag (digital_lib_tag_id, name) values (2170,'quantum computing');
insert into digital_lib_tag (digital_lib_tag_id, name) values (2171,'ICANN');
insert into digital_lib_tag (digital_lib_tag_id, name) values (2172,'Calculus');
insert into digital_lib_tag (digital_lib_tag_id, name) values (2173,'frequency');
insert into digital_lib_tag (digital_lib_tag_id, name) values (2174,'Graphical Design');
insert into digital_lib_tag (digital_lib_tag_id, name) values (2175,'products');
insert into digital_lib_tag (digital_lib_tag_id, name) values (2176,'human resources');
insert into digital_lib_tag (digital_lib_tag_id, name) values (2177,'data analysis');
insert into digital_lib_tag (digital_lib_tag_id, name) values (2178,'Lock-in');
insert into digital_lib_tag (digital_lib_tag_id, name) values (2179,'IANA');
insert into digital_lib_tag (digital_lib_tag_id, name) values (2180,'International Civic');
insert into digital_lib_tag (digital_lib_tag_id, name) values (2181,'world wide web');
insert into digital_lib_tag (digital_lib_tag_id, name) values (2182,'European Education Policies');
insert into digital_lib_tag (digital_lib_tag_id, name) values (2183,'US positive law');
insert into digital_lib_tag (digital_lib_tag_id, name) values (2184,'Internet');
insert into digital_lib_tag (digital_lib_tag_id, name) values (2185,'income taxes');
insert into digital_lib_tag (digital_lib_tag_id, name) values (2186,'astronomy');
insert into digital_lib_tag (digital_lib_tag_id, name) values (2187,'web');
insert into digital_lib_tag (digital_lib_tag_id, name) values (2188,'cultural economics');
insert into digital_lib_tag (digital_lib_tag_id, name) values (2189,'Political economics');
insert into digital_lib_tag (digital_lib_tag_id, name) values (2190,'open education');
insert into digital_lib_tag (digital_lib_tag_id, name) values (2191,'scratch');
insert into digital_lib_tag (digital_lib_tag_id, name) values (2192,'role');
insert into digital_lib_tag (digital_lib_tag_id, name) values (2193,'Agile Software Development');
insert into digital_lib_tag (digital_lib_tag_id, name) values (2194,'CSFR');
insert into digital_lib_tag (digital_lib_tag_id, name) values (2195,'cross-validation');
insert into digital_lib_tag (digital_lib_tag_id, name) values (2196,'assets');
insert into digital_lib_tag (digital_lib_tag_id, name) values (2197,'BRIC');
insert into digital_lib_tag (digital_lib_tag_id, name) values (2198,'stakeholder management');
insert into digital_lib_tag (digital_lib_tag_id, name) values (2199,'Civics');
insert into digital_lib_tag (digital_lib_tag_id, name) values (2200,'Conventions');
insert into digital_lib_tag (digital_lib_tag_id, name) values (2201,'introduction to statistics');
insert into digital_lib_tag (digital_lib_tag_id, name) values (2202,'typography');
insert into digital_lib_tag (digital_lib_tag_id, name) values (2203,'Systematic Errors');
insert into digital_lib_tag (digital_lib_tag_id, name) values (2204,'Time series modeling');
insert into digital_lib_tag (digital_lib_tag_id, name) values (2205,'services');
insert into digital_lib_tag (digital_lib_tag_id, name) values (2206,'Finance');
insert into digital_lib_tag (digital_lib_tag_id, name) values (2207,'SSOSDO');
insert into digital_lib_tag (digital_lib_tag_id, name) values (2208,'scope');
insert into digital_lib_tag (digital_lib_tag_id, name) values (2209,'cloud computing');
insert into digital_lib_tag (digital_lib_tag_id, name) values (2210,'ORM');
insert into digital_lib_tag (digital_lib_tag_id, name) values (2211,'computing');
insert into digital_lib_tag (digital_lib_tag_id, name) values (2212,'formal education');
insert into digital_lib_tag (digital_lib_tag_id, name) values (2213,'Kodo');
insert into digital_lib_tag (digital_lib_tag_id, name) values (2214,'operations');
insert into digital_lib_tag (digital_lib_tag_id, name) values (2215,'healthcare assistance');
insert into digital_lib_tag (digital_lib_tag_id, name) values (2216,'kanbans');
insert into digital_lib_tag (digital_lib_tag_id, name) values (2217,'Singular Value Decomposition');
insert into digital_lib_tag (digital_lib_tag_id, name) values (2218,'hypothesis');
insert into digital_lib_tag (digital_lib_tag_id, name) values (2219,'descriptive statistics');
insert into digital_lib_tag (digital_lib_tag_id, name) values (2220,'German Modelling');
insert into digital_lib_tag (digital_lib_tag_id, name) values (2221,'software computing');
insert into digital_lib_tag (digital_lib_tag_id, name) values (2222,'mobile marketing');
insert into digital_lib_tag (digital_lib_tag_id, name) values (2223,'google');
insert into digital_lib_tag (digital_lib_tag_id, name) values (2224,'Self-regulation');
insert into digital_lib_tag (digital_lib_tag_id, name) values (2225,'TrueCrypt');
insert into digital_lib_tag (digital_lib_tag_id, name) values (2226,'raspberry Pi');
insert into digital_lib_tag (digital_lib_tag_id, name) values (2227,'cipher');
insert into digital_lib_tag (digital_lib_tag_id, name) values (2228,'prosecution');
insert into digital_lib_tag (digital_lib_tag_id, name) values (2229,'sboosting');
insert into digital_lib_tag (digital_lib_tag_id, name) values (2230,'binary tree');
insert into digital_lib_tag (digital_lib_tag_id, name) values (2231,'Big data');
insert into digital_lib_tag (digital_lib_tag_id, name) values (2232,'Time Series Econometrics');
insert into digital_lib_tag (digital_lib_tag_id, name) values (2233,'variable');
insert into digital_lib_tag (digital_lib_tag_id, name) values (2234,'VARK');
insert into digital_lib_tag (digital_lib_tag_id, name) values (2235,'video');
insert into digital_lib_tag (digital_lib_tag_id, name) values (2236,'NoSqul');
insert into digital_lib_tag (digital_lib_tag_id, name) values (2237,'Standard-Essential-Patents (SEP)');
insert into digital_lib_tag (digital_lib_tag_id, name) values (2238,'Teaching Statistics');
insert into digital_lib_tag (digital_lib_tag_id, name) values (2239,'CommanderR');
insert into digital_lib_tag (digital_lib_tag_id, name) values (2240,'css');
insert into digital_lib_tag (digital_lib_tag_id, name) values (2241,'Environmental Sustainability');
insert into digital_lib_tag (digital_lib_tag_id, name) values (2242,'Wall Street');
insert into digital_lib_tag (digital_lib_tag_id, name) values (2243,'lean principles');
insert into digital_lib_tag (digital_lib_tag_id, name) values (2244,'ISP');
insert into digital_lib_tag (digital_lib_tag_id, name) values (2245,'genetic modification');
insert into digital_lib_tag (digital_lib_tag_id, name) values (2246,'locomotion');
insert into digital_lib_tag (digital_lib_tag_id, name) values (2247,'Internet of Things (IoT)');
insert into digital_lib_tag (digital_lib_tag_id, name) values (2248,'ECMAScript. AJAX');
insert into digital_lib_tag (digital_lib_tag_id, name) values (2249,'time-varying classes');
insert into digital_lib_tag (digital_lib_tag_id, name) values (2250,'SVM');
insert into digital_lib_tag (digital_lib_tag_id, name) values (2251,'Institutional Work');
insert into digital_lib_tag (digital_lib_tag_id, name) values (2252,'board of directors');
insert into digital_lib_tag (digital_lib_tag_id, name) values (2253,'cyber security');
insert into digital_lib_tag (digital_lib_tag_id, name) values (2254,'pure exchange model');
insert into digital_lib_tag (digital_lib_tag_id, name) values (2255,'ELF');
insert into digital_lib_tag (digital_lib_tag_id, name) values (2256,'AVR');
insert into digital_lib_tag (digital_lib_tag_id, name) values (2257,'blockchain');
insert into digital_lib_tag (digital_lib_tag_id, name) values (2258,'Political economy');
insert into digital_lib_tag (digital_lib_tag_id, name) values (2259,'PCI');
insert into digital_lib_tag (digital_lib_tag_id, name) values (2260,'responsibility');
insert into digital_lib_tag (digital_lib_tag_id, name) values (2261,'TICs');
insert into digital_lib_tag (digital_lib_tag_id, name) values (2262,'Maths');
insert into digital_lib_tag (digital_lib_tag_id, name) values (2263,'algebra');
insert into digital_lib_tag (digital_lib_tag_id, name) values (2264,'Capital shares');
insert into digital_lib_tag (digital_lib_tag_id, name) values (2265,'The Hessian');
insert into digital_lib_tag (digital_lib_tag_id, name) values (2266,'Braitenberg creatures');
insert into digital_lib_tag (digital_lib_tag_id, name) values (2267,'non zero sum games');
insert into digital_lib_tag (digital_lib_tag_id, name) values (2268,'disability');
insert into digital_lib_tag (digital_lib_tag_id, name) values (2269,'lexical analysis');
insert into digital_lib_tag (digital_lib_tag_id, name) values (2270,'Apple');
insert into digital_lib_tag (digital_lib_tag_id, name) values (2271,'learning activities');
insert into digital_lib_tag (digital_lib_tag_id, name) values (2272,'nan');
insert into digital_lib_tag (digital_lib_tag_id, name) values (2273,'Mechanial Robotics');
insert into digital_lib_tag (digital_lib_tag_id, name) values (2274,'business planning');
insert into digital_lib_tag (digital_lib_tag_id, name) values (2275,'complex systems');
insert into digital_lib_tag (digital_lib_tag_id, name) values (2276,'Introductory Python');
insert into digital_lib_tag (digital_lib_tag_id, name) values (2277,'Predictive analytics');
insert into digital_lib_tag (digital_lib_tag_id, name) values (2278,'text mining');
insert into digital_lib_tag (digital_lib_tag_id, name) values (2279,'Adobe');
insert into digital_lib_tag (digital_lib_tag_id, name) values (2280,'attacks');
insert into digital_lib_tag (digital_lib_tag_id, name) values (2281,'bugs');
insert into digital_lib_tag (digital_lib_tag_id, name) values (2282,'formal methods');
insert into digital_lib_tag (digital_lib_tag_id, name) values (2283,'social policy');
insert into digital_lib_tag (digital_lib_tag_id, name) values (2284,'equity');
insert into digital_lib_tag (digital_lib_tag_id, name) values (2285,'Business Process Management');
insert into digital_lib_tag (digital_lib_tag_id, name) values (2286,'firewall');
insert into digital_lib_tag (digital_lib_tag_id, name) values (2287,'trust');
insert into digital_lib_tag (digital_lib_tag_id, name) values (2288,'Batch processing');
insert into digital_lib_tag (digital_lib_tag_id, name) values (2289,'China');
insert into digital_lib_tag (digital_lib_tag_id, name) values (2290,'Higher Education');
insert into digital_lib_tag (digital_lib_tag_id, name) values (2291,'Sequence mining');
insert into digital_lib_tag (digital_lib_tag_id, name) values (2292,'recognition');
insert into digital_lib_tag (digital_lib_tag_id, name) values (2293,'safety');
insert into digital_lib_tag (digital_lib_tag_id, name) values (2294,'natural language processing');
insert into digital_lib_tag (digital_lib_tag_id, name) values (2295,'finance');
insert into digital_lib_tag (digital_lib_tag_id, name) values (2296,'quicksort');
insert into digital_lib_tag (digital_lib_tag_id, name) values (2297,'development policy');
insert into digital_lib_tag (digital_lib_tag_id, name) values (2298,'leader');
insert into digital_lib_tag (digital_lib_tag_id, name) values (2299,'Formalism');
insert into digital_lib_tag (digital_lib_tag_id, name) values (2300,'goods');
insert into digital_lib_tag (digital_lib_tag_id, name) values (2301,'telecommunication');
insert into digital_lib_tag (digital_lib_tag_id, name) values (2302,'audience');
insert into digital_lib_tag (digital_lib_tag_id, name) values (2303,'Boolean algebra');
insert into digital_lib_tag (digital_lib_tag_id, name) values (2304,'Multimodality');
insert into digital_lib_tag (digital_lib_tag_id, name) values (2305,'Software-driven innovation');
insert into digital_lib_tag (digital_lib_tag_id, name) values (2306,'Framework');
insert into digital_lib_tag (digital_lib_tag_id, name) values (2307,'iOs');
insert into digital_lib_tag (digital_lib_tag_id, name) values (2308,'GNU/Linux');
insert into digital_lib_tag (digital_lib_tag_id, name) values (2309,'Mathematical finance');
insert into digital_lib_tag (digital_lib_tag_id, name) values (2310,'Global Research');
insert into digital_lib_tag (digital_lib_tag_id, name) values (2311,'International Education');
insert into digital_lib_tag (digital_lib_tag_id, name) values (2312,'control');
insert into digital_lib_tag (digital_lib_tag_id, name) values (2313,'marketing strategy');
insert into digital_lib_tag (digital_lib_tag_id, name) values (2314,'humanoids');
insert into digital_lib_tag (digital_lib_tag_id, name) values (2315,'eBay');
insert into digital_lib_tag (digital_lib_tag_id, name) values (2316,'CMS');
insert into digital_lib_tag (digital_lib_tag_id, name) values (2317,'Databases');
insert into digital_lib_tag (digital_lib_tag_id, name) values (2318,'MySQL');
insert into digital_lib_tag (digital_lib_tag_id, name) values (2319,'Drivers of performance');
insert into digital_lib_tag (digital_lib_tag_id, name) values (2320,'business');
insert into digital_lib_tag (digital_lib_tag_id, name) values (2321,'case studies');
insert into digital_lib_tag (digital_lib_tag_id, name) values (2322,'Double');
insert into digital_lib_tag (digital_lib_tag_id, name) values (2323,'Curvature');
insert into digital_lib_tag (digital_lib_tag_id, name) values (2324,'financial instruments');
insert into digital_lib_tag (digital_lib_tag_id, name) values (2325,'Digital Technologies');
insert into digital_lib_tag (digital_lib_tag_id, name) values (2326,'Entrepreneurship');
insert into digital_lib_tag (digital_lib_tag_id, name) values (2327,'Intel');
insert into digital_lib_tag (digital_lib_tag_id, name) values (2328,'editing');
insert into digital_lib_tag (digital_lib_tag_id, name) values (2329,'Multi-echelon Inventory Systems');
insert into digital_lib_tag (digital_lib_tag_id, name) values (2330,'social capital');
insert into digital_lib_tag (digital_lib_tag_id, name) values (2331,'Modelling Computing Systems');
insert into digital_lib_tag (digital_lib_tag_id, name) values (2332,'future');
insert into digital_lib_tag (digital_lib_tag_id, name) values (2333,'Environmental economics');
insert into digital_lib_tag (digital_lib_tag_id, name) values (2334,'Slide preparation');
insert into digital_lib_tag (digital_lib_tag_id, name) values (2335,'Lickert Scale');
insert into digital_lib_tag (digital_lib_tag_id, name) values (2336,'people management');
insert into digital_lib_tag (digital_lib_tag_id, name) values (2337,'PPL');
insert into digital_lib_tag (digital_lib_tag_id, name) values (2338,'Reconstruction');
insert into digital_lib_tag (digital_lib_tag_id, name) values (2339,'Time-series analysis');
insert into digital_lib_tag (digital_lib_tag_id, name) values (2340,'Gauss-Seidel method');
insert into digital_lib_tag (digital_lib_tag_id, name) values (2341,'KDE');
insert into digital_lib_tag (digital_lib_tag_id, name) values (2342,'KDB');
insert into digital_lib_tag (digital_lib_tag_id, name) values (2343,'Classified balance sheet');
insert into digital_lib_tag (digital_lib_tag_id, name) values (2344,'Intergenerational transmission of inequality');
insert into digital_lib_tag (digital_lib_tag_id, name) values (2345,'Laplace transform');
insert into digital_lib_tag (digital_lib_tag_id, name) values (2346,'conceptual model');
insert into digital_lib_tag (digital_lib_tag_id, name) values (2347,'royalties');
insert into digital_lib_tag (digital_lib_tag_id, name) values (2348,'Beijing Consensus');
insert into digital_lib_tag (digital_lib_tag_id, name) values (2349,'javascript');
insert into digital_lib_tag (digital_lib_tag_id, name) values (2350,'3D');
insert into digital_lib_tag (digital_lib_tag_id, name) values (2351,'Functional');
insert into digital_lib_tag (digital_lib_tag_id, name) values (2352,'leadership');
insert into digital_lib_tag (digital_lib_tag_id, name) values (2353,'Statistical Attitudes');
insert into digital_lib_tag (digital_lib_tag_id, name) values (2354,'actuator');
insert into digital_lib_tag (digital_lib_tag_id, name) values (2355,'happiness');
insert into digital_lib_tag (digital_lib_tag_id, name) values (2356,'JPA');
insert into digital_lib_tag (digital_lib_tag_id, name) values (2357,'System dependencies');
insert into digital_lib_tag (digital_lib_tag_id, name) values (2358,'GAAP');
insert into digital_lib_tag (digital_lib_tag_id, name) values (2359,'Shadow economy');
insert into digital_lib_tag (digital_lib_tag_id, name) values (2360,'css3');
insert into digital_lib_tag (digital_lib_tag_id, name) values (2361,'CPP');
insert into digital_lib_tag (digital_lib_tag_id, name) values (2362,'growth strategy');
insert into digital_lib_tag (digital_lib_tag_id, name) values (2363,'smart grid');
insert into digital_lib_tag (digital_lib_tag_id, name) values (2364,'Intrinsic Scatter');
insert into digital_lib_tag (digital_lib_tag_id, name) values (2365,'criminal law');
insert into digital_lib_tag (digital_lib_tag_id, name) values (2366,'strategy development');
insert into digital_lib_tag (digital_lib_tag_id, name) values (2367,'graphics');
insert into digital_lib_tag (digital_lib_tag_id, name) values (2368,'Kronecker Product');
insert into digital_lib_tag (digital_lib_tag_id, name) values (2369,'SMTP');
insert into digital_lib_tag (digital_lib_tag_id, name) values (2370,'wireless sensor networks');
insert into digital_lib_tag (digital_lib_tag_id, name) values (2371,'Smart grid');
insert into digital_lib_tag (digital_lib_tag_id, name) values (2372,'Statistical Methods for Science');
insert into digital_lib_tag (digital_lib_tag_id, name) values (2373,'Computer networks');
insert into digital_lib_tag (digital_lib_tag_id, name) values (2374,'Students‘ Statistical Literacy');
insert into digital_lib_tag (digital_lib_tag_id, name) values (2375,'machine language');
insert into digital_lib_tag (digital_lib_tag_id, name) values (2376,'Community');
insert into digital_lib_tag (digital_lib_tag_id, name) values (2377,'business process management');
insert into digital_lib_tag (digital_lib_tag_id, name) values (2378,'Development Evaluation');
insert into digital_lib_tag (digital_lib_tag_id, name) values (2379,'math applications');
insert into digital_lib_tag (digital_lib_tag_id, name) values (2380,'QoE');
insert into digital_lib_tag (digital_lib_tag_id, name) values (2381,'atomic data');
insert into digital_lib_tag (digital_lib_tag_id, name) values (2382,'Scheme');
insert into digital_lib_tag (digital_lib_tag_id, name) values (2383,'Formative Assessment');
insert into digital_lib_tag (digital_lib_tag_id, name) values (2384,'affiliate');
insert into digital_lib_tag (digital_lib_tag_id, name) values (2385,'Outlier analysis');
insert into digital_lib_tag (digital_lib_tag_id, name) values (2386,'business ethics');
insert into digital_lib_tag (digital_lib_tag_id, name) values (2387,'Migration law');
insert into digital_lib_tag (digital_lib_tag_id, name) values (2388,'databases');
insert into digital_lib_tag (digital_lib_tag_id, name) values (2389,'chaos');
insert into digital_lib_tag (digital_lib_tag_id, name) values (2390,'derivative examples');
insert into digital_lib_tag (digital_lib_tag_id, name) values (2391,'stocks');
insert into digital_lib_tag (digital_lib_tag_id, name) values (2392,'network security');
insert into digital_lib_tag (digital_lib_tag_id, name) values (2393,'data trees');
insert into digital_lib_tag (digital_lib_tag_id, name) values (2394,'SS+K');
insert into digital_lib_tag (digital_lib_tag_id, name) values (2395,'consumer');
insert into digital_lib_tag (digital_lib_tag_id, name) values (2396,'social entrepreneurship');
insert into digital_lib_tag (digital_lib_tag_id, name) values (2397,'game development');
insert into digital_lib_tag (digital_lib_tag_id, name) values (2398,'Optimal Control');
insert into digital_lib_tag (digital_lib_tag_id, name) values (2399,'mobile telecommunication');
insert into digital_lib_tag (digital_lib_tag_id, name) values (2400,'Data mining');
insert into digital_lib_tag (digital_lib_tag_id, name) values (2401,'social patterns');
insert into digital_lib_tag (digital_lib_tag_id, name) values (2402,'sale of goods');
insert into digital_lib_tag (digital_lib_tag_id, name) values (2403,'Excel');
insert into digital_lib_tag (digital_lib_tag_id, name) values (2404,'cognitive computing');
insert into digital_lib_tag (digital_lib_tag_id, name) values (2405,'European Baccalaureate');
insert into digital_lib_tag (digital_lib_tag_id, name) values (2406,'microsoft');
insert into digital_lib_tag (digital_lib_tag_id, name) values (2407,'software evaluation');
insert into digital_lib_tag (digital_lib_tag_id, name) values (2408,'indexing');
insert into digital_lib_tag (digital_lib_tag_id, name) values (2409,'shareholder’s equity');
insert into digital_lib_tag (digital_lib_tag_id, name) values (2410,'Programming');
insert into digital_lib_tag (digital_lib_tag_id, name) values (2411,'Learning');
insert into digital_lib_tag (digital_lib_tag_id, name) values (2412,'statistics syste');
insert into digital_lib_tag (digital_lib_tag_id, name) values (2413,'variance');
insert into digital_lib_tag (digital_lib_tag_id, name) values (2414,'Stochastic integrals');
insert into digital_lib_tag (digital_lib_tag_id, name) values (2415,'chronic illnesses');
insert into digital_lib_tag (digital_lib_tag_id, name) values (2416,'TCP/IP');
insert into digital_lib_tag (digital_lib_tag_id, name) values (2417,'information security');
insert into digital_lib_tag (digital_lib_tag_id, name) values (2418,'statistics system');
insert into digital_lib_tag (digital_lib_tag_id, name) values (2419,'Jogl');
insert into digital_lib_tag (digital_lib_tag_id, name) values (2420,'physics');
insert into digital_lib_tag (digital_lib_tag_id, name) values (2421,'Software Testing');
insert into digital_lib_tag (digital_lib_tag_id, name) values (2422,'Information');
insert into digital_lib_tag (digital_lib_tag_id, name) values (2423,'Parallel computing');
insert into digital_lib_tag (digital_lib_tag_id, name) values (2424,'African American');
insert into digital_lib_tag (digital_lib_tag_id, name) values (2425,'Globalization');
insert into digital_lib_tag (digital_lib_tag_id, name) values (2426,'Strategists');
insert into digital_lib_tag (digital_lib_tag_id, name) values (2427,'Open learning');
insert into digital_lib_tag (digital_lib_tag_id, name) values (2428,'noise');
insert into digital_lib_tag (digital_lib_tag_id, name) values (2429,'pattern recognition');
insert into digital_lib_tag (digital_lib_tag_id, name) values (2430,'Enterprises');
insert into digital_lib_tag (digital_lib_tag_id, name) values (2431,'mathematical competencies');
insert into digital_lib_tag (digital_lib_tag_id, name) values (2432,'verification');
insert into digital_lib_tag (digital_lib_tag_id, name) values (2433,'Open Universities');
insert into digital_lib_tag (digital_lib_tag_id, name) values (2434,'Interest Rates');
insert into digital_lib_tag (digital_lib_tag_id, name) values (2435,'Analysis of Variance');
insert into digital_lib_tag (digital_lib_tag_id, name) values (2436,'demand');
insert into digital_lib_tag (digital_lib_tag_id, name) values (2437,'Decision theory');
insert into digital_lib_tag (digital_lib_tag_id, name) values (2438,'linked data');
insert into digital_lib_tag (digital_lib_tag_id, name) values (2439,'History of computing');
insert into digital_lib_tag (digital_lib_tag_id, name) values (2440,'artificial intelligence');
insert into digital_lib_tag (digital_lib_tag_id, name) values (2441,'Mathematical Modelling');
insert into digital_lib_tag (digital_lib_tag_id, name) values (2442,'Scrum');
insert into digital_lib_tag (digital_lib_tag_id, name) values (2443,'stakeholders');
insert into digital_lib_tag (digital_lib_tag_id, name) values (2444,'Biblical stewardship');
insert into digital_lib_tag (digital_lib_tag_id, name) values (2445,'JSP');
insert into digital_lib_tag (digital_lib_tag_id, name) values (2446,'algorithmics');
insert into digital_lib_tag (digital_lib_tag_id, name) values (2447,'capital stock');
insert into digital_lib_tag (digital_lib_tag_id, name) values (2448,'Accountability');
insert into digital_lib_tag (digital_lib_tag_id, name) values (2449,'science');
insert into digital_lib_tag (digital_lib_tag_id, name) values (2450,'Software Processes');
insert into digital_lib_tag (digital_lib_tag_id, name) values (2451,'Coq');
insert into digital_lib_tag (digital_lib_tag_id, name) values (2452,'European union politics');
insert into digital_lib_tag (digital_lib_tag_id, name) values (2453,'metaheuristic');
insert into digital_lib_tag (digital_lib_tag_id, name) values (2454,'design');
insert into digital_lib_tag (digital_lib_tag_id, name) values (2455,'Case Studies');
insert into digital_lib_tag (digital_lib_tag_id, name) values (2456,'vector spaces');
insert into digital_lib_tag (digital_lib_tag_id, name) values (2457,'functions');
insert into digital_lib_tag (digital_lib_tag_id, name) values (2458,'entrepreneurial society');
insert into digital_lib_tag (digital_lib_tag_id, name) values (2459,'society');
insert into digital_lib_tag (digital_lib_tag_id, name) values (2460,'pedagogy');
insert into digital_lib_tag (digital_lib_tag_id, name) values (2461,'Computational Complexity');
insert into digital_lib_tag (digital_lib_tag_id, name) values (2462,'imperative programming');
insert into digital_lib_tag (digital_lib_tag_id, name) values (2463,'pharmaceutical industry');
insert into digital_lib_tag (digital_lib_tag_id, name) values (2464,'Mathematics');
insert into digital_lib_tag (digital_lib_tag_id, name) values (2465,'East');
insert into digital_lib_tag (digital_lib_tag_id, name) values (2466,'multilayered architecture');
insert into digital_lib_tag (digital_lib_tag_id, name) values (2467,'Computational StatisticsR');
insert into digital_lib_tag (digital_lib_tag_id, name) values (2468,'revenue growth');
insert into digital_lib_tag (digital_lib_tag_id, name) values (2469,'Dimensionality Reduction');
insert into digital_lib_tag (digital_lib_tag_id, name) values (2470,'Greek');
insert into digital_lib_tag (digital_lib_tag_id, name) values (2471,'Learning Statistics');
insert into digital_lib_tag (digital_lib_tag_id, name) values (2472,'WordArt');
insert into digital_lib_publisher (digital_lib_publisher_id, name) values (1,'Berkeley');
insert into digital_lib_publisher (digital_lib_publisher_id, name) values (2,'Cham');
insert into digital_lib_publisher (digital_lib_publisher_id, name) values (3,'University of Westminster Press');
insert into digital_lib_publisher (digital_lib_publisher_id, name) values (4,'Georgia Institute of Technology');
insert into digital_lib_publisher (digital_lib_publisher_id, name) values (5,'www.webguru-india.com');
insert into digital_lib_publisher (digital_lib_publisher_id, name) values (6,'Donald Coffelt');
insert into digital_lib_publisher (digital_lib_publisher_id, name) values (7,'BCcampus');
insert into digital_lib_publisher (digital_lib_publisher_id, name) values (8,'Hobart');
insert into digital_lib_publisher (digital_lib_publisher_id, name) values (9,'UserFocus');
insert into digital_lib_publisher (digital_lib_publisher_id, name) values (10,'University of the People');
insert into digital_lib_publisher (digital_lib_publisher_id, name) values (11,'Ledizioni Srl');
insert into digital_lib_publisher (digital_lib_publisher_id, name) values (12,'O\`Reilly');
insert into digital_lib_publisher (digital_lib_publisher_id, name) values (13,'Wireless Industry Partnership');
insert into digital_lib_publisher (digital_lib_publisher_id, name) values (14,'Springer');
insert into digital_lib_publisher (digital_lib_publisher_id, name) values (15,'Oregon State University');
insert into digital_lib_publisher (digital_lib_publisher_id, name) values (16,'Carnegie Mellon University');
insert into digital_lib_publisher (digital_lib_publisher_id, name) values (17,'Colombia University');
insert into digital_lib_publisher (digital_lib_publisher_id, name) values (18,'ETC Press');
insert into digital_lib_publisher (digital_lib_publisher_id, name) values (19,'Apress');
insert into digital_lib_publisher (digital_lib_publisher_id, name) values (20,'Sonatype');
insert into digital_lib_publisher (digital_lib_publisher_id, name) values (21,'AU Press');
insert into digital_lib_publisher (digital_lib_publisher_id, name) values (22,'GoalKicker.com');
insert into digital_lib_publisher (digital_lib_publisher_id, name) values (23,'Minnesota Libraries Publishing');
insert into digital_lib_publisher (digital_lib_publisher_id, name) values (24,'Gustavus Adolphus College');
insert into digital_lib_publisher (digital_lib_publisher_id, name) values (26,'Hacker Friendly LLC');
insert into digital_lib_publisher (digital_lib_publisher_id, name) values (27,'May Fly');
insert into digital_lib_publisher (digital_lib_publisher_id, name) values (28,'University of Vienna');
insert into digital_lib_publisher (digital_lib_publisher_id, name) values (29,'Manchester University Press');
insert into digital_lib_publisher (digital_lib_publisher_id, name) values (30,'Making Weconomy');
insert into digital_lib_publisher (digital_lib_publisher_id, name) values (31,'MicroProcessor Engineering Limited');
insert into digital_lib_publisher (digital_lib_publisher_id, name) values (32,'BCCampus');
insert into digital_lib_publisher (digital_lib_publisher_id, name) values (33,'Tutorialspoint.com');
insert into digital_lib_publisher (digital_lib_publisher_id, name) values (34,'Michael Stiber');
insert into digital_lib_publisher (digital_lib_publisher_id, name) values (35,'Michigan State University');
insert into digital_lib_publisher (digital_lib_publisher_id, name) values (36,'Self-published?');
insert into digital_lib_publisher (digital_lib_publisher_id, name) values (37,'makeuseof.com');
insert into digital_lib_publisher (digital_lib_publisher_id, name) values (38,'Reactio');
insert into digital_lib_publisher (digital_lib_publisher_id, name) values (39,'Hindawi Publishing Corporation');
insert into digital_lib_publisher (digital_lib_publisher_id, name) values (40,'Securosis');
insert into digital_lib_publisher (digital_lib_publisher_id, name) values (41,'The Global Text Project');
insert into digital_lib_publisher (digital_lib_publisher_id, name) values (42,'Universitat Politècnica de Catalunya');
insert into digital_lib_publisher (digital_lib_publisher_id, name) values (43,'QuantifiedCode');
insert into digital_lib_publisher (digital_lib_publisher_id, name) values (44,'Free Technology Academy');
insert into digital_lib_publisher (digital_lib_publisher_id, name) values (45,'Palgrave Pivot');
insert into digital_lib_publisher (digital_lib_publisher_id, name) values (46,'Addison-Wesley');
insert into digital_lib_publisher (digital_lib_publisher_id, name) values (47,'In-Tech');
insert into digital_lib_publisher (digital_lib_publisher_id, name) values (48,'Universität Darmstadt');
insert into digital_lib_publisher (digital_lib_publisher_id, name) values (49,'Saylor Foundation');
insert into digital_lib_publisher (digital_lib_publisher_id, name) values (50,'Google Inc.');
insert into digital_lib_publisher (digital_lib_publisher_id, name) values (51,'Loyola University Chicago');
insert into digital_lib_publisher (digital_lib_publisher_id, name) values (52,'University of Essex');
insert into digital_lib_publisher (digital_lib_publisher_id, name) values (53,'John Wiley');
insert into digital_lib_publisher (digital_lib_publisher_id, name) values (54,'Springer Vieweg');
insert into digital_lib_publisher (digital_lib_publisher_id, name) values (55,'Random House');
insert into digital_lib_publisher (digital_lib_publisher_id, name) values (56,'New Riders');
insert into digital_lib_publisher (digital_lib_publisher_id, name) values (57,'MDPI');
insert into digital_lib_publisher (digital_lib_publisher_id, name) values (58,'The Chang School');
insert into digital_lib_publisher (digital_lib_publisher_id, name) values (59,'OpenStax CNX');
insert into digital_lib_publisher (digital_lib_publisher_id, name) values (60,'University of Toronto');
insert into digital_lib_publisher (digital_lib_publisher_id, name) values (61,'Square Bracket Associates');
insert into digital_lib_publisher (digital_lib_publisher_id, name) values (62,'The Open University');
insert into digital_lib_publisher (digital_lib_publisher_id, name) values (63,'LinuxCommand.org');
insert into digital_lib_publisher (digital_lib_publisher_id, name) values (64,'EFMD');
insert into digital_lib_publisher (digital_lib_publisher_id, name) values (65,'K L University');
insert into digital_lib_publisher (digital_lib_publisher_id, name) values (66,'Scott Fitzgerald');
insert into digital_lib_publisher (digital_lib_publisher_id, name) values (67,'Enough Software GmbH');
insert into digital_lib_publisher (digital_lib_publisher_id, name) values (68,'Institute of Design at Stanford');
insert into digital_lib_publisher (digital_lib_publisher_id, name) values (69,'Institute of Network Cultures');
insert into digital_lib_publisher (digital_lib_publisher_id, name) values (70,'John Benjamins Publishing Company');
insert into digital_lib_publisher (digital_lib_publisher_id, name) values (71,'Raspberry Pi Foundation');
insert into digital_lib_publisher (digital_lib_publisher_id, name) values (72,'Hogeschool van Amasterdam University');
insert into digital_lib_publisher (digital_lib_publisher_id, name) values (73,'Amsterdam University Press');
insert into digital_lib_publisher (digital_lib_publisher_id, name) values (74,'National Science Foundation');
insert into digital_lib_publisher (digital_lib_publisher_id, name) values (75,'Kevin Sheppard');
insert into digital_lib_publisher (digital_lib_publisher_id, name) values (76,'PortlState University Library');
insert into digital_lib_publisher (digital_lib_publisher_id, name) values (77,'Dordrecht');
insert into digital_lib_publisher (digital_lib_publisher_id, name) values (78,'University of Toulouse');
insert into digital_lib_publisher (digital_lib_publisher_id, name) values (79,'The Georgia Institute of Technology');
insert into digital_lib_publisher (digital_lib_publisher_id, name) values (80,'Efendi');
insert into digital_lib_publisher (digital_lib_publisher_id, name) values (81,'Universidad de Extremadura');
insert into digital_lib_publisher (digital_lib_publisher_id, name) values (82,'Technology Transfer Center');
insert into digital_lib_publisher (digital_lib_publisher_id, name) values (83,'I-TECH');
insert into digital_lib_publisher (digital_lib_publisher_id, name) values (84,'Cambridge University Press');
insert into digital_lib_publisher (digital_lib_publisher_id, name) values (85,'Oxford University Press');
insert into digital_lib_publisher (digital_lib_publisher_id, name) values (86,'University of Minnesota Publishing');
insert into digital_lib_publisher (digital_lib_publisher_id, name) values (87,'Learning Games Network');
insert into digital_lib_publisher (digital_lib_publisher_id, name) values (88,'Microsoft Press');
insert into digital_lib_publisher (digital_lib_publisher_id, name) values (89,'Pearsonucation');
insert into digital_lib_publisher (digital_lib_publisher_id, name) values (90,'Carleton University');
insert into digital_lib_publisher (digital_lib_publisher_id, name) values (91,'Eric Larson');
insert into digital_lib_publisher (digital_lib_publisher_id, name) values (92,'Now');
insert into digital_lib_publisher (digital_lib_publisher_id, name) values (93,'Learning Publishing Council');
insert into digital_lib_publisher (digital_lib_publisher_id, name) values (94,'PortlState University');
insert into digital_lib_publisher (digital_lib_publisher_id, name) values (95,'OpenSSL Software Foundation');
insert into digital_lib_publisher (digital_lib_publisher_id, name) values (96,'University of Kansas Libraries');
insert into digital_lib_publisher (digital_lib_publisher_id, name) values (97,'MA');
insert into digital_lib_publisher (digital_lib_publisher_id, name) values (98,'CK-12');
insert into digital_lib_publisher (digital_lib_publisher_id, name) values (99,'Universite Libre de Bruxelles');
insert into digital_lib_publisher (digital_lib_publisher_id, name) values (100,'Casey Duncan');
insert into digital_lib_publisher (digital_lib_publisher_id, name) values (101,'Lulu');
insert into digital_lib_publisher (digital_lib_publisher_id, name) values (102,'CODEPOET.COM');
insert into digital_lib_publisher (digital_lib_publisher_id, name) values (103,'Games');
insert into digital_lib_publisher (digital_lib_publisher_id, name) values (104,'Springer VS');
insert into digital_lib_publisher (digital_lib_publisher_id, name) values (105,'Morgan');
insert into digital_lib_publisher (digital_lib_publisher_id, name) values (106,'Morgan Kaufmann Publishers');
insert into digital_lib_publisher (digital_lib_publisher_id, name) values (107,'IDC');
insert into digital_lib_publisher (digital_lib_publisher_id, name) values (108,'William Smith Colleges');
insert into digital_lib_publisher (digital_lib_publisher_id, name) values (109,'Palgrave Macmillan');
insert into digital_lib_publisher (digital_lib_publisher_id, name) values (110,'goalkicker');
insert into digital_lib_publisher (digital_lib_publisher_id, name) values (111,'Roberto Rossi');
insert into digital_lib_publisher (digital_lib_publisher_id, name) values (112,'University of Minnesota Libraries Publishing');
insert into digital_lib_publisher (digital_lib_publisher_id, name) values (113,'NY');
insert into digital_lib_publisher (digital_lib_publisher_id, name) values (114,'New York');
insert into digital_lib_publisher (digital_lib_publisher_id, name) values (115,'www.weconomy.it');
insert into digital_lib_publisher (digital_lib_publisher_id, name) values (116,'Universidad de Huelva');
insert into digital_lib_publisher (digital_lib_publisher_id, name) values (117,'Linup Front');
insert into digital_lib_publisher (digital_lib_publisher_id, name) values (118,'University of Groningen');
insert into digital_lib_publisher (digital_lib_publisher_id, name) values (119,'GrValley State University');
insert into digital_lib_publisher (digital_lib_publisher_id, name) values (120,'Open SUNY Textbooks');
insert into digital_lib_publisher (digital_lib_publisher_id, name) values (121,'University of Illinois');
insert into digital_lib_publisher (digital_lib_publisher_id, name) values (122,'Rice University');
insert into digital_lib_publisher (digital_lib_publisher_id, name) values (123,'Git Books');
insert into digital_lib_publisher (digital_lib_publisher_id, name) values (124,'University of Cambridge');
insert into digital_lib_publisher (digital_lib_publisher_id, name) values (125,'Copenhagen University College of Engineering');
insert into digital_lib_publisher (digital_lib_publisher_id, name) values (126,'Open Book Publishers');
insert into digital_lib_publisher (digital_lib_publisher_id, name) values (127,'University of Applied Sciences of Hagen');
insert into digital_lib_publisher (digital_lib_publisher_id, name) values (128,'NYC Digitall');
insert into digital_lib_publisher (digital_lib_publisher_id, name) values (129,'Smarthistory');
insert into digital_lib_publisher (digital_lib_publisher_id, name) values (130,'goalKicker.com');
insert into digital_lib_publisher (digital_lib_publisher_id, name) values (131,'Monitis');
insert into digital_lib_publisher (digital_lib_publisher_id, name) values (132,'University of Mary Washington');
insert into digital_lib_publisher (digital_lib_publisher_id, name) values (133,'AU PRESS');
insert into digital_lib_publisher (digital_lib_publisher_id, name) values (134,'Benjamin Yakir');
insert into digital_lib_publisher (digital_lib_publisher_id, name) values (135,'Leanpub');
insert into digital_lib_publisher (digital_lib_publisher_id, name) values (136,'I-Tech');
insert into digital_lib_publisher (digital_lib_publisher_id, name) values (137,'AlienCatStudio');
insert into digital_lib_publisher (digital_lib_publisher_id, name) values (138,'University of Iceland');
insert into digital_lib_publisher (digital_lib_publisher_id, name) values (139,'Wikibooks.org');
insert into digital_lib_publisher (digital_lib_publisher_id, name) values (140,'Williams College');
insert into digital_lib_publisher (digital_lib_publisher_id, name) values (141,'saylor foundation');
insert into digital_lib_publisher (digital_lib_publisher_id, name) values (142,'GitBook');
insert into digital_lib_publisher (digital_lib_publisher_id, name) values (143,'Wiesbaden');
insert into digital_lib_publisher (digital_lib_publisher_id, name) values (144,'Wikibooks');
insert into digital_lib_publisher (digital_lib_publisher_id, name) values (145,'Heidelberg');
insert into digital_lib_publisher (digital_lib_publisher_id, name) values (146,'Free Software Foundation');
insert into digital_lib_publisher (digital_lib_publisher_id, name) values (147,'Villanova University');
insert into digital_lib_publisher (digital_lib_publisher_id, name) values (148,'Berlin');
insert into digital_lib_publisher (digital_lib_publisher_id, name) values (149,'University of Amsterdam');
insert into digital_lib_publisher (digital_lib_publisher_id, name) values (150,'Wizard Academy Press');
insert into digital_lib_publisher (digital_lib_publisher_id, name) values (151,'desktop publishing');
insert into digital_lib_publisher (digital_lib_publisher_id, name) values (152,'Red Hat Inc');
insert into digital_lib_publisher (digital_lib_publisher_id, name) values (153,'O\`Reiily');
insert into digital_lib_publisher (digital_lib_publisher_id, name) values (154,'PortlCommunity College Math Department');
insert into digital_lib_publisher (digital_lib_publisher_id, name) values (155,'Meson Press');
insert into digital_lib_publisher (digital_lib_publisher_id, name) values (156,'EDUCAUSE');
insert into digital_lib_publisher (digital_lib_publisher_id, name) values (157,'Universidade da Coruña');
insert into digital_lib_publisher (digital_lib_publisher_id, name) values (158,'Van NostrReinhold');
insert into digital_lib_publisher (digital_lib_publisher_id, name) values (159,'Claypool Publishers');
insert into digital_lib_publisher (digital_lib_publisher_id, name) values (160,'The Global text');
insert into digital_lib_publisher (digital_lib_publisher_id, name) values (161,'Refresh DC');
insert into digital_lib_publisher (digital_lib_publisher_id, name) values (162,'OpenSUNY');
insert into digital_lib_publisher (digital_lib_publisher_id, name) values (163,'literatur Verlag');
insert into digital_lib_publisher (digital_lib_publisher_id, name) values (164,'Carsten Wartmann');
insert into digital_lib_publisher (digital_lib_publisher_id, name) values (165,'Apress Open');
insert into digital_lib_publisher (digital_lib_publisher_id, name) values (166,'OpenStax');
insert into digital_lib_publisher (digital_lib_publisher_id, name) values (167,'Volker Springel');
insert into digital_lib_publisher (digital_lib_publisher_id, name) values (168,'TRAILS');
insert into digital_lib_publisher (digital_lib_publisher_id, name) values (169,'ECOOP');
insert into digital_lib_publisher (digital_lib_publisher_id, name) values (170,'Birkhäuser');
insert into digital_lib_publisher (digital_lib_publisher_id, name) values (171,'California State University');
insert into digital_lib_publisher (digital_lib_publisher_id, name) values (172,'nan');
insert into digital_lib_publisher (digital_lib_publisher_id, name) values (173,'Ubiquity Press');
insert into digital_lib_publisher (digital_lib_publisher_id, name) values (174,'Programming Methods Laboratory');
insert into digital_lib_publisher (digital_lib_publisher_id, name) values (175,'Singapore');
insert into digital_lib_publisher (digital_lib_publisher_id, name) values (176,'Microsoft');
insert into digital_lib_publisher (digital_lib_publisher_id, name) values (177,'The New Mexico Tech Press');
insert into digital_lib_publisher (digital_lib_publisher_id, name) values (178,'CommonsWare');
insert into digital_lib_publisher (digital_lib_publisher_id, name) values (179,'The MagPi Team');
insert into digital_lib_publisher (digital_lib_publisher_id, name) values (180,'InTechOpen');
insert into digital_lib_publisher (digital_lib_publisher_id, name) values (181,'Chris Hendrickson');
insert into digital_lib_publisher (digital_lib_publisher_id, name) values (182,'Lyryx');
insert into digital_lib_publisher (digital_lib_publisher_id, name) values (183,'Marcus Lacher');
insert into digital_lib_publisher (digital_lib_publisher_id, name) values (184,'Aalborg University');
insert into digital_lib_publisher (digital_lib_publisher_id, name) values (185,'Rook\`s Guide Press');
insert into digital_lib_publisher (digital_lib_publisher_id, name) values (186,'University of Pennsylvania');
insert into digital_lib_publisher (digital_lib_publisher_id, name) values (187,'ENISA');
insert into digital_lib_publisher (digital_lib_publisher_id, name) values (188,'www.nodewave.com');
insert into digital_lib_publisher (digital_lib_publisher_id, name) values (189,'CA');
insert into digital_lib_publisher (digital_lib_publisher_id, name) values (190,'London');
insert into digital_lib_publisher (digital_lib_publisher_id, name) values (191,'University College London');
insert into digital_lib_publisher (digital_lib_publisher_id, name) values (192,'Goalkicker');
insert into digital_lib_publisher (digital_lib_publisher_id, name) values (193,'Aberystwyth University');
insert into digital_lib_publisher (digital_lib_publisher_id, name) values (194,'MIT');
insert into digital_lib_publisher (digital_lib_publisher_id, name) values (195,'Springer-Verlag New York 2001');
insert into digital_lib_publisher (digital_lib_publisher_id, name) values (196,'No Starch Press Inc.');
insert into digital_lib_publisher (digital_lib_publisher_id, name) values (197,'The University of Wisconsin–Madison');
insert into digital_lib_publisher (digital_lib_publisher_id, name) values (198,'Microsoft Research');
insert into digital_lib_publisher (digital_lib_publisher_id, name) values (199,'IBM');
insert into digital_lib_publisher (digital_lib_publisher_id, name) values (200,'Standford University');
insert into digital_lib_publisher (digital_lib_publisher_id, name) values (201,'Kooroo Kooroo');
insert into digital_lib_publisher (digital_lib_publisher_id, name) values (202,'Boston');
insert into digital_lib_publisher (digital_lib_publisher_id, name) values (203,'Publisher Name');
insert into digital_lib_publisher (digital_lib_publisher_id, name) values (204,'ustwo.com');
insert into digital_lib_publisher (digital_lib_publisher_id, name) values (205,'Prentice Hall');
insert into digital_lib_publisher (digital_lib_publisher_id, name) values (206,'University of Copenhagen');
insert into digital_lib_publisher (digital_lib_publisher_id, name) values (207,'VIA Technologie inc');
insert into digital_lib_publisher (digital_lib_publisher_id, name) values (208,'Open Oregonucational Resources');
insert into digital_lib_publisher (digital_lib_publisher_id, name) values (209,'Universitat Postdam');
insert into digital_lib_publisher (digital_lib_publisher_id, name) values (210,'UOC');
insert into digital_lib_publisher (digital_lib_publisher_id, name) values (211,'The Marriott School at Brigham Young University');
insert into digital_lib_publisher (digital_lib_publisher_id, name) values (212,'OpenStax-CNX');
insert into digital_lib_publisher (digital_lib_publisher_id, name) values (213,'Orange Grove Texts Plus');
insert into digital_lib_publisher (digital_lib_publisher_id, name) values (214,'Open SUNY');
insert into digital_lib_publisher (digital_lib_publisher_id, name) values (215,'Sciyo');
insert into digital_lib_publisher (digital_lib_publisher_id, name) values (216,'Macau Productivity');
insert into digital_lib_publisher (digital_lib_publisher_id, name) values (217,'Stanford CSucation');
insert into digital_lib_publisher (digital_lib_publisher_id, name) values (218,'Mount St. Mary\`s University');
insert into digital_lib_publisher (digital_lib_publisher_id, name) values (219,'Southern Adventist University');
insert into digital_lib_publisher (digital_lib_publisher_id, name) values (220,'University of Arkansas');
insert into digital_lib_publisher (digital_lib_publisher_id, name) values (221,'Villanova School of Business');
insert into digital_lib_publisher (digital_lib_publisher_id, name) values (222,'Kwantlen Polytechnic University');
insert into digital_lib_publisher (digital_lib_publisher_id, name) values (223,'MagPi');
insert into digital_lib_publisher (digital_lib_publisher_id, name) values (224,'Kalif Publishing');
insert into digital_lib_publisher (digital_lib_publisher_id, name) values (225,'Sams Publishing');
insert into digital_lib_publisher (digital_lib_publisher_id, name) values (226,'Publications International Ltd.');
insert into digital_lib_publisher (digital_lib_publisher_id, name) values (227,'Trinity College');
insert into digital_lib_publisher (digital_lib_publisher_id, name) values (228,'A-List Publishing');
insert into digital_lib_publisher (digital_lib_publisher_id, name) values (229,'VU University Amsterdam');
insert into digital_lib_publisher (digital_lib_publisher_id, name) values (230,'UNESCO');
insert into digital_lib_publisher (digital_lib_publisher_id, name) values (231,'University of Aarhus');
insert into digital_lib_publisher (digital_lib_publisher_id, name) values (232,'Rebus Community');
insert into digital_lib_publisher (digital_lib_publisher_id, name) values (233,'INTECH');
insert into digital_lib_publisher (digital_lib_publisher_id, name) values (234,'Stanford University');
insert into digital_lib_publisher (digital_lib_publisher_id, name) values (235,'Iowa State University');
insert into digital_lib_publisher (digital_lib_publisher_id, name) values (236,'Andbook');
insert into digital_lib_publisher (digital_lib_publisher_id, name) values (237,'open SUNY');
insert into digital_lib_publisher (digital_lib_publisher_id, name) values (238,'Red & Yellow');
insert into digital_lib_publisher (digital_lib_publisher_id, name) values (239,'Whitman College');
insert into digital_lib_publisher (digital_lib_publisher_id, name) values (240,'Desktop publishing');
insert into digital_lib_publisher (digital_lib_publisher_id, name) values (241,'Language Science Press');
insert into digital_lib_publisher (digital_lib_publisher_id, name) values (242,'George Mason University');
insert into digital_lib_publisher (digital_lib_publisher_id, name) values (243,'InTech');
insert into digital_lib_publisher (digital_lib_publisher_id, name) values (244,'WikiBooks');
insert into digital_lib_publisher (digital_lib_publisher_id, name) values (245,'University of Winnipeg');
insert into digital_lib_publisher (digital_lib_publisher_id, name) values (246,'Green Tea Press');
insert into digital_lib_publisher (digital_lib_publisher_id, name) values (247,'Universit`a degli Studi di Torino');
insert into digital_lib_publisher (digital_lib_publisher_id, name) values (248,'Wiley');
insert into digital_lib_publisher (digital_lib_publisher_id, name) values (249,'Network Notebooks');
insert into digital_lib_publisher (digital_lib_publisher_id, name) values (250,'MacFreda');
insert into digital_lib_publisher (digital_lib_publisher_id, name) values (251,'Coventry University');
insert into digital_lib_publisher (digital_lib_publisher_id, name) values (252,'New Prairie Press');
insert into digital_lib_publisher (digital_lib_publisher_id, name) values (253,'ProActive');
insert into digital_lib_publisher (digital_lib_publisher_id, name) values (254,'Au Press');
insert into digital_lib_publisher (digital_lib_publisher_id, name) values (255,'Tokyo');
insert into digital_lib_publisher (digital_lib_publisher_id, name) values (256,'The Pragmatic Bookshelf');
insert into digital_lib_publisher (digital_lib_publisher_id, name) values (257,'Department of Computer Science Virginia Tech');
insert into digital_lib_publisher (digital_lib_publisher_id, name) values (258,'Self-published');
insert into digital_lib_publisher (digital_lib_publisher_id, name) values (259,'Digitalucation Strategies');
insert into digital_lib_publisher (digital_lib_publisher_id, name) values (260,'Prentice-Hall Inc.');
insert into digital_lib_publisher (digital_lib_publisher_id, name) values (261,'intech');
insert into digital_lib_publisher (digital_lib_publisher_id, name) values (262,'www.thegeekstuff.com');
insert into digital_lib_publisher (digital_lib_publisher_id, name) values (263,'The eLearning Guild');
insert into digital_lib_publisher (digital_lib_publisher_id, name) values (264,'Noetic Advanced Studies Institute');
insert into digital_lib_publisher (digital_lib_publisher_id, name) values (265,'Berkeley University');
insert into digital_lib_publisher (digital_lib_publisher_id, name) values (266,'Virginia Tech Libraries');
insert into digital_lib_publisher (digital_lib_publisher_id, name) values (267,'OWASP');
insert into digital_lib_publisher (digital_lib_publisher_id, name) values (268,'University of Wisconsin-Madison');
insert into digital_lib_publisher (digital_lib_publisher_id, name) values (269,'University of Nebraska–Lincoln');
insert into digital_lib_publisher (digital_lib_publisher_id, name) values (270,'Duke University');
insert into digital_lib_publisher (digital_lib_publisher_id, name) values (271,'The Global Text');
insert into digital_lib_publisher (digital_lib_publisher_id, name) values (272,'OPENPRESS.USASK.CA');
insert into digital_lib_publisher (digital_lib_publisher_id, name) values (273,'University of Montreal');
insert into digital_lib_publisher (digital_lib_publisher_id, name) values (274,'Jennifer Firkins Nordstrom');
insert into digital_lib_publisher (digital_lib_publisher_id, name) values (275,'Intech');
insert into digital_lib_publisher (digital_lib_publisher_id, name) values (276,'University of California');
insert into digital_lib_publisher (digital_lib_publisher_id, name) values (277,'Annaba University');
insert into digital_lib_publisher (digital_lib_publisher_id, name) values (278,'Imperial College London');
insert into digital_lib_publisher (digital_lib_publisher_id, name) values (279,'Humberto Barreto');
insert into digital_lib_category (digital_lib_category_id, name) values (1,'Interactive Media Design');
insert into digital_lib_category (digital_lib_category_id, name) values (2,'Graphic Design');
insert into digital_lib_category (digital_lib_category_id, name) values (3,'Digital Business and Marketing');
insert into digital_lib_category (digital_lib_category_id, name) values (4,'Information Technology');
insert into digital_lib_category (digital_lib_category_id, name) values (5,'Video Game Development');
insert into digital_lib_category (digital_lib_category_id, name) values (6,'Software Engineering');
insert into digital_lib_category (digital_lib_category_id, name) values (8,'Programming mobile devices');
insert into digital_lib_category (digital_lib_category_id, name) values (9,'Data Analytics');
insert into digital_lib_category (digital_lib_category_id, name) values (10,'Digital Business');
insert into digital_lib_category (digital_lib_category_id, name) values (11,'Business English');
insert into digital_lib_category (digital_lib_category_id, name) values (26,'Security');
insert into digital_lib_category (digital_lib_category_id, name) values (13,'Computer Systems and Programming');
insert into digital_lib_category (digital_lib_category_id, name) values (14,'Education');
insert into digital_lib_category (digital_lib_category_id, name) values (15,'Algorithms and Data Structures');
insert into digital_lib_category (digital_lib_category_id, name) values (16,'Entrepreneurship');
insert into digital_lib_category (digital_lib_category_id, name) values (17,'Operating Systems');
insert into digital_lib_category (digital_lib_category_id, name) values (18,'Computer Science');
insert into digital_lib_category (digital_lib_category_id, name) values (19,'Software Development');
insert into digital_lib_category (digital_lib_category_id, name) values (35,'Multimedia');
insert into digital_lib_category (digital_lib_category_id, name) values (21,'Law');
insert into digital_lib_category (digital_lib_category_id, name) values (22,'AI and Data Science');
insert into digital_lib_category (digital_lib_category_id, name) values (23,'Software Architecture');
insert into digital_lib_category (digital_lib_category_id, name) values (24,'Management');
insert into digital_lib_category (digital_lib_category_id, name) values (25,'Real-time systems');
insert into digital_lib_category (digital_lib_category_id, name) values (27,'Finance');
insert into digital_lib_category (digital_lib_category_id, name) values (28,'Robotics');
insert into digital_lib_category (digital_lib_category_id, name) values (29,'Mathematics and Statistics');
insert into digital_lib_category (digital_lib_category_id, name) values (30,'Marketing');
insert into digital_lib_category (digital_lib_category_id, name) values (31,'Human Resources');
insert into digital_lib_category (digital_lib_category_id, name) values (32,'Video Game Design');
insert into digital_lib_category (digital_lib_category_id, name) values (33,'Hardware');
insert into digital_lib_category (digital_lib_category_id, name) values (34,'Programming');
insert into digital_lib_category (digital_lib_category_id, name) values (36,'Interaction and Animation');
insert into digital_lib_category (digital_lib_category_id, name) values (37,'Databases');
insert into digital_lib_category (digital_lib_category_id, name) values (38,'Communication');
insert into digital_lib_category (digital_lib_category_id, name) values (39,'Information Systems');
insert into digital_lib_category (digital_lib_category_id, name) values (40,'Engineer and Operational Management');
insert into digital_lib_category (digital_lib_category_id, name) values (41,'Web Design');
insert into digital_lib_category (digital_lib_category_id, name) values (42,'Software Testing');
insert into digital_lib_category (digital_lib_category_id, name) values (43,'Agile SW development');
insert into digital_lib_category (digital_lib_category_id, name) values (44,'Accounting');
insert into digital_lib_category (digital_lib_category_id, name) values (45,'FIT');
insert into digital_lib_category (digital_lib_category_id, name) values (46,'FAM');
insert into digital_lib_category (digital_lib_category_id, name) values (47,'FDU');
insert into digital_lib_subcategory (digital_lib_subcategory_id, parent_digital_lib_category_fk, child_digital_lib_category_fk) values (1,6,8);
insert into digital_lib_subcategory (digital_lib_subcategory_id, parent_digital_lib_category_fk, child_digital_lib_category_fk) values (2,6,9);
insert into digital_lib_subcategory (digital_lib_subcategory_id, parent_digital_lib_category_fk, child_digital_lib_category_fk) values (3,3,10);
insert into digital_lib_subcategory (digital_lib_subcategory_id, parent_digital_lib_category_fk, child_digital_lib_category_fk) values (4,3,11);
insert into digital_lib_subcategory (digital_lib_subcategory_id, parent_digital_lib_category_fk, child_digital_lib_category_fk) values (5,4,26);
insert into digital_lib_subcategory (digital_lib_subcategory_id, parent_digital_lib_category_fk, child_digital_lib_category_fk) values (6,6,13);
insert into digital_lib_subcategory (digital_lib_subcategory_id, parent_digital_lib_category_fk, child_digital_lib_category_fk) values (7,6,14);
insert into digital_lib_subcategory (digital_lib_subcategory_id, parent_digital_lib_category_fk, child_digital_lib_category_fk) values (8,6,15);
insert into digital_lib_subcategory (digital_lib_subcategory_id, parent_digital_lib_category_fk, child_digital_lib_category_fk) values (9,3,16);
insert into digital_lib_subcategory (digital_lib_subcategory_id, parent_digital_lib_category_fk, child_digital_lib_category_fk) values (10,4,17);
insert into digital_lib_subcategory (digital_lib_subcategory_id, parent_digital_lib_category_fk, child_digital_lib_category_fk) values (11,6,18);
insert into digital_lib_subcategory (digital_lib_subcategory_id, parent_digital_lib_category_fk, child_digital_lib_category_fk) values (12,6,19);
insert into digital_lib_subcategory (digital_lib_subcategory_id, parent_digital_lib_category_fk, child_digital_lib_category_fk) values (13,1,35);
insert into digital_lib_subcategory (digital_lib_subcategory_id, parent_digital_lib_category_fk, child_digital_lib_category_fk) values (14,3,21);
insert into digital_lib_subcategory (digital_lib_subcategory_id, parent_digital_lib_category_fk, child_digital_lib_category_fk) values (15,6,22);
insert into digital_lib_subcategory (digital_lib_subcategory_id, parent_digital_lib_category_fk, child_digital_lib_category_fk) values (16,6,23);
insert into digital_lib_subcategory (digital_lib_subcategory_id, parent_digital_lib_category_fk, child_digital_lib_category_fk) values (17,3,24);
insert into digital_lib_subcategory (digital_lib_subcategory_id, parent_digital_lib_category_fk, child_digital_lib_category_fk) values (18,4,25);
insert into digital_lib_subcategory (digital_lib_subcategory_id, parent_digital_lib_category_fk, child_digital_lib_category_fk) values (19,3,27);
insert into digital_lib_subcategory (digital_lib_subcategory_id, parent_digital_lib_category_fk, child_digital_lib_category_fk) values (20,4,28);
insert into digital_lib_subcategory (digital_lib_subcategory_id, parent_digital_lib_category_fk, child_digital_lib_category_fk) values (21,6,29);
insert into digital_lib_subcategory (digital_lib_subcategory_id, parent_digital_lib_category_fk, child_digital_lib_category_fk) values (22,3,30);
insert into digital_lib_subcategory (digital_lib_subcategory_id, parent_digital_lib_category_fk, child_digital_lib_category_fk) values (23,3,31);
insert into digital_lib_subcategory (digital_lib_subcategory_id, parent_digital_lib_category_fk, child_digital_lib_category_fk) values (24,1,32);
insert into digital_lib_subcategory (digital_lib_subcategory_id, parent_digital_lib_category_fk, child_digital_lib_category_fk) values (25,4,33);
insert into digital_lib_subcategory (digital_lib_subcategory_id, parent_digital_lib_category_fk, child_digital_lib_category_fk) values (26,6,34);
insert into digital_lib_subcategory (digital_lib_subcategory_id, parent_digital_lib_category_fk, child_digital_lib_category_fk) values (27,1,36);
insert into digital_lib_subcategory (digital_lib_subcategory_id, parent_digital_lib_category_fk, child_digital_lib_category_fk) values (28,4,37);
insert into digital_lib_subcategory (digital_lib_subcategory_id, parent_digital_lib_category_fk, child_digital_lib_category_fk) values (29,3,38);
insert into digital_lib_subcategory (digital_lib_subcategory_id, parent_digital_lib_category_fk, child_digital_lib_category_fk) values (30,4,39);
insert into digital_lib_subcategory (digital_lib_subcategory_id, parent_digital_lib_category_fk, child_digital_lib_category_fk) values (31,3,40);
insert into digital_lib_subcategory (digital_lib_subcategory_id, parent_digital_lib_category_fk, child_digital_lib_category_fk) values (32,6,41);
insert into digital_lib_subcategory (digital_lib_subcategory_id, parent_digital_lib_category_fk, child_digital_lib_category_fk) values (33,6,42);
insert into digital_lib_subcategory (digital_lib_subcategory_id, parent_digital_lib_category_fk, child_digital_lib_category_fk) values (34,6,43);
insert into digital_lib_subcategory (digital_lib_subcategory_id, parent_digital_lib_category_fk, child_digital_lib_category_fk) values (35,3,44);
insert into digital_lib_subcategory (digital_lib_subcategory_id, parent_digital_lib_category_fk, child_digital_lib_category_fk) values (36,46,3);
insert into digital_lib_subcategory (digital_lib_subcategory_id, parent_digital_lib_category_fk, child_digital_lib_category_fk) values (37,47,1);
insert into digital_lib_subcategory (digital_lib_subcategory_id, parent_digital_lib_category_fk, child_digital_lib_category_fk) values (38,47,2);
insert into digital_lib_subcategory (digital_lib_subcategory_id, parent_digital_lib_category_fk, child_digital_lib_category_fk) values (39,45,4);
insert into digital_lib_subcategory (digital_lib_subcategory_id, parent_digital_lib_category_fk, child_digital_lib_category_fk) values (40,45,5);
insert into digital_lib_subcategory (digital_lib_subcategory_id, parent_digital_lib_category_fk, child_digital_lib_category_fk) values (41,45,6);
insert into digital_lib_book (digital_lib_book_id, title, description, issue_year) values (1,'Authoring Collaborative Multiplayer Games Game Design Patterns, Structural Verification, Collaboratice Balancing and Rapid Prototyping','This thesis aims at supporting those developers by conceptualizing an authoring environment that addresses these issues. Its overall concept consists of three steps or four modules: Game design patterns as player interaction templates, a formal analysis concerning structural errors and collaborative balancing as well as a rapid prototyping environment.',2016);
insert into digital_lib_book_author (digital_lib_book_fk, digital_lib_author_fk) values (1,966);
insert into digital_lib_book_tag (digital_lib_book_fk, digital_lib_tag_fk) values (1,2454);
insert into digital_lib_book_tag (digital_lib_book_fk, digital_lib_tag_fk) values (1,782);
insert into digital_lib_book_tag (digital_lib_book_fk, digital_lib_tag_fk) values (1,2076);
insert into digital_lib_book_tag (digital_lib_book_fk, digital_lib_tag_fk) values (1,561);
insert into digital_lib_book_publisher (digital_lib_book_fk, digital_lib_publisher_fk) values (1,48);
insert into digital_lib_category_book (digital_lib_book_fk, digital_lib_category_fk) values (1,1);
insert into digital_lib_category_book (digital_lib_book_fk, digital_lib_category_fk) values (1,32);
insert into digital_lib_book (digital_lib_book_id, title, description, issue_year) values (2,'Blender Basics Classroom Tutorial Book','In this fourth edition of the basic tools of Blender, topics such as Ray-Tracing, Nurbs, the principles of animation, lighting or the camera are studied. Blender is a multiplatform computer program, specially dedicated to modeling, animation and creation of three-dimensional graphics.',2011);
insert into digital_lib_book_author (digital_lib_book_fk, digital_lib_author_fk) values (2,289);
insert into digital_lib_book_tag (digital_lib_book_fk, digital_lib_tag_fk) values (2,2350);
insert into digital_lib_book_tag (digital_lib_book_fk, digital_lib_tag_fk) values (2,1913);
insert into digital_lib_book_tag (digital_lib_book_fk, digital_lib_tag_fk) values (2,131);
insert into digital_lib_book_tag (digital_lib_book_fk, digital_lib_tag_fk) values (2,2454);
insert into digital_lib_book_tag (digital_lib_book_fk, digital_lib_tag_fk) values (2,28);
insert into digital_lib_book_tag (digital_lib_book_fk, digital_lib_tag_fk) values (2,163);
insert into digital_lib_book_tag (digital_lib_book_fk, digital_lib_tag_fk) values (2,725);
insert into digital_lib_book_publisher (digital_lib_book_fk, digital_lib_publisher_fk) values (2,240);
insert into digital_lib_category_book (digital_lib_book_fk, digital_lib_category_fk) values (2,1);
insert into digital_lib_category_book (digital_lib_book_fk, digital_lib_category_fk) values (2,32);
insert into digital_lib_book (digital_lib_book_id, title, description, issue_year) values (3,'The Official Blender Gamekit Interactive for 3D Artists','This manual is a complete work on creating 3D Videogames using Blender\`s Game Engine.',2008);
insert into digital_lib_book_author (digital_lib_book_fk, digital_lib_author_fk) values (3,5);
insert into digital_lib_book_author (digital_lib_book_fk, digital_lib_author_fk) values (3,795);
insert into digital_lib_book_tag (digital_lib_book_fk, digital_lib_tag_fk) values (3,2350);
insert into digital_lib_book_tag (digital_lib_book_fk, digital_lib_tag_fk) values (3,131);
insert into digital_lib_book_tag (digital_lib_book_fk, digital_lib_tag_fk) values (3,561);
insert into digital_lib_book_tag (digital_lib_book_fk, digital_lib_tag_fk) values (3,1994);
insert into digital_lib_book_tag (digital_lib_book_fk, digital_lib_tag_fk) values (3,636);
insert into digital_lib_book_publisher (digital_lib_book_fk, digital_lib_publisher_fk) values (3,164);
insert into digital_lib_category_book (digital_lib_book_fk, digital_lib_category_fk) values (3,1);
insert into digital_lib_category_book (digital_lib_book_fk, digital_lib_category_fk) values (3,32);
insert into digital_lib_book (digital_lib_book_id, title, description, issue_year) values (4,'Design Your Imagination','This free ebook can be termed as a complete and comprehensible guide on website design. Almost every aspect of website design is exemplified in this ebook by representing ample examples. This web design ebook will definitely help the beginners to hone their creativity.',2010);
insert into digital_lib_book_author (digital_lib_book_fk, digital_lib_author_fk) values (4,872);
insert into digital_lib_book_tag (digital_lib_book_fk, digital_lib_tag_fk) values (4,1279);
insert into digital_lib_book_tag (digital_lib_book_fk, digital_lib_tag_fk) values (4,385);
insert into digital_lib_book_tag (digital_lib_book_fk, digital_lib_tag_fk) values (4,2350);
insert into digital_lib_book_publisher (digital_lib_book_fk, digital_lib_publisher_fk) values (4,5);
insert into digital_lib_category_book (digital_lib_book_fk, digital_lib_category_fk) values (4,1);
insert into digital_lib_category_book (digital_lib_book_fk, digital_lib_category_fk) values (4,36);
insert into digital_lib_book (digital_lib_book_id, title, description, issue_year) values (5,'Documentary Making for Digital Humanists','The book sets out the fundamentals of filmmaking, explores academic discourse on digital documentaries and online distribution, and considers the place of this discourse in the evolving academic landscape and walks its readers through the intellectual and practical processes of creating digital media and documentary projects. It is further equipped with video elements, supplementing specific chapters and providing brief and accessible introductions to the key components of the filmmaking process.',2021);
insert into digital_lib_book_author (digital_lib_book_fk, digital_lib_author_fk) values (5,1034);
insert into digital_lib_book_author (digital_lib_book_fk, digital_lib_author_fk) values (5,139);
insert into digital_lib_book_tag (digital_lib_book_fk, digital_lib_tag_fk) values (5,302);
insert into digital_lib_book_tag (digital_lib_book_fk, digital_lib_tag_fk) values (5,108);
insert into digital_lib_book_tag (digital_lib_book_fk, digital_lib_tag_fk) values (5,2235);
insert into digital_lib_book_tag (digital_lib_book_fk, digital_lib_tag_fk) values (5,1925);
insert into digital_lib_book_publisher (digital_lib_book_fk, digital_lib_publisher_fk) values (5,126);
insert into digital_lib_category_book (digital_lib_book_fk, digital_lib_category_fk) values (5,1);
insert into digital_lib_category_book (digital_lib_book_fk, digital_lib_category_fk) values (5,36);
insert into digital_lib_book (digital_lib_book_id, title, description, issue_year) values (6,'Exploring Movie Construction & Production: What’s so exciting about movies?','This book covers theme, genre, narrative structure, character portrayal, story, plot, directing style, cinematography, and editing. Important terminology is defined and types of analysis are discussed and demonstrated. An extended example of how a movie description reflects the setting, narrative structure, or directing style is used throughout the book to illustrate building blocks of each theme.',2017);
insert into digital_lib_book_author (digital_lib_book_fk, digital_lib_author_fk) values (6,776);
insert into digital_lib_book_tag (digital_lib_book_fk, digital_lib_tag_fk) values (6,1287);
insert into digital_lib_book_tag (digital_lib_book_fk, digital_lib_tag_fk) values (6,918);
insert into digital_lib_book_tag (digital_lib_book_fk, digital_lib_tag_fk) values (6,2328);
insert into digital_lib_book_tag (digital_lib_book_fk, digital_lib_tag_fk) values (6,881);
insert into digital_lib_book_tag (digital_lib_book_fk, digital_lib_tag_fk) values (6,1925);
insert into digital_lib_book_tag (digital_lib_book_fk, digital_lib_tag_fk) values (6,287);
insert into digital_lib_book_publisher (digital_lib_book_fk, digital_lib_publisher_fk) values (6,237);
insert into digital_lib_category_book (digital_lib_book_fk, digital_lib_category_fk) values (6,1);
insert into digital_lib_category_book (digital_lib_book_fk, digital_lib_category_fk) values (6,36);
insert into digital_lib_book (digital_lib_book_id, title, description, issue_year) values (7,'Variant Analyses: Interrogations of New Media Art and Culture','This collection contains essays on technology, art and culture from 1960s to 1990s.',2013);
insert into digital_lib_book_author (digital_lib_book_fk, digital_lib_author_fk) values (7,994);
insert into digital_lib_book_tag (digital_lib_book_fk, digital_lib_tag_fk) values (7,1691);
insert into digital_lib_book_tag (digital_lib_book_fk, digital_lib_tag_fk) values (7,2075);
insert into digital_lib_book_tag (digital_lib_book_fk, digital_lib_tag_fk) values (7,797);
insert into digital_lib_book_tag (digital_lib_book_fk, digital_lib_tag_fk) values (7,897);
insert into digital_lib_book_tag (digital_lib_book_fk, digital_lib_tag_fk) values (7,680);
insert into digital_lib_book_tag (digital_lib_book_fk, digital_lib_tag_fk) values (7,40);
insert into digital_lib_book_tag (digital_lib_book_fk, digital_lib_tag_fk) values (7,1705);
insert into digital_lib_book_tag (digital_lib_book_fk, digital_lib_tag_fk) values (7,1128);
insert into digital_lib_book_publisher (digital_lib_book_fk, digital_lib_publisher_fk) values (7,69);
insert into digital_lib_category_book (digital_lib_book_fk, digital_lib_category_fk) values (7,1);
insert into digital_lib_category_book (digital_lib_book_fk, digital_lib_category_fk) values (7,36);
insert into digital_lib_book (digital_lib_book_id, title, description, issue_year) values (8,'Moving Pictures: An Introduction to Cinema','Textbook for 1000- level Communication course: Introduction to Films Studies',2020);
insert into digital_lib_book_author (digital_lib_book_fk, digital_lib_author_fk) values (8,906);
insert into digital_lib_book_tag (digital_lib_book_fk, digital_lib_tag_fk) values (8,1468);
insert into digital_lib_book_tag (digital_lib_book_fk, digital_lib_tag_fk) values (8,1691);
insert into digital_lib_book_tag (digital_lib_book_fk, digital_lib_tag_fk) values (8,2075);
insert into digital_lib_book_tag (digital_lib_book_fk, digital_lib_tag_fk) values (8,1925);
insert into digital_lib_book_tag (digital_lib_book_fk, digital_lib_tag_fk) values (8,772);
insert into digital_lib_book_tag (digital_lib_book_fk, digital_lib_tag_fk) values (8,860);
insert into digital_lib_book_tag (digital_lib_book_fk, digital_lib_tag_fk) values (8,2424);
insert into digital_lib_book_publisher (digital_lib_book_fk, digital_lib_publisher_fk) values (8,220);
insert into digital_lib_category_book (digital_lib_book_fk, digital_lib_category_fk) values (8,1);
insert into digital_lib_category_book (digital_lib_book_fk, digital_lib_category_fk) values (8,36);
insert into digital_lib_book (digital_lib_book_id, title, description, issue_year) values (9,'Multimedia: a multidisciplinary approach to complex issues','This book tries to offer readers an overview of the field of multimedia through a multidisciplinary analysis.',2012);
insert into digital_lib_book_author (digital_lib_book_fk, digital_lib_author_fk) values (9,35);
insert into digital_lib_book_tag (digital_lib_book_fk, digital_lib_tag_fk) values (9,397);
insert into digital_lib_book_tag (digital_lib_book_fk, digital_lib_tag_fk) values (9,717);
insert into digital_lib_book_tag (digital_lib_book_fk, digital_lib_tag_fk) values (9,2235);
insert into digital_lib_book_tag (digital_lib_book_fk, digital_lib_tag_fk) values (9,328);
insert into digital_lib_book_tag (digital_lib_book_fk, digital_lib_tag_fk) values (9,181);
insert into digital_lib_book_tag (digital_lib_book_fk, digital_lib_tag_fk) values (9,1994);
insert into digital_lib_book_publisher (digital_lib_book_fk, digital_lib_publisher_fk) values (9,243);
insert into digital_lib_category_book (digital_lib_book_fk, digital_lib_category_fk) values (9,1);
insert into digital_lib_category_book (digital_lib_book_fk, digital_lib_category_fk) values (9,36);
insert into digital_lib_book (digital_lib_book_id, title, description, issue_year) values (10,'Multimedia','The aim of the book is to present the state-of-the-art research, development, and implementations of multimedia systems, technologies, and applications. All chapters represent contributions from the top researchers in this field and will serve as a valuable tool for professionals in this interdisciplinary field.',2010);
insert into digital_lib_book_author (digital_lib_book_fk, digital_lib_author_fk) values (10,92);
insert into digital_lib_book_tag (digital_lib_book_fk, digital_lib_tag_fk) values (10,1286);
insert into digital_lib_book_tag (digital_lib_book_fk, digital_lib_tag_fk) values (10,427);
insert into digital_lib_book_tag (digital_lib_book_fk, digital_lib_tag_fk) values (10,137);
insert into digital_lib_book_tag (digital_lib_book_fk, digital_lib_tag_fk) values (10,2235);
insert into digital_lib_book_tag (digital_lib_book_fk, digital_lib_tag_fk) values (10,1932);
insert into digital_lib_book_publisher (digital_lib_book_fk, digital_lib_publisher_fk) values (10,243);
insert into digital_lib_category_book (digital_lib_book_fk, digital_lib_category_fk) values (10,1);
insert into digital_lib_category_book (digital_lib_book_fk, digital_lib_category_fk) values (10,36);
insert into digital_lib_book (digital_lib_book_id, title, description, issue_year) values (11,'The Fable of the User Centred Designer','In this book, you will follow the journey of a young man who discovers the three secrets of user-centered design. After reading this short fable of just 40 pages, you will understand the world of user-centered design and know how to apply it successfully to your own projects - a small book that can deliver great results.',2010);
insert into digital_lib_book_author (digital_lib_book_fk, digital_lib_author_fk) values (11,612);
insert into digital_lib_book_tag (digital_lib_book_fk, digital_lib_tag_fk) values (11,2454);
insert into digital_lib_book_tag (digital_lib_book_fk, digital_lib_tag_fk) values (11,1004);
insert into digital_lib_book_tag (digital_lib_book_fk, digital_lib_tag_fk) values (11,775);
insert into digital_lib_book_tag (digital_lib_book_fk, digital_lib_tag_fk) values (11,975);
insert into digital_lib_book_tag (digital_lib_book_fk, digital_lib_tag_fk) values (11,1994);
insert into digital_lib_book_publisher (digital_lib_book_fk, digital_lib_publisher_fk) values (11,9);
insert into digital_lib_category_book (digital_lib_book_fk, digital_lib_category_fk) values (11,1);
insert into digital_lib_category_book (digital_lib_book_fk, digital_lib_category_fk) values (11,36);
insert into digital_lib_book (digital_lib_book_id, title, description, issue_year) values (12,'The inner life of video spheres. Theory for the YouTube Generation','The following text is an essay about online video. Its aim is to rethink online video as a complex ecosystem and artificial sphere of existence. Its status has shifted from being merely close to us to being together with us. To state this in a more radical way, we are ‘with’ online video in the world. This ‘with’ will be explored in this essay.',2013);
insert into digital_lib_book_author (digital_lib_book_fk, digital_lib_author_fk) values (12,493);
insert into digital_lib_book_tag (digital_lib_book_fk, digital_lib_tag_fk) values (12,1691);
insert into digital_lib_book_tag (digital_lib_book_fk, digital_lib_tag_fk) values (12,1217);
insert into digital_lib_book_tag (digital_lib_book_fk, digital_lib_tag_fk) values (12,647);
insert into digital_lib_book_tag (digital_lib_book_fk, digital_lib_tag_fk) values (12,797);
insert into digital_lib_book_tag (digital_lib_book_fk, digital_lib_tag_fk) values (12,717);
insert into digital_lib_book_tag (digital_lib_book_fk, digital_lib_tag_fk) values (12,897);
insert into digital_lib_book_tag (digital_lib_book_fk, digital_lib_tag_fk) values (12,2235);
insert into digital_lib_book_tag (digital_lib_book_fk, digital_lib_tag_fk) values (12,237);
insert into digital_lib_book_publisher (digital_lib_book_fk, digital_lib_publisher_fk) values (12,249);
insert into digital_lib_category_book (digital_lib_book_fk, digital_lib_category_fk) values (12,1);
insert into digital_lib_category_book (digital_lib_book_fk, digital_lib_category_fk) values (12,36);
insert into digital_lib_book (digital_lib_book_id, title, description, issue_year) values (13,'Urban Screens Reader','Urban screens of various scale – from the small handheld screens of mobile phones to the large screens dominating the streetscapes of global cities – exemplified a new urban paradigm produced by the layering of physical space and media space, resulting in what has been variously called ‘Hertzian’, ‘hybrid’, ‘mixed’, ‘augmented’ or ‘stereoscopic’ space. This book explores this new environment.',2009);
insert into digital_lib_book_author (digital_lib_book_fk, digital_lib_author_fk) values (13,575);
insert into digital_lib_book_author (digital_lib_book_fk, digital_lib_author_fk) values (13,490);
insert into digital_lib_book_author (digital_lib_book_fk, digital_lib_author_fk) values (13,509);
insert into digital_lib_book_tag (digital_lib_book_fk, digital_lib_tag_fk) values (13,1091);
insert into digital_lib_book_tag (digital_lib_book_fk, digital_lib_tag_fk) values (13,1691);
insert into digital_lib_book_tag (digital_lib_book_fk, digital_lib_tag_fk) values (13,1128);
insert into digital_lib_book_tag (digital_lib_book_fk, digital_lib_tag_fk) values (13,155);
insert into digital_lib_book_tag (digital_lib_book_fk, digital_lib_tag_fk) values (13,505);
insert into digital_lib_book_tag (digital_lib_book_fk, digital_lib_tag_fk) values (13,897);
insert into digital_lib_book_tag (digital_lib_book_fk, digital_lib_tag_fk) values (13,680);
insert into digital_lib_book_publisher (digital_lib_book_fk, digital_lib_publisher_fk) values (13,72);
insert into digital_lib_category_book (digital_lib_book_fk, digital_lib_category_fk) values (13,1);
insert into digital_lib_category_book (digital_lib_book_fk, digital_lib_category_fk) values (13,36);
insert into digital_lib_book (digital_lib_book_id, title, description, issue_year) values (14,'Digital Video Concepts, Methods, and Metrics Quality, Compression, Performance, and Power Trade-off Analysis','This book focuses on giving the reader mastery over the concepts, methods and metrics of digital video coding, so that readers have sufficient understanding to choose and tune coding parameters for optimum results that would suit their particular needs for quality, compression, speed and power.',2014);
insert into digital_lib_book_author (digital_lib_book_fk, digital_lib_author_fk) values (14,314);
insert into digital_lib_book_tag (digital_lib_book_fk, digital_lib_tag_fk) values (14,468);
insert into digital_lib_book_tag (digital_lib_book_fk, digital_lib_tag_fk) values (14,671);
insert into digital_lib_book_tag (digital_lib_book_fk, digital_lib_tag_fk) values (14,717);
insert into digital_lib_book_tag (digital_lib_book_fk, digital_lib_tag_fk) values (14,806);
insert into digital_lib_book_tag (digital_lib_book_fk, digital_lib_tag_fk) values (14,2235);
insert into digital_lib_book_publisher (digital_lib_book_fk, digital_lib_publisher_fk) values (14,19);
insert into digital_lib_book_publisher (digital_lib_book_fk, digital_lib_publisher_fk) values (14,1);
insert into digital_lib_book_publisher (digital_lib_book_fk, digital_lib_publisher_fk) values (14,189);
insert into digital_lib_category_book (digital_lib_book_fk, digital_lib_category_fk) values (14,1);
insert into digital_lib_category_book (digital_lib_book_fk, digital_lib_category_fk) values (14,35);
insert into digital_lib_book (digital_lib_book_id, title, description, issue_year) values (15,'VR Technologies in Cultural Heritage First International Conference, VRTCH 2018, Brasov, Romania, May 29–30, 2018, Revised Selected Papers','This open access book constitutes the refereed proceedings of the First International Conference on VR Technologies in Cultural Heritage, VRTCH 2018, held in Brasov, Romania in May 2018. The 13 revised full papers along with the 5 short papers presented were carefully reviewed and selected from 21 submissions. The papers of this volume are organized in topical sections on data acquisition and modelling, visualization methods / audio, sensors and actuators, data management, restoration and digitization, cultural tourism.',2019);
insert into digital_lib_book_author (digital_lib_book_fk, digital_lib_author_fk) values (15,1087);
insert into digital_lib_book_author (digital_lib_book_fk, digital_lib_author_fk) values (15,808);
insert into digital_lib_book_author (digital_lib_book_fk, digital_lib_author_fk) values (15,633);
insert into digital_lib_book_author (digital_lib_book_fk, digital_lib_author_fk) values (15,639);
insert into digital_lib_book_tag (digital_lib_book_fk, digital_lib_tag_fk) values (15,1752);
insert into digital_lib_book_tag (digital_lib_book_fk, digital_lib_tag_fk) values (15,1338);
insert into digital_lib_book_tag (digital_lib_book_fk, digital_lib_tag_fk) values (15,965);
insert into digital_lib_book_tag (digital_lib_book_fk, digital_lib_tag_fk) values (15,710);
insert into digital_lib_book_tag (digital_lib_book_fk, digital_lib_tag_fk) values (15,903);
insert into digital_lib_book_tag (digital_lib_book_fk, digital_lib_tag_fk) values (15,1891);
insert into digital_lib_book_tag (digital_lib_book_fk, digital_lib_tag_fk) values (15,2429);
insert into digital_lib_book_publisher (digital_lib_book_fk, digital_lib_publisher_fk) values (15,14);
insert into digital_lib_book_publisher (digital_lib_book_fk, digital_lib_publisher_fk) values (15,2);
insert into digital_lib_category_book (digital_lib_book_fk, digital_lib_category_fk) values (15,1);
insert into digital_lib_category_book (digital_lib_book_fk, digital_lib_category_fk) values (15,35);
insert into digital_lib_book (digital_lib_book_id, title, description, issue_year) values (16,'An Idiot\`s Guide to Photoshop II','This guide tries to bring the full power of this software in the simplest terms to a variety of users.',2012);
insert into digital_lib_book_author (digital_lib_book_fk, digital_lib_author_fk) values (16,409);
insert into digital_lib_book_tag (digital_lib_book_fk, digital_lib_tag_fk) values (16,474);
insert into digital_lib_book_tag (digital_lib_book_fk, digital_lib_tag_fk) values (16,1994);
insert into digital_lib_book_tag (digital_lib_book_fk, digital_lib_tag_fk) values (16,181);
insert into digital_lib_book_tag (digital_lib_book_fk, digital_lib_tag_fk) values (16,2279);
insert into digital_lib_book_tag (digital_lib_book_fk, digital_lib_tag_fk) values (16,2036);
insert into digital_lib_book_publisher (digital_lib_book_fk, digital_lib_publisher_fk) values (16,37);
insert into digital_lib_category_book (digital_lib_book_fk, digital_lib_category_fk) values (16,2);
insert into digital_lib_category_book (digital_lib_book_fk, digital_lib_category_fk) values (16,35);
insert into digital_lib_book (digital_lib_book_id, title, description, issue_year) values (17,'An Idiot\`s Guide to Photoshop III Pro Tips','This guide tries to bring the full power of this software in the simplest terms to a variety of users. With this third installment of the \`Guide for Idiots\` we are looking for even the most novice user to be able to create their own compositions with the powerful Adobe package.',2012);
insert into digital_lib_book_author (digital_lib_book_fk, digital_lib_author_fk) values (17,409);
insert into digital_lib_book_tag (digital_lib_book_fk, digital_lib_tag_fk) values (17,474);
insert into digital_lib_book_tag (digital_lib_book_fk, digital_lib_tag_fk) values (17,1994);
insert into digital_lib_book_tag (digital_lib_book_fk, digital_lib_tag_fk) values (17,181);
insert into digital_lib_book_tag (digital_lib_book_fk, digital_lib_tag_fk) values (17,2279);
insert into digital_lib_book_tag (digital_lib_book_fk, digital_lib_tag_fk) values (17,2036);
insert into digital_lib_book_publisher (digital_lib_book_fk, digital_lib_publisher_fk) values (17,37);
insert into digital_lib_category_book (digital_lib_book_fk, digital_lib_category_fk) values (17,2);
insert into digital_lib_category_book (digital_lib_book_fk, digital_lib_category_fk) values (17,35);
insert into digital_lib_book (digital_lib_book_id, title, description, issue_year) values (18,'BC Open Textbook Accessibility Toolkit','The Accessibility Toolkit was created as part of the B.C. Open Textbook Project. The B.C. Open Textbook Project began in 2012 with the goal of making post-secondary education in British Columbia more accessible by reducing student cost through the use of openly licensed textbooks.',2015);
insert into digital_lib_book_author (digital_lib_book_fk, digital_lib_author_fk) values (18,949);
insert into digital_lib_book_author (digital_lib_book_fk, digital_lib_author_fk) values (18,1096);
insert into digital_lib_book_author (digital_lib_book_fk, digital_lib_author_fk) values (18,473);
insert into digital_lib_book_tag (digital_lib_book_fk, digital_lib_tag_fk) values (18,990);
insert into digital_lib_book_tag (digital_lib_book_fk, digital_lib_tag_fk) values (18,201);
insert into digital_lib_book_tag (digital_lib_book_fk, digital_lib_tag_fk) values (18,2454);
insert into digital_lib_book_tag (digital_lib_book_fk, digital_lib_tag_fk) values (18,1004);
insert into digital_lib_book_tag (digital_lib_book_fk, digital_lib_tag_fk) values (18,2350);
insert into digital_lib_book_publisher (digital_lib_book_fk, digital_lib_publisher_fk) values (18,32);
insert into digital_lib_category_book (digital_lib_book_fk, digital_lib_category_fk) values (18,2);
insert into digital_lib_category_book (digital_lib_book_fk, digital_lib_category_fk) values (18,35);
insert into digital_lib_book (digital_lib_book_id, title, description, issue_year) values (19,'Bootcamp Bootleg','This compilation is intended as an active toolkit to support your design thinking practice.The bootleg is a working document, which captures some of the teaching we impart in "design thinking bootcamp", our foundation course.',2011);
insert into digital_lib_book_tag (digital_lib_book_fk, digital_lib_tag_fk) values (19,1217);
insert into digital_lib_book_tag (digital_lib_book_fk, digital_lib_tag_fk) values (19,2454);
insert into digital_lib_book_tag (digital_lib_book_fk, digital_lib_tag_fk) values (19,1021);
insert into digital_lib_book_publisher (digital_lib_book_fk, digital_lib_publisher_fk) values (19,68);
insert into digital_lib_category_book (digital_lib_book_fk, digital_lib_category_fk) values (19,2);
insert into digital_lib_category_book (digital_lib_book_fk, digital_lib_category_fk) values (19,35);
insert into digital_lib_book (digital_lib_book_id, title, description, issue_year) values (20,'Color Image Processing','The intent of this Special Issue is to provide a framework where scientists in several different disciplines related to color can find a place to illustrate their ideas and results.',2018);
insert into digital_lib_book_author (digital_lib_book_fk, digital_lib_author_fk) values (20,125);
insert into digital_lib_book_tag (digital_lib_book_fk, digital_lib_tag_fk) values (20,201);
insert into digital_lib_book_tag (digital_lib_book_fk, digital_lib_tag_fk) values (20,2454);
insert into digital_lib_book_tag (digital_lib_book_fk, digital_lib_tag_fk) values (20,1338);
insert into digital_lib_book_publisher (digital_lib_book_fk, digital_lib_publisher_fk) values (20,57);
insert into digital_lib_category_book (digital_lib_book_fk, digital_lib_category_fk) values (20,2);
insert into digital_lib_category_book (digital_lib_book_fk, digital_lib_category_fk) values (20,35);
insert into digital_lib_book (digital_lib_book_id, title, description, issue_year) values (21,'Creative Aid Handbook','This book is a guide which serves as \`a mini resource for your creative projects and food for your creative thoughts\`, the book hopes to give designers a \`creative push\` in the right direction.The book itself can be used as a digital collection of supplies and equipment providing first aid creative care.',2013);
insert into digital_lib_book_author (digital_lib_book_fk, digital_lib_author_fk) values (21,325);
insert into digital_lib_book_tag (digital_lib_book_fk, digital_lib_tag_fk) values (21,1691);
insert into digital_lib_book_tag (digital_lib_book_fk, digital_lib_tag_fk) values (21,56);
insert into digital_lib_book_tag (digital_lib_book_fk, digital_lib_tag_fk) values (21,2454);
insert into digital_lib_book_tag (digital_lib_book_fk, digital_lib_tag_fk) values (21,1425);
insert into digital_lib_book_tag (digital_lib_book_fk, digital_lib_tag_fk) values (21,1833);
insert into digital_lib_book_tag (digital_lib_book_fk, digital_lib_tag_fk) values (21,572);
insert into digital_lib_book_publisher (digital_lib_book_fk, digital_lib_publisher_fk) values (21,201);
insert into digital_lib_category_book (digital_lib_book_fk, digital_lib_category_fk) values (21,2);
insert into digital_lib_category_book (digital_lib_book_fk, digital_lib_category_fk) values (21,35);
insert into digital_lib_book (digital_lib_book_id, title, description, issue_year) values (22,'Critique of Creativity','The essays collected in this book analyze this complex resurgence of the creation myth and propose a contemporary critique of creativity.',2011);
insert into digital_lib_book_author (digital_lib_book_fk, digital_lib_author_fk) values (22,1159);
insert into digital_lib_book_author (digital_lib_book_fk, digital_lib_author_fk) values (22,213);
insert into digital_lib_book_author (digital_lib_book_fk, digital_lib_author_fk) values (22,226);
insert into digital_lib_book_tag (digital_lib_book_fk, digital_lib_tag_fk) values (22,1691);
insert into digital_lib_book_tag (digital_lib_book_fk, digital_lib_tag_fk) values (22,56);
insert into digital_lib_book_tag (digital_lib_book_fk, digital_lib_tag_fk) values (22,2454);
insert into digital_lib_book_tag (digital_lib_book_fk, digital_lib_tag_fk) values (22,2075);
insert into digital_lib_book_publisher (digital_lib_book_fk, digital_lib_publisher_fk) values (22,27);
insert into digital_lib_category_book (digital_lib_book_fk, digital_lib_category_fk) values (22,2);
insert into digital_lib_category_book (digital_lib_book_fk, digital_lib_category_fk) values (22,35);
insert into digital_lib_book (digital_lib_book_id, title, description, issue_year) values (23,'Data + Design','The book’s chapters follow pretty closely the actual set of steps that need to be accomplished before data can be visualized, from the design of the survey to the collection of the data to ultimately its visualization.',2014);
insert into digital_lib_book_author (digital_lib_book_fk, digital_lib_author_fk) values (23,303);
insert into digital_lib_book_author (digital_lib_book_fk, digital_lib_author_fk) values (23,206);
insert into digital_lib_book_tag (digital_lib_book_fk, digital_lib_tag_fk) values (23,842);
insert into digital_lib_book_tag (digital_lib_book_fk, digital_lib_tag_fk) values (23,2454);
insert into digital_lib_book_tag (digital_lib_book_fk, digital_lib_tag_fk) values (23,155);
insert into digital_lib_book_tag (digital_lib_book_fk, digital_lib_tag_fk) values (23,2418);
insert into digital_lib_book_tag (digital_lib_book_fk, digital_lib_tag_fk) values (23,496);
insert into digital_lib_book_publisher (digital_lib_book_fk, digital_lib_publisher_fk) values (23,258);
insert into digital_lib_category_book (digital_lib_book_fk, digital_lib_category_fk) values (23,2);
insert into digital_lib_category_book (digital_lib_book_fk, digital_lib_category_fk) values (23,35);
insert into digital_lib_book (digital_lib_book_id, title, description, issue_year) values (24,'Da Vinci and the 40 Answers: a playbook for creativity and fresh ideas','The authors of this book intended to provide a book for stirring that creative mind, all the ideas that are bubbling in our heads. This can serve as an inspiration pool for those in creative industries.',2008);
insert into digital_lib_book_author (digital_lib_book_fk, digital_lib_author_fk) values (24,871);
insert into digital_lib_book_tag (digital_lib_book_fk, digital_lib_tag_fk) values (24,56);
insert into digital_lib_book_tag (digital_lib_book_fk, digital_lib_tag_fk) values (24,2454);
insert into digital_lib_book_publisher (digital_lib_book_fk, digital_lib_publisher_fk) values (24,150);
insert into digital_lib_category_book (digital_lib_book_fk, digital_lib_category_fk) values (24,2);
insert into digital_lib_category_book (digital_lib_book_fk, digital_lib_category_fk) values (24,35);
insert into digital_lib_book (digital_lib_book_id, title, description, issue_year) values (25,'Drawing Futures','This book focuses on the discussion of how the field of drawing may expand synchronously alongside technological and computational developments. Bringing together practitioners from many creative fields, the book discusses how drawing is changing in relation to new technologies for the production and dissemination of ideas.',2016);
insert into digital_lib_book_author (digital_lib_book_fk, digital_lib_author_fk) values (25,1190);
insert into digital_lib_book_tag (digital_lib_book_fk, digital_lib_tag_fk) values (25,1091);
insert into digital_lib_book_tag (digital_lib_book_fk, digital_lib_tag_fk) values (25,1691);
insert into digital_lib_book_tag (digital_lib_book_fk, digital_lib_tag_fk) values (25,2454);
insert into digital_lib_book_tag (digital_lib_book_fk, digital_lib_tag_fk) values (25,326);
insert into digital_lib_book_publisher (digital_lib_book_fk, digital_lib_publisher_fk) values (25,191);
insert into digital_lib_category_book (digital_lib_book_fk, digital_lib_category_fk) values (25,2);
insert into digital_lib_category_book (digital_lib_book_fk, digital_lib_category_fk) values (25,35);
insert into digital_lib_book (digital_lib_book_id, title, description, issue_year) values (26,'The Glitch Moment(um)','In this book, the author brings in early information theorists not usually encountered in glitch’s theoretical foundations to refine a signal and informational vocabulary appropriate to glitch’s technological moment(um) and orientations. The book makes sense of recent glitch art and culture: technically, culturally, critically, aesthetically and finally as a genre.',2011);
insert into digital_lib_book_author (digital_lib_book_fk, digital_lib_author_fk) values (26,253);
insert into digital_lib_book_tag (digital_lib_book_fk, digital_lib_tag_fk) values (26,1691);
insert into digital_lib_book_tag (digital_lib_book_fk, digital_lib_tag_fk) values (26,56);
insert into digital_lib_book_tag (digital_lib_book_fk, digital_lib_tag_fk) values (26,2075);
insert into digital_lib_book_tag (digital_lib_book_fk, digital_lib_tag_fk) values (26,2454);
insert into digital_lib_book_tag (digital_lib_book_fk, digital_lib_tag_fk) values (26,1018);
insert into digital_lib_book_tag (digital_lib_book_fk, digital_lib_tag_fk) values (26,717);
insert into digital_lib_book_tag (digital_lib_book_fk, digital_lib_tag_fk) values (26,2428);
insert into digital_lib_book_publisher (digital_lib_book_fk, digital_lib_publisher_fk) values (26,69);
insert into digital_lib_category_book (digital_lib_book_fk, digital_lib_category_fk) values (26,2);
insert into digital_lib_category_book (digital_lib_book_fk, digital_lib_category_fk) values (26,35);
insert into digital_lib_book (digital_lib_book_id, title, description, issue_year) values (27,'Graphic Design and Print Production Fundamentals','By inviting a group of select experts to author the chapters of this textbook, our goal is to specifically focus on different aspects of the design process, from creation to production. Each chapter begins with a list of Learning Objectives, and concludes with Exercises and a list of Suggested Readings on the Summary page.',2017);
insert into digital_lib_book_author (digital_lib_book_fk, digital_lib_author_fk) values (27,196);
insert into digital_lib_book_author (digital_lib_book_fk, digital_lib_author_fk) values (27,750);
insert into digital_lib_book_author (digital_lib_book_fk, digital_lib_author_fk) values (27,688);
insert into digital_lib_book_author (digital_lib_book_fk, digital_lib_author_fk) values (27,12);
insert into digital_lib_book_author (digital_lib_book_fk, digital_lib_author_fk) values (27,301);
insert into digital_lib_book_author (digital_lib_book_fk, digital_lib_author_fk) values (27,576);
insert into digital_lib_book_tag (digital_lib_book_fk, digital_lib_tag_fk) values (27,1691);
insert into digital_lib_book_tag (digital_lib_book_fk, digital_lib_tag_fk) values (27,201);
insert into digital_lib_book_tag (digital_lib_book_fk, digital_lib_tag_fk) values (27,375);
insert into digital_lib_book_tag (digital_lib_book_fk, digital_lib_tag_fk) values (27,2454);
insert into digital_lib_book_tag (digital_lib_book_fk, digital_lib_tag_fk) values (27,2202);
insert into digital_lib_book_publisher (digital_lib_book_fk, digital_lib_publisher_fk) values (27,32);
insert into digital_lib_category_book (digital_lib_book_fk, digital_lib_category_fk) values (27,2);
insert into digital_lib_category_book (digital_lib_book_fk, digital_lib_category_fk) values (27,35);
insert into digital_lib_book (digital_lib_book_id, title, description, issue_year) values (28,'Getting Started With Adobe Illustrator','This manual lays the foundations to start working with Illustrator through examples of real use such as the creation of an icon and 3D text. At the end of the book are some very useful tips and tricks for daily practice.',2012);
insert into digital_lib_book_author (digital_lib_book_fk, digital_lib_author_fk) values (28,862);
insert into digital_lib_book_tag (digital_lib_book_fk, digital_lib_tag_fk) values (28,1673);
insert into digital_lib_book_tag (digital_lib_book_fk, digital_lib_tag_fk) values (28,2454);
insert into digital_lib_book_tag (digital_lib_book_fk, digital_lib_tag_fk) values (28,1994);
insert into digital_lib_book_tag (digital_lib_book_fk, digital_lib_tag_fk) values (28,1272);
insert into digital_lib_book_tag (digital_lib_book_fk, digital_lib_tag_fk) values (28,7);
insert into digital_lib_book_tag (digital_lib_book_fk, digital_lib_tag_fk) values (28,1517);
insert into digital_lib_book_publisher (digital_lib_book_fk, digital_lib_publisher_fk) values (28,37);
insert into digital_lib_category_book (digital_lib_book_fk, digital_lib_category_fk) values (28,2);
insert into digital_lib_category_book (digital_lib_book_fk, digital_lib_category_fk) values (28,35);
insert into digital_lib_book (digital_lib_book_id, title, description, issue_year) values (29,'Image Restoration - Recent Advances and Applications','This book represents a sample of the recent contributions that researchers are making in the field of image restoration. Many chapters cover the various methods and aspects of image restoration itself, but this book is also an opportunity to discover some of the newer concepts such as emerging new image restoration devices.',2012);
insert into digital_lib_book_author (digital_lib_book_fk, digital_lib_author_fk) values (29,1097);
insert into digital_lib_book_tag (digital_lib_book_fk, digital_lib_tag_fk) values (29,1292);
insert into digital_lib_book_tag (digital_lib_book_fk, digital_lib_tag_fk) values (29,1994);
insert into digital_lib_book_tag (digital_lib_book_fk, digital_lib_tag_fk) values (29,137);
insert into digital_lib_book_tag (digital_lib_book_fk, digital_lib_tag_fk) values (29,717);
insert into digital_lib_book_tag (digital_lib_book_fk, digital_lib_tag_fk) values (29,1184);
insert into digital_lib_book_publisher (digital_lib_book_fk, digital_lib_publisher_fk) values (29,243);
insert into digital_lib_category_book (digital_lib_book_fk, digital_lib_category_fk) values (29,2);
insert into digital_lib_category_book (digital_lib_book_fk, digital_lib_category_fk) values (29,35);
insert into digital_lib_book (digital_lib_book_id, title, description, issue_year) values (30,'Imagining the Future City: London 2062','The London 2062 Programme from University College London brings a new, cross-disciplinary and highly collaborative approach to investigating the complex nature of this city.This book approaches the question of London’s future by considering the city in terms of Connections, Things, Power and Dreams.',2013);
insert into digital_lib_book_author (digital_lib_book_fk, digital_lib_author_fk) values (30,9);
insert into digital_lib_book_author (digital_lib_book_fk, digital_lib_author_fk) values (30,673);
insert into digital_lib_book_tag (digital_lib_book_fk, digital_lib_tag_fk) values (30,1091);
insert into digital_lib_book_tag (digital_lib_book_fk, digital_lib_tag_fk) values (30,1691);
insert into digital_lib_book_tag (digital_lib_book_fk, digital_lib_tag_fk) values (30,1313);
insert into digital_lib_book_tag (digital_lib_book_fk, digital_lib_tag_fk) values (30,2160);
insert into digital_lib_book_tag (digital_lib_book_fk, digital_lib_tag_fk) values (30,1902);
insert into digital_lib_book_tag (digital_lib_book_fk, digital_lib_tag_fk) values (30,373);
insert into digital_lib_book_tag (digital_lib_book_fk, digital_lib_tag_fk) values (30,155);
insert into digital_lib_book_tag (digital_lib_book_fk, digital_lib_tag_fk) values (30,680);
insert into digital_lib_book_publisher (digital_lib_book_fk, digital_lib_publisher_fk) values (30,173);
insert into digital_lib_category_book (digital_lib_book_fk, digital_lib_category_fk) values (30,2);
insert into digital_lib_category_book (digital_lib_book_fk, digital_lib_category_fk) values (30,35);
insert into digital_lib_book (digital_lib_book_id, title, description, issue_year) values (31,'Learn OpenGL','This book wil help you learn the inner workings of computer graphics and it will provide you with a great understanding of graphics programming. Prerequisites Since OpenGL is a graphics API and not a platform of its own, it requires a language to operate in and the language of choice is C++, therefore a decent knowledge of the C++ programming language is required for these tutorials.',2015);
insert into digital_lib_book_author (digital_lib_book_fk, digital_lib_author_fk) values (31,1148);
insert into digital_lib_book_tag (digital_lib_book_fk, digital_lib_tag_fk) values (31,2350);
insert into digital_lib_book_tag (digital_lib_book_fk, digital_lib_tag_fk) values (31,2454);
insert into digital_lib_book_tag (digital_lib_book_fk, digital_lib_tag_fk) values (31,1788);
insert into digital_lib_book_publisher (digital_lib_book_fk, digital_lib_publisher_fk) values (31,258);
insert into digital_lib_category_book (digital_lib_book_fk, digital_lib_category_fk) values (31,2);
insert into digital_lib_category_book (digital_lib_book_fk, digital_lib_category_fk) values (31,35);
insert into digital_lib_book (digital_lib_book_id, title, description, issue_year) values (32,'Modeling and Simulation in Engineering','This book provides an open platform to create and share the knowledge developed by academics, scientists and engineers around the world, on the various applications of modeling and simulation in the product design process within different fields of engineering.',2012);
insert into digital_lib_book_author (digital_lib_book_fk, digital_lib_author_fk) values (32,233);
insert into digital_lib_book_tag (digital_lib_book_fk, digital_lib_tag_fk) values (32,2350);
insert into digital_lib_book_tag (digital_lib_book_fk, digital_lib_tag_fk) values (32,2454);
insert into digital_lib_book_tag (digital_lib_book_fk, digital_lib_tag_fk) values (32,1902);
insert into digital_lib_book_tag (digital_lib_book_fk, digital_lib_tag_fk) values (32,904);
insert into digital_lib_book_tag (digital_lib_book_fk, digital_lib_tag_fk) values (32,872);
insert into digital_lib_book_publisher (digital_lib_book_fk, digital_lib_publisher_fk) values (32,243);
insert into digital_lib_category_book (digital_lib_book_fk, digital_lib_category_fk) values (32,2);
insert into digital_lib_category_book (digital_lib_book_fk, digital_lib_category_fk) values (32,35);
insert into digital_lib_book (digital_lib_book_id, title, description, issue_year) values (33,'Organic Creativity and the Physics Within','This book will help you understand creativity to a greater extent. It is important because if we knew it better, we could apply civilization’s enhanced creativity to the wicked problems that afflict us – problems which require those extraordinary breakthroughs that only extraordinary creativity may provide.',2013);
insert into digital_lib_book_author (digital_lib_book_fk, digital_lib_author_fk) values (33,266);
insert into digital_lib_book_tag (digital_lib_book_fk, digital_lib_tag_fk) values (33,56);
insert into digital_lib_book_tag (digital_lib_book_fk, digital_lib_tag_fk) values (33,1241);
insert into digital_lib_book_tag (digital_lib_book_fk, digital_lib_tag_fk) values (33,572);
insert into digital_lib_book_publisher (digital_lib_book_fk, digital_lib_publisher_fk) values (33,70);
insert into digital_lib_category_book (digital_lib_book_fk, digital_lib_category_fk) values (33,2);
insert into digital_lib_category_book (digital_lib_book_fk, digital_lib_category_fk) values (33,35);
insert into digital_lib_book (digital_lib_book_id, title, description, issue_year) values (34,'Photoshop CS6: Your Ultimate Overview','This short guide reviews some of the new features introduced in the CS6 version of this famous software package, as well as general tips and tricks for a better use of it. A final section explains, as an annex, how to improve system performance by customizing its main parameters.',2012);
insert into digital_lib_book_author (digital_lib_book_fk, digital_lib_author_fk) values (34,862);
insert into digital_lib_book_tag (digital_lib_book_fk, digital_lib_tag_fk) values (34,2454);
insert into digital_lib_book_tag (digital_lib_book_fk, digital_lib_tag_fk) values (34,1292);
insert into digital_lib_book_tag (digital_lib_book_fk, digital_lib_tag_fk) values (34,1994);
insert into digital_lib_book_tag (digital_lib_book_fk, digital_lib_tag_fk) values (34,856);
insert into digital_lib_book_tag (digital_lib_book_fk, digital_lib_tag_fk) values (34,1013);
insert into digital_lib_book_publisher (digital_lib_book_fk, digital_lib_publisher_fk) values (34,37);
insert into digital_lib_category_book (digital_lib_book_fk, digital_lib_category_fk) values (34,2);
insert into digital_lib_category_book (digital_lib_book_fk, digital_lib_category_fk) values (34,35);
insert into digital_lib_book (digital_lib_book_id, title, description, issue_year) values (35,'Pixel Perfect Precision v.3','The focus of this book is shifted away from pure pixels to cover more about Design and Development. The material of this book could be abpplied to anz area of work and different design requirements.',2014);
insert into digital_lib_book_author (digital_lib_book_fk, digital_lib_author_fk) values (35,327);
insert into digital_lib_book_tag (digital_lib_book_fk, digital_lib_tag_fk) values (35,695);
insert into digital_lib_book_tag (digital_lib_book_fk, digital_lib_tag_fk) values (35,2454);
insert into digital_lib_book_tag (digital_lib_book_fk, digital_lib_tag_fk) values (35,1272);
insert into digital_lib_book_tag (digital_lib_book_fk, digital_lib_tag_fk) values (35,1833);
insert into digital_lib_book_tag (digital_lib_book_fk, digital_lib_tag_fk) values (35,1013);
insert into digital_lib_book_tag (digital_lib_book_fk, digital_lib_tag_fk) values (35,1530);
insert into digital_lib_book_publisher (digital_lib_book_fk, digital_lib_publisher_fk) values (35,204);
insert into digital_lib_category_book (digital_lib_book_fk, digital_lib_category_fk) values (35,2);
insert into digital_lib_category_book (digital_lib_book_fk, digital_lib_category_fk) values (35,35);
insert into digital_lib_book (digital_lib_book_id, title, description, issue_year) values (36,'Production Ergonomics: Designing Work Systems to Support Optimal Human Performance','To help budding system designers and production engineers tackle these design challenges holistically, this book offers a multi-faceted orientation in the prerequisites for healthy and effective human work.',2017);
insert into digital_lib_book_author (digital_lib_book_fk, digital_lib_author_fk) values (36,585);
insert into digital_lib_book_author (digital_lib_book_fk, digital_lib_author_fk) values (36,551);
insert into digital_lib_book_tag (digital_lib_book_fk, digital_lib_tag_fk) values (36,1071);
insert into digital_lib_book_tag (digital_lib_book_fk, digital_lib_tag_fk) values (36,2160);
insert into digital_lib_book_tag (digital_lib_book_fk, digital_lib_tag_fk) values (36,2127);
insert into digital_lib_book_publisher (digital_lib_book_fk, digital_lib_publisher_fk) values (36,173);
insert into digital_lib_category_book (digital_lib_book_fk, digital_lib_category_fk) values (36,2);
insert into digital_lib_category_book (digital_lib_book_fk, digital_lib_category_fk) values (36,35);
insert into digital_lib_book (digital_lib_book_id, title, description, issue_year) values (37,'Guide to Ancient Aegean Art','This book contains all of Smarthistory’s content for the Ancient Aegean, including Cycladic, Minoan, and Mycenaean art.',2019);
insert into digital_lib_book_author (digital_lib_book_fk, digital_lib_author_fk) values (37,685);
insert into digital_lib_book_tag (digital_lib_book_fk, digital_lib_tag_fk) values (37,1691);
insert into digital_lib_book_tag (digital_lib_book_fk, digital_lib_tag_fk) values (37,1076);
insert into digital_lib_book_tag (digital_lib_book_fk, digital_lib_tag_fk) values (37,2470);
insert into digital_lib_book_tag (digital_lib_book_fk, digital_lib_tag_fk) values (37,809);
insert into digital_lib_book_tag (digital_lib_book_fk, digital_lib_tag_fk) values (37,1419);
insert into digital_lib_book_publisher (digital_lib_book_fk, digital_lib_publisher_fk) values (37,129);
insert into digital_lib_category_book (digital_lib_book_fk, digital_lib_category_fk) values (37,2);
insert into digital_lib_category_book (digital_lib_book_fk, digital_lib_category_fk) values (37,35);
insert into digital_lib_book (digital_lib_book_id, title, description, issue_year) values (38,'Guide to Ancient Egyptian Art','This book contains all of Smarthistory’s content for the Ancient Egyptian art.',2019);
insert into digital_lib_book_author (digital_lib_book_fk, digital_lib_author_fk) values (38,685);
insert into digital_lib_book_tag (digital_lib_book_fk, digital_lib_tag_fk) values (38,1691);
insert into digital_lib_book_tag (digital_lib_book_fk, digital_lib_tag_fk) values (38,1076);
insert into digital_lib_book_tag (digital_lib_book_fk, digital_lib_tag_fk) values (38,1876);
insert into digital_lib_book_tag (digital_lib_book_fk, digital_lib_tag_fk) values (38,1419);
insert into digital_lib_book_publisher (digital_lib_book_fk, digital_lib_publisher_fk) values (38,129);
insert into digital_lib_category_book (digital_lib_book_fk, digital_lib_category_fk) values (38,2);
insert into digital_lib_category_book (digital_lib_book_fk, digital_lib_category_fk) values (38,35);
insert into digital_lib_book (digital_lib_book_id, title, description, issue_year) values (39,'Guide to Ancient Etruscan Art','This book contains all of Smarthistory’s content for the Ancient Etruscan art.',2019);
insert into digital_lib_book_author (digital_lib_book_fk, digital_lib_author_fk) values (39,685);
insert into digital_lib_book_tag (digital_lib_book_fk, digital_lib_tag_fk) values (39,1691);
insert into digital_lib_book_tag (digital_lib_book_fk, digital_lib_tag_fk) values (39,1076);
insert into digital_lib_book_tag (digital_lib_book_fk, digital_lib_tag_fk) values (39,297);
insert into digital_lib_book_tag (digital_lib_book_fk, digital_lib_tag_fk) values (39,1265);
insert into digital_lib_book_tag (digital_lib_book_fk, digital_lib_tag_fk) values (39,1419);
insert into digital_lib_book_publisher (digital_lib_book_fk, digital_lib_publisher_fk) values (39,129);
insert into digital_lib_category_book (digital_lib_book_fk, digital_lib_category_fk) values (39,2);
insert into digital_lib_category_book (digital_lib_book_fk, digital_lib_category_fk) values (39,35);
insert into digital_lib_book (digital_lib_book_id, title, description, issue_year) values (40,'Guide to Ancient Greek Art','This book contains all of Smarthistory’s content for the Ancient Greek art.',2019);
insert into digital_lib_book_author (digital_lib_book_fk, digital_lib_author_fk) values (40,685);
insert into digital_lib_book_tag (digital_lib_book_fk, digital_lib_tag_fk) values (40,1691);
insert into digital_lib_book_tag (digital_lib_book_fk, digital_lib_tag_fk) values (40,1076);
insert into digital_lib_book_tag (digital_lib_book_fk, digital_lib_tag_fk) values (40,2470);
insert into digital_lib_book_tag (digital_lib_book_fk, digital_lib_tag_fk) values (40,809);
insert into digital_lib_book_tag (digital_lib_book_fk, digital_lib_tag_fk) values (40,1419);
insert into digital_lib_book_publisher (digital_lib_book_fk, digital_lib_publisher_fk) values (40,129);
insert into digital_lib_category_book (digital_lib_book_fk, digital_lib_category_fk) values (40,2);
insert into digital_lib_category_book (digital_lib_book_fk, digital_lib_category_fk) values (40,35);
insert into digital_lib_book (digital_lib_book_id, title, description, issue_year) values (41,'Guide to Ancient Near Eastern Art','This book contains all of Smarthistory’s content for the Ancient Near Eastern art.',2019);
insert into digital_lib_book_author (digital_lib_book_fk, digital_lib_author_fk) values (41,685);
insert into digital_lib_book_tag (digital_lib_book_fk, digital_lib_tag_fk) values (41,1691);
insert into digital_lib_book_tag (digital_lib_book_fk, digital_lib_tag_fk) values (41,1076);
insert into digital_lib_book_tag (digital_lib_book_fk, digital_lib_tag_fk) values (41,2465);
insert into digital_lib_book_tag (digital_lib_book_fk, digital_lib_tag_fk) values (41,1419);
insert into digital_lib_book_publisher (digital_lib_book_fk, digital_lib_publisher_fk) values (41,129);
insert into digital_lib_category_book (digital_lib_book_fk, digital_lib_category_fk) values (41,2);
insert into digital_lib_category_book (digital_lib_book_fk, digital_lib_category_fk) values (41,35);
insert into digital_lib_book (digital_lib_book_id, title, description, issue_year) values (42,'Guide to Ancient Roman Art','This book contains all of Smarthistory’s content for the Ancient Roman art.',2019);
insert into digital_lib_book_author (digital_lib_book_fk, digital_lib_author_fk) values (42,685);
insert into digital_lib_book_tag (digital_lib_book_fk, digital_lib_tag_fk) values (42,1691);
insert into digital_lib_book_tag (digital_lib_book_fk, digital_lib_tag_fk) values (42,1076);
insert into digital_lib_book_tag (digital_lib_book_fk, digital_lib_tag_fk) values (42,696);
insert into digital_lib_book_tag (digital_lib_book_fk, digital_lib_tag_fk) values (42,1419);
insert into digital_lib_book_publisher (digital_lib_book_fk, digital_lib_publisher_fk) values (42,129);
insert into digital_lib_category_book (digital_lib_book_fk, digital_lib_category_fk) values (42,2);
insert into digital_lib_category_book (digital_lib_book_fk, digital_lib_category_fk) values (42,35);
insert into digital_lib_book (digital_lib_book_id, title, description, issue_year) values (43,'Guide to Byzantine Art','This book contains all of Smarthistory’s content for the  Byzantine art.',2019);
insert into digital_lib_book_author (digital_lib_book_fk, digital_lib_author_fk) values (43,685);
insert into digital_lib_book_tag (digital_lib_book_fk, digital_lib_tag_fk) values (43,1691);
insert into digital_lib_book_tag (digital_lib_book_fk, digital_lib_tag_fk) values (43,1076);
insert into digital_lib_book_tag (digital_lib_book_fk, digital_lib_tag_fk) values (43,1686);
insert into digital_lib_book_tag (digital_lib_book_fk, digital_lib_tag_fk) values (43,1419);
insert into digital_lib_book_publisher (digital_lib_book_fk, digital_lib_publisher_fk) values (43,129);
insert into digital_lib_category_book (digital_lib_book_fk, digital_lib_category_fk) values (43,2);
insert into digital_lib_category_book (digital_lib_book_fk, digital_lib_category_fk) values (43,35);
insert into digital_lib_book (digital_lib_book_id, title, description, issue_year) values (44,'Guide to Italian Art in the 1300s','This book contains all of Smarthistory’s content for the Italian art 1300s.',2019);
insert into digital_lib_book_author (digital_lib_book_fk, digital_lib_author_fk) values (44,685);
insert into digital_lib_book_tag (digital_lib_book_fk, digital_lib_tag_fk) values (44,1691);
insert into digital_lib_book_tag (digital_lib_book_fk, digital_lib_tag_fk) values (44,1076);
insert into digital_lib_book_tag (digital_lib_book_fk, digital_lib_tag_fk) values (44,2087);
insert into digital_lib_book_tag (digital_lib_book_fk, digital_lib_tag_fk) values (44,1419);
insert into digital_lib_book_publisher (digital_lib_book_fk, digital_lib_publisher_fk) values (44,129);
insert into digital_lib_category_book (digital_lib_book_fk, digital_lib_category_fk) values (44,2);
insert into digital_lib_category_book (digital_lib_book_fk, digital_lib_category_fk) values (44,35);
insert into digital_lib_book (digital_lib_book_id, title, description, issue_year) values (45,'Guide to Italian Art in the 1400s','This book contains all of Smarthistory’s content for the Italian art 1400s.',2019);
insert into digital_lib_book_author (digital_lib_book_fk, digital_lib_author_fk) values (45,685);
insert into digital_lib_book_tag (digital_lib_book_fk, digital_lib_tag_fk) values (45,1691);
insert into digital_lib_book_tag (digital_lib_book_fk, digital_lib_tag_fk) values (45,1076);
insert into digital_lib_book_tag (digital_lib_book_fk, digital_lib_tag_fk) values (45,2087);
insert into digital_lib_book_tag (digital_lib_book_fk, digital_lib_tag_fk) values (45,1419);
insert into digital_lib_book_publisher (digital_lib_book_fk, digital_lib_publisher_fk) values (45,129);
insert into digital_lib_category_book (digital_lib_book_fk, digital_lib_category_fk) values (45,2);
insert into digital_lib_category_book (digital_lib_book_fk, digital_lib_category_fk) values (45,35);
insert into digital_lib_book (digital_lib_book_id, title, description, issue_year) values (46,'The Shape of Design','Frank Chimero, renowned graphic designer, illustrator, writer and teacher, teaches us through this book his philosophy of work as far as design is concerned: Frank expresses a great adoration for the process rather than for the end of it. Understand design more like a verb than a noun, it is something that has life, it is something that is constantly in motion and that you cannot hold on to.',2012);
insert into digital_lib_book_author (digital_lib_book_fk, digital_lib_author_fk) values (46,1060);
insert into digital_lib_book_tag (digital_lib_book_fk, digital_lib_tag_fk) values (46,1691);
insert into digital_lib_book_tag (digital_lib_book_fk, digital_lib_tag_fk) values (46,2454);
insert into digital_lib_book_tag (digital_lib_book_fk, digital_lib_tag_fk) values (46,1994);
insert into digital_lib_book_publisher (digital_lib_book_fk, digital_lib_publisher_fk) values (46,240);
insert into digital_lib_category_book (digital_lib_book_fk, digital_lib_category_fk) values (46,2);
insert into digital_lib_category_book (digital_lib_book_fk, digital_lib_category_fk) values (46,35);
insert into digital_lib_book (digital_lib_book_id, title, description, issue_year) values (47,'Type Classification','The intention of this book is to help you know the 10 laws or ways of classifying a typeface. There is no question here as to why this might be useful, but graphic designers and web builders will certainly quickly understand the value of this guide.',2008);
insert into digital_lib_book_author (digital_lib_book_fk, digital_lib_author_fk) values (47,573);
insert into digital_lib_book_tag (digital_lib_book_fk, digital_lib_tag_fk) values (47,2454);
insert into digital_lib_book_tag (digital_lib_book_fk, digital_lib_tag_fk) values (47,1981);
insert into digital_lib_book_tag (digital_lib_book_fk, digital_lib_tag_fk) values (47,2202);
insert into digital_lib_book_publisher (digital_lib_book_fk, digital_lib_publisher_fk) values (47,258);
insert into digital_lib_category_book (digital_lib_book_fk, digital_lib_category_fk) values (47,2);
insert into digital_lib_category_book (digital_lib_book_fk, digital_lib_category_fk) values (47,35);
insert into digital_lib_book (digital_lib_book_id, title, description, issue_year) values (48,'Accounting Principles A Business Perspective','Accounting principles courses teach you the "language of business" so you understand terms and concepts used in business decisions. If you understand how accounting information is prepared, you will be in an even stronger position when faced with a management decision based on accounting information.',2018);
insert into digital_lib_book_author (digital_lib_book_fk, digital_lib_author_fk) values (48,762);
insert into digital_lib_book_author (digital_lib_book_fk, digital_lib_author_fk) values (48,351);
insert into digital_lib_book_author (digital_lib_book_fk, digital_lib_author_fk) values (48,27);
insert into digital_lib_book_tag (digital_lib_book_fk, digital_lib_tag_fk) values (48,72);
insert into digital_lib_book_tag (digital_lib_book_fk, digital_lib_tag_fk) values (48,1462);
insert into digital_lib_book_tag (digital_lib_book_fk, digital_lib_tag_fk) values (48,2447);
insert into digital_lib_book_tag (digital_lib_book_fk, digital_lib_tag_fk) values (48,95);
insert into digital_lib_book_tag (digital_lib_book_fk, digital_lib_tag_fk) values (48,1045);
insert into digital_lib_book_tag (digital_lib_book_fk, digital_lib_tag_fk) values (48,1845);
insert into digital_lib_book_tag (digital_lib_book_fk, digital_lib_tag_fk) values (48,792);
insert into digital_lib_book_tag (digital_lib_book_fk, digital_lib_tag_fk) values (48,430);
insert into digital_lib_book_tag (digital_lib_book_fk, digital_lib_tag_fk) values (48,464);
insert into digital_lib_book_tag (digital_lib_book_fk, digital_lib_tag_fk) values (48,1586);
insert into digital_lib_book_publisher (digital_lib_book_fk, digital_lib_publisher_fk) values (48,41);
insert into digital_lib_category_book (digital_lib_book_fk, digital_lib_category_fk) values (48,3);
insert into digital_lib_category_book (digital_lib_book_fk, digital_lib_category_fk) values (48,44);
insert into digital_lib_book (digital_lib_book_id, title, description, issue_year) values (49,'Intermediate Financial Accounting Volume 1','Building up on Introduction to Financial Accounting, this book delves deeper into the elements of financial accounting for students as well as professionals, looking for revision or clarification of certain theoretical and pratical areas.',2016);
insert into digital_lib_book_author (digital_lib_book_fk, digital_lib_author_fk) values (49,848);
insert into digital_lib_book_author (digital_lib_book_fk, digital_lib_author_fk) values (49,199);
insert into digital_lib_book_tag (digital_lib_book_fk, digital_lib_tag_fk) values (49,94);
insert into digital_lib_book_tag (digital_lib_book_fk, digital_lib_tag_fk) values (49,10);
insert into digital_lib_book_tag (digital_lib_book_fk, digital_lib_tag_fk) values (49,2032);
insert into digital_lib_book_tag (digital_lib_book_fk, digital_lib_tag_fk) values (49,1222);
insert into digital_lib_book_tag (digital_lib_book_fk, digital_lib_tag_fk) values (49,239);
insert into digital_lib_book_tag (digital_lib_book_fk, digital_lib_tag_fk) values (49,1234);
insert into digital_lib_book_tag (digital_lib_book_fk, digital_lib_tag_fk) values (49,1838);
insert into digital_lib_book_tag (digital_lib_book_fk, digital_lib_tag_fk) values (49,616);
insert into digital_lib_book_publisher (digital_lib_book_fk, digital_lib_publisher_fk) values (49,182);
insert into digital_lib_category_book (digital_lib_book_fk, digital_lib_category_fk) values (49,3);
insert into digital_lib_category_book (digital_lib_book_fk, digital_lib_category_fk) values (49,44);
insert into digital_lib_book (digital_lib_book_id, title, description, issue_year) values (50,'Intermediate Financial Accounting Volume 2','Building up on Introduction to Financial Accounting, this book delves deeper into the elements of financial accounting for students as well as professionals, looking for revision or clarification of certain theoretical and pratical areas.',2017);
insert into digital_lib_book_author (digital_lib_book_fk, digital_lib_author_fk) values (50,848);
insert into digital_lib_book_author (digital_lib_book_fk, digital_lib_author_fk) values (50,199);
insert into digital_lib_book_tag (digital_lib_book_fk, digital_lib_tag_fk) values (50,1031);
insert into digital_lib_book_tag (digital_lib_book_fk, digital_lib_tag_fk) values (50,2324);
insert into digital_lib_book_tag (digital_lib_book_fk, digital_lib_tag_fk) values (50,2185);
insert into digital_lib_book_tag (digital_lib_book_fk, digital_lib_tag_fk) values (50,448);
insert into digital_lib_book_tag (digital_lib_book_fk, digital_lib_tag_fk) values (50,566);
insert into digital_lib_book_tag (digital_lib_book_fk, digital_lib_tag_fk) values (50,2409);
insert into digital_lib_book_tag (digital_lib_book_fk, digital_lib_tag_fk) values (50,792);
insert into digital_lib_book_tag (digital_lib_book_fk, digital_lib_tag_fk) values (50,1987);
insert into digital_lib_book_publisher (digital_lib_book_fk, digital_lib_publisher_fk) values (50,182);
insert into digital_lib_category_book (digital_lib_book_fk, digital_lib_category_fk) values (50,3);
insert into digital_lib_category_book (digital_lib_book_fk, digital_lib_category_fk) values (50,44);
insert into digital_lib_book (digital_lib_book_id, title, description, issue_year) values (51,'Introduction to Financial Accounting','This book delves into the elements of financial accounting for beginner students as well as professionals, looking for revision or clarification of certain theoretical and pratical areas.',2017);
insert into digital_lib_book_author (digital_lib_book_fk, digital_lib_author_fk) values (51,812);
insert into digital_lib_book_author (digital_lib_book_fk, digital_lib_author_fk) values (51,995);
insert into digital_lib_book_tag (digital_lib_book_fk, digital_lib_tag_fk) values (51,2343);
insert into digital_lib_book_tag (digital_lib_book_fk, digital_lib_tag_fk) values (51,406);
insert into digital_lib_book_tag (digital_lib_book_fk, digital_lib_tag_fk) values (51,211);
insert into digital_lib_book_tag (digital_lib_book_fk, digital_lib_tag_fk) values (51,1462);
insert into digital_lib_book_tag (digital_lib_book_fk, digital_lib_tag_fk) values (51,2032);
insert into digital_lib_book_tag (digital_lib_book_fk, digital_lib_tag_fk) values (51,711);
insert into digital_lib_book_tag (digital_lib_book_fk, digital_lib_tag_fk) values (51,968);
insert into digital_lib_book_tag (digital_lib_book_fk, digital_lib_tag_fk) values (51,1346);
insert into digital_lib_book_tag (digital_lib_book_fk, digital_lib_tag_fk) values (51,1101);
insert into digital_lib_book_tag (digital_lib_book_fk, digital_lib_tag_fk) values (51,61);
insert into digital_lib_book_tag (digital_lib_book_fk, digital_lib_tag_fk) values (51,1566);
insert into digital_lib_book_tag (digital_lib_book_fk, digital_lib_tag_fk) values (51,792);
insert into digital_lib_book_tag (digital_lib_book_fk, digital_lib_tag_fk) values (51,1508);
insert into digital_lib_book_tag (digital_lib_book_fk, digital_lib_tag_fk) values (51,2124);
insert into digital_lib_book_publisher (digital_lib_book_fk, digital_lib_publisher_fk) values (51,182);
insert into digital_lib_category_book (digital_lib_book_fk, digital_lib_category_fk) values (51,3);
insert into digital_lib_category_book (digital_lib_book_fk, digital_lib_category_fk) values (51,44);
insert into digital_lib_book (digital_lib_book_id, title, description, issue_year) values (52,'Financial accounting','Financial Accounting is adapted from a work produced and distributed under a Creative Commons license (CC BY- NC-SA) in 2012 by a publisher who has requested that they and the original author not receive attribution. This adapted edition is produced by the University of Minnesota Libraries Publishing through the eLearning Support Initiative.',2016);
insert into digital_lib_book_author (digital_lib_book_fk, digital_lib_author_fk) values (52,717);
insert into digital_lib_book_tag (digital_lib_book_fk, digital_lib_tag_fk) values (52,2264);
insert into digital_lib_book_tag (digital_lib_book_fk, digital_lib_tag_fk) values (52,1277);
insert into digital_lib_book_tag (digital_lib_book_fk, digital_lib_tag_fk) values (52,267);
insert into digital_lib_book_tag (digital_lib_book_fk, digital_lib_tag_fk) values (52,792);
insert into digital_lib_book_tag (digital_lib_book_fk, digital_lib_tag_fk) values (52,260);
insert into digital_lib_book_tag (digital_lib_book_fk, digital_lib_tag_fk) values (52,2097);
insert into digital_lib_book_tag (digital_lib_book_fk, digital_lib_tag_fk) values (52,2158);
insert into digital_lib_book_tag (digital_lib_book_fk, digital_lib_tag_fk) values (52,45);
insert into digital_lib_book_tag (digital_lib_book_fk, digital_lib_tag_fk) values (52,1222);
insert into digital_lib_book_tag (digital_lib_book_fk, digital_lib_tag_fk) values (52,239);
insert into digital_lib_book_tag (digital_lib_book_fk, digital_lib_tag_fk) values (52,711);
insert into digital_lib_book_tag (digital_lib_book_fk, digital_lib_tag_fk) values (52,1424);
insert into digital_lib_book_tag (digital_lib_book_fk, digital_lib_tag_fk) values (52,2196);
insert into digital_lib_book_tag (digital_lib_book_fk, digital_lib_tag_fk) values (52,1101);
insert into digital_lib_book_tag (digital_lib_book_fk, digital_lib_tag_fk) values (52,751);
insert into digital_lib_book_tag (digital_lib_book_fk, digital_lib_tag_fk) values (52,566);
insert into digital_lib_book_tag (digital_lib_book_fk, digital_lib_tag_fk) values (52,2409);
insert into digital_lib_book_publisher (digital_lib_book_fk, digital_lib_publisher_fk) values (52,112);
insert into digital_lib_category_book (digital_lib_book_fk, digital_lib_category_fk) values (52,3);
insert into digital_lib_category_book (digital_lib_book_fk, digital_lib_category_fk) values (52,44);
insert into digital_lib_book (digital_lib_book_id, title, description, issue_year) values (53,'Introduction to Financial Accounting U.S. Generally Accepted Accounting Principles adaptation','This book delves into the elements of financial accounting for beginner students as well as professionals, looking for revision or clarification of certain theoretical and pratical areas.',2019);
insert into digital_lib_book_author (digital_lib_book_fk, digital_lib_author_fk) values (53,812);
insert into digital_lib_book_author (digital_lib_book_fk, digital_lib_author_fk) values (53,995);
insert into digital_lib_book_tag (digital_lib_book_fk, digital_lib_tag_fk) values (53,2358);
insert into digital_lib_book_tag (digital_lib_book_fk, digital_lib_tag_fk) values (53,1262);
insert into digital_lib_book_tag (digital_lib_book_fk, digital_lib_tag_fk) values (53,2097);
insert into digital_lib_book_tag (digital_lib_book_fk, digital_lib_tag_fk) values (53,1675);
insert into digital_lib_book_tag (digital_lib_book_fk, digital_lib_tag_fk) values (53,1335);
insert into digital_lib_book_tag (digital_lib_book_fk, digital_lib_tag_fk) values (53,260);
insert into digital_lib_book_tag (digital_lib_book_fk, digital_lib_tag_fk) values (53,45);
insert into digital_lib_book_tag (digital_lib_book_fk, digital_lib_tag_fk) values (53,2402);
insert into digital_lib_book_tag (digital_lib_book_fk, digital_lib_tag_fk) values (53,1462);
insert into digital_lib_book_tag (digital_lib_book_fk, digital_lib_tag_fk) values (53,1222);
insert into digital_lib_book_tag (digital_lib_book_fk, digital_lib_tag_fk) values (53,2032);
insert into digital_lib_book_tag (digital_lib_book_fk, digital_lib_tag_fk) values (53,968);
insert into digital_lib_book_tag (digital_lib_book_fk, digital_lib_tag_fk) values (53,515);
insert into digital_lib_book_tag (digital_lib_book_fk, digital_lib_tag_fk) values (53,61);
insert into digital_lib_book_tag (digital_lib_book_fk, digital_lib_tag_fk) values (53,1101);
insert into digital_lib_book_tag (digital_lib_book_fk, digital_lib_tag_fk) values (53,1566);
insert into digital_lib_book_tag (digital_lib_book_fk, digital_lib_tag_fk) values (53,792);
insert into digital_lib_book_tag (digital_lib_book_fk, digital_lib_tag_fk) values (53,1508);
insert into digital_lib_book_tag (digital_lib_book_fk, digital_lib_tag_fk) values (53,711);
insert into digital_lib_book_tag (digital_lib_book_fk, digital_lib_tag_fk) values (53,2124);
insert into digital_lib_book_publisher (digital_lib_book_fk, digital_lib_publisher_fk) values (53,182);
insert into digital_lib_category_book (digital_lib_book_fk, digital_lib_category_fk) values (53,3);
insert into digital_lib_category_book (digital_lib_book_fk, digital_lib_category_fk) values (53,44);
insert into digital_lib_book (digital_lib_book_id, title, description, issue_year) values (54,'Managerial Accounting','This book delves into the elements of managerial accounting for beginner students as well as professionals, looking for revision or clarification of certain theoretical and pratical areas.',2016);
insert into digital_lib_book_author (digital_lib_book_fk, digital_lib_author_fk) values (54,790);
insert into digital_lib_book_author (digital_lib_book_fk, digital_lib_author_fk) values (54,370);
insert into digital_lib_book_tag (digital_lib_book_fk, digital_lib_tag_fk) values (54,2358);
insert into digital_lib_book_tag (digital_lib_book_fk, digital_lib_tag_fk) values (54,8);
insert into digital_lib_book_tag (digital_lib_book_fk, digital_lib_tag_fk) values (54,249);
insert into digital_lib_book_tag (digital_lib_book_fk, digital_lib_tag_fk) values (54,656);
insert into digital_lib_book_tag (digital_lib_book_fk, digital_lib_tag_fk) values (54,1112);
insert into digital_lib_book_tag (digital_lib_book_fk, digital_lib_tag_fk) values (54,569);
insert into digital_lib_book_tag (digital_lib_book_fk, digital_lib_tag_fk) values (54,644);
insert into digital_lib_book_tag (digital_lib_book_fk, digital_lib_tag_fk) values (54,1277);
insert into digital_lib_book_tag (digital_lib_book_fk, digital_lib_tag_fk) values (54,1222);
insert into digital_lib_book_tag (digital_lib_book_fk, digital_lib_tag_fk) values (54,1952);
insert into digital_lib_book_tag (digital_lib_book_fk, digital_lib_tag_fk) values (54,1462);
insert into digital_lib_book_tag (digital_lib_book_fk, digital_lib_tag_fk) values (54,1942);
insert into digital_lib_book_tag (digital_lib_book_fk, digital_lib_tag_fk) values (54,794);
insert into digital_lib_book_tag (digital_lib_book_fk, digital_lib_tag_fk) values (54,1586);
insert into digital_lib_book_publisher (digital_lib_book_fk, digital_lib_publisher_fk) values (54,141);
insert into digital_lib_category_book (digital_lib_book_fk, digital_lib_category_fk) values (54,3);
insert into digital_lib_category_book (digital_lib_book_fk, digital_lib_category_fk) values (54,44);
insert into digital_lib_book (digital_lib_book_id, title, description, issue_year) values (55,'Management Communication','This book teaches you to use your communication skills in business environment, especially for management position. Build up your presentation skills and promote the brand in a more successful manner.',2017);
insert into digital_lib_book_author (digital_lib_book_fk, digital_lib_author_fk) values (55,1024);
insert into digital_lib_book_author (digital_lib_book_fk, digital_lib_author_fk) values (55,400);
insert into digital_lib_book_author (digital_lib_book_fk, digital_lib_author_fk) values (55,974);
insert into digital_lib_book_tag (digital_lib_book_fk, digital_lib_tag_fk) values (55,411);
insert into digital_lib_book_tag (digital_lib_book_fk, digital_lib_tag_fk) values (55,249);
insert into digital_lib_book_tag (digital_lib_book_fk, digital_lib_tag_fk) values (55,1603);
insert into digital_lib_book_tag (digital_lib_book_fk, digital_lib_tag_fk) values (55,1130);
insert into digital_lib_book_tag (digital_lib_book_fk, digital_lib_tag_fk) values (55,960);
insert into digital_lib_book_publisher (digital_lib_book_fk, digital_lib_publisher_fk) values (55,211);
insert into digital_lib_category_book (digital_lib_book_fk, digital_lib_category_fk) values (55,3);
insert into digital_lib_category_book (digital_lib_book_fk, digital_lib_category_fk) values (55,38);
insert into digital_lib_book (digital_lib_book_id, title, description, issue_year) values (56,'Business English for Success','Business English for Success is a creative solution to a common challenge across Business Communication courses.',2011);
insert into digital_lib_book_author (digital_lib_book_fk, digital_lib_author_fk) values (56,1005);
insert into digital_lib_book_tag (digital_lib_book_fk, digital_lib_tag_fk) values (56,1477);
insert into digital_lib_book_tag (digital_lib_book_fk, digital_lib_tag_fk) values (56,659);
insert into digital_lib_book_tag (digital_lib_book_fk, digital_lib_tag_fk) values (56,1970);
insert into digital_lib_book_tag (digital_lib_book_fk, digital_lib_tag_fk) values (56,1808);
insert into digital_lib_book_tag (digital_lib_book_fk, digital_lib_tag_fk) values (56,71);
insert into digital_lib_book_tag (digital_lib_book_fk, digital_lib_tag_fk) values (56,1217);
insert into digital_lib_book_publisher (digital_lib_book_fk, digital_lib_publisher_fk) values (56,49);
insert into digital_lib_category_book (digital_lib_book_fk, digital_lib_category_fk) values (56,3);
insert into digital_lib_category_book (digital_lib_book_fk, digital_lib_category_fk) values (56,11);
insert into digital_lib_book (digital_lib_book_id, title, description, issue_year) values (57,'Business Communication for Success','Business Communication course is designed to help you work on your communication skills in a business setting.',2015);
insert into digital_lib_book_author (digital_lib_book_fk, digital_lib_author_fk) values (57,717);
insert into digital_lib_book_tag (digital_lib_book_fk, digital_lib_tag_fk) values (57,1744);
insert into digital_lib_book_tag (digital_lib_book_fk, digital_lib_tag_fk) values (57,1217);
insert into digital_lib_book_tag (digital_lib_book_fk, digital_lib_tag_fk) values (57,1808);
insert into digital_lib_book_tag (digital_lib_book_fk, digital_lib_tag_fk) values (57,1603);
insert into digital_lib_book_tag (digital_lib_book_fk, digital_lib_tag_fk) values (57,1130);
insert into digital_lib_book_tag (digital_lib_book_fk, digital_lib_tag_fk) values (57,2352);
insert into digital_lib_book_tag (digital_lib_book_fk, digital_lib_tag_fk) values (57,1194);
insert into digital_lib_book_publisher (digital_lib_book_fk, digital_lib_publisher_fk) values (57,112);
insert into digital_lib_category_book (digital_lib_book_fk, digital_lib_category_fk) values (57,3);
insert into digital_lib_category_book (digital_lib_book_fk, digital_lib_category_fk) values (57,11);
insert into digital_lib_book (digital_lib_book_id, title, description, issue_year) values (58,'Business Writing style guide','The Business Writing Style Guide starts with a solid foundation in written communication with several opportunities to both review the fundamentals as well as to demonstrate mastery and move on to more challenging assignments.',2020);
insert into digital_lib_book_author (digital_lib_book_fk, digital_lib_author_fk) values (58,388);
insert into digital_lib_book_author (digital_lib_book_fk, digital_lib_author_fk) values (58,692);
insert into digital_lib_book_tag (digital_lib_book_fk, digital_lib_tag_fk) values (58,1477);
insert into digital_lib_book_tag (digital_lib_book_fk, digital_lib_tag_fk) values (58,1217);
insert into digital_lib_book_tag (digital_lib_book_fk, digital_lib_tag_fk) values (58,2320);
insert into digital_lib_book_tag (digital_lib_book_fk, digital_lib_tag_fk) values (58,824);
insert into digital_lib_book_tag (digital_lib_book_fk, digital_lib_tag_fk) values (58,659);
insert into digital_lib_book_tag (digital_lib_book_fk, digital_lib_tag_fk) values (58,1366);
insert into digital_lib_book_publisher (digital_lib_book_fk, digital_lib_publisher_fk) values (58,15);
insert into digital_lib_category_book (digital_lib_book_fk, digital_lib_category_fk) values (58,3);
insert into digital_lib_category_book (digital_lib_book_fk, digital_lib_category_fk) values (58,11);
insert into digital_lib_book (digital_lib_book_id, title, description, issue_year) values (59,'Advanced Business Law and the Legal Environment','The goal of this book is to provide students with a textbook that is up to date and comprehensive in its coverage of legal and regulatory issues—and organized to permit instructors to tailor the materials to their particular approach. This book engages students by relating law to everyday events with which they are already familiar (or with which they are familiarizing themselves in other business courses) and by its clear, concise, and readable style.',2012);
insert into digital_lib_book_author (digital_lib_book_fk, digital_lib_author_fk) values (59,271);
insert into digital_lib_book_author (digital_lib_book_fk, digital_lib_author_fk) values (59,578);
insert into digital_lib_book_author (digital_lib_book_fk, digital_lib_author_fk) values (59,672);
insert into digital_lib_book_author (digital_lib_book_fk, digital_lib_author_fk) values (59,518);
insert into digital_lib_book_author (digital_lib_book_fk, digital_lib_author_fk) values (59,68);
insert into digital_lib_book_tag (digital_lib_book_fk, digital_lib_tag_fk) values (59,1415);
insert into digital_lib_book_tag (digital_lib_book_fk, digital_lib_tag_fk) values (59,2183);
insert into digital_lib_book_tag (digital_lib_book_fk, digital_lib_tag_fk) values (59,51);
insert into digital_lib_book_tag (digital_lib_book_fk, digital_lib_tag_fk) values (59,352);
insert into digital_lib_book_tag (digital_lib_book_fk, digital_lib_tag_fk) values (59,301);
insert into digital_lib_book_tag (digital_lib_book_fk, digital_lib_tag_fk) values (59,2320);
insert into digital_lib_book_tag (digital_lib_book_fk, digital_lib_tag_fk) values (59,1112);
insert into digital_lib_book_tag (digital_lib_book_fk, digital_lib_tag_fk) values (59,1835);
insert into digital_lib_book_tag (digital_lib_book_fk, digital_lib_tag_fk) values (59,2142);
insert into digital_lib_book_tag (digital_lib_book_fk, digital_lib_tag_fk) values (59,2133);
insert into digital_lib_book_tag (digital_lib_book_fk, digital_lib_tag_fk) values (59,1624);
insert into digital_lib_book_tag (digital_lib_book_fk, digital_lib_tag_fk) values (59,646);
insert into digital_lib_book_tag (digital_lib_book_fk, digital_lib_tag_fk) values (59,2365);
insert into digital_lib_book_tag (digital_lib_book_fk, digital_lib_tag_fk) values (59,2138);
insert into digital_lib_book_publisher (digital_lib_book_fk, digital_lib_publisher_fk) values (59,49);
insert into digital_lib_category_book (digital_lib_book_fk, digital_lib_category_fk) values (59,3);
insert into digital_lib_category_book (digital_lib_book_fk, digital_lib_category_fk) values (59,21);
insert into digital_lib_book (digital_lib_book_id, title, description, issue_year) values (60,'Business Ethics','The book provides an important opportunity for students to learn the core concepts of business ethics and understand how to apply those concepts to their professional lives.',2018);
insert into digital_lib_book_author (digital_lib_book_fk, digital_lib_author_fk) values (60,1170);
insert into digital_lib_book_author (digital_lib_book_fk, digital_lib_author_fk) values (60,1144);
insert into digital_lib_book_tag (digital_lib_book_fk, digital_lib_tag_fk) values (60,276);
insert into digital_lib_book_tag (digital_lib_book_fk, digital_lib_tag_fk) values (60,1087);
insert into digital_lib_book_tag (digital_lib_book_fk, digital_lib_tag_fk) values (60,1943);
insert into digital_lib_book_tag (digital_lib_book_fk, digital_lib_tag_fk) values (60,1192);
insert into digital_lib_book_publisher (digital_lib_book_fk, digital_lib_publisher_fk) values (60,166);
insert into digital_lib_category_book (digital_lib_book_fk, digital_lib_category_fk) values (60,3);
insert into digital_lib_category_book (digital_lib_book_fk, digital_lib_category_fk) values (60,21);
insert into digital_lib_book (digital_lib_book_id, title, description, issue_year) values (61,'Foundations of Business law and the Legal Environment','Our goal is to provide students with a textbook that is up to date and comprehensive in its coverage of legal and regulatory issues—and organized to permit instructors to tailor the materials to their particular approach.',2012);
insert into digital_lib_book_author (digital_lib_book_fk, digital_lib_author_fk) values (61,271);
insert into digital_lib_book_tag (digital_lib_book_fk, digital_lib_tag_fk) values (61,1415);
insert into digital_lib_book_tag (digital_lib_book_fk, digital_lib_tag_fk) values (61,2183);
insert into digital_lib_book_tag (digital_lib_book_fk, digital_lib_tag_fk) values (61,51);
insert into digital_lib_book_tag (digital_lib_book_fk, digital_lib_tag_fk) values (61,352);
insert into digital_lib_book_tag (digital_lib_book_fk, digital_lib_tag_fk) values (61,301);
insert into digital_lib_book_tag (digital_lib_book_fk, digital_lib_tag_fk) values (61,2320);
insert into digital_lib_book_tag (digital_lib_book_fk, digital_lib_tag_fk) values (61,1112);
insert into digital_lib_book_tag (digital_lib_book_fk, digital_lib_tag_fk) values (61,1835);
insert into digital_lib_book_tag (digital_lib_book_fk, digital_lib_tag_fk) values (61,2142);
insert into digital_lib_book_tag (digital_lib_book_fk, digital_lib_tag_fk) values (61,2133);
insert into digital_lib_book_tag (digital_lib_book_fk, digital_lib_tag_fk) values (61,1624);
insert into digital_lib_book_tag (digital_lib_book_fk, digital_lib_tag_fk) values (61,646);
insert into digital_lib_book_tag (digital_lib_book_fk, digital_lib_tag_fk) values (61,2365);
insert into digital_lib_book_tag (digital_lib_book_fk, digital_lib_tag_fk) values (61,2138);
insert into digital_lib_book_publisher (digital_lib_book_fk, digital_lib_publisher_fk) values (61,49);
insert into digital_lib_category_book (digital_lib_book_fk, digital_lib_category_fk) values (61,3);
insert into digital_lib_category_book (digital_lib_book_fk, digital_lib_category_fk) values (61,21);
insert into digital_lib_book (digital_lib_book_id, title, description, issue_year) values (62,'The Business Ethics Workshop','The Business Ethics Workshop provides a framework for identifying, analyzing, and resolving ethical dilemmas encountered through working life.',2012);
insert into digital_lib_book_author (digital_lib_book_fk, digital_lib_author_fk) values (62,875);
insert into digital_lib_book_tag (digital_lib_book_fk, digital_lib_tag_fk) values (62,276);
insert into digital_lib_book_tag (digital_lib_book_fk, digital_lib_tag_fk) values (62,1192);
insert into digital_lib_book_tag (digital_lib_book_fk, digital_lib_tag_fk) values (62,2321);
insert into digital_lib_book_tag (digital_lib_book_fk, digital_lib_tag_fk) values (62,1461);
insert into digital_lib_book_tag (digital_lib_book_fk, digital_lib_tag_fk) values (62,700);
insert into digital_lib_book_tag (digital_lib_book_fk, digital_lib_tag_fk) values (62,63);
insert into digital_lib_book_tag (digital_lib_book_fk, digital_lib_tag_fk) values (62,1106);
insert into digital_lib_book_tag (digital_lib_book_fk, digital_lib_tag_fk) values (62,1118);
insert into digital_lib_book_tag (digital_lib_book_fk, digital_lib_tag_fk) values (62,1584);
insert into digital_lib_book_tag (digital_lib_book_fk, digital_lib_tag_fk) values (62,581);
insert into digital_lib_book_tag (digital_lib_book_fk, digital_lib_tag_fk) values (62,1154);
insert into digital_lib_book_tag (digital_lib_book_fk, digital_lib_tag_fk) values (62,95);
insert into digital_lib_book_publisher (digital_lib_book_fk, digital_lib_publisher_fk) values (62,49);
insert into digital_lib_category_book (digital_lib_book_fk, digital_lib_category_fk) values (62,3);
insert into digital_lib_category_book (digital_lib_book_fk, digital_lib_category_fk) values (62,21);
insert into digital_lib_book (digital_lib_book_id, title, description, issue_year) values (63,'The Legal and Ethical Environment of Business','This book provides an introduction into the legal and ethical elements of a business environment.',2011);
insert into digital_lib_book_author (digital_lib_book_fk, digital_lib_author_fk) values (63,681);
insert into digital_lib_book_author (digital_lib_book_fk, digital_lib_author_fk) values (63,268);
insert into digital_lib_book_tag (digital_lib_book_fk, digital_lib_tag_fk) values (63,276);
insert into digital_lib_book_tag (digital_lib_book_fk, digital_lib_tag_fk) values (63,2320);
insert into digital_lib_book_tag (digital_lib_book_fk, digital_lib_tag_fk) values (63,249);
insert into digital_lib_book_tag (digital_lib_book_fk, digital_lib_tag_fk) values (63,1121);
insert into digital_lib_book_tag (digital_lib_book_fk, digital_lib_tag_fk) values (63,2142);
insert into digital_lib_book_tag (digital_lib_book_fk, digital_lib_tag_fk) values (63,174);
insert into digital_lib_book_publisher (digital_lib_book_fk, digital_lib_publisher_fk) values (63,49);
insert into digital_lib_category_book (digital_lib_book_fk, digital_lib_category_fk) values (63,3);
insert into digital_lib_category_book (digital_lib_book_fk, digital_lib_category_fk) values (63,21);
insert into digital_lib_book (digital_lib_book_id, title, description, issue_year) values (64,'Contextual Process Digitalization  Changing Perspectives – Design Thinking – Value-led Design','The book presents various facets of business process management from the perspective of the participants, and introduces a selection of models that have proved useful in practice.',2020);
insert into digital_lib_book_author (digital_lib_book_fk, digital_lib_author_fk) values (64,690);
insert into digital_lib_book_author (digital_lib_book_fk, digital_lib_author_fk) values (64,842);
insert into digital_lib_book_author (digital_lib_book_fk, digital_lib_author_fk) values (64,849);
insert into digital_lib_book_author (digital_lib_book_fk, digital_lib_author_fk) values (64,936);
insert into digital_lib_book_tag (digital_lib_book_fk, digital_lib_tag_fk) values (64,1763);
insert into digital_lib_book_tag (digital_lib_book_fk, digital_lib_tag_fk) values (64,1470);
insert into digital_lib_book_tag (digital_lib_book_fk, digital_lib_tag_fk) values (64,1676);
insert into digital_lib_book_tag (digital_lib_book_fk, digital_lib_tag_fk) values (64,727);
insert into digital_lib_book_tag (digital_lib_book_fk, digital_lib_tag_fk) values (64,20);
insert into digital_lib_book_tag (digital_lib_book_fk, digital_lib_tag_fk) values (64,248);
insert into digital_lib_book_tag (digital_lib_book_fk, digital_lib_tag_fk) values (64,1362);
insert into digital_lib_book_publisher (digital_lib_book_fk, digital_lib_publisher_fk) values (64,14);
insert into digital_lib_book_publisher (digital_lib_book_fk, digital_lib_publisher_fk) values (64,2);
insert into digital_lib_category_book (digital_lib_book_fk, digital_lib_category_fk) values (64,3);
insert into digital_lib_category_book (digital_lib_book_fk, digital_lib_category_fk) values (64,10);
insert into digital_lib_book (digital_lib_book_id, title, description, issue_year) values (65,'A Tale of Two Systems  A review of the architecting and re-architecting of a long-lived website','This text is meant as a case study and companion text to many Systems Analysis & Design textbooks used in undergraduate Management Information Systems (MIS), Business Information Systems (BIS) and Computer Information Systems (CIS) programs.',2017);
insert into digital_lib_book_author (digital_lib_book_fk, digital_lib_author_fk) values (65,643);
insert into digital_lib_book_author (digital_lib_book_fk, digital_lib_author_fk) values (65,401);
insert into digital_lib_book_tag (digital_lib_book_fk, digital_lib_tag_fk) values (65,3);
insert into digital_lib_book_tag (digital_lib_book_fk, digital_lib_tag_fk) values (65,394);
insert into digital_lib_book_tag (digital_lib_book_fk, digital_lib_tag_fk) values (65,228);
insert into digital_lib_book_tag (digital_lib_book_fk, digital_lib_tag_fk) values (65,1917);
insert into digital_lib_book_tag (digital_lib_book_fk, digital_lib_tag_fk) values (65,2236);
insert into digital_lib_book_tag (digital_lib_book_fk, digital_lib_tag_fk) values (65,900);
insert into digital_lib_book_tag (digital_lib_book_fk, digital_lib_tag_fk) values (65,1955);
insert into digital_lib_book_publisher (digital_lib_book_fk, digital_lib_publisher_fk) values (65,15);
insert into digital_lib_category_book (digital_lib_book_fk, digital_lib_category_fk) values (65,3);
insert into digital_lib_category_book (digital_lib_book_fk, digital_lib_category_fk) values (65,10);
insert into digital_lib_book (digital_lib_book_id, title, description, issue_year) values (66,'Beginning Excel 2019','This Beginning Excel textbook is intended for use in a one-term introductory spreadsheet course for all majors taught at two-year colleges. This textbook includes instructions for Excel for Mac also.',2017);
insert into digital_lib_book_author (digital_lib_book_fk, digital_lib_author_fk) values (66,1160);
insert into digital_lib_book_author (digital_lib_book_fk, digital_lib_author_fk) values (66,112);
insert into digital_lib_book_author (digital_lib_book_fk, digital_lib_author_fk) values (66,682);
insert into digital_lib_book_author (digital_lib_book_fk, digital_lib_author_fk) values (66,1189);
insert into digital_lib_book_author (digital_lib_book_fk, digital_lib_author_fk) values (66,804);
insert into digital_lib_book_author (digital_lib_book_fk, digital_lib_author_fk) values (66,157);
insert into digital_lib_book_author (digital_lib_book_fk, digital_lib_author_fk) values (66,519);
insert into digital_lib_book_tag (digital_lib_book_fk, digital_lib_tag_fk) values (66,1571);
insert into digital_lib_book_tag (digital_lib_book_fk, digital_lib_tag_fk) values (66,2177);
insert into digital_lib_book_tag (digital_lib_book_fk, digital_lib_tag_fk) values (66,1587);
insert into digital_lib_book_tag (digital_lib_book_fk, digital_lib_tag_fk) values (66,1967);
insert into digital_lib_book_tag (digital_lib_book_fk, digital_lib_tag_fk) values (66,2295);
insert into digital_lib_book_tag (digital_lib_book_fk, digital_lib_tag_fk) values (66,2457);
insert into digital_lib_book_tag (digital_lib_book_fk, digital_lib_tag_fk) values (66,842);
insert into digital_lib_book_tag (digital_lib_book_fk, digital_lib_tag_fk) values (66,1116);
insert into digital_lib_book_tag (digital_lib_book_fk, digital_lib_tag_fk) values (66,1615);
insert into digital_lib_book_publisher (digital_lib_book_fk, digital_lib_publisher_fk) values (66,208);
insert into digital_lib_category_book (digital_lib_book_fk, digital_lib_category_fk) values (66,3);
insert into digital_lib_category_book (digital_lib_book_fk, digital_lib_category_fk) values (66,10);
insert into digital_lib_book (digital_lib_book_id, title, description, issue_year) values (67,'Business Information Systems  Design an App for that','We set out to design an introductory course governed by four themes: 1. Give students a good idea of what a career in MIS looks like by doing MIS. 2. Enhance the professionalism of deliverables by teaching design and usability concepts. 3. Promote creativity by assigning projects that demand it. 4. Teach students about cloud computing by having them do cloud computing.',2011);
insert into digital_lib_book_author (digital_lib_book_fk, digital_lib_author_fk) values (67,601);
insert into digital_lib_book_author (digital_lib_book_fk, digital_lib_author_fk) values (67,357);
insert into digital_lib_book_author (digital_lib_book_fk, digital_lib_author_fk) values (67,618);
insert into digital_lib_book_author (digital_lib_book_fk, digital_lib_author_fk) values (67,1145);
insert into digital_lib_book_tag (digital_lib_book_fk, digital_lib_tag_fk) values (67,1993);
insert into digital_lib_book_tag (digital_lib_book_fk, digital_lib_tag_fk) values (67,344);
insert into digital_lib_book_tag (digital_lib_book_fk, digital_lib_tag_fk) values (67,1910);
insert into digital_lib_book_tag (digital_lib_book_fk, digital_lib_tag_fk) values (67,1432);
insert into digital_lib_book_tag (digital_lib_book_fk, digital_lib_tag_fk) values (67,162);
insert into digital_lib_book_tag (digital_lib_book_fk, digital_lib_tag_fk) values (67,2209);
insert into digital_lib_book_tag (digital_lib_book_fk, digital_lib_tag_fk) values (67,1337);
insert into digital_lib_book_tag (digital_lib_book_fk, digital_lib_tag_fk) values (67,675);
insert into digital_lib_book_tag (digital_lib_book_fk, digital_lib_tag_fk) values (67,969);
insert into digital_lib_book_tag (digital_lib_book_fk, digital_lib_tag_fk) values (67,917);
insert into digital_lib_book_tag (digital_lib_book_fk, digital_lib_tag_fk) values (67,332);
insert into digital_lib_book_tag (digital_lib_book_fk, digital_lib_tag_fk) values (67,2234);
insert into digital_lib_book_publisher (digital_lib_book_fk, digital_lib_publisher_fk) values (67,49);
insert into digital_lib_category_book (digital_lib_book_fk, digital_lib_category_fk) values (67,3);
insert into digital_lib_category_book (digital_lib_book_fk, digital_lib_category_fk) values (67,10);
insert into digital_lib_book (digital_lib_book_id, title, description, issue_year) values (68,'Business Intelligence   Solution for business development - copyright issues?','This book presents both an overview of Business Intelligence and an in-depth analysis of current applications and future directions for this technology.',2012);
insert into digital_lib_book_author (digital_lib_book_fk, digital_lib_author_fk) values (68,1143);
insert into digital_lib_book_tag (digital_lib_book_fk, digital_lib_tag_fk) values (68,1452);
insert into digital_lib_book_tag (digital_lib_book_fk, digital_lib_tag_fk) values (68,249);
insert into digital_lib_book_tag (digital_lib_book_fk, digital_lib_tag_fk) values (68,228);
insert into digital_lib_book_tag (digital_lib_book_fk, digital_lib_tag_fk) values (68,749);
insert into digital_lib_book_tag (digital_lib_book_fk, digital_lib_tag_fk) values (68,1891);
insert into digital_lib_book_publisher (digital_lib_book_fk, digital_lib_publisher_fk) values (68,172);
insert into digital_lib_category_book (digital_lib_book_fk, digital_lib_category_fk) values (68,3);
insert into digital_lib_category_book (digital_lib_book_fk, digital_lib_category_fk) values (68,10);
insert into digital_lib_book (digital_lib_book_id, title, description, issue_year) values (69,'Business Computers 365','This book is an introduction to Computer Applications or Business Computers for Office 365.',2019);
insert into digital_lib_book_author (digital_lib_book_fk, digital_lib_author_fk) values (69,229);
insert into digital_lib_book_tag (digital_lib_book_fk, digital_lib_tag_fk) values (69,1825);
insert into digital_lib_book_tag (digital_lib_book_fk, digital_lib_tag_fk) values (69,1123);
insert into digital_lib_book_tag (digital_lib_book_fk, digital_lib_tag_fk) values (69,760);
insert into digital_lib_book_tag (digital_lib_book_fk, digital_lib_tag_fk) values (69,1392);
insert into digital_lib_book_tag (digital_lib_book_fk, digital_lib_tag_fk) values (69,1992);
insert into digital_lib_book_tag (digital_lib_book_fk, digital_lib_tag_fk) values (69,2472);
insert into digital_lib_book_tag (digital_lib_book_fk, digital_lib_tag_fk) values (69,1185);
insert into digital_lib_book_tag (digital_lib_book_fk, digital_lib_tag_fk) values (69,951);
insert into digital_lib_book_tag (digital_lib_book_fk, digital_lib_tag_fk) values (69,666);
insert into digital_lib_book_tag (digital_lib_book_fk, digital_lib_tag_fk) values (69,580);
insert into digital_lib_book_tag (digital_lib_book_fk, digital_lib_tag_fk) values (69,1260);
insert into digital_lib_book_tag (digital_lib_book_fk, digital_lib_tag_fk) values (69,983);
insert into digital_lib_book_tag (digital_lib_book_fk, digital_lib_tag_fk) values (69,1130);
insert into digital_lib_book_tag (digital_lib_book_fk, digital_lib_tag_fk) values (69,315);
insert into digital_lib_book_publisher (digital_lib_book_fk, digital_lib_publisher_fk) values (69,183);
insert into digital_lib_category_book (digital_lib_book_fk, digital_lib_category_fk) values (69,3);
insert into digital_lib_category_book (digital_lib_book_fk, digital_lib_category_fk) values (69,10);
insert into digital_lib_book (digital_lib_book_id, title, description, issue_year) values (70,'Business Processes and Information Technology','Business Processes and Information Technology prepares students to effectively use, manage, and participate in the development of information technology applications in support of common business processes.',2010);
insert into digital_lib_book_author (digital_lib_book_fk, digital_lib_author_fk) values (70,1112);
insert into digital_lib_book_author (digital_lib_book_fk, digital_lib_author_fk) values (70,1036);
insert into digital_lib_book_author (digital_lib_book_fk, digital_lib_author_fk) values (70,10);
insert into digital_lib_book_tag (digital_lib_book_fk, digital_lib_tag_fk) values (70,423);
insert into digital_lib_book_tag (digital_lib_book_fk, digital_lib_tag_fk) values (70,1776);
insert into digital_lib_book_tag (digital_lib_book_fk, digital_lib_tag_fk) values (70,1870);
insert into digital_lib_book_tag (digital_lib_book_fk, digital_lib_tag_fk) values (70,113);
insert into digital_lib_book_tag (digital_lib_book_fk, digital_lib_tag_fk) values (70,86);
insert into digital_lib_book_tag (digital_lib_book_fk, digital_lib_tag_fk) values (70,518);
insert into digital_lib_book_tag (digital_lib_book_fk, digital_lib_tag_fk) values (70,2089);
insert into digital_lib_book_tag (digital_lib_book_fk, digital_lib_tag_fk) values (70,1807);
insert into digital_lib_book_tag (digital_lib_book_fk, digital_lib_tag_fk) values (70,2321);
insert into digital_lib_book_tag (digital_lib_book_fk, digital_lib_tag_fk) values (70,25);
insert into digital_lib_book_tag (digital_lib_book_fk, digital_lib_tag_fk) values (70,339);
insert into digital_lib_book_tag (digital_lib_book_fk, digital_lib_tag_fk) values (70,932);
insert into digital_lib_book_tag (digital_lib_book_fk, digital_lib_tag_fk) values (70,69);
insert into digital_lib_book_tag (digital_lib_book_fk, digital_lib_tag_fk) values (70,173);
insert into digital_lib_book_tag (digital_lib_book_fk, digital_lib_tag_fk) values (70,93);
insert into digital_lib_book_tag (digital_lib_book_fk, digital_lib_tag_fk) values (70,170);
insert into digital_lib_book_tag (digital_lib_book_fk, digital_lib_tag_fk) values (70,33);
insert into digital_lib_book_tag (digital_lib_book_fk, digital_lib_tag_fk) values (70,1971);
insert into digital_lib_book_publisher (digital_lib_book_fk, digital_lib_publisher_fk) values (70,213);
insert into digital_lib_category_book (digital_lib_book_fk, digital_lib_category_fk) values (70,3);
insert into digital_lib_category_book (digital_lib_book_fk, digital_lib_category_fk) values (70,10);
insert into digital_lib_book (digital_lib_book_id, title, description, issue_year) values (71,'Making WEconomy  Design: (Re)Shaping Business - magazine','This magazine collects and develops ideas and contributions from the event/exhibition “Making Together / Shaping Tomorrow” by Logotel.',2012);
insert into digital_lib_book_author (digital_lib_book_fk, digital_lib_author_fk) values (71,471);
insert into digital_lib_book_author (digital_lib_book_fk, digital_lib_author_fk) values (71,451);
insert into digital_lib_book_tag (digital_lib_book_fk, digital_lib_tag_fk) values (71,327);
insert into digital_lib_book_tag (digital_lib_book_fk, digital_lib_tag_fk) values (71,1104);
insert into digital_lib_book_tag (digital_lib_book_fk, digital_lib_tag_fk) values (71,800);
insert into digital_lib_book_tag (digital_lib_book_fk, digital_lib_tag_fk) values (71,1166);
insert into digital_lib_book_publisher (digital_lib_book_fk, digital_lib_publisher_fk) values (71,115);
insert into digital_lib_category_book (digital_lib_book_fk, digital_lib_category_fk) values (71,3);
insert into digital_lib_category_book (digital_lib_book_fk, digital_lib_category_fk) values (71,10);
insert into digital_lib_book (digital_lib_book_id, title, description, issue_year) values (72,'Introduction to Business Analytics - lectures','This books serves as a guide to Business Analytics introductory course.',2013);
insert into digital_lib_book_author (digital_lib_book_fk, digital_lib_author_fk) values (72,891);
insert into digital_lib_book_tag (digital_lib_book_fk, digital_lib_tag_fk) values (72,1696);
insert into digital_lib_book_tag (digital_lib_book_fk, digital_lib_tag_fk) values (72,2403);
insert into digital_lib_book_tag (digital_lib_book_fk, digital_lib_tag_fk) values (72,1305);
insert into digital_lib_book_tag (digital_lib_book_fk, digital_lib_tag_fk) values (72,1995);
insert into digital_lib_book_tag (digital_lib_book_fk, digital_lib_tag_fk) values (72,1891);
insert into digital_lib_book_tag (digital_lib_book_fk, digital_lib_tag_fk) values (72,74);
insert into digital_lib_book_tag (digital_lib_book_fk, digital_lib_tag_fk) values (72,24);
insert into digital_lib_book_tag (digital_lib_book_fk, digital_lib_tag_fk) values (72,1613);
insert into digital_lib_book_tag (digital_lib_book_fk, digital_lib_tag_fk) values (72,711);
insert into digital_lib_book_tag (digital_lib_book_fk, digital_lib_tag_fk) values (72,1358);
insert into digital_lib_book_publisher (digital_lib_book_fk, digital_lib_publisher_fk) values (72,221);
insert into digital_lib_book_publisher (digital_lib_book_fk, digital_lib_publisher_fk) values (72,147);
insert into digital_lib_category_book (digital_lib_book_fk, digital_lib_category_fk) values (72,3);
insert into digital_lib_category_book (digital_lib_book_fk, digital_lib_category_fk) values (72,10);
insert into digital_lib_book (digital_lib_book_id, title, description, issue_year) values (73,'Digital Accessibility as a Business Practice  Essential Skills for Business Leaders','This textbook provides business leaders with the tools and knowledge needed to effectively enable digital accessibility in an organization through cultural change, raising awareness of its importance, and equipping employees with the specific tools and knowledge they need to address digital accessibility as part of their everyday work.',2018);
insert into digital_lib_book_author (digital_lib_book_fk, digital_lib_author_fk) values (73,950);
insert into digital_lib_book_author (digital_lib_book_fk, digital_lib_author_fk) values (73,239);
insert into digital_lib_book_author (digital_lib_book_fk, digital_lib_author_fk) values (73,1051);
insert into digital_lib_book_tag (digital_lib_book_fk, digital_lib_tag_fk) values (73,1092);
insert into digital_lib_book_tag (digital_lib_book_fk, digital_lib_tag_fk) values (73,638);
insert into digital_lib_book_tag (digital_lib_book_fk, digital_lib_tag_fk) values (73,1121);
insert into digital_lib_book_tag (digital_lib_book_fk, digital_lib_tag_fk) values (73,1605);
insert into digital_lib_book_tag (digital_lib_book_fk, digital_lib_tag_fk) values (73,249);
insert into digital_lib_book_tag (digital_lib_book_fk, digital_lib_tag_fk) values (73,1507);
insert into digital_lib_book_tag (digital_lib_book_fk, digital_lib_tag_fk) values (73,1753);
insert into digital_lib_book_tag (digital_lib_book_fk, digital_lib_tag_fk) values (73,505);
insert into digital_lib_book_tag (digital_lib_book_fk, digital_lib_tag_fk) values (73,360);
insert into digital_lib_book_tag (digital_lib_book_fk, digital_lib_tag_fk) values (73,268);
insert into digital_lib_book_publisher (digital_lib_book_fk, digital_lib_publisher_fk) values (73,259);
insert into digital_lib_book_publisher (digital_lib_book_fk, digital_lib_publisher_fk) values (73,58);
insert into digital_lib_category_book (digital_lib_book_fk, digital_lib_category_fk) values (73,3);
insert into digital_lib_category_book (digital_lib_book_fk, digital_lib_category_fk) values (73,10);
insert into digital_lib_book (digital_lib_book_id, title, description, issue_year) values (74,'Electronic Commerce: The Strategic Perspective','The book\`s title reflects the key themes developed in this book - electronic commerce is a strategic perspective that all firms must adopt, both in the present and in the future and this book serves as a guide through that process.',2008);
insert into digital_lib_book_author (digital_lib_book_fk, digital_lib_author_fk) values (74,850);
insert into digital_lib_book_author (digital_lib_book_fk, digital_lib_author_fk) values (74,475);
insert into digital_lib_book_author (digital_lib_book_fk, digital_lib_author_fk) values (74,568);
insert into digital_lib_book_author (digital_lib_book_fk, digital_lib_author_fk) values (74,209);
insert into digital_lib_book_tag (digital_lib_book_fk, digital_lib_tag_fk) values (74,846);
insert into digital_lib_book_tag (digital_lib_book_fk, digital_lib_tag_fk) values (74,1330);
insert into digital_lib_book_tag (digital_lib_book_fk, digital_lib_tag_fk) values (74,773);
insert into digital_lib_book_tag (digital_lib_book_fk, digital_lib_tag_fk) values (74,1217);
insert into digital_lib_book_tag (digital_lib_book_fk, digital_lib_tag_fk) values (74,1756);
insert into digital_lib_book_tag (digital_lib_book_fk, digital_lib_tag_fk) values (74,2103);
insert into digital_lib_book_tag (digital_lib_book_fk, digital_lib_tag_fk) values (74,1280);
insert into digital_lib_book_tag (digital_lib_book_fk, digital_lib_tag_fk) values (74,1515);
insert into digital_lib_book_tag (digital_lib_book_fk, digital_lib_tag_fk) values (74,1562);
insert into digital_lib_book_tag (digital_lib_book_fk, digital_lib_tag_fk) values (74,127);
insert into digital_lib_book_publisher (digital_lib_book_fk, digital_lib_publisher_fk) values (74,271);
insert into digital_lib_category_book (digital_lib_book_fk, digital_lib_category_fk) values (74,3);
insert into digital_lib_category_book (digital_lib_book_fk, digital_lib_category_fk) values (74,10);
insert into digital_lib_book (digital_lib_book_id, title, description, issue_year) values (75,'Fundamentals of Infrastructure Management','The text draws examples and discusses a wide variety of infrastructure systems, including roadways, telecommunications, power generation, buildings and systems of infrastructure.',2017);
insert into digital_lib_book_author (digital_lib_book_fk, digital_lib_author_fk) values (75,340);
insert into digital_lib_book_author (digital_lib_book_fk, digital_lib_author_fk) values (75,535);
insert into digital_lib_book_tag (digital_lib_book_fk, digital_lib_tag_fk) values (75,46);
insert into digital_lib_book_tag (digital_lib_book_fk, digital_lib_tag_fk) values (75,1829);
insert into digital_lib_book_tag (digital_lib_book_fk, digital_lib_tag_fk) values (75,1222);
insert into digital_lib_book_tag (digital_lib_book_fk, digital_lib_tag_fk) values (75,861);
insert into digital_lib_book_tag (digital_lib_book_fk, digital_lib_tag_fk) values (75,1020);
insert into digital_lib_book_tag (digital_lib_book_fk, digital_lib_tag_fk) values (75,799);
insert into digital_lib_book_tag (digital_lib_book_fk, digital_lib_tag_fk) values (75,65);
insert into digital_lib_book_tag (digital_lib_book_fk, digital_lib_tag_fk) values (75,644);
insert into digital_lib_book_tag (digital_lib_book_fk, digital_lib_tag_fk) values (75,2055);
insert into digital_lib_book_tag (digital_lib_book_fk, digital_lib_tag_fk) values (75,1178);
insert into digital_lib_book_tag (digital_lib_book_fk, digital_lib_tag_fk) values (75,697);
insert into digital_lib_book_tag (digital_lib_book_fk, digital_lib_tag_fk) values (75,2089);
insert into digital_lib_book_tag (digital_lib_book_fk, digital_lib_tag_fk) values (75,409);
insert into digital_lib_book_tag (digital_lib_book_fk, digital_lib_tag_fk) values (75,1350);
insert into digital_lib_book_tag (digital_lib_book_fk, digital_lib_tag_fk) values (75,601);
insert into digital_lib_book_tag (digital_lib_book_fk, digital_lib_tag_fk) values (75,752);
insert into digital_lib_book_publisher (digital_lib_book_fk, digital_lib_publisher_fk) values (75,6);
insert into digital_lib_book_publisher (digital_lib_book_fk, digital_lib_publisher_fk) values (75,181);
insert into digital_lib_category_book (digital_lib_book_fk, digital_lib_category_fk) values (75,3);
insert into digital_lib_category_book (digital_lib_book_fk, digital_lib_category_fk) values (75,10);
insert into digital_lib_book (digital_lib_book_id, title, description, issue_year) values (76,'Fuzzy Techniques for Decision Making - journal','This book represents a collection on papers regarding novel techniques and tools for decision making (e.g., group or multi-criteria decision making) with notions that overcome the problem of finding the membership degree of each element in Zadeh’s original model.',2018);
insert into digital_lib_book_author (digital_lib_book_fk, digital_lib_author_fk) values (76,825);
insert into digital_lib_book_tag (digital_lib_book_fk, digital_lib_tag_fk) values (76,2437);
insert into digital_lib_book_tag (digital_lib_book_fk, digital_lib_tag_fk) values (76,1076);
insert into digital_lib_book_tag (digital_lib_book_fk, digital_lib_tag_fk) values (76,1914);
insert into digital_lib_book_tag (digital_lib_book_fk, digital_lib_tag_fk) values (76,1041);
insert into digital_lib_book_tag (digital_lib_book_fk, digital_lib_tag_fk) values (76,631);
insert into digital_lib_book_publisher (digital_lib_book_fk, digital_lib_publisher_fk) values (76,57);
insert into digital_lib_category_book (digital_lib_book_fk, digital_lib_category_fk) values (76,3);
insert into digital_lib_category_book (digital_lib_book_fk, digital_lib_category_fk) values (76,10);
insert into digital_lib_book (digital_lib_book_id, title, description, issue_year) values (77,'Teaching Tech Together  How to design and deliver lesson that work and build a teaching community around them','Just as knowing a few basic facts about germs and nutrition can help you stay healthy, knowing a few things about psychology, instructional design, inclusivity, and community organization can help you be a more effective teacher. This book presents evidence-based practices you can use right now, explains why we believe they are true, and points you at other resources that will help you go further.',2018);
insert into digital_lib_book_author (digital_lib_book_fk, digital_lib_author_fk) values (77,561);
insert into digital_lib_book_tag (digital_lib_book_fk, digital_lib_tag_fk) values (77,1291);
insert into digital_lib_book_tag (digital_lib_book_fk, digital_lib_tag_fk) values (77,1128);
insert into digital_lib_book_tag (digital_lib_book_fk, digital_lib_tag_fk) values (77,1502);
insert into digital_lib_book_tag (digital_lib_book_fk, digital_lib_tag_fk) values (77,1680);
insert into digital_lib_book_tag (digital_lib_book_fk, digital_lib_tag_fk) values (77,2023);
insert into digital_lib_book_tag (digital_lib_book_fk, digital_lib_tag_fk) values (77,2460);
insert into digital_lib_book_tag (digital_lib_book_fk, digital_lib_tag_fk) values (77,680);
insert into digital_lib_book_tag (digital_lib_book_fk, digital_lib_tag_fk) values (77,2261);
insert into digital_lib_book_publisher (digital_lib_book_fk, digital_lib_publisher_fk) values (77,36);
insert into digital_lib_category_book (digital_lib_book_fk, digital_lib_category_fk) values (77,3);
insert into digital_lib_category_book (digital_lib_book_fk, digital_lib_category_fk) values (77,10);
insert into digital_lib_book (digital_lib_book_id, title, description, issue_year) values (78,'Engineering a Better Future  Interplay between Engineering, Social Sciences and Innovation','This open access book examines how the social sciences can be integrated into the praxis of engineering and science, presenting unique perspectives on the interplay between engineering and social science.',2018);
insert into digital_lib_book_author (digital_lib_book_fk, digital_lib_author_fk) values (78,1118);
insert into digital_lib_book_author (digital_lib_book_fk, digital_lib_author_fk) values (78,843);
insert into digital_lib_book_author (digital_lib_book_fk, digital_lib_author_fk) values (78,179);
insert into digital_lib_book_tag (digital_lib_book_fk, digital_lib_tag_fk) values (78,1210);
insert into digital_lib_book_tag (digital_lib_book_fk, digital_lib_tag_fk) values (78,711);
insert into digital_lib_book_tag (digital_lib_book_fk, digital_lib_tag_fk) values (78,790);
insert into digital_lib_book_tag (digital_lib_book_fk, digital_lib_tag_fk) values (78,208);
insert into digital_lib_book_tag (digital_lib_book_fk, digital_lib_tag_fk) values (78,487);
insert into digital_lib_book_tag (digital_lib_book_fk, digital_lib_tag_fk) values (78,17);
insert into digital_lib_book_tag (digital_lib_book_fk, digital_lib_tag_fk) values (78,1067);
insert into digital_lib_book_tag (digital_lib_book_fk, digital_lib_tag_fk) values (78,396);
insert into digital_lib_book_tag (digital_lib_book_fk, digital_lib_tag_fk) values (78,711);
insert into digital_lib_book_tag (digital_lib_book_fk, digital_lib_tag_fk) values (78,266);
insert into digital_lib_book_tag (digital_lib_book_fk, digital_lib_tag_fk) values (78,1964);
insert into digital_lib_book_tag (digital_lib_book_fk, digital_lib_tag_fk) values (78,1227);
insert into digital_lib_book_publisher (digital_lib_book_fk, digital_lib_publisher_fk) values (78,14);
insert into digital_lib_book_publisher (digital_lib_book_fk, digital_lib_publisher_fk) values (78,2);
insert into digital_lib_category_book (digital_lib_book_fk, digital_lib_category_fk) values (78,3);
insert into digital_lib_category_book (digital_lib_book_fk, digital_lib_category_fk) values (78,16);
insert into digital_lib_book (digital_lib_book_id, title, description, issue_year) values (79,'Multi-dimensional Approaches Towards New Technology  Insights on Innovation, Patents and Competition','This open access edited book captures the complexities and conflicts arising at the interface of intellectual property rights (IPR) and competition law.',2018);
insert into digital_lib_book_author (digital_lib_book_fk, digital_lib_author_fk) values (79,1198);
insert into digital_lib_book_author (digital_lib_book_fk, digital_lib_author_fk) values (79,141);
insert into digital_lib_book_author (digital_lib_book_fk, digital_lib_author_fk) values (79,197);
insert into digital_lib_book_tag (digital_lib_book_fk, digital_lib_tag_fk) values (79,2237);
insert into digital_lib_book_tag (digital_lib_book_fk, digital_lib_tag_fk) values (79,419);
insert into digital_lib_book_tag (digital_lib_book_fk, digital_lib_tag_fk) values (79,895);
insert into digital_lib_book_tag (digital_lib_book_fk, digital_lib_tag_fk) values (79,1453);
insert into digital_lib_book_tag (digital_lib_book_fk, digital_lib_tag_fk) values (79,1157);
insert into digital_lib_book_tag (digital_lib_book_fk, digital_lib_tag_fk) values (79,2044);
insert into digital_lib_book_publisher (digital_lib_book_fk, digital_lib_publisher_fk) values (79,14);
insert into digital_lib_book_publisher (digital_lib_book_fk, digital_lib_publisher_fk) values (79,175);
insert into digital_lib_category_book (digital_lib_book_fk, digital_lib_category_fk) values (79,3);
insert into digital_lib_category_book (digital_lib_book_fk, digital_lib_category_fk) values (79,16);
insert into digital_lib_book (digital_lib_book_id, title, description, issue_year) values (80,'The Entrepreneurial Society  A Reform Strategy for Italy, Germany and the UK','This open access book is an outcome of the EU’s Horizon 2020 project ‘Financial and Institutional Reforms for an Entrepreneurial Society’ (FIRES). The experts from Germany, Italy and the United Kingdom discuss tailored strategies for introducing entrepreneurial policy reforms in their respective countries.',2020);
insert into digital_lib_book_author (digital_lib_book_fk, digital_lib_author_fk) values (80,1045);
insert into digital_lib_book_author (digital_lib_book_fk, digital_lib_author_fk) values (80,397);
insert into digital_lib_book_author (digital_lib_book_fk, digital_lib_author_fk) values (80,583);
insert into digital_lib_book_tag (digital_lib_book_fk, digital_lib_tag_fk) values (80,1236);
insert into digital_lib_book_tag (digital_lib_book_fk, digital_lib_tag_fk) values (80,941);
insert into digital_lib_book_tag (digital_lib_book_fk, digital_lib_tag_fk) values (80,1174);
insert into digital_lib_book_tag (digital_lib_book_fk, digital_lib_tag_fk) values (80,505);
insert into digital_lib_book_tag (digital_lib_book_fk, digital_lib_tag_fk) values (80,779);
insert into digital_lib_book_tag (digital_lib_book_fk, digital_lib_tag_fk) values (80,1289);
insert into digital_lib_book_tag (digital_lib_book_fk, digital_lib_tag_fk) values (80,1386);
insert into digital_lib_book_tag (digital_lib_book_fk, digital_lib_tag_fk) values (80,2458);
insert into digital_lib_book_tag (digital_lib_book_fk, digital_lib_tag_fk) values (80,1489);
insert into digital_lib_book_publisher (digital_lib_book_fk, digital_lib_publisher_fk) values (80,14);
insert into digital_lib_book_publisher (digital_lib_book_fk, digital_lib_publisher_fk) values (80,148);
insert into digital_lib_book_publisher (digital_lib_book_fk, digital_lib_publisher_fk) values (80,145);
insert into digital_lib_category_book (digital_lib_book_fk, digital_lib_category_fk) values (80,3);
insert into digital_lib_category_book (digital_lib_book_fk, digital_lib_category_fk) values (80,16);
insert into digital_lib_book (digital_lib_book_id, title, description, issue_year) values (81,'Entrepreneurship and Innovation Toolkit','This book is designed for upper year undergraduate students and graduate students studying fundamental entrepreneurship concepts.',2017);
insert into digital_lib_book_author (digital_lib_book_fk, digital_lib_author_fk) values (81,392);
insert into digital_lib_book_tag (digital_lib_book_fk, digital_lib_tag_fk) values (81,1021);
insert into digital_lib_book_tag (digital_lib_book_fk, digital_lib_tag_fk) values (81,11);
insert into digital_lib_book_tag (digital_lib_book_fk, digital_lib_tag_fk) values (81,2274);
insert into digital_lib_book_tag (digital_lib_book_fk, digital_lib_tag_fk) values (81,2143);
insert into digital_lib_book_tag (digital_lib_book_fk, digital_lib_tag_fk) values (81,329);
insert into digital_lib_book_tag (digital_lib_book_fk, digital_lib_tag_fk) values (81,242);
insert into digital_lib_book_publisher (digital_lib_book_fk, digital_lib_publisher_fk) values (81,272);
insert into digital_lib_category_book (digital_lib_book_fk, digital_lib_category_fk) values (81,3);
insert into digital_lib_category_book (digital_lib_book_fk, digital_lib_category_fk) values (81,16);
insert into digital_lib_book (digital_lib_book_id, title, description, issue_year) values (82,'Business Plan Development Guide','This textbook and its accompanying spreadsheet templates were designed with and for students wanting a practical and easy-to-follow guide for developing a business plan.',2017);
insert into digital_lib_book_author (digital_lib_book_fk, digital_lib_author_fk) values (82,392);
insert into digital_lib_book_tag (digital_lib_book_fk, digital_lib_tag_fk) values (82,2083);
insert into digital_lib_book_tag (digital_lib_book_fk, digital_lib_tag_fk) values (82,591);
insert into digital_lib_book_tag (digital_lib_book_fk, digital_lib_tag_fk) values (82,1276);
insert into digital_lib_book_tag (digital_lib_book_fk, digital_lib_tag_fk) values (82,11);
insert into digital_lib_book_tag (digital_lib_book_fk, digital_lib_tag_fk) values (82,2443);
insert into digital_lib_book_tag (digital_lib_book_fk, digital_lib_tag_fk) values (82,885);
insert into digital_lib_book_tag (digital_lib_book_fk, digital_lib_tag_fk) values (82,1385);
insert into digital_lib_book_publisher (digital_lib_book_fk, digital_lib_publisher_fk) values (82,272);
insert into digital_lib_category_book (digital_lib_book_fk, digital_lib_category_fk) values (82,3);
insert into digital_lib_category_book (digital_lib_book_fk, digital_lib_category_fk) values (82,16);
insert into digital_lib_book (digital_lib_book_id, title, description, issue_year) values (83,'Introduction to Contracts, Sales, and Product Liability','This textbook provides context and essential concepts across the entire range of legal issues with which managers and business executives must grapple.',2012);
insert into digital_lib_book_author (digital_lib_book_fk, digital_lib_author_fk) values (83,271);
insert into digital_lib_book_author (digital_lib_book_fk, digital_lib_author_fk) values (83,578);
insert into digital_lib_book_author (digital_lib_book_fk, digital_lib_author_fk) values (83,672);
insert into digital_lib_book_author (digital_lib_book_fk, digital_lib_author_fk) values (83,518);
insert into digital_lib_book_tag (digital_lib_book_fk, digital_lib_tag_fk) values (83,1121);
insert into digital_lib_book_tag (digital_lib_book_fk, digital_lib_tag_fk) values (83,111);
insert into digital_lib_book_tag (digital_lib_book_fk, digital_lib_tag_fk) values (83,1112);
insert into digital_lib_book_tag (digital_lib_book_fk, digital_lib_tag_fk) values (83,1835);
insert into digital_lib_book_tag (digital_lib_book_fk, digital_lib_tag_fk) values (83,1414);
insert into digital_lib_book_tag (digital_lib_book_fk, digital_lib_tag_fk) values (83,1011);
insert into digital_lib_book_tag (digital_lib_book_fk, digital_lib_tag_fk) values (83,711);
insert into digital_lib_book_tag (digital_lib_book_fk, digital_lib_tag_fk) values (83,566);
insert into digital_lib_book_tag (digital_lib_book_fk, digital_lib_tag_fk) values (83,1191);
insert into digital_lib_book_publisher (digital_lib_book_fk, digital_lib_publisher_fk) values (83,49);
insert into digital_lib_category_book (digital_lib_book_fk, digital_lib_category_fk) values (83,3);
insert into digital_lib_category_book (digital_lib_book_fk, digital_lib_category_fk) values (83,16);
insert into digital_lib_book (digital_lib_book_id, title, description, issue_year) values (84,'Introduction to Entrepreneurship','This book allows you to learn entrepreneurship and what makes entrepreneurs successful, all while developing your entrepreneurial skills.',2021);
insert into digital_lib_book_author (digital_lib_book_fk, digital_lib_author_fk) values (84,954);
insert into digital_lib_book_author (digital_lib_book_fk, digital_lib_author_fk) values (84,362);
insert into digital_lib_book_tag (digital_lib_book_fk, digital_lib_tag_fk) values (84,522);
insert into digital_lib_book_tag (digital_lib_book_fk, digital_lib_tag_fk) values (84,242);
insert into digital_lib_book_tag (digital_lib_book_fk, digital_lib_tag_fk) values (84,1228);
insert into digital_lib_book_publisher (digital_lib_book_fk, digital_lib_publisher_fk) values (84,222);
insert into digital_lib_category_book (digital_lib_book_fk, digital_lib_category_fk) values (84,3);
insert into digital_lib_category_book (digital_lib_book_fk, digital_lib_category_fk) values (84,16);
insert into digital_lib_book (digital_lib_book_id, title, description, issue_year) values (85,'Sustainability, Innovation and Entrepreneurship','This book allows the readers to understand the details of sustainability, innovation and entrepreneurship and to understand the relationship between all three areas.',2011);
insert into digital_lib_book_author (digital_lib_book_fk, digital_lib_author_fk) values (85,476);
insert into digital_lib_book_tag (digital_lib_book_fk, digital_lib_tag_fk) values (85,2320);
insert into digital_lib_book_tag (digital_lib_book_fk, digital_lib_tag_fk) values (85,1506);
insert into digital_lib_book_tag (digital_lib_book_fk, digital_lib_tag_fk) values (85,2026);
insert into digital_lib_book_tag (digital_lib_book_fk, digital_lib_tag_fk) values (85,993);
insert into digital_lib_book_tag (digital_lib_book_fk, digital_lib_tag_fk) values (85,1568);
insert into digital_lib_book_tag (digital_lib_book_fk, digital_lib_tag_fk) values (85,878);
insert into digital_lib_book_tag (digital_lib_book_fk, digital_lib_tag_fk) values (85,373);
insert into digital_lib_book_tag (digital_lib_book_fk, digital_lib_tag_fk) values (85,522);
insert into digital_lib_book_publisher (digital_lib_book_fk, digital_lib_publisher_fk) values (85,49);
insert into digital_lib_category_book (digital_lib_book_fk, digital_lib_category_fk) values (85,3);
insert into digital_lib_category_book (digital_lib_book_fk, digital_lib_category_fk) values (85,16);
insert into digital_lib_book (digital_lib_book_id, title, description, issue_year) values (86,'Determinants of Financial Development','This book examines the emergence of both financial markets and carbon markets, and provides an in-depth investigation on the fundamental determinants of financial development.',2011);
insert into digital_lib_book_author (digital_lib_book_fk, digital_lib_author_fk) values (86,428);
insert into digital_lib_book_tag (digital_lib_book_fk, digital_lib_tag_fk) values (86,385);
insert into digital_lib_book_tag (digital_lib_book_fk, digital_lib_tag_fk) values (86,1285);
insert into digital_lib_book_tag (digital_lib_book_fk, digital_lib_tag_fk) values (86,317);
insert into digital_lib_book_publisher (digital_lib_book_fk, digital_lib_publisher_fk) values (86,109);
insert into digital_lib_category_book (digital_lib_book_fk, digital_lib_category_fk) values (86,3);
insert into digital_lib_category_book (digital_lib_book_fk, digital_lib_category_fk) values (86,27);
insert into digital_lib_book (digital_lib_book_id, title, description, issue_year) values (87,'Manifesto of the New Economy Institutions and Business Models of the Digital Society','This book describes the main trends in development of our digital society. It appeals to those who are curious about what will replace search engines, and how social networking services will evolve.',2012);
insert into digital_lib_book_author (digital_lib_book_fk, digital_lib_author_fk) values (87,468);
insert into digital_lib_book_tag (digital_lib_book_fk, digital_lib_tag_fk) values (87,1665);
insert into digital_lib_book_tag (digital_lib_book_fk, digital_lib_tag_fk) values (87,1916);
insert into digital_lib_book_tag (digital_lib_book_fk, digital_lib_tag_fk) values (87,2188);
insert into digital_lib_book_tag (digital_lib_book_fk, digital_lib_tag_fk) values (87,2355);
insert into digital_lib_book_tag (digital_lib_book_fk, digital_lib_tag_fk) values (87,705);
insert into digital_lib_book_publisher (digital_lib_book_fk, digital_lib_publisher_fk) values (87,14);
insert into digital_lib_book_publisher (digital_lib_book_fk, digital_lib_publisher_fk) values (87,148);
insert into digital_lib_book_publisher (digital_lib_book_fk, digital_lib_publisher_fk) values (87,145);
insert into digital_lib_category_book (digital_lib_book_fk, digital_lib_category_fk) values (87,3);
insert into digital_lib_category_book (digital_lib_book_fk, digital_lib_category_fk) values (87,27);
insert into digital_lib_book (digital_lib_book_id, title, description, issue_year) values (88,'Microfinance 3.0 Reconciling Sustainability with Social Outreach and Responsible Delivery','This book focuses on the achievements, current trends and further potential of microfinance to scale-up and serve many more clients with financial services that enable them to improve their living conditions.',2013);
insert into digital_lib_book_author (digital_lib_book_fk, digital_lib_author_fk) values (88,810);
insert into digital_lib_book_tag (digital_lib_book_fk, digital_lib_tag_fk) values (88,1888);
insert into digital_lib_book_tag (digital_lib_book_fk, digital_lib_tag_fk) values (88,2147);
insert into digital_lib_book_tag (digital_lib_book_fk, digital_lib_tag_fk) values (88,2434);
insert into digital_lib_book_tag (digital_lib_book_fk, digital_lib_tag_fk) values (88,372);
insert into digital_lib_book_tag (digital_lib_book_fk, digital_lib_tag_fk) values (88,521);
insert into digital_lib_book_tag (digital_lib_book_fk, digital_lib_tag_fk) values (88,333);
insert into digital_lib_book_publisher (digital_lib_book_fk, digital_lib_publisher_fk) values (88,14);
insert into digital_lib_book_publisher (digital_lib_book_fk, digital_lib_publisher_fk) values (88,148);
insert into digital_lib_book_publisher (digital_lib_book_fk, digital_lib_publisher_fk) values (88,145);
insert into digital_lib_category_book (digital_lib_book_fk, digital_lib_category_fk) values (88,3);
insert into digital_lib_category_book (digital_lib_book_fk, digital_lib_category_fk) values (88,27);
insert into digital_lib_book (digital_lib_book_id, title, description, issue_year) values (89,'Embedded Firmware Solutions Development Best Practicces for the Internet of Things','Embedded Firmware Solutions is the perfect introduction and daily-use field guide--for the thousands of firmware designers, hardware engineers, architects, managers, and developers--to Intel’s new firmware direction (including Quark coverage), showing how to integrate Intel® Architecture designs into their plans.',2015);
insert into digital_lib_book_author (digital_lib_book_fk, digital_lib_author_fk) values (89,606);
insert into digital_lib_book_author (digital_lib_book_fk, digital_lib_author_fk) values (89,497);
insert into digital_lib_book_author (digital_lib_book_fk, digital_lib_author_fk) values (89,1022);
insert into digital_lib_book_author (digital_lib_book_fk, digital_lib_author_fk) values (89,927);
insert into digital_lib_book_tag (digital_lib_book_fk, digital_lib_tag_fk) values (89,1409);
insert into digital_lib_book_tag (digital_lib_book_fk, digital_lib_tag_fk) values (89,355);
insert into digital_lib_book_tag (digital_lib_book_fk, digital_lib_tag_fk) values (89,198);
insert into digital_lib_book_tag (digital_lib_book_fk, digital_lib_tag_fk) values (89,1204);
insert into digital_lib_book_tag (digital_lib_book_fk, digital_lib_tag_fk) values (89,1687);
insert into digital_lib_book_tag (digital_lib_book_fk, digital_lib_tag_fk) values (89,305);
insert into digital_lib_book_tag (digital_lib_book_fk, digital_lib_tag_fk) values (89,457);
insert into digital_lib_book_publisher (digital_lib_book_fk, digital_lib_publisher_fk) values (89,19);
insert into digital_lib_book_publisher (digital_lib_book_fk, digital_lib_publisher_fk) values (89,1);
insert into digital_lib_book_publisher (digital_lib_book_fk, digital_lib_publisher_fk) values (89,189);
insert into digital_lib_category_book (digital_lib_book_fk, digital_lib_category_fk) values (89,3);
insert into digital_lib_category_book (digital_lib_book_fk, digital_lib_category_fk) values (89,27);
insert into digital_lib_book (digital_lib_book_id, title, description, issue_year) values (90,'Formalizing the Shadow Economy in Serbia Policy Measures and Growth Effects','The main objective of this book is to develop a strategy and policy measures to enhance the formalization of the shadow economy in order to improve the competitiveness of the economy and contribute to economic growth; it explores these issues with special reference to Serbia.',2015);
insert into digital_lib_book_author (digital_lib_book_fk, digital_lib_author_fk) values (90,713);
insert into digital_lib_book_author (digital_lib_book_fk, digital_lib_author_fk) values (90,424);
insert into digital_lib_book_tag (digital_lib_book_fk, digital_lib_tag_fk) values (90,1937);
insert into digital_lib_book_tag (digital_lib_book_fk, digital_lib_tag_fk) values (90,2430);
insert into digital_lib_book_tag (digital_lib_book_fk, digital_lib_tag_fk) values (90,475);
insert into digital_lib_book_tag (digital_lib_book_fk, digital_lib_tag_fk) values (90,1552);
insert into digital_lib_book_tag (digital_lib_book_fk, digital_lib_tag_fk) values (90,2359);
insert into digital_lib_book_publisher (digital_lib_book_fk, digital_lib_publisher_fk) values (90,14);
insert into digital_lib_book_publisher (digital_lib_book_fk, digital_lib_publisher_fk) values (90,2);
insert into digital_lib_category_book (digital_lib_book_fk, digital_lib_category_fk) values (90,3);
insert into digital_lib_category_book (digital_lib_book_fk, digital_lib_category_fk) values (90,27);
insert into digital_lib_book (digital_lib_book_id, title, description, issue_year) values (91,'Economics of Land Degradation and Improvement - A Global Assessment for Sustainable Development','This volume deals with land degradation, which is occurring in almost all terrestrial biomes and agro-ecologies, in both low and high income countries and is stretching to about 30% of the total global land area.The results in this volume indicate that reversing land degradation trends makes both economic sense, and has multiple social and environmental benefits.',2016);
insert into digital_lib_book_author (digital_lib_book_fk, digital_lib_author_fk) values (91,207);
insert into digital_lib_book_author (digital_lib_book_fk, digital_lib_author_fk) values (91,678);
insert into digital_lib_book_author (digital_lib_book_fk, digital_lib_author_fk) values (91,1172);
insert into digital_lib_book_tag (digital_lib_book_fk, digital_lib_tag_fk) values (91,184);
insert into digital_lib_book_tag (digital_lib_book_fk, digital_lib_tag_fk) values (91,129);
insert into digital_lib_book_tag (digital_lib_book_fk, digital_lib_tag_fk) values (91,711);
insert into digital_lib_book_tag (digital_lib_book_fk, digital_lib_tag_fk) values (91,1672);
insert into digital_lib_book_tag (digital_lib_book_fk, digital_lib_tag_fk) values (91,530);
insert into digital_lib_book_tag (digital_lib_book_fk, digital_lib_tag_fk) values (91,157);
insert into digital_lib_book_tag (digital_lib_book_fk, digital_lib_tag_fk) values (91,120);
insert into digital_lib_book_tag (digital_lib_book_fk, digital_lib_tag_fk) values (91,294);
insert into digital_lib_book_publisher (digital_lib_book_fk, digital_lib_publisher_fk) values (91,14);
insert into digital_lib_book_publisher (digital_lib_book_fk, digital_lib_publisher_fk) values (91,2);
insert into digital_lib_category_book (digital_lib_book_fk, digital_lib_category_fk) values (91,3);
insert into digital_lib_category_book (digital_lib_book_fk, digital_lib_category_fk) values (91,27);
insert into digital_lib_book (digital_lib_book_id, title, description, issue_year) values (92,'New Horizons for a Data-Driven Economy A Roadmap for Usage and Exploitation of Big Data in Europe','In this book readers will find technological discussions on the existing and emerging technologies across the different stages of the big data value chain. They will learn about legal aspects of big data, the social impact, and about education needs and requirements. And they will discover the business perspective and how big data technology can be exploited to deliver value within different sectors of the economy.',2016);
insert into digital_lib_book_author (digital_lib_book_fk, digital_lib_author_fk) values (92,647);
insert into digital_lib_book_author (digital_lib_book_fk, digital_lib_author_fk) values (92,219);
insert into digital_lib_book_author (digital_lib_book_fk, digital_lib_author_fk) values (92,393);
insert into digital_lib_book_tag (digital_lib_book_fk, digital_lib_tag_fk) values (92,1628);
insert into digital_lib_book_tag (digital_lib_book_fk, digital_lib_tag_fk) values (92,20);
insert into digital_lib_book_tag (digital_lib_book_fk, digital_lib_tag_fk) values (92,1885);
insert into digital_lib_book_tag (digital_lib_book_fk, digital_lib_tag_fk) values (92,2052);
insert into digital_lib_book_tag (digital_lib_book_fk, digital_lib_tag_fk) values (92,2422);
insert into digital_lib_book_tag (digital_lib_book_fk, digital_lib_tag_fk) values (92,2064);
insert into digital_lib_book_tag (digital_lib_book_fk, digital_lib_tag_fk) values (92,1135);
insert into digital_lib_book_tag (digital_lib_book_fk, digital_lib_tag_fk) values (92,109);
insert into digital_lib_book_tag (digital_lib_book_fk, digital_lib_tag_fk) values (92,920);
insert into digital_lib_book_publisher (digital_lib_book_fk, digital_lib_publisher_fk) values (92,14);
insert into digital_lib_book_publisher (digital_lib_book_fk, digital_lib_publisher_fk) values (92,2);
insert into digital_lib_category_book (digital_lib_book_fk, digital_lib_category_fk) values (92,3);
insert into digital_lib_category_book (digital_lib_book_fk, digital_lib_category_fk) values (92,27);
insert into digital_lib_book (digital_lib_book_id, title, description, issue_year) values (93,'Wellbeing Economics The Capabilities Approach to Prosperity','This open access book addresses that aspects of maximising economic growth in order to improve human welfare. The book examines national public policy, but its analysis also focuses on choices made by individuals, households, families, civil society, local government and the global community. It therefore offers important insights for anyone concerned with improving personal wellbeing and community prosperity.',2018);
insert into digital_lib_book_author (digital_lib_book_fk, digital_lib_author_fk) values (93,106);
insert into digital_lib_book_author (digital_lib_book_fk, digital_lib_author_fk) values (93,773);
insert into digital_lib_book_author (digital_lib_book_fk, digital_lib_author_fk) values (93,310);
insert into digital_lib_book_tag (digital_lib_book_fk, digital_lib_tag_fk) values (93,625);
insert into digital_lib_book_tag (digital_lib_book_fk, digital_lib_tag_fk) values (93,713);
insert into digital_lib_book_tag (digital_lib_book_fk, digital_lib_tag_fk) values (93,1536);
insert into digital_lib_book_tag (digital_lib_book_fk, digital_lib_tag_fk) values (93,1008);
insert into digital_lib_book_tag (digital_lib_book_fk, digital_lib_tag_fk) values (93,959);
insert into digital_lib_book_tag (digital_lib_book_fk, digital_lib_tag_fk) values (93,470);
insert into digital_lib_book_tag (digital_lib_book_fk, digital_lib_tag_fk) values (93,1368);
insert into digital_lib_book_tag (digital_lib_book_fk, digital_lib_tag_fk) values (93,2094);
insert into digital_lib_book_tag (digital_lib_book_fk, digital_lib_tag_fk) values (93,2069);
insert into digital_lib_book_tag (digital_lib_book_fk, digital_lib_tag_fk) values (93,2189);
insert into digital_lib_book_tag (digital_lib_book_fk, digital_lib_tag_fk) values (93,787);
insert into digital_lib_book_tag (digital_lib_book_fk, digital_lib_tag_fk) values (93,2044);
insert into digital_lib_book_tag (digital_lib_book_fk, digital_lib_tag_fk) values (93,1080);
insert into digital_lib_book_tag (digital_lib_book_fk, digital_lib_tag_fk) values (93,1206);
insert into digital_lib_book_tag (digital_lib_book_fk, digital_lib_tag_fk) values (93,986);
insert into digital_lib_book_tag (digital_lib_book_fk, digital_lib_tag_fk) values (93,2306);
insert into digital_lib_book_tag (digital_lib_book_fk, digital_lib_tag_fk) values (93,2330);
insert into digital_lib_book_tag (digital_lib_book_fk, digital_lib_tag_fk) values (93,568);
insert into digital_lib_book_tag (digital_lib_book_fk, digital_lib_tag_fk) values (93,722);
insert into digital_lib_book_tag (digital_lib_book_fk, digital_lib_tag_fk) values (93,2044);
insert into digital_lib_book_publisher (digital_lib_book_fk, digital_lib_publisher_fk) values (93,109);
insert into digital_lib_book_publisher (digital_lib_book_fk, digital_lib_publisher_fk) values (93,2);
insert into digital_lib_category_book (digital_lib_book_fk, digital_lib_category_fk) values (93,3);
insert into digital_lib_category_book (digital_lib_book_fk, digital_lib_category_fk) values (93,27);
insert into digital_lib_book (digital_lib_book_id, title, description, issue_year) values (94,'Developmental State Building The Politics of Emerging Economies','This open access book modifies and revitalizes the concept of the ‘developmental state’ to understand the politics of emerging economy through nuanced analysis on the roles of human agency in the context of structural transformation.',2019);
insert into digital_lib_book_author (digital_lib_book_fk, digital_lib_author_fk) values (94,240);
insert into digital_lib_book_author (digital_lib_book_fk, digital_lib_author_fk) values (94,367);
insert into digital_lib_book_author (digital_lib_book_fk, digital_lib_author_fk) values (94,549);
insert into digital_lib_book_tag (digital_lib_book_fk, digital_lib_tag_fk) values (94,2044);
insert into digital_lib_book_tag (digital_lib_book_fk, digital_lib_tag_fk) values (94,529);
insert into digital_lib_book_tag (digital_lib_book_fk, digital_lib_tag_fk) values (94,736);
insert into digital_lib_book_tag (digital_lib_book_fk, digital_lib_tag_fk) values (94,1256);
insert into digital_lib_book_tag (digital_lib_book_fk, digital_lib_tag_fk) values (94,2053);
insert into digital_lib_book_tag (digital_lib_book_fk, digital_lib_tag_fk) values (94,2258);
insert into digital_lib_book_tag (digital_lib_book_fk, digital_lib_tag_fk) values (94,1937);
insert into digital_lib_book_tag (digital_lib_book_fk, digital_lib_tag_fk) values (94,1336);
insert into digital_lib_book_tag (digital_lib_book_fk, digital_lib_tag_fk) values (94,2297);
insert into digital_lib_book_publisher (digital_lib_book_fk, digital_lib_publisher_fk) values (94,14);
insert into digital_lib_book_publisher (digital_lib_book_fk, digital_lib_publisher_fk) values (94,175);
insert into digital_lib_category_book (digital_lib_book_fk, digital_lib_category_fk) values (94,3);
insert into digital_lib_category_book (digital_lib_book_fk, digital_lib_category_fk) values (94,27);
insert into digital_lib_book (digital_lib_book_id, title, description, issue_year) values (95,'Development in Turbulent Times The Many Faces of Inequality Within Europe','This open access book explores the most recent trends in the EU in terms of development, progress, and performance.',2019);
insert into digital_lib_book_author (digital_lib_book_fk, digital_lib_author_fk) values (95,46);
insert into digital_lib_book_tag (digital_lib_book_fk, digital_lib_tag_fk) values (95,2044);
insert into digital_lib_book_tag (digital_lib_book_fk, digital_lib_tag_fk) values (95,875);
insert into digital_lib_book_tag (digital_lib_book_fk, digital_lib_tag_fk) values (95,1247);
insert into digital_lib_book_tag (digital_lib_book_fk, digital_lib_tag_fk) values (95,1174);
insert into digital_lib_book_tag (digital_lib_book_fk, digital_lib_tag_fk) values (95,2154);
insert into digital_lib_book_tag (digital_lib_book_fk, digital_lib_tag_fk) values (95,1068);
insert into digital_lib_book_tag (digital_lib_book_fk, digital_lib_tag_fk) values (95,711);
insert into digital_lib_book_tag (digital_lib_book_fk, digital_lib_tag_fk) values (95,1826);
insert into digital_lib_book_tag (digital_lib_book_fk, digital_lib_tag_fk) values (95,2425);
insert into digital_lib_book_tag (digital_lib_book_fk, digital_lib_tag_fk) values (95,711);
insert into digital_lib_book_tag (digital_lib_book_fk, digital_lib_tag_fk) values (95,385);
insert into digital_lib_book_tag (digital_lib_book_fk, digital_lib_tag_fk) values (95,1294);
insert into digital_lib_book_tag (digital_lib_book_fk, digital_lib_tag_fk) values (95,701);
insert into digital_lib_book_tag (digital_lib_book_fk, digital_lib_tag_fk) values (95,711);
insert into digital_lib_book_tag (digital_lib_book_fk, digital_lib_tag_fk) values (95,1786);
insert into digital_lib_book_publisher (digital_lib_book_fk, digital_lib_publisher_fk) values (95,14);
insert into digital_lib_book_publisher (digital_lib_book_fk, digital_lib_publisher_fk) values (95,2);
insert into digital_lib_category_book (digital_lib_book_fk, digital_lib_category_fk) values (95,3);
insert into digital_lib_category_book (digital_lib_book_fk, digital_lib_category_fk) values (95,27);
insert into digital_lib_book (digital_lib_book_id, title, description, issue_year) values (96,'Economic Evaluation of Sustainable Development','This book presents methods to evaluate sustainable development using economic tools. The focus on sustainable development takes the reader beyond economic growth to encompass inclusion, environmental stewardship and good governance.',2019);
insert into digital_lib_book_author (digital_lib_book_fk, digital_lib_author_fk) values (96,363);
insert into digital_lib_book_author (digital_lib_book_fk, digital_lib_author_fk) values (96,38);
insert into digital_lib_book_tag (digital_lib_book_fk, digital_lib_tag_fk) values (96,2044);
insert into digital_lib_book_tag (digital_lib_book_fk, digital_lib_tag_fk) values (96,2378);
insert into digital_lib_book_tag (digital_lib_book_fk, digital_lib_tag_fk) values (96,333);
insert into digital_lib_book_tag (digital_lib_book_fk, digital_lib_tag_fk) values (96,2206);
insert into digital_lib_book_tag (digital_lib_book_fk, digital_lib_tag_fk) values (96,1113);
insert into digital_lib_book_tag (digital_lib_book_fk, digital_lib_tag_fk) values (96,2046);
insert into digital_lib_book_tag (digital_lib_book_fk, digital_lib_tag_fk) values (96,2241);
insert into digital_lib_book_tag (digital_lib_book_fk, digital_lib_tag_fk) values (96,190);
insert into digital_lib_book_tag (digital_lib_book_fk, digital_lib_tag_fk) values (96,1983);
insert into digital_lib_book_tag (digital_lib_book_fk, digital_lib_tag_fk) values (96,920);
insert into digital_lib_book_tag (digital_lib_book_fk, digital_lib_tag_fk) values (96,2448);
insert into digital_lib_book_tag (digital_lib_book_fk, digital_lib_tag_fk) values (96,1373);
insert into digital_lib_book_publisher (digital_lib_book_fk, digital_lib_publisher_fk) values (96,109);
insert into digital_lib_book_publisher (digital_lib_book_fk, digital_lib_publisher_fk) values (96,175);
insert into digital_lib_category_book (digital_lib_book_fk, digital_lib_category_fk) values (96,3);
insert into digital_lib_category_book (digital_lib_book_fk, digital_lib_category_fk) values (96,27);
insert into digital_lib_book (digital_lib_book_id, title, description, issue_year) values (97,'Emerging States and Economies  Their Origins, Drivers, and Challenges Ahead','This open access book asks why and how some of the developing countries have “emerged” under a set of similar global conditions, what led individual countries to choose the particular paths that led to their “emergence,” and what challenges confront them.',2019);
insert into digital_lib_book_author (digital_lib_book_fk, digital_lib_author_fk) values (97,783);
insert into digital_lib_book_author (digital_lib_book_fk, digital_lib_author_fk) values (97,549);
insert into digital_lib_book_tag (digital_lib_book_fk, digital_lib_tag_fk) values (97,698);
insert into digital_lib_book_tag (digital_lib_book_fk, digital_lib_tag_fk) values (97,2197);
insert into digital_lib_book_tag (digital_lib_book_fk, digital_lib_tag_fk) values (97,161);
insert into digital_lib_book_tag (digital_lib_book_fk, digital_lib_tag_fk) values (97,1492);
insert into digital_lib_book_tag (digital_lib_book_fk, digital_lib_tag_fk) values (97,1327);
insert into digital_lib_book_tag (digital_lib_book_fk, digital_lib_tag_fk) values (97,1107);
insert into digital_lib_book_tag (digital_lib_book_fk, digital_lib_tag_fk) values (97,2348);
insert into digital_lib_book_tag (digital_lib_book_fk, digital_lib_tag_fk) values (97,682);
insert into digital_lib_book_tag (digital_lib_book_fk, digital_lib_tag_fk) values (97,77);
insert into digital_lib_book_tag (digital_lib_book_fk, digital_lib_tag_fk) values (97,1951);
insert into digital_lib_book_tag (digital_lib_book_fk, digital_lib_tag_fk) values (97,736);
insert into digital_lib_book_tag (digital_lib_book_fk, digital_lib_tag_fk) values (97,1443);
insert into digital_lib_book_tag (digital_lib_book_fk, digital_lib_tag_fk) values (97,2289);
insert into digital_lib_book_tag (digital_lib_book_fk, digital_lib_tag_fk) values (97,47);
insert into digital_lib_book_tag (digital_lib_book_fk, digital_lib_tag_fk) values (97,164);
insert into digital_lib_book_tag (digital_lib_book_fk, digital_lib_tag_fk) values (97,2044);
insert into digital_lib_book_publisher (digital_lib_book_fk, digital_lib_publisher_fk) values (97,14);
insert into digital_lib_book_publisher (digital_lib_book_fk, digital_lib_publisher_fk) values (97,175);
insert into digital_lib_category_book (digital_lib_book_fk, digital_lib_category_fk) values (97,3);
insert into digital_lib_category_book (digital_lib_book_fk, digital_lib_category_fk) values (97,27);
insert into digital_lib_book (digital_lib_book_id, title, description, issue_year) values (98,'Emerging States at Crossroads','This volume analyzes the economic, social, and political challenges that emerging states confront today.',2019);
insert into digital_lib_book_author (digital_lib_book_fk, digital_lib_author_fk) values (98,259);
insert into digital_lib_book_author (digital_lib_book_fk, digital_lib_author_fk) values (98,19);
insert into digital_lib_book_tag (digital_lib_book_fk, digital_lib_tag_fk) values (98,2044);
insert into digital_lib_book_tag (digital_lib_book_fk, digital_lib_tag_fk) values (98,1501);
insert into digital_lib_book_tag (digital_lib_book_fk, digital_lib_tag_fk) values (98,1781);
insert into digital_lib_book_tag (digital_lib_book_fk, digital_lib_tag_fk) values (98,117);
insert into digital_lib_book_tag (digital_lib_book_fk, digital_lib_tag_fk) values (98,733);
insert into digital_lib_book_tag (digital_lib_book_fk, digital_lib_tag_fk) values (98,265);
insert into digital_lib_book_tag (digital_lib_book_fk, digital_lib_tag_fk) values (98,2425);
insert into digital_lib_book_tag (digital_lib_book_fk, digital_lib_tag_fk) values (98,147);
insert into digital_lib_book_tag (digital_lib_book_fk, digital_lib_tag_fk) values (98,736);
insert into digital_lib_book_tag (digital_lib_book_fk, digital_lib_tag_fk) values (98,2053);
insert into digital_lib_book_tag (digital_lib_book_fk, digital_lib_tag_fk) values (98,1708);
insert into digital_lib_book_tag (digital_lib_book_fk, digital_lib_tag_fk) values (98,1894);
insert into digital_lib_book_tag (digital_lib_book_fk, digital_lib_tag_fk) values (98,828);
insert into digital_lib_book_tag (digital_lib_book_fk, digital_lib_tag_fk) values (98,2091);
insert into digital_lib_book_tag (digital_lib_book_fk, digital_lib_tag_fk) values (98,2289);
insert into digital_lib_book_tag (digital_lib_book_fk, digital_lib_tag_fk) values (98,47);
insert into digital_lib_book_tag (digital_lib_book_fk, digital_lib_tag_fk) values (98,1296);
insert into digital_lib_book_tag (digital_lib_book_fk, digital_lib_tag_fk) values (98,2056);
insert into digital_lib_book_tag (digital_lib_book_fk, digital_lib_tag_fk) values (98,1834);
insert into digital_lib_book_tag (digital_lib_book_fk, digital_lib_tag_fk) values (98,352);
insert into digital_lib_book_tag (digital_lib_book_fk, digital_lib_tag_fk) values (98,2297);
insert into digital_lib_book_publisher (digital_lib_book_fk, digital_lib_publisher_fk) values (98,14);
insert into digital_lib_book_publisher (digital_lib_book_fk, digital_lib_publisher_fk) values (98,175);
insert into digital_lib_category_book (digital_lib_book_fk, digital_lib_category_fk) values (98,3);
insert into digital_lib_category_book (digital_lib_book_fk, digital_lib_category_fk) values (98,27);
insert into digital_lib_book (digital_lib_book_id, title, description, issue_year) values (99,'Innovation, Economic Development, and Intellectual Property in India and China Comparing Six Economic Sectors','The book analyses intellectual property and innovation governance in the development of six key industries in India and China.',2019);
insert into digital_lib_book_author (digital_lib_book_fk, digital_lib_author_fk) values (99,904);
insert into digital_lib_book_author (digital_lib_book_fk, digital_lib_author_fk) values (99,1151);
insert into digital_lib_book_tag (digital_lib_book_fk, digital_lib_tag_fk) values (99,242);
insert into digital_lib_book_tag (digital_lib_book_fk, digital_lib_tag_fk) values (99,1570);
insert into digital_lib_book_tag (digital_lib_book_fk, digital_lib_tag_fk) values (99,1577);
insert into digital_lib_book_tag (digital_lib_book_fk, digital_lib_tag_fk) values (99,388);
insert into digital_lib_book_tag (digital_lib_book_fk, digital_lib_tag_fk) values (99,582);
insert into digital_lib_book_tag (digital_lib_book_fk, digital_lib_tag_fk) values (99,738);
insert into digital_lib_book_tag (digital_lib_book_fk, digital_lib_tag_fk) values (99,2347);
insert into digital_lib_book_tag (digital_lib_book_fk, digital_lib_tag_fk) values (99,2149);
insert into digital_lib_book_tag (digital_lib_book_fk, digital_lib_tag_fk) values (99,1485);
insert into digital_lib_book_tag (digital_lib_book_fk, digital_lib_tag_fk) values (99,371);
insert into digital_lib_book_tag (digital_lib_book_fk, digital_lib_tag_fk) values (99,1560);
insert into digital_lib_book_tag (digital_lib_book_fk, digital_lib_tag_fk) values (99,1623);
insert into digital_lib_book_tag (digital_lib_book_fk, digital_lib_tag_fk) values (99,2463);
insert into digital_lib_book_tag (digital_lib_book_fk, digital_lib_tag_fk) values (99,1012);
insert into digital_lib_book_tag (digital_lib_book_fk, digital_lib_tag_fk) values (99,1390);
insert into digital_lib_book_tag (digital_lib_book_fk, digital_lib_tag_fk) values (99,723);
insert into digital_lib_book_tag (digital_lib_book_fk, digital_lib_tag_fk) values (99,2245);
insert into digital_lib_book_tag (digital_lib_book_fk, digital_lib_tag_fk) values (99,2044);
insert into digital_lib_book_publisher (digital_lib_book_fk, digital_lib_publisher_fk) values (99,14);
insert into digital_lib_book_publisher (digital_lib_book_fk, digital_lib_publisher_fk) values (99,175);
insert into digital_lib_category_book (digital_lib_book_fk, digital_lib_category_fk) values (99,3);
insert into digital_lib_category_book (digital_lib_book_fk, digital_lib_category_fk) values (99,27);
insert into digital_lib_book (digital_lib_book_id, title, description, issue_year) values (100,'Modeling our Changing World','This open access book focuses on the concepts, tools and techniques needed to successfully model ever-changing time-series data. It emphasizes the need for general models to account for the complexities of the modern world and how these can be applied to a range of issues facing Earth, from modelling volcanic eruptions, carbon dioxide emissions and global temperatures, to modelling unemployment rates, wage inflation and population growth.',2019);
insert into digital_lib_book_author (digital_lib_book_fk, digital_lib_author_fk) values (100,261);
insert into digital_lib_book_author (digital_lib_book_fk, digital_lib_author_fk) values (100,227);
insert into digital_lib_book_tag (digital_lib_book_fk, digital_lib_tag_fk) values (100,2232);
insert into digital_lib_book_tag (digital_lib_book_fk, digital_lib_tag_fk) values (100,1927);
insert into digital_lib_book_tag (digital_lib_book_fk, digital_lib_tag_fk) values (100,2333);
insert into digital_lib_book_tag (digital_lib_book_fk, digital_lib_tag_fk) values (100,972);
insert into digital_lib_book_tag (digital_lib_book_fk, digital_lib_tag_fk) values (100,788);
insert into digital_lib_book_tag (digital_lib_book_fk, digital_lib_tag_fk) values (100,1866);
insert into digital_lib_book_tag (digital_lib_book_fk, digital_lib_tag_fk) values (100,1278);
insert into digital_lib_book_tag (digital_lib_book_fk, digital_lib_tag_fk) values (100,1569);
insert into digital_lib_book_tag (digital_lib_book_fk, digital_lib_tag_fk) values (100,87);
insert into digital_lib_book_tag (digital_lib_book_fk, digital_lib_tag_fk) values (100,2067);
insert into digital_lib_book_tag (digital_lib_book_fk, digital_lib_tag_fk) values (100,994);
insert into digital_lib_book_tag (digital_lib_book_fk, digital_lib_tag_fk) values (100,2044);
insert into digital_lib_book_publisher (digital_lib_book_fk, digital_lib_publisher_fk) values (100,203);
insert into digital_lib_book_publisher (digital_lib_book_fk, digital_lib_publisher_fk) values (100,45);
insert into digital_lib_book_publisher (digital_lib_book_fk, digital_lib_publisher_fk) values (100,2);
insert into digital_lib_category_book (digital_lib_book_fk, digital_lib_category_fk) values (100,3);
insert into digital_lib_category_book (digital_lib_book_fk, digital_lib_category_fk) values (100,27);
insert into digital_lib_book (digital_lib_book_id, title, description, issue_year) values (101,'Faith, Finance and Economy Beliefs and Economic Well-being','This open access book seeks to foster a multidisciplinary understanding of the ties between faith, financial intermediation, and economic progress by drawing on research across economics, finance, history, philosophy, ethics, theology, public policy, law, and other disciplines',2020);
insert into digital_lib_book_author (digital_lib_book_fk, digital_lib_author_fk) values (101,697);
insert into digital_lib_book_author (digital_lib_book_fk, digital_lib_author_fk) values (101,379);
insert into digital_lib_book_tag (digital_lib_book_fk, digital_lib_tag_fk) values (101,214);
insert into digital_lib_book_tag (digital_lib_book_fk, digital_lib_tag_fk) values (101,711);
insert into digital_lib_book_tag (digital_lib_book_fk, digital_lib_tag_fk) values (101,920);
insert into digital_lib_book_tag (digital_lib_book_fk, digital_lib_tag_fk) values (101,1168);
insert into digital_lib_book_tag (digital_lib_book_fk, digital_lib_tag_fk) values (101,2444);
insert into digital_lib_book_tag (digital_lib_book_fk, digital_lib_tag_fk) values (101,587);
insert into digital_lib_book_tag (digital_lib_book_fk, digital_lib_tag_fk) values (101,1294);
insert into digital_lib_book_tag (digital_lib_book_fk, digital_lib_tag_fk) values (101,1257);
insert into digital_lib_book_tag (digital_lib_book_fk, digital_lib_tag_fk) values (101,2044);
insert into digital_lib_book_tag (digital_lib_book_fk, digital_lib_tag_fk) values (101,684);
insert into digital_lib_book_tag (digital_lib_book_fk, digital_lib_tag_fk) values (101,1612);
insert into digital_lib_book_tag (digital_lib_book_fk, digital_lib_tag_fk) values (101,711);
insert into digital_lib_book_tag (digital_lib_book_fk, digital_lib_tag_fk) values (101,2320);
insert into digital_lib_book_tag (digital_lib_book_fk, digital_lib_tag_fk) values (101,178);
insert into digital_lib_book_tag (digital_lib_book_fk, digital_lib_tag_fk) values (101,52);
insert into digital_lib_book_tag (digital_lib_book_fk, digital_lib_tag_fk) values (101,711);
insert into digital_lib_book_tag (digital_lib_book_fk, digital_lib_tag_fk) values (101,2459);
insert into digital_lib_book_publisher (digital_lib_book_fk, digital_lib_publisher_fk) values (101,109);
insert into digital_lib_book_publisher (digital_lib_book_fk, digital_lib_publisher_fk) values (101,2);
insert into digital_lib_category_book (digital_lib_book_fk, digital_lib_category_fk) values (101,3);
insert into digital_lib_category_book (digital_lib_book_fk, digital_lib_category_fk) values (101,27);
insert into digital_lib_book (digital_lib_book_id, title, description, issue_year) values (102,'Principles of Macro-economics  for AP courses 2e','Principles of Macroeconomics 2e covers the scope and sequence of most introductory economics courses.',2017);
insert into digital_lib_book_author (digital_lib_book_fk, digital_lib_author_fk) values (102,1063);
insert into digital_lib_book_author (digital_lib_book_fk, digital_lib_author_fk) values (102,105);
insert into digital_lib_book_author (digital_lib_book_fk, digital_lib_author_fk) values (102,817);
insert into digital_lib_book_tag (digital_lib_book_fk, digital_lib_tag_fk) values (102,1158);
insert into digital_lib_book_tag (digital_lib_book_fk, digital_lib_tag_fk) values (102,1126);
insert into digital_lib_book_tag (digital_lib_book_fk, digital_lib_tag_fk) values (102,1285);
insert into digital_lib_book_tag (digital_lib_book_fk, digital_lib_tag_fk) values (102,2436);
insert into digital_lib_book_tag (digital_lib_book_fk, digital_lib_tag_fk) values (102,711);
insert into digital_lib_book_tag (digital_lib_book_fk, digital_lib_tag_fk) values (102,53);
insert into digital_lib_book_tag (digital_lib_book_fk, digital_lib_tag_fk) values (102,290);
insert into digital_lib_book_tag (digital_lib_book_fk, digital_lib_tag_fk) values (102,949);
insert into digital_lib_book_tag (digital_lib_book_fk, digital_lib_tag_fk) values (102,540);
insert into digital_lib_book_tag (digital_lib_book_fk, digital_lib_tag_fk) values (102,337);
insert into digital_lib_book_tag (digital_lib_book_fk, digital_lib_tag_fk) values (102,1548);
insert into digital_lib_book_tag (digital_lib_book_fk, digital_lib_tag_fk) values (102,1327);
insert into digital_lib_book_tag (digital_lib_book_fk, digital_lib_tag_fk) values (102,1302);
insert into digital_lib_book_tag (digital_lib_book_fk, digital_lib_tag_fk) values (102,1237);
insert into digital_lib_book_tag (digital_lib_book_fk, digital_lib_tag_fk) values (102,379);
insert into digital_lib_book_publisher (digital_lib_book_fk, digital_lib_publisher_fk) values (102,166);
insert into digital_lib_category_book (digital_lib_book_fk, digital_lib_category_fk) values (102,3);
insert into digital_lib_category_book (digital_lib_book_fk, digital_lib_category_fk) values (102,27);
insert into digital_lib_book (digital_lib_book_id, title, description, issue_year) values (103,'Principles of Macroeconomics Revision A','Principles of Macroeconomics is an adaptation of the textbook, Macroeconomics: Theory, Markets, and Policy by D. Curtis and I. Irvine, and presents a complete and concise examination of introductory macroeconomics theory and policy suitable for a first introductory course.',2017);
insert into digital_lib_book_author (digital_lib_book_fk, digital_lib_author_fk) values (103,550);
insert into digital_lib_book_author (digital_lib_book_fk, digital_lib_author_fk) values (103,496);
insert into digital_lib_book_tag (digital_lib_book_fk, digital_lib_tag_fk) values (103,780);
insert into digital_lib_book_tag (digital_lib_book_fk, digital_lib_tag_fk) values (103,1745);
insert into digital_lib_book_tag (digital_lib_book_fk, digital_lib_tag_fk) values (103,329);
insert into digital_lib_book_tag (digital_lib_book_fk, digital_lib_tag_fk) values (103,1046);
insert into digital_lib_book_tag (digital_lib_book_fk, digital_lib_tag_fk) values (103,1302);
insert into digital_lib_book_tag (digital_lib_book_fk, digital_lib_tag_fk) values (103,949);
insert into digital_lib_book_tag (digital_lib_book_fk, digital_lib_tag_fk) values (103,1080);
insert into digital_lib_book_publisher (digital_lib_book_fk, digital_lib_publisher_fk) values (103,182);
insert into digital_lib_category_book (digital_lib_book_fk, digital_lib_category_fk) values (103,3);
insert into digital_lib_category_book (digital_lib_book_fk, digital_lib_category_fk) values (103,27);
insert into digital_lib_book (digital_lib_book_id, title, description, issue_year) values (104,'Microeconomics - Theory Through Applications','This textbook will assist you in increasing students\` economic literacy both by developing their aptitude for economic thinking and by presenting key insights about economics that every educated individual should know.',2011);
insert into digital_lib_book_author (digital_lib_book_fk, digital_lib_author_fk) values (104,162);
insert into digital_lib_book_author (digital_lib_book_fk, digital_lib_author_fk) values (104,419);
insert into digital_lib_book_tag (digital_lib_book_fk, digital_lib_tag_fk) values (104,1158);
insert into digital_lib_book_tag (digital_lib_book_fk, digital_lib_tag_fk) values (104,2315);
insert into digital_lib_book_tag (digital_lib_book_fk, digital_lib_tag_fk) values (104,209);
insert into digital_lib_book_tag (digital_lib_book_fk, digital_lib_tag_fk) values (104,2242);
insert into digital_lib_book_tag (digital_lib_book_fk, digital_lib_tag_fk) values (104,1318);
insert into digital_lib_book_tag (digital_lib_book_fk, digital_lib_tag_fk) values (104,2160);
insert into digital_lib_book_publisher (digital_lib_book_fk, digital_lib_publisher_fk) values (104,49);
insert into digital_lib_category_book (digital_lib_book_fk, digital_lib_category_fk) values (104,3);
insert into digital_lib_category_book (digital_lib_book_fk, digital_lib_category_fk) values (104,27);
insert into digital_lib_book (digital_lib_book_id, title, description, issue_year) values (105,'Financial Management for Small Business Financial Statements & Present Value Models, second edition','This book is for those whose financial management focus is on small businesses. The authors adapt the traditional financial management themes emphasized in corporate financial management courses to meet the needs of small businesses.',2021);
insert into digital_lib_book_author (digital_lib_book_fk, digital_lib_author_fk) values (105,368);
insert into digital_lib_book_author (digital_lib_book_fk, digital_lib_author_fk) values (105,942);
insert into digital_lib_book_author (digital_lib_book_fk, digital_lib_author_fk) values (105,104);
insert into digital_lib_book_tag (digital_lib_book_fk, digital_lib_tag_fk) values (105,1042);
insert into digital_lib_book_tag (digital_lib_book_fk, digital_lib_tag_fk) values (105,1347);
insert into digital_lib_book_tag (digital_lib_book_fk, digital_lib_tag_fk) values (105,2160);
insert into digital_lib_book_publisher (digital_lib_book_fk, digital_lib_publisher_fk) values (105,35);
insert into digital_lib_category_book (digital_lib_book_fk, digital_lib_category_fk) values (105,3);
insert into digital_lib_category_book (digital_lib_book_fk, digital_lib_category_fk) values (105,27);
insert into digital_lib_book (digital_lib_book_id, title, description, issue_year) values (106,'Financial Strategy for Public Managers','Financial Strategy for Public Managers is a new generation textbook for financial management in the public sector. It offers a thorough, applied, and concise introduction to the essential financial concepts and analytical tools that today\`s effective public servants need to know.',2016);
insert into digital_lib_book_author (digital_lib_book_fk, digital_lib_author_fk) values (106,445);
insert into digital_lib_book_author (digital_lib_book_fk, digital_lib_author_fk) values (106,389);
insert into digital_lib_book_tag (digital_lib_book_fk, digital_lib_tag_fk) values (106,2141);
insert into digital_lib_book_tag (digital_lib_book_fk, digital_lib_tag_fk) values (106,891);
insert into digital_lib_book_tag (digital_lib_book_fk, digital_lib_tag_fk) values (106,2097);
insert into digital_lib_book_tag (digital_lib_book_fk, digital_lib_tag_fk) values (106,1929);
insert into digital_lib_book_tag (digital_lib_book_fk, digital_lib_tag_fk) values (106,1160);
insert into digital_lib_book_publisher (digital_lib_book_fk, digital_lib_publisher_fk) values (106,232);
insert into digital_lib_category_book (digital_lib_book_fk, digital_lib_category_fk) values (106,3);
insert into digital_lib_category_book (digital_lib_book_fk, digital_lib_category_fk) values (106,27);
insert into digital_lib_book (digital_lib_book_id, title, description, issue_year) values (107,'Intermediate Microeconomics with Microsoft Excel','This book is based on the idea that there is a particular framework used by economists to interpret observed reality. This guide provides the basics of Microeconomics and the use of Microsoft Excel for that purpose.',2nd edition -2021);
insert into digital_lib_book_author (digital_lib_book_fk, digital_lib_author_fk) values (107,922);
insert into digital_lib_book_tag (digital_lib_book_fk, digital_lib_tag_fk) values (107,2395);
insert into digital_lib_book_tag (digital_lib_book_fk, digital_lib_tag_fk) values (107,2020);
insert into digital_lib_book_tag (digital_lib_book_fk, digital_lib_tag_fk) values (107,1514);
insert into digital_lib_book_tag (digital_lib_book_fk, digital_lib_tag_fk) values (107,1844);
insert into digital_lib_book_tag (digital_lib_book_fk, digital_lib_tag_fk) values (107,966);
insert into digital_lib_book_tag (digital_lib_book_fk, digital_lib_tag_fk) values (107,1576);
insert into digital_lib_book_publisher (digital_lib_book_fk, digital_lib_publisher_fk) values (107,279);
insert into digital_lib_category_book (digital_lib_book_fk, digital_lib_category_fk) values (107,3);
insert into digital_lib_category_book (digital_lib_book_fk, digital_lib_category_fk) values (107,27);
insert into digital_lib_book (digital_lib_book_id, title, description, issue_year) values (108,'Intermediate Microeconomics','Intermediate Microeconomics is a comprehensive microeconomic theory text that uses real world policy questions to motivate and illustrate the material in each chapter. Intermediate Microeconomics is an approachable yet rigorous textbook that covers the entire scope of traditional microeconomic theory and includes two mathematical approaches, allowing instructors to teach the material with or without calculus.',2019);
insert into digital_lib_book_author (digital_lib_book_fk, digital_lib_author_fk) values (108,349);
insert into digital_lib_book_tag (digital_lib_book_fk, digital_lib_tag_fk) values (108,75);
insert into digital_lib_book_tag (digital_lib_book_fk, digital_lib_tag_fk) values (108,2395);
insert into digital_lib_book_tag (digital_lib_book_fk, digital_lib_tag_fk) values (108,65);
insert into digital_lib_book_tag (digital_lib_book_fk, digital_lib_tag_fk) values (108,107);
insert into digital_lib_book_tag (digital_lib_book_fk, digital_lib_tag_fk) values (108,644);
insert into digital_lib_book_tag (digital_lib_book_fk, digital_lib_tag_fk) values (108,1370);
insert into digital_lib_book_tag (digital_lib_book_fk, digital_lib_tag_fk) values (108,1318);
insert into digital_lib_book_tag (digital_lib_book_fk, digital_lib_tag_fk) values (108,1006);
insert into digital_lib_book_tag (digital_lib_book_fk, digital_lib_tag_fk) values (108,1);
insert into digital_lib_book_publisher (digital_lib_book_fk, digital_lib_publisher_fk) values (108,15);
insert into digital_lib_category_book (digital_lib_book_fk, digital_lib_category_fk) values (108,3);
insert into digital_lib_category_book (digital_lib_book_fk, digital_lib_category_fk) values (108,27);
insert into digital_lib_book (digital_lib_book_id, title, description, issue_year) values (109,'International Economics - Theory and Policy','This text strives to present the theory and models of international economics to understand how economists understand the world.',2012);
insert into digital_lib_book_author (digital_lib_book_fk, digital_lib_author_fk) values (109,483);
insert into digital_lib_book_tag (digital_lib_book_fk, digital_lib_tag_fk) values (109,420);
insert into digital_lib_book_tag (digital_lib_book_fk, digital_lib_tag_fk) values (109,1548);
insert into digital_lib_book_tag (digital_lib_book_fk, digital_lib_tag_fk) values (109,944);
insert into digital_lib_book_tag (digital_lib_book_fk, digital_lib_tag_fk) values (109,374);
insert into digital_lib_book_tag (digital_lib_book_fk, digital_lib_tag_fk) values (109,460);
insert into digital_lib_book_tag (digital_lib_book_fk, digital_lib_tag_fk) values (109,845);
insert into digital_lib_book_tag (digital_lib_book_fk, digital_lib_tag_fk) values (109,2254);
insert into digital_lib_book_publisher (digital_lib_book_fk, digital_lib_publisher_fk) values (109,49);
insert into digital_lib_category_book (digital_lib_book_fk, digital_lib_category_fk) values (109,3);
insert into digital_lib_category_book (digital_lib_book_fk, digital_lib_category_fk) values (109,27);
insert into digital_lib_book (digital_lib_book_id, title, description, issue_year) values (110,'International Finance - Theory and Policy','International Finance Theory and Policy is built on Steve Suranovic\`s belief that to understand the international economy, students need to learn how economic models are applied to real world problems. The text provides detailed descriptions of major macroeconomic variables, covers the interest rate parity and purchasing power parity theories of exchange rate determination, takes an exhaustive look at the pros and cons of trade imbalances and presents the well-known AA-DD model to explore the effects of fiscal and monetary policy under both fixed and flexible exchange rates.',2010);
insert into digital_lib_book_author (digital_lib_book_fk, digital_lib_author_fk) values (110,483);
insert into digital_lib_book_tag (digital_lib_book_fk, digital_lib_tag_fk) values (110,1277);
insert into digital_lib_book_tag (digital_lib_book_fk, digital_lib_tag_fk) values (110,640);
insert into digital_lib_book_tag (digital_lib_book_fk, digital_lib_tag_fk) values (110,62);
insert into digital_lib_book_tag (digital_lib_book_fk, digital_lib_tag_fk) values (110,946);
insert into digital_lib_book_tag (digital_lib_book_fk, digital_lib_tag_fk) values (110,877);
insert into digital_lib_book_tag (digital_lib_book_fk, digital_lib_tag_fk) values (110,1072);
insert into digital_lib_book_publisher (digital_lib_book_fk, digital_lib_publisher_fk) values (110,49);
insert into digital_lib_category_book (digital_lib_book_fk, digital_lib_category_fk) values (110,3);
insert into digital_lib_category_book (digital_lib_book_fk, digital_lib_category_fk) values (110,27);
insert into digital_lib_book (digital_lib_book_id, title, description, issue_year) values (111,'International Trade: Theory and Policy','International Trade: Theory and Policy is built on Steve Suranovic\`s belief that to understand the international economy, students need to learn how economic models are applied to real world problems. It is true what they say, that ”economists do it with models.“ International Trade: Theory and Policy presents a variety of international trade models including the Ricardian model, the Heckscher-Ohlin model, and the monopolistic competition model. It includes trade policy analysis in both perfectly competitive and imperfectly competitive markets.',2010);
insert into digital_lib_book_author (digital_lib_book_fk, digital_lib_author_fk) values (111,483);
insert into digital_lib_book_tag (digital_lib_book_fk, digital_lib_tag_fk) values (111,978);
insert into digital_lib_book_tag (digital_lib_book_fk, digital_lib_tag_fk) values (111,1757);
insert into digital_lib_book_tag (digital_lib_book_fk, digital_lib_tag_fk) values (111,353);
insert into digital_lib_book_tag (digital_lib_book_fk, digital_lib_tag_fk) values (111,2014);
insert into digital_lib_book_tag (digital_lib_book_fk, digital_lib_tag_fk) values (111,1277);
insert into digital_lib_book_tag (digital_lib_book_fk, digital_lib_tag_fk) values (111,2070);
insert into digital_lib_book_tag (digital_lib_book_fk, digital_lib_tag_fk) values (111,374);
insert into digital_lib_book_tag (digital_lib_book_fk, digital_lib_tag_fk) values (111,704);
insert into digital_lib_book_publisher (digital_lib_book_fk, digital_lib_publisher_fk) values (111,49);
insert into digital_lib_category_book (digital_lib_book_fk, digital_lib_category_fk) values (111,3);
insert into digital_lib_category_book (digital_lib_book_fk, digital_lib_category_fk) values (111,27);
insert into digital_lib_book (digital_lib_book_id, title, description, issue_year) values (112,'Introduction to Economic Analysis','This book presents standard intermediate microeconomics material and some material that, in the authors\` view, ought to be standard but is not. Introductory economics material is integrated.',2009);
insert into digital_lib_book_author (digital_lib_book_fk, digital_lib_author_fk) values (112,1026);
insert into digital_lib_book_author (digital_lib_book_fk, digital_lib_author_fk) values (112,893);
insert into digital_lib_book_tag (digital_lib_book_fk, digital_lib_tag_fk) values (112,1158);
insert into digital_lib_book_tag (digital_lib_book_fk, digital_lib_tag_fk) values (112,2160);
insert into digital_lib_book_tag (digital_lib_book_fk, digital_lib_tag_fk) values (112,1548);
insert into digital_lib_book_tag (digital_lib_book_fk, digital_lib_tag_fk) values (112,2300);
insert into digital_lib_book_tag (digital_lib_book_fk, digital_lib_tag_fk) values (112,1812);
insert into digital_lib_book_tag (digital_lib_book_fk, digital_lib_tag_fk) values (112,1318);
insert into digital_lib_book_tag (digital_lib_book_fk, digital_lib_tag_fk) values (112,2098);
insert into digital_lib_book_tag (digital_lib_book_fk, digital_lib_tag_fk) values (112,2169);
insert into digital_lib_book_publisher (digital_lib_book_fk, digital_lib_publisher_fk) values (112,49);
insert into digital_lib_category_book (digital_lib_book_fk, digital_lib_category_fk) values (112,3);
insert into digital_lib_category_book (digital_lib_book_fk, digital_lib_category_fk) values (112,27);
insert into digital_lib_book (digital_lib_book_id, title, description, issue_year) values (113,'Money and Banking','The financial crisis of 2007-8 has already revolutionized institutions, markets, and regulation. Wright\`s Money and Banking V 2.0 captures those revolutionary changes and packages them in a way that engages undergraduates enrolled in Money and Banking and Financial Institutions and Markets courses.',2012);
insert into digital_lib_book_author (digital_lib_book_fk, digital_lib_author_fk) values (113,558);
insert into digital_lib_book_tag (digital_lib_book_fk, digital_lib_tag_fk) values (113,1871);
insert into digital_lib_book_tag (digital_lib_book_fk, digital_lib_tag_fk) values (113,1158);
insert into digital_lib_book_tag (digital_lib_book_fk, digital_lib_tag_fk) values (113,1805);
insert into digital_lib_book_tag (digital_lib_book_fk, digital_lib_tag_fk) values (113,585);
insert into digital_lib_book_tag (digital_lib_book_fk, digital_lib_tag_fk) values (113,1636);
insert into digital_lib_book_tag (digital_lib_book_fk, digital_lib_tag_fk) values (113,2001);
insert into digital_lib_book_tag (digital_lib_book_fk, digital_lib_tag_fk) values (113,53);
insert into digital_lib_book_tag (digital_lib_book_fk, digital_lib_tag_fk) values (113,711);
insert into digital_lib_book_tag (digital_lib_book_fk, digital_lib_tag_fk) values (113,2436);
insert into digital_lib_book_tag (digital_lib_book_fk, digital_lib_tag_fk) values (113,949);
insert into digital_lib_book_publisher (digital_lib_book_fk, digital_lib_publisher_fk) values (113,49);
insert into digital_lib_category_book (digital_lib_book_fk, digital_lib_category_fk) values (113,3);
insert into digital_lib_category_book (digital_lib_book_fk, digital_lib_category_fk) values (113,27);
insert into digital_lib_book (digital_lib_book_id, title, description, issue_year) values (114,'Personal Finance','Personal Finance by Rachel Siegel and Carol Yacht is a comprehensive Personal Finance text which includes a wide range of pedagogical aids to keep students engaged and instructors on track. Personal Finance includes personal finance planning problems with links to solutions, and personal application exercises, with links to their associated worksheet(s) or spreadsheet(s).',2009);
insert into digital_lib_book_author (digital_lib_book_fk, digital_lib_author_fk) values (114,350);
insert into digital_lib_book_author (digital_lib_book_fk, digital_lib_author_fk) values (114,970);
insert into digital_lib_book_tag (digital_lib_book_fk, digital_lib_tag_fk) values (114,65);
insert into digital_lib_book_tag (digital_lib_book_fk, digital_lib_tag_fk) values (114,673);
insert into digital_lib_book_tag (digital_lib_book_fk, digital_lib_tag_fk) values (114,1042);
insert into digital_lib_book_tag (digital_lib_book_fk, digital_lib_tag_fk) values (114,714);
insert into digital_lib_book_tag (digital_lib_book_fk, digital_lib_tag_fk) values (114,1528);
insert into digital_lib_book_tag (digital_lib_book_fk, digital_lib_tag_fk) values (114,2391);
insert into digital_lib_book_tag (digital_lib_book_fk, digital_lib_tag_fk) values (114,751);
insert into digital_lib_book_publisher (digital_lib_book_fk, digital_lib_publisher_fk) values (114,49);
insert into digital_lib_category_book (digital_lib_book_fk, digital_lib_category_fk) values (114,3);
insert into digital_lib_category_book (digital_lib_book_fk, digital_lib_category_fk) values (114,27);
insert into digital_lib_book (digital_lib_book_id, title, description, issue_year) values (115,'Principles of Economics - 2e','Principles of Economics 2e covers the scope and sequence of most introductory economics courses. The text includes many current examples, which are handled in a politically equitable way.',2017);
insert into digital_lib_book_author (digital_lib_book_fk, digital_lib_author_fk) values (115,817);
insert into digital_lib_book_author (digital_lib_book_fk, digital_lib_author_fk) values (115,1063);
insert into digital_lib_book_author (digital_lib_book_fk, digital_lib_author_fk) values (115,3);
insert into digital_lib_book_tag (digital_lib_book_fk, digital_lib_tag_fk) values (115,2436);
insert into digital_lib_book_tag (digital_lib_book_fk, digital_lib_tag_fk) values (115,711);
insert into digital_lib_book_tag (digital_lib_book_fk, digital_lib_tag_fk) values (115,53);
insert into digital_lib_book_tag (digital_lib_book_fk, digital_lib_tag_fk) values (115,1126);
insert into digital_lib_book_tag (digital_lib_book_fk, digital_lib_tag_fk) values (115,1285);
insert into digital_lib_book_tag (digital_lib_book_fk, digital_lib_tag_fk) values (115,2395);
insert into digital_lib_book_tag (digital_lib_book_fk, digital_lib_tag_fk) values (115,1318);
insert into digital_lib_book_tag (digital_lib_book_fk, digital_lib_tag_fk) values (115,1958);
insert into digital_lib_book_tag (digital_lib_book_fk, digital_lib_tag_fk) values (115,290);
insert into digital_lib_book_tag (digital_lib_book_fk, digital_lib_tag_fk) values (115,540);
insert into digital_lib_book_tag (digital_lib_book_fk, digital_lib_tag_fk) values (115,949);
insert into digital_lib_book_tag (digital_lib_book_fk, digital_lib_tag_fk) values (115,1572);
insert into digital_lib_book_tag (digital_lib_book_fk, digital_lib_tag_fk) values (115,1267);
insert into digital_lib_book_tag (digital_lib_book_fk, digital_lib_tag_fk) values (115,65);
insert into digital_lib_book_tag (digital_lib_book_fk, digital_lib_tag_fk) values (115,555);
insert into digital_lib_book_tag (digital_lib_book_fk, digital_lib_tag_fk) values (115,337);
insert into digital_lib_book_tag (digital_lib_book_fk, digital_lib_tag_fk) values (115,539);
insert into digital_lib_book_tag (digital_lib_book_fk, digital_lib_tag_fk) values (115,660);
insert into digital_lib_book_publisher (digital_lib_book_fk, digital_lib_publisher_fk) values (115,166);
insert into digital_lib_category_book (digital_lib_book_fk, digital_lib_category_fk) values (115,3);
insert into digital_lib_category_book (digital_lib_book_fk, digital_lib_category_fk) values (115,27);
insert into digital_lib_book (digital_lib_book_id, title, description, issue_year) values (116,'Principles of Microeconomics 2e','Principles of Microeconomics 2e covers the scope and sequence of most introductory microeconomics courses. The second edition has been thoroughly revised to increase clarity, update data and current event impacts, and incorporate the feedback from many reviewers and adopters.',2017);
insert into digital_lib_book_author (digital_lib_book_fk, digital_lib_author_fk) values (116,177);
insert into digital_lib_book_author (digital_lib_book_fk, digital_lib_author_fk) values (116,105);
insert into digital_lib_book_tag (digital_lib_book_fk, digital_lib_tag_fk) values (116,1158);
insert into digital_lib_book_tag (digital_lib_book_fk, digital_lib_tag_fk) values (116,2436);
insert into digital_lib_book_tag (digital_lib_book_fk, digital_lib_tag_fk) values (116,711);
insert into digital_lib_book_tag (digital_lib_book_fk, digital_lib_tag_fk) values (116,53);
insert into digital_lib_book_tag (digital_lib_book_fk, digital_lib_tag_fk) values (116,1285);
insert into digital_lib_book_tag (digital_lib_book_fk, digital_lib_tag_fk) values (116,2395);
insert into digital_lib_book_tag (digital_lib_book_fk, digital_lib_tag_fk) values (116,1925);
insert into digital_lib_book_tag (digital_lib_book_fk, digital_lib_tag_fk) values (116,1);
insert into digital_lib_book_tag (digital_lib_book_fk, digital_lib_tag_fk) values (116,1318);
insert into digital_lib_book_tag (digital_lib_book_fk, digital_lib_tag_fk) values (116,1958);
insert into digital_lib_book_tag (digital_lib_book_fk, digital_lib_tag_fk) values (116,1327);
insert into digital_lib_book_publisher (digital_lib_book_fk, digital_lib_publisher_fk) values (116,166);
insert into digital_lib_category_book (digital_lib_book_fk, digital_lib_category_fk) values (116,3);
insert into digital_lib_category_book (digital_lib_book_fk, digital_lib_category_fk) values (116,27);
insert into digital_lib_book (digital_lib_book_id, title, description, issue_year) values (117,'Principles of Economics','This book is intended for a two-semester course in Economics taught out of the social sciences or business school. Principles of Economics aims to teach considerable range and depth of Economic concepts through an approachable style and methodology.',2016);
insert into digital_lib_book_tag (digital_lib_book_fk, digital_lib_tag_fk) values (117,2436);
insert into digital_lib_book_tag (digital_lib_book_fk, digital_lib_tag_fk) values (117,711);
insert into digital_lib_book_tag (digital_lib_book_fk, digital_lib_tag_fk) values (117,53);
insert into digital_lib_book_tag (digital_lib_book_fk, digital_lib_tag_fk) values (117,1046);
insert into digital_lib_book_tag (digital_lib_book_fk, digital_lib_tag_fk) values (117,1925);
insert into digital_lib_book_tag (digital_lib_book_fk, digital_lib_tag_fk) values (117,711);
insert into digital_lib_book_tag (digital_lib_book_fk, digital_lib_tag_fk) values (117,644);
insert into digital_lib_book_tag (digital_lib_book_fk, digital_lib_tag_fk) values (117,2295);
insert into digital_lib_book_tag (digital_lib_book_fk, digital_lib_tag_fk) values (117,1548);
insert into digital_lib_book_tag (digital_lib_book_fk, digital_lib_tag_fk) values (117,661);
insert into digital_lib_book_tag (digital_lib_book_fk, digital_lib_tag_fk) values (117,1893);
insert into digital_lib_book_tag (digital_lib_book_fk, digital_lib_tag_fk) values (117,442);
insert into digital_lib_book_publisher (digital_lib_book_fk, digital_lib_publisher_fk) values (117,23);
insert into digital_lib_category_book (digital_lib_book_fk, digital_lib_category_fk) values (117,3);
insert into digital_lib_category_book (digital_lib_book_fk, digital_lib_category_fk) values (117,27);
insert into digital_lib_book (digital_lib_book_id, title, description, issue_year) values (118,'Principles of Macroeconomics','This book presents the basic principles of Macroeconomics, given in an intuitive presentation style, as well as a number of pedagogical features that the authors believe make learning economic concepts and principles easier and more fun.',2016);
insert into digital_lib_book_tag (digital_lib_book_fk, digital_lib_tag_fk) values (118,1158);
insert into digital_lib_book_tag (digital_lib_book_fk, digital_lib_tag_fk) values (118,2436);
insert into digital_lib_book_tag (digital_lib_book_fk, digital_lib_tag_fk) values (118,711);
insert into digital_lib_book_tag (digital_lib_book_fk, digital_lib_tag_fk) values (118,53);
insert into digital_lib_book_tag (digital_lib_book_fk, digital_lib_tag_fk) values (118,1285);
insert into digital_lib_book_tag (digital_lib_book_fk, digital_lib_tag_fk) values (118,2395);
insert into digital_lib_book_tag (digital_lib_book_fk, digital_lib_tag_fk) values (118,1925);
insert into digital_lib_book_tag (digital_lib_book_fk, digital_lib_tag_fk) values (118,1);
insert into digital_lib_book_tag (digital_lib_book_fk, digital_lib_tag_fk) values (118,1318);
insert into digital_lib_book_tag (digital_lib_book_fk, digital_lib_tag_fk) values (118,1958);
insert into digital_lib_book_tag (digital_lib_book_fk, digital_lib_tag_fk) values (118,1327);
insert into digital_lib_book_publisher (digital_lib_book_fk, digital_lib_publisher_fk) values (118,23);
insert into digital_lib_category_book (digital_lib_book_fk, digital_lib_category_fk) values (118,3);
insert into digital_lib_category_book (digital_lib_book_fk, digital_lib_category_fk) values (118,27);
insert into digital_lib_book (digital_lib_book_id, title, description, issue_year) values (119,'Principles of Microeconomics: Scarcity and Social Provisioning','Principles of Microeconomics: Scarcity and Social Provisioning takes a pluralistic approach to the standard topics of an introductory microeconomics course. The text builds on the chiefly neoclassical material of the OpenStax Principles of Economics text, adding extensive content from heterodox economic thought.',2016);
insert into digital_lib_book_author (digital_lib_book_fk, digital_lib_author_fk) values (119,705);
insert into digital_lib_book_author (digital_lib_book_fk, digital_lib_author_fk) values (119,222);
insert into digital_lib_book_author (digital_lib_book_fk, digital_lib_author_fk) values (119,1093);
insert into digital_lib_book_author (digital_lib_book_fk, digital_lib_author_fk) values (119,728);
insert into digital_lib_book_author (digital_lib_book_fk, digital_lib_author_fk) values (119,653);
insert into digital_lib_book_tag (digital_lib_book_fk, digital_lib_tag_fk) values (119,1158);
insert into digital_lib_book_tag (digital_lib_book_fk, digital_lib_tag_fk) values (119,2436);
insert into digital_lib_book_tag (digital_lib_book_fk, digital_lib_tag_fk) values (119,711);
insert into digital_lib_book_tag (digital_lib_book_fk, digital_lib_tag_fk) values (119,53);
insert into digital_lib_book_tag (digital_lib_book_fk, digital_lib_tag_fk) values (119,1285);
insert into digital_lib_book_tag (digital_lib_book_fk, digital_lib_tag_fk) values (119,2395);
insert into digital_lib_book_tag (digital_lib_book_fk, digital_lib_tag_fk) values (119,1925);
insert into digital_lib_book_tag (digital_lib_book_fk, digital_lib_tag_fk) values (119,1);
insert into digital_lib_book_tag (digital_lib_book_fk, digital_lib_tag_fk) values (119,1318);
insert into digital_lib_book_tag (digital_lib_book_fk, digital_lib_tag_fk) values (119,1958);
insert into digital_lib_book_tag (digital_lib_book_fk, digital_lib_tag_fk) values (119,1327);
insert into digital_lib_book_publisher (digital_lib_book_fk, digital_lib_publisher_fk) values (119,208);
insert into digital_lib_category_book (digital_lib_book_fk, digital_lib_category_fk) values (119,3);
insert into digital_lib_category_book (digital_lib_book_fk, digital_lib_category_fk) values (119,27);
insert into digital_lib_book (digital_lib_book_id, title, description, issue_year) values (120,'Designing Digital Work Concepts and Methods for Human-centered Digitization','Combining theory, methodology and tools, this open access book illustrates how to guide innovation in today’s digitized business environment. Highlighting the importance of human knowledge and experience in implementing business processes, the authors take a conceptual perspective to explore the challenges and issues currently facing organizations.',2019);
insert into digital_lib_book_author (digital_lib_book_fk, digital_lib_author_fk) values (120,842);
insert into digital_lib_book_author (digital_lib_book_fk, digital_lib_author_fk) values (120,936);
insert into digital_lib_book_tag (digital_lib_book_fk, digital_lib_tag_fk) values (120,702);
insert into digital_lib_book_tag (digital_lib_book_fk, digital_lib_tag_fk) values (120,1535);
insert into digital_lib_book_tag (digital_lib_book_fk, digital_lib_tag_fk) values (120,195);
insert into digital_lib_book_tag (digital_lib_book_fk, digital_lib_tag_fk) values (120,179);
insert into digital_lib_book_tag (digital_lib_book_fk, digital_lib_tag_fk) values (120,1108);
insert into digital_lib_book_tag (digital_lib_book_fk, digital_lib_tag_fk) values (120,1545);
insert into digital_lib_book_tag (digital_lib_book_fk, digital_lib_tag_fk) values (120,2060);
insert into digital_lib_book_publisher (digital_lib_book_fk, digital_lib_publisher_fk) values (120,109);
insert into digital_lib_book_publisher (digital_lib_book_fk, digital_lib_publisher_fk) values (120,2);
insert into digital_lib_category_book (digital_lib_book_fk, digital_lib_category_fk) values (120,3);
insert into digital_lib_category_book (digital_lib_book_fk, digital_lib_category_fk) values (120,31);
insert into digital_lib_book (digital_lib_book_id, title, description, issue_year) values (121,'Moral reasoning at Work Rethinking Ethics in Organizations,2nd edition','This book is open access under a CC-BY license. Moral Reasoning at Work offers a fresh perspective on how to live with them using ethics and moral psychology research. It argues that decision-makers must go beyond compliance and traditional approaches to ethics to prepare for moral dilemmas. The second edition has been updated with a range of examples from the author’s more recent research, to reflect  current issues affecting organizations in the digital age. With two new chapters on artificial intelligence and social media, this new edition provides an up-to-date overview of ethical challenges in organizations.',-2019);
insert into digital_lib_book_author (digital_lib_book_fk, digital_lib_author_fk) values (121,1016);
insert into digital_lib_book_tag (digital_lib_book_fk, digital_lib_tag_fk) values (121,943);
insert into digital_lib_book_tag (digital_lib_book_fk, digital_lib_tag_fk) values (121,961);
insert into digital_lib_book_tag (digital_lib_book_fk, digital_lib_tag_fk) values (121,1112);
insert into digital_lib_book_tag (digital_lib_book_fk, digital_lib_tag_fk) values (121,390);
insert into digital_lib_book_tag (digital_lib_book_fk, digital_lib_tag_fk) values (121,1683);
insert into digital_lib_book_tag (digital_lib_book_fk, digital_lib_tag_fk) values (121,987);
insert into digital_lib_book_tag (digital_lib_book_fk, digital_lib_tag_fk) values (121,2085);
insert into digital_lib_book_tag (digital_lib_book_fk, digital_lib_tag_fk) values (121,897);
insert into digital_lib_book_tag (digital_lib_book_fk, digital_lib_tag_fk) values (121,2440);
insert into digital_lib_book_tag (digital_lib_book_fk, digital_lib_tag_fk) values (121,1735);
insert into digital_lib_book_tag (digital_lib_book_fk, digital_lib_tag_fk) values (121,432);
insert into digital_lib_book_tag (digital_lib_book_fk, digital_lib_tag_fk) values (121,2352);
insert into digital_lib_book_publisher (digital_lib_book_fk, digital_lib_publisher_fk) values (121,45);
insert into digital_lib_book_publisher (digital_lib_book_fk, digital_lib_publisher_fk) values (121,2);
insert into digital_lib_category_book (digital_lib_book_fk, digital_lib_category_fk) values (121,3);
insert into digital_lib_category_book (digital_lib_book_fk, digital_lib_category_fk) values (121,31);
insert into digital_lib_book (digital_lib_book_id, title, description, issue_year) values (122,'Understanding Values Work Institutional Perspectives in Organizations and Leadership','Focusing on practices of values work, the book applies and combines different theoretical lenses exemplified by the integration of institutional perspectives with micro-level perspectives and approaches.',2020);
insert into digital_lib_book_author (digital_lib_book_fk, digital_lib_author_fk) values (122,985);
insert into digital_lib_book_author (digital_lib_book_fk, digital_lib_author_fk) values (122,851);
insert into digital_lib_book_author (digital_lib_book_fk, digital_lib_author_fk) values (122,232);
insert into digital_lib_book_author (digital_lib_book_fk, digital_lib_author_fk) values (122,295);
insert into digital_lib_book_tag (digital_lib_book_fk, digital_lib_tag_fk) values (122,2251);
insert into digital_lib_book_tag (digital_lib_book_fk, digital_lib_tag_fk) values (122,848);
insert into digital_lib_book_tag (digital_lib_book_fk, digital_lib_tag_fk) values (122,2010);
insert into digital_lib_book_tag (digital_lib_book_fk, digital_lib_tag_fk) values (122,711);
insert into digital_lib_book_tag (digital_lib_book_fk, digital_lib_tag_fk) values (122,20);
insert into digital_lib_book_tag (digital_lib_book_fk, digital_lib_tag_fk) values (122,1701);
insert into digital_lib_book_tag (digital_lib_book_fk, digital_lib_tag_fk) values (122,2109);
insert into digital_lib_book_tag (digital_lib_book_fk, digital_lib_tag_fk) values (122,2044);
insert into digital_lib_book_publisher (digital_lib_book_fk, digital_lib_publisher_fk) values (122,109);
insert into digital_lib_book_publisher (digital_lib_book_fk, digital_lib_publisher_fk) values (122,2);
insert into digital_lib_category_book (digital_lib_book_fk, digital_lib_category_fk) values (122,3);
insert into digital_lib_category_book (digital_lib_book_fk, digital_lib_category_fk) values (122,31);
insert into digital_lib_book (digital_lib_book_id, title, description, issue_year) values (123,'Critical Employment, Ethical, and Legal Scenarios in human Resource Development','This book provides mini-cases for HRD and other disciplines to use for engaging students in incident discussions. Exploring ways to solve problems and make decisions about situations that occur at work.',2020);
insert into digital_lib_book_author (digital_lib_book_fk, digital_lib_author_fk) values (123,1098);
insert into digital_lib_book_tag (digital_lib_book_fk, digital_lib_tag_fk) values (123,2260);
insert into digital_lib_book_tag (digital_lib_book_fk, digital_lib_tag_fk) values (123,680);
insert into digital_lib_book_tag (digital_lib_book_fk, digital_lib_tag_fk) values (123,897);
insert into digital_lib_book_tag (digital_lib_book_fk, digital_lib_tag_fk) values (123,2006);
insert into digital_lib_book_tag (digital_lib_book_fk, digital_lib_tag_fk) values (123,1112);
insert into digital_lib_book_tag (digital_lib_book_fk, digital_lib_tag_fk) values (123,1266);
insert into digital_lib_book_tag (digital_lib_book_fk, digital_lib_tag_fk) values (123,744);
insert into digital_lib_book_tag (digital_lib_book_fk, digital_lib_tag_fk) values (123,508);
insert into digital_lib_book_publisher (digital_lib_book_fk, digital_lib_publisher_fk) values (123,220);
insert into digital_lib_category_book (digital_lib_book_fk, digital_lib_category_fk) values (123,3);
insert into digital_lib_category_book (digital_lib_book_fk, digital_lib_category_fk) values (123,31);
insert into digital_lib_book (digital_lib_book_id, title, description, issue_year) values (124,'Human Relations','Human Relations by Laura Portolese-Dias addresses all of the critical topics to obtain career success and how they relate to professional relationships. Knowing how to get along with others, resolve workplace conflict, manage relationships, communicate well, and make good decisions are all critical skills all students need to succeed in career and in life.',2012);
insert into digital_lib_book_author (digital_lib_book_fk, digital_lib_author_fk) values (124,485);
insert into digital_lib_book_tag (digital_lib_book_fk, digital_lib_tag_fk) values (124,2146);
insert into digital_lib_book_tag (digital_lib_book_fk, digital_lib_tag_fk) values (124,763);
insert into digital_lib_book_tag (digital_lib_book_fk, digital_lib_tag_fk) values (124,626);
insert into digital_lib_book_tag (digital_lib_book_fk, digital_lib_tag_fk) values (124,1112);
insert into digital_lib_book_tag (digital_lib_book_fk, digital_lib_tag_fk) values (124,251);
insert into digital_lib_book_tag (digital_lib_book_fk, digital_lib_tag_fk) values (124,2298);
insert into digital_lib_book_tag (digital_lib_book_fk, digital_lib_tag_fk) values (124,1081);
insert into digital_lib_book_publisher (digital_lib_book_fk, digital_lib_publisher_fk) values (124,49);
insert into digital_lib_category_book (digital_lib_book_fk, digital_lib_category_fk) values (124,3);
insert into digital_lib_category_book (digital_lib_book_fk, digital_lib_category_fk) values (124,31);
insert into digital_lib_book (digital_lib_book_id, title, description, issue_year) values (125,'Human resource management','Human Resource Management teaches HRM strategies and theories that any manager—not just those in HR—needs to know about recruiting, selecting, training, and compensating people.',2016);
insert into digital_lib_book_tag (digital_lib_book_fk, digital_lib_tag_fk) values (125,79);
insert into digital_lib_book_tag (digital_lib_book_fk, digital_lib_tag_fk) values (125,251);
insert into digital_lib_book_tag (digital_lib_book_fk, digital_lib_tag_fk) values (125,1416);
insert into digital_lib_book_tag (digital_lib_book_fk, digital_lib_tag_fk) values (125,1093);
insert into digital_lib_book_tag (digital_lib_book_fk, digital_lib_tag_fk) values (125,403);
insert into digital_lib_book_tag (digital_lib_book_fk, digital_lib_tag_fk) values (125,385);
insert into digital_lib_book_tag (digital_lib_book_fk, digital_lib_tag_fk) values (125,1376);
insert into digital_lib_book_tag (digital_lib_book_fk, digital_lib_tag_fk) values (125,280);
insert into digital_lib_book_tag (digital_lib_book_fk, digital_lib_tag_fk) values (125,380);
insert into digital_lib_book_tag (digital_lib_book_fk, digital_lib_tag_fk) values (125,952);
insert into digital_lib_book_tag (digital_lib_book_fk, digital_lib_tag_fk) values (125,257);
insert into digital_lib_book_tag (digital_lib_book_fk, digital_lib_tag_fk) values (125,2293);
insert into digital_lib_book_tag (digital_lib_book_fk, digital_lib_tag_fk) values (125,711);
insert into digital_lib_book_tag (digital_lib_book_fk, digital_lib_tag_fk) values (125,373);
insert into digital_lib_book_publisher (digital_lib_book_fk, digital_lib_publisher_fk) values (125,86);
insert into digital_lib_category_book (digital_lib_book_fk, digital_lib_category_fk) values (125,3);
insert into digital_lib_category_book (digital_lib_book_fk, digital_lib_category_fk) values (125,31);
insert into digital_lib_book (digital_lib_book_id, title, description, issue_year) values (126,'Leading with Cultural Intelligence','The purpose of Leading With Cultural Intelligence by Mia Moua is to outline the important ideas of cultural intelligence and the steps that must be considered and then practiced to become a culturally intelligent leader. The most important aspect covered within this book is that cultural intelligence is both a strategy and a tool towards cultural competency and proficiency.',2012);
insert into digital_lib_book_author (digital_lib_book_fk, digital_lib_author_fk) values (126,845);
insert into digital_lib_book_tag (digital_lib_book_fk, digital_lib_tag_fk) values (126,2352);
insert into digital_lib_book_tag (digital_lib_book_fk, digital_lib_tag_fk) values (126,791);
insert into digital_lib_book_publisher (digital_lib_book_fk, digital_lib_publisher_fk) values (126,49);
insert into digital_lib_category_book (digital_lib_book_fk, digital_lib_category_fk) values (126,3);
insert into digital_lib_category_book (digital_lib_book_fk, digital_lib_category_fk) values (126,31);
insert into digital_lib_book (digital_lib_book_id, title, description, issue_year) values (127,'Global Business Strategy Multinational Corporations Venturing into Emerging Markets','This book presents theories and case studies for corporations in developed nations, including Japan, for designing strategies to maximize opportunities and minimize threats in business expansion into developing nations.',2015);
insert into digital_lib_book_author (digital_lib_book_fk, digital_lib_author_fk) values (127,115);
insert into digital_lib_book_tag (digital_lib_book_fk, digital_lib_tag_fk) values (127,492);
insert into digital_lib_book_tag (digital_lib_book_fk, digital_lib_tag_fk) values (127,2289);
insert into digital_lib_book_tag (digital_lib_book_fk, digital_lib_tag_fk) values (127,47);
insert into digital_lib_book_tag (digital_lib_book_fk, digital_lib_tag_fk) values (127,933);
insert into digital_lib_book_tag (digital_lib_book_fk, digital_lib_tag_fk) values (127,1298);
insert into digital_lib_book_tag (digital_lib_book_fk, digital_lib_tag_fk) values (127,382);
insert into digital_lib_book_publisher (digital_lib_book_fk, digital_lib_publisher_fk) values (127,14);
insert into digital_lib_book_publisher (digital_lib_book_fk, digital_lib_publisher_fk) values (127,255);
insert into digital_lib_category_book (digital_lib_book_fk, digital_lib_category_fk) values (127,3);
insert into digital_lib_category_book (digital_lib_book_fk, digital_lib_category_fk) values (127,24);
insert into digital_lib_book (digital_lib_book_id, title, description, issue_year) values (128,'Integrating Immigrants in Europe Research-Policy Dialogues','This open access book explores how research and policymaking in the field of migrant integration have developed historically and how this interrelationship plays out in the strongly politicised climate of opinions on migration in Europe. It features interdisciplinary theoretical contributions as well as original empirical studies on research-policy dialogues at both the EU and country level.',2015);
insert into digital_lib_book_author (digital_lib_book_fk, digital_lib_author_fk) values (128,1052);
insert into digital_lib_book_author (digital_lib_book_fk, digital_lib_author_fk) values (128,706);
insert into digital_lib_book_author (digital_lib_book_fk, digital_lib_author_fk) values (128,757);
insert into digital_lib_book_author (digital_lib_book_fk, digital_lib_author_fk) values (128,874);
insert into digital_lib_book_tag (digital_lib_book_fk, digital_lib_tag_fk) values (128,504);
insert into digital_lib_book_tag (digital_lib_book_fk, digital_lib_tag_fk) values (128,2154);
insert into digital_lib_book_tag (digital_lib_book_fk, digital_lib_tag_fk) values (128,1182);
insert into digital_lib_book_tag (digital_lib_book_fk, digital_lib_tag_fk) values (128,357);
insert into digital_lib_book_tag (digital_lib_book_fk, digital_lib_tag_fk) values (128,2002);
insert into digital_lib_book_tag (digital_lib_book_fk, digital_lib_tag_fk) values (128,1721);
insert into digital_lib_book_tag (digital_lib_book_fk, digital_lib_tag_fk) values (128,1023);
insert into digital_lib_book_publisher (digital_lib_book_fk, digital_lib_publisher_fk) values (128,203);
insert into digital_lib_book_publisher (digital_lib_book_fk, digital_lib_publisher_fk) values (128,14);
insert into digital_lib_book_publisher (digital_lib_book_fk, digital_lib_publisher_fk) values (128,2);
insert into digital_lib_category_book (digital_lib_book_fk, digital_lib_category_fk) values (128,3);
insert into digital_lib_category_book (digital_lib_book_fk, digital_lib_category_fk) values (128,24);
insert into digital_lib_book (digital_lib_book_id, title, description, issue_year) values (129,'Introduction to Evolutionary Computing','This book presents the first complete overview of this exciting field aimed directly at lecturers and graduate and undergraduate students. It is also meant for those who wish to apply evolutionary computing to a particular problem or within a given application area.',second edition - 2003);
insert into digital_lib_book_author (digital_lib_book_fk, digital_lib_author_fk) values (129,269);
insert into digital_lib_book_author (digital_lib_book_fk, digital_lib_author_fk) values (129,1035);
insert into digital_lib_book_tag (digital_lib_book_fk, digital_lib_tag_fk) values (129,1243);
insert into digital_lib_book_tag (digital_lib_book_fk, digital_lib_tag_fk) values (129,559);
insert into digital_lib_book_tag (digital_lib_book_fk, digital_lib_tag_fk) values (129,2211);
insert into digital_lib_book_tag (digital_lib_book_fk, digital_lib_tag_fk) values (129,1655);
insert into digital_lib_book_tag (digital_lib_book_fk, digital_lib_tag_fk) values (129,876);
insert into digital_lib_book_tag (digital_lib_book_fk, digital_lib_tag_fk) values (129,236);
insert into digital_lib_book_tag (digital_lib_book_fk, digital_lib_tag_fk) values (129,1502);
insert into digital_lib_book_tag (digital_lib_book_fk, digital_lib_tag_fk) values (129,2076);
insert into digital_lib_book_publisher (digital_lib_book_fk, digital_lib_publisher_fk) values (129,14);
insert into digital_lib_book_publisher (digital_lib_book_fk, digital_lib_publisher_fk) values (129,148);
insert into digital_lib_book_publisher (digital_lib_book_fk, digital_lib_publisher_fk) values (129,145);
insert into digital_lib_category_book (digital_lib_book_fk, digital_lib_category_fk) values (129,3);
insert into digital_lib_category_book (digital_lib_book_fk, digital_lib_category_fk) values (129,24);
insert into digital_lib_book (digital_lib_book_id, title, description, issue_year) values (130,'Saving for Development How Latin America and the Caribbean Can Save More and Better','This book on the savings problem in Latin America and the Caribbean suggests that, while saving to survive the bad times is important, saving to thrive in the good times is what really counts.',2016);
insert into digital_lib_book_author (digital_lib_book_fk, digital_lib_author_fk) values (130,1068);
insert into digital_lib_book_tag (digital_lib_book_fk, digital_lib_tag_fk) values (130,661);
insert into digital_lib_book_tag (digital_lib_book_fk, digital_lib_tag_fk) values (130,313);
insert into digital_lib_book_tag (digital_lib_book_fk, digital_lib_tag_fk) values (130,2029);
insert into digital_lib_book_tag (digital_lib_book_fk, digital_lib_tag_fk) values (130,892);
insert into digital_lib_book_tag (digital_lib_book_fk, digital_lib_tag_fk) values (130,1564);
insert into digital_lib_book_tag (digital_lib_book_fk, digital_lib_tag_fk) values (130,2283);
insert into digital_lib_book_publisher (digital_lib_book_fk, digital_lib_publisher_fk) values (130,109);
insert into digital_lib_book_publisher (digital_lib_book_fk, digital_lib_publisher_fk) values (130,114);
insert into digital_lib_category_book (digital_lib_book_fk, digital_lib_category_fk) values (130,3);
insert into digital_lib_category_book (digital_lib_book_fk, digital_lib_category_fk) values (130,24);
insert into digital_lib_book (digital_lib_book_id, title, description, issue_year) values (131,'Complications and Quandaries in the ICT Sector Standard Essential Patents and Competition Issues','This book talks about how the regulatory agencies and courts in the United States, European Union and India are dealing with the rising allegations of anti-competitive behaviour by standard essential patent (SEP) holders. This book provides a wide range of valuable information and is a useful tool for graduate students, academics and researchers.',2018);
insert into digital_lib_book_author (digital_lib_book_fk, digital_lib_author_fk) values (131,1198);
insert into digital_lib_book_author (digital_lib_book_fk, digital_lib_author_fk) values (131,141);
insert into digital_lib_book_author (digital_lib_book_fk, digital_lib_author_fk) values (131,197);
insert into digital_lib_book_tag (digital_lib_book_fk, digital_lib_tag_fk) values (131,347);
insert into digital_lib_book_tag (digital_lib_book_fk, digital_lib_tag_fk) values (131,1558);
insert into digital_lib_book_tag (digital_lib_book_fk, digital_lib_tag_fk) values (131,1391);
insert into digital_lib_book_tag (digital_lib_book_fk, digital_lib_tag_fk) values (131,1195);
insert into digital_lib_book_tag (digital_lib_book_fk, digital_lib_tag_fk) values (131,2207);
insert into digital_lib_book_tag (digital_lib_book_fk, digital_lib_tag_fk) values (131,1453);
insert into digital_lib_book_tag (digital_lib_book_fk, digital_lib_tag_fk) values (131,1157);
insert into digital_lib_book_tag (digital_lib_book_fk, digital_lib_tag_fk) values (131,2044);
insert into digital_lib_book_publisher (digital_lib_book_fk, digital_lib_publisher_fk) values (131,14);
insert into digital_lib_book_publisher (digital_lib_book_fk, digital_lib_publisher_fk) values (131,175);
insert into digital_lib_category_book (digital_lib_book_fk, digital_lib_category_fk) values (131,3);
insert into digital_lib_category_book (digital_lib_book_fk, digital_lib_category_fk) values (131,24);
insert into digital_lib_book (digital_lib_book_id, title, description, issue_year) values (132,'Handbook of Life Course Health Development','This handbook synthesizes and analyzes the growing knowledge base on life course health development (LCHD) from the prenatal period through emerging adulthood, with implications for clinical practice and public health.',2018);
insert into digital_lib_book_author (digital_lib_book_fk, digital_lib_author_fk) values (132,153);
insert into digital_lib_book_author (digital_lib_book_fk, digital_lib_author_fk) values (132,272);
insert into digital_lib_book_author (digital_lib_book_fk, digital_lib_author_fk) values (132,501);
insert into digital_lib_book_author (digital_lib_book_fk, digital_lib_author_fk) values (132,708);
insert into digital_lib_book_tag (digital_lib_book_fk, digital_lib_tag_fk) values (132,2449);
insert into digital_lib_book_tag (digital_lib_book_fk, digital_lib_tag_fk) values (132,1531);
insert into digital_lib_book_tag (digital_lib_book_fk, digital_lib_tag_fk) values (132,1878);
insert into digital_lib_book_tag (digital_lib_book_fk, digital_lib_tag_fk) values (132,373);
insert into digital_lib_book_tag (digital_lib_book_fk, digital_lib_tag_fk) values (132,1273);
insert into digital_lib_book_tag (digital_lib_book_fk, digital_lib_tag_fk) values (132,2376);
insert into digital_lib_book_tag (digital_lib_book_fk, digital_lib_tag_fk) values (132,398);
insert into digital_lib_book_tag (digital_lib_book_fk, digital_lib_tag_fk) values (132,2415);
insert into digital_lib_book_tag (digital_lib_book_fk, digital_lib_tag_fk) values (132,1199);
insert into digital_lib_book_tag (digital_lib_book_fk, digital_lib_tag_fk) values (132,23);
insert into digital_lib_book_tag (digital_lib_book_fk, digital_lib_tag_fk) values (132,97);
insert into digital_lib_book_tag (digital_lib_book_fk, digital_lib_tag_fk) values (132,1431);
insert into digital_lib_book_tag (digital_lib_book_fk, digital_lib_tag_fk) values (132,447);
insert into digital_lib_book_tag (digital_lib_book_fk, digital_lib_tag_fk) values (132,693);
insert into digital_lib_book_tag (digital_lib_book_fk, digital_lib_tag_fk) values (132,1598);
insert into digital_lib_book_tag (digital_lib_book_fk, digital_lib_tag_fk) values (132,2224);
insert into digital_lib_book_publisher (digital_lib_book_fk, digital_lib_publisher_fk) values (132,14);
insert into digital_lib_book_publisher (digital_lib_book_fk, digital_lib_publisher_fk) values (132,2);
insert into digital_lib_category_book (digital_lib_book_fk, digital_lib_category_fk) values (132,3);
insert into digital_lib_category_book (digital_lib_book_fk, digital_lib_category_fk) values (132,24);
insert into digital_lib_book (digital_lib_book_id, title, description, issue_year) values (133,'RESTART Sustainable Business Model Innovation','Taking the business model as point of departure, this open access book explores how companies and organizations can contribute to a more sustainable future by designing innovative models that are both sustainable and profitable.',2018);
insert into digital_lib_book_author (digital_lib_book_fk, digital_lib_author_fk) values (133,62);
insert into digital_lib_book_author (digital_lib_book_fk, digital_lib_author_fk) values (133,674);
insert into digital_lib_book_author (digital_lib_book_fk, digital_lib_author_fk) values (133,93);
insert into digital_lib_book_tag (digital_lib_book_fk, digital_lib_tag_fk) values (133,1665);
insert into digital_lib_book_tag (digital_lib_book_fk, digital_lib_tag_fk) values (133,242);
insert into digital_lib_book_tag (digital_lib_book_fk, digital_lib_tag_fk) values (133,14);
insert into digital_lib_book_tag (digital_lib_book_fk, digital_lib_tag_fk) values (133,551);
insert into digital_lib_book_tag (digital_lib_book_fk, digital_lib_tag_fk) values (133,441);
insert into digital_lib_book_tag (digital_lib_book_fk, digital_lib_tag_fk) values (133,1968);
insert into digital_lib_book_tag (digital_lib_book_fk, digital_lib_tag_fk) values (133,987);
insert into digital_lib_book_tag (digital_lib_book_fk, digital_lib_tag_fk) values (133,1703);
insert into digital_lib_book_publisher (digital_lib_book_fk, digital_lib_publisher_fk) values (133,109);
insert into digital_lib_book_publisher (digital_lib_book_fk, digital_lib_publisher_fk) values (133,2);
insert into digital_lib_category_book (digital_lib_book_fk, digital_lib_category_fk) values (133,3);
insert into digital_lib_category_book (digital_lib_book_fk, digital_lib_category_fk) values (133,24);
insert into digital_lib_book (digital_lib_book_id, title, description, issue_year) values (134,'Diversity and Inclusion in Global Higher Education Lessons from Across Asia','This open access book offers pioneering insights and practical methods for promoting diversity and inclusion in higher education classrooms and curricula. It highlights the growing importance of international education programs in Asia and the value of understanding student diversity in a changing, evermore interconnected world.',2020);
insert into digital_lib_book_author (digital_lib_book_fk, digital_lib_author_fk) values (134,610);
insert into digital_lib_book_author (digital_lib_book_fk, digital_lib_author_fk) values (134,598);
insert into digital_lib_book_tag (digital_lib_book_fk, digital_lib_tag_fk) values (134,2290);
insert into digital_lib_book_tag (digital_lib_book_fk, digital_lib_tag_fk) values (134,2004);
insert into digital_lib_book_tag (digital_lib_book_fk, digital_lib_tag_fk) values (134,1736);
insert into digital_lib_book_tag (digital_lib_book_fk, digital_lib_tag_fk) values (134,2091);
insert into digital_lib_book_tag (digital_lib_book_fk, digital_lib_tag_fk) values (134,1988);
insert into digital_lib_book_tag (digital_lib_book_fk, digital_lib_tag_fk) values (134,331);
insert into digital_lib_book_tag (digital_lib_book_fk, digital_lib_tag_fk) values (134,2311);
insert into digital_lib_book_tag (digital_lib_book_fk, digital_lib_tag_fk) values (134,35);
insert into digital_lib_book_tag (digital_lib_book_fk, digital_lib_tag_fk) values (134,789);
insert into digital_lib_book_tag (digital_lib_book_fk, digital_lib_tag_fk) values (134,1646);
insert into digital_lib_book_tag (digital_lib_book_fk, digital_lib_tag_fk) values (134,1790);
insert into digital_lib_book_publisher (digital_lib_book_fk, digital_lib_publisher_fk) values (134,109);
insert into digital_lib_book_publisher (digital_lib_book_fk, digital_lib_publisher_fk) values (134,175);
insert into digital_lib_category_book (digital_lib_book_fk, digital_lib_category_fk) values (134,3);
insert into digital_lib_category_book (digital_lib_book_fk, digital_lib_category_fk) values (134,24);
insert into digital_lib_book (digital_lib_book_id, title, description, issue_year) values (135,'European Variations as a Key to Cooperation','This Open Access book offers a novel view on the benefits of a lasting variation between the member states in the EU. The book discusses forms of variation that fall both within and outside the current framework of European Union Treaties. The scope for these variations is mapped out in three domains: the internal market; the euro; and asylum, migration and border control.',2020);
insert into digital_lib_book_author (digital_lib_book_fk, digital_lib_author_fk) values (135,631);
insert into digital_lib_book_author (digital_lib_book_fk, digital_lib_author_fk) values (135,683);
insert into digital_lib_book_author (digital_lib_book_fk, digital_lib_author_fk) values (135,176);
insert into digital_lib_book_author (digital_lib_book_fk, digital_lib_author_fk) values (135,1048);
insert into digital_lib_book_tag (digital_lib_book_fk, digital_lib_tag_fk) values (135,926);
insert into digital_lib_book_tag (digital_lib_book_fk, digital_lib_tag_fk) values (135,2154);
insert into digital_lib_book_tag (digital_lib_book_fk, digital_lib_tag_fk) values (135,126);
insert into digital_lib_book_tag (digital_lib_book_fk, digital_lib_tag_fk) values (135,526);
insert into digital_lib_book_tag (digital_lib_book_fk, digital_lib_tag_fk) values (135,2021);
insert into digital_lib_book_tag (digital_lib_book_fk, digital_lib_tag_fk) values (135,425);
insert into digital_lib_book_tag (digital_lib_book_fk, digital_lib_tag_fk) values (135,742);
insert into digital_lib_book_tag (digital_lib_book_fk, digital_lib_tag_fk) values (135,610);
insert into digital_lib_book_tag (digital_lib_book_fk, digital_lib_tag_fk) values (135,1027);
insert into digital_lib_book_tag (digital_lib_book_fk, digital_lib_tag_fk) values (135,1539);
insert into digital_lib_book_tag (digital_lib_book_fk, digital_lib_tag_fk) values (135,2156);
insert into digital_lib_book_tag (digital_lib_book_fk, digital_lib_tag_fk) values (135,276);
insert into digital_lib_book_tag (digital_lib_book_fk, digital_lib_tag_fk) values (135,1090);
insert into digital_lib_book_tag (digital_lib_book_fk, digital_lib_tag_fk) values (135,2044);
insert into digital_lib_book_publisher (digital_lib_book_fk, digital_lib_publisher_fk) values (135,14);
insert into digital_lib_book_publisher (digital_lib_book_fk, digital_lib_publisher_fk) values (135,2);
insert into digital_lib_category_book (digital_lib_book_fk, digital_lib_category_fk) values (135,3);
insert into digital_lib_category_book (digital_lib_book_fk, digital_lib_category_fk) values (135,24);
insert into digital_lib_book (digital_lib_book_id, title, description, issue_year) values (136,'Sustainable Development Goals and Human Rights','This open access book analyses the interplay of sustainable development and human rights from different perspectives including fight against poverty, health, gender equality, working conditions, climate change and the role of private actors.',2020);
insert into digital_lib_book_author (digital_lib_book_fk, digital_lib_author_fk) values (136,699);
insert into digital_lib_book_author (digital_lib_book_fk, digital_lib_author_fk) values (136,1076);
insert into digital_lib_book_author (digital_lib_book_fk, digital_lib_author_fk) values (136,707);
insert into digital_lib_book_tag (digital_lib_book_fk, digital_lib_tag_fk) values (136,1565);
insert into digital_lib_book_tag (digital_lib_book_fk, digital_lib_tag_fk) values (136,1281);
insert into digital_lib_book_tag (digital_lib_book_fk, digital_lib_tag_fk) values (136,369);
insert into digital_lib_book_tag (digital_lib_book_fk, digital_lib_tag_fk) values (136,769);
insert into digital_lib_book_tag (digital_lib_book_fk, digital_lib_tag_fk) values (136,1393);
insert into digital_lib_book_tag (digital_lib_book_fk, digital_lib_tag_fk) values (136,54);
insert into digital_lib_book_tag (digital_lib_book_fk, digital_lib_tag_fk) values (136,1150);
insert into digital_lib_book_tag (digital_lib_book_fk, digital_lib_tag_fk) values (136,2044);
insert into digital_lib_book_tag (digital_lib_book_fk, digital_lib_tag_fk) values (136,505);
insert into digital_lib_book_tag (digital_lib_book_fk, digital_lib_tag_fk) values (136,1481);
insert into digital_lib_book_publisher (digital_lib_book_fk, digital_lib_publisher_fk) values (136,14);
insert into digital_lib_book_publisher (digital_lib_book_fk, digital_lib_publisher_fk) values (136,2);
insert into digital_lib_category_book (digital_lib_book_fk, digital_lib_category_fk) values (136,3);
insert into digital_lib_category_book (digital_lib_book_fk, digital_lib_category_fk) values (136,24);
insert into digital_lib_book (digital_lib_book_id, title, description, issue_year) values (137,'The Potato Crop Its Agricultural, Nutritional and Social Contribution to Humankind','This book provides a fresh, updated and science-based perspective on the current status and prospects of the diverse array of topics related to the potato, and was written by distinguished scientists with hands-on global experience in research aspects related to potato.',2020);
insert into digital_lib_book_author (digital_lib_book_fk, digital_lib_author_fk) values (137,881);
insert into digital_lib_book_author (digital_lib_book_fk, digital_lib_author_fk) values (137,888);
insert into digital_lib_book_tag (digital_lib_book_fk, digital_lib_tag_fk) values (137,2044);
insert into digital_lib_book_tag (digital_lib_book_fk, digital_lib_tag_fk) values (137,2040);
insert into digital_lib_book_tag (digital_lib_book_fk, digital_lib_tag_fk) values (137,988);
insert into digital_lib_book_tag (digital_lib_book_fk, digital_lib_tag_fk) values (137,1481);
insert into digital_lib_book_tag (digital_lib_book_fk, digital_lib_tag_fk) values (137,1223);
insert into digital_lib_book_tag (digital_lib_book_fk, digital_lib_tag_fk) values (137,802);
insert into digital_lib_book_tag (digital_lib_book_fk, digital_lib_tag_fk) values (137,1390);
insert into digital_lib_book_publisher (digital_lib_book_fk, digital_lib_publisher_fk) values (137,14);
insert into digital_lib_book_publisher (digital_lib_book_fk, digital_lib_publisher_fk) values (137,2);
insert into digital_lib_category_book (digital_lib_book_fk, digital_lib_category_fk) values (137,3);
insert into digital_lib_category_book (digital_lib_book_fk, digital_lib_category_fk) values (137,24);
insert into digital_lib_book (digital_lib_book_id, title, description, issue_year) values (138,'A Primer on Sustainable Business','Whether you are an executive, an entrepreneur, or an employee, A Primer on Sustainable Business will help you understand the big picture of what it means to be a sustainable business and will give you the information you need to begin your journey toward sustainability.',2012);
insert into digital_lib_book_tag (digital_lib_book_fk, digital_lib_tag_fk) values (138,2146);
insert into digital_lib_book_tag (digital_lib_book_fk, digital_lib_tag_fk) values (138,2176);
insert into digital_lib_book_tag (digital_lib_book_fk, digital_lib_tag_fk) values (138,1407);
insert into digital_lib_book_tag (digital_lib_book_fk, digital_lib_tag_fk) values (138,518);
insert into digital_lib_book_tag (digital_lib_book_fk, digital_lib_tag_fk) values (138,1993);
insert into digital_lib_book_tag (digital_lib_book_fk, digital_lib_tag_fk) values (138,551);
insert into digital_lib_book_tag (digital_lib_book_fk, digital_lib_tag_fk) values (138,2041);
insert into digital_lib_book_tag (digital_lib_book_fk, digital_lib_tag_fk) values (138,1680);
insert into digital_lib_book_tag (digital_lib_book_fk, digital_lib_tag_fk) values (138,2167);
insert into digital_lib_book_publisher (digital_lib_book_fk, digital_lib_publisher_fk) values (138,49);
insert into digital_lib_category_book (digital_lib_book_fk, digital_lib_category_fk) values (138,3);
insert into digital_lib_category_book (digital_lib_book_fk, digital_lib_category_fk) values (138,24);
insert into digital_lib_book (digital_lib_book_id, title, description, issue_year) values (139,'The Agile Samurai How Agile Masters Deliver Great Software','This book represents a novel guide to software development and different approaches to it.',2010);
insert into digital_lib_book_author (digital_lib_book_fk, digital_lib_author_fk) values (139,968);
insert into digital_lib_book_tag (digital_lib_book_fk, digital_lib_tag_fk) values (139,617);
insert into digital_lib_book_tag (digital_lib_book_fk, digital_lib_tag_fk) values (139,1680);
insert into digital_lib_book_tag (digital_lib_book_fk, digital_lib_tag_fk) values (139,119);
insert into digital_lib_book_publisher (digital_lib_book_fk, digital_lib_publisher_fk) values (139,256);
insert into digital_lib_category_book (digital_lib_book_fk, digital_lib_category_fk) values (139,3);
insert into digital_lib_category_book (digital_lib_book_fk, digital_lib_category_fk) values (139,24);
insert into digital_lib_book (digital_lib_book_id, title, description, issue_year) values (140,'An Introduction to Cooperation and Mutualism','This textbook introduces readers to the idea of cooperation and mutualism.',2017);
insert into digital_lib_book_author (digital_lib_book_fk, digital_lib_author_fk) values (140,863);
insert into digital_lib_book_tag (digital_lib_book_fk, digital_lib_tag_fk) values (140,1371);
insert into digital_lib_book_tag (digital_lib_book_fk, digital_lib_tag_fk) values (140,2139);
insert into digital_lib_book_tag (digital_lib_book_fk, digital_lib_tag_fk) values (140,762);
insert into digital_lib_book_tag (digital_lib_book_fk, digital_lib_tag_fk) values (140,1238);
insert into digital_lib_book_publisher (digital_lib_book_fk, digital_lib_publisher_fk) values (140,112);
insert into digital_lib_category_book (digital_lib_book_fk, digital_lib_category_fk) values (140,3);
insert into digital_lib_category_book (digital_lib_book_fk, digital_lib_category_fk) values (140,24);
insert into digital_lib_book (digital_lib_book_id, title, description, issue_year) values (141,'Beyond Lean: Simulation in Practice - Second Edition','These studies serve as metaphors for industrial problems that are commonly addressed using lean and simulation.',2013);
insert into digital_lib_book_author (digital_lib_book_fk, digital_lib_author_fk) values (141,693);
insert into digital_lib_book_tag (digital_lib_book_fk, digital_lib_tag_fk) values (141,283);
insert into digital_lib_book_tag (digital_lib_book_fk, digital_lib_tag_fk) values (141,1073);
insert into digital_lib_book_tag (digital_lib_book_fk, digital_lib_tag_fk) values (141,2216);
insert into digital_lib_book_tag (digital_lib_book_fk, digital_lib_tag_fk) values (141,1172);
insert into digital_lib_book_tag (digital_lib_book_fk, digital_lib_tag_fk) values (141,811);
insert into digital_lib_book_tag (digital_lib_book_fk, digital_lib_tag_fk) values (141,122);
insert into digital_lib_book_tag (digital_lib_book_fk, digital_lib_tag_fk) values (141,711);
insert into digital_lib_book_tag (digital_lib_book_fk, digital_lib_tag_fk) values (141,1977);
insert into digital_lib_book_tag (digital_lib_book_fk, digital_lib_tag_fk) values (141,182);
insert into digital_lib_book_tag (digital_lib_book_fk, digital_lib_tag_fk) values (141,1794);
insert into digital_lib_book_tag (digital_lib_book_fk, digital_lib_tag_fk) values (141,711);
insert into digital_lib_book_tag (digital_lib_book_fk, digital_lib_tag_fk) values (141,2084);
insert into digital_lib_book_publisher (digital_lib_book_fk, digital_lib_publisher_fk) values (141,119);
insert into digital_lib_category_book (digital_lib_book_fk, digital_lib_category_fk) values (141,3);
insert into digital_lib_category_book (digital_lib_book_fk, digital_lib_category_fk) values (141,24);
insert into digital_lib_book (digital_lib_book_id, title, description, issue_year) values (142,'Building Strategy and Performance','This book uses a balanced blend of frameworks and illustrations to teach you how to tackle the challenge of driving performance into the future.',2012);
insert into digital_lib_book_author (digital_lib_book_fk, digital_lib_author_fk) values (142,241);
insert into digital_lib_book_tag (digital_lib_book_fk, digital_lib_tag_fk) values (142,2319);
insert into digital_lib_book_tag (digital_lib_book_fk, digital_lib_tag_fk) values (142,424);
insert into digital_lib_book_tag (digital_lib_book_fk, digital_lib_tag_fk) values (142,446);
insert into digital_lib_book_tag (digital_lib_book_fk, digital_lib_tag_fk) values (142,493);
insert into digital_lib_book_tag (digital_lib_book_fk, digital_lib_tag_fk) values (142,516);
insert into digital_lib_book_publisher (digital_lib_book_fk, digital_lib_publisher_fk) values (142,49);
insert into digital_lib_category_book (digital_lib_book_fk, digital_lib_category_fk) values (142,3);
insert into digital_lib_category_book (digital_lib_book_fk, digital_lib_category_fk) values (142,24);
insert into digital_lib_book (digital_lib_book_id, title, description, issue_year) values (143,'Business Fundamentals','This book provides a solid introduction into teaching information systems outside of a vacuum, i.e. giving students an appreciation of the organizational settings in which they operate.',2009);
insert into digital_lib_book_author (digital_lib_book_fk, digital_lib_author_fk) values (143,337);
insert into digital_lib_book_tag (digital_lib_book_fk, digital_lib_tag_fk) values (143,1039);
insert into digital_lib_book_tag (digital_lib_book_fk, digital_lib_tag_fk) values (143,522);
insert into digital_lib_book_tag (digital_lib_book_fk, digital_lib_tag_fk) values (143,1112);
insert into digital_lib_book_tag (digital_lib_book_fk, digital_lib_tag_fk) values (143,1680);
insert into digital_lib_book_tag (digital_lib_book_fk, digital_lib_tag_fk) values (143,2175);
insert into digital_lib_book_tag (digital_lib_book_fk, digital_lib_tag_fk) values (143,2205);
insert into digital_lib_book_publisher (digital_lib_book_fk, digital_lib_publisher_fk) values (143,271);
insert into digital_lib_category_book (digital_lib_book_fk, digital_lib_category_fk) values (143,3);
insert into digital_lib_category_book (digital_lib_book_fk, digital_lib_category_fk) values (143,24);
insert into digital_lib_book (digital_lib_book_id, title, description, issue_year) values (144,'Corporate Governance','Corporate Governance by de Kluyver is a primer on corporate governance. It is designed to help students understand corporate governance by looking at the subject from both a macro- and micro-perspective.',2012);
insert into digital_lib_book_author (digital_lib_book_fk, digital_lib_author_fk) values (144,198);
insert into digital_lib_book_tag (digital_lib_book_fk, digital_lib_tag_fk) values (144,95);
insert into digital_lib_book_tag (digital_lib_book_fk, digital_lib_tag_fk) values (144,2252);
insert into digital_lib_book_tag (digital_lib_book_fk, digital_lib_tag_fk) values (144,311);
insert into digital_lib_book_tag (digital_lib_book_fk, digital_lib_tag_fk) values (144,868);
insert into digital_lib_book_tag (digital_lib_book_fk, digital_lib_tag_fk) values (144,882);
insert into digital_lib_book_tag (digital_lib_book_fk, digital_lib_tag_fk) values (144,714);
insert into digital_lib_book_tag (digital_lib_book_fk, digital_lib_tag_fk) values (144,2366);
insert into digital_lib_book_publisher (digital_lib_book_fk, digital_lib_publisher_fk) values (144,49);
insert into digital_lib_category_book (digital_lib_book_fk, digital_lib_category_fk) values (144,3);
insert into digital_lib_category_book (digital_lib_book_fk, digital_lib_category_fk) values (144,24);
insert into digital_lib_book (digital_lib_book_id, title, description, issue_year) values (145,'Corporate Governance','This course takes an interdisciplinary approach to ethics in business and provides modules in Ethical Leadership, Ethical Decision-Making, Social Responsibility, and Corporate Governance. Students will actively study ethical theory by carrying out exercises to help them build theory-based tools for encountering ethical problems in business practice.',2014);
insert into digital_lib_book_author (digital_lib_book_fk, digital_lib_author_fk) values (145,208);
insert into digital_lib_book_author (digital_lib_book_fk, digital_lib_author_fk) values (145,627);
insert into digital_lib_book_tag (digital_lib_book_fk, digital_lib_tag_fk) values (145,452);
insert into digital_lib_book_tag (digital_lib_book_fk, digital_lib_tag_fk) values (145,57);
insert into digital_lib_book_tag (digital_lib_book_fk, digital_lib_tag_fk) values (145,2386);
insert into digital_lib_book_publisher (digital_lib_book_fk, digital_lib_publisher_fk) values (145,59);
insert into digital_lib_category_book (digital_lib_book_fk, digital_lib_category_fk) values (145,3);
insert into digital_lib_category_book (digital_lib_book_fk, digital_lib_category_fk) values (145,24);
insert into digital_lib_book (digital_lib_book_id, title, description, issue_year) values (146,'Exploring Business','This adapted version of the original book allows the readers to get introduced to the world of business and all it entails.',2016);
insert into digital_lib_book_tag (digital_lib_book_fk, digital_lib_tag_fk) values (146,1112);
insert into digital_lib_book_tag (digital_lib_book_fk, digital_lib_tag_fk) values (146,57);
insert into digital_lib_book_tag (digital_lib_book_fk, digital_lib_tag_fk) values (146,1467);
insert into digital_lib_book_tag (digital_lib_book_fk, digital_lib_tag_fk) values (146,1907);
insert into digital_lib_book_tag (digital_lib_book_fk, digital_lib_tag_fk) values (146,1238);
insert into digital_lib_book_tag (digital_lib_book_fk, digital_lib_tag_fk) values (146,1194);
insert into digital_lib_book_tag (digital_lib_book_fk, digital_lib_tag_fk) values (146,1403);
insert into digital_lib_book_tag (digital_lib_book_fk, digital_lib_tag_fk) values (146,490);
insert into digital_lib_book_tag (digital_lib_book_fk, digital_lib_tag_fk) values (146,329);
insert into digital_lib_book_publisher (digital_lib_book_fk, digital_lib_publisher_fk) values (146,112);
insert into digital_lib_category_book (digital_lib_book_fk, digital_lib_category_fk) values (146,3);
insert into digital_lib_category_book (digital_lib_book_fk, digital_lib_category_fk) values (146,24);
insert into digital_lib_book (digital_lib_book_id, title, description, issue_year) values (147,'Focusing on Organizational Change','Focusing on Organizational Change offers an alternative to the traditional approach by focusing on building the change capacity of the entire organization in anticipation of future pressures to change.',2012);
insert into digital_lib_book_author (digital_lib_book_fk, digital_lib_author_fk) values (147,290);
insert into digital_lib_book_tag (digital_lib_book_fk, digital_lib_tag_fk) values (147,2352);
insert into digital_lib_book_tag (digital_lib_book_fk, digital_lib_tag_fk) values (147,1648);
insert into digital_lib_book_tag (digital_lib_book_fk, digital_lib_tag_fk) values (147,1217);
insert into digital_lib_book_tag (digital_lib_book_fk, digital_lib_tag_fk) values (147,1194);
insert into digital_lib_book_tag (digital_lib_book_fk, digital_lib_tag_fk) values (147,1939);
insert into digital_lib_book_tag (digital_lib_book_fk, digital_lib_tag_fk) values (147,874);
insert into digital_lib_book_publisher (digital_lib_book_fk, digital_lib_publisher_fk) values (147,49);
insert into digital_lib_category_book (digital_lib_book_fk, digital_lib_category_fk) values (147,3);
insert into digital_lib_category_book (digital_lib_book_fk, digital_lib_category_fk) values (147,24);
insert into digital_lib_book (digital_lib_book_id, title, description, issue_year) values (148,'Foundations of Academic Success: Words of Wisdom','Foundations of Academic Success: Words of Wisdom (FAS: WoW) introduces you to the various aspects of student and academic life on campus and prepares you to thrive as a successful college student (since there is a difference between a college student and a successful college student).',2015);
insert into digital_lib_book_author (digital_lib_book_fk, digital_lib_author_fk) values (148,434);
insert into digital_lib_book_tag (digital_lib_book_fk, digital_lib_tag_fk) values (148,1509);
insert into digital_lib_book_tag (digital_lib_book_fk, digital_lib_tag_fk) values (148,544);
insert into digital_lib_book_tag (digital_lib_book_fk, digital_lib_tag_fk) values (148,864);
insert into digital_lib_book_tag (digital_lib_book_fk, digital_lib_tag_fk) values (148,1813);
insert into digital_lib_book_publisher (digital_lib_book_fk, digital_lib_publisher_fk) values (148,214);
insert into digital_lib_category_book (digital_lib_book_fk, digital_lib_category_fk) values (148,3);
insert into digital_lib_category_book (digital_lib_book_fk, digital_lib_category_fk) values (148,24);
insert into digital_lib_book (digital_lib_book_id, title, description, issue_year) values (149,'Fundamentals of Global Strategy','Students need to possess an understanding of the impact of global strategies on a business as the world around us is constantly changing. This book is an introduction to the topic, good for beginners and more knowledgable readers.',2012);
insert into digital_lib_book_author (digital_lib_book_fk, digital_lib_author_fk) values (149,198);
insert into digital_lib_book_tag (digital_lib_book_fk, digital_lib_tag_fk) values (149,507);
insert into digital_lib_book_tag (digital_lib_book_fk, digital_lib_tag_fk) values (149,1327);
insert into digital_lib_book_tag (digital_lib_book_fk, digital_lib_tag_fk) values (149,336);
insert into digital_lib_book_tag (digital_lib_book_fk, digital_lib_tag_fk) values (149,249);
insert into digital_lib_book_publisher (digital_lib_book_fk, digital_lib_publisher_fk) values (149,49);
insert into digital_lib_category_book (digital_lib_book_fk, digital_lib_category_fk) values (149,3);
insert into digital_lib_category_book (digital_lib_book_fk, digital_lib_category_fk) values (149,24);
insert into digital_lib_book (digital_lib_book_id, title, description, issue_year) values (150,'Fundamentals of Business - 3rd Edition','Fundamentals of Business, third edition (2020) is an 370-page open education resource intended to serve as a no-cost, faculty customizable primary text for one-semester undergraduate introductory business courses.',2018);
insert into digital_lib_book_author (digital_lib_book_fk, digital_lib_author_fk) values (150,640);
insert into digital_lib_book_tag (digital_lib_book_fk, digital_lib_tag_fk) values (150,1194);
insert into digital_lib_book_tag (digital_lib_book_fk, digital_lib_tag_fk) values (150,1158);
insert into digital_lib_book_tag (digital_lib_book_fk, digital_lib_tag_fk) values (150,1112);
insert into digital_lib_book_tag (digital_lib_book_fk, digital_lib_tag_fk) values (150,57);
insert into digital_lib_book_tag (digital_lib_book_fk, digital_lib_tag_fk) values (150,941);
insert into digital_lib_book_tag (digital_lib_book_fk, digital_lib_tag_fk) values (150,249);
insert into digital_lib_book_tag (digital_lib_book_fk, digital_lib_tag_fk) values (150,2352);
insert into digital_lib_book_tag (digital_lib_book_fk, digital_lib_tag_fk) values (150,1692);
insert into digital_lib_book_publisher (digital_lib_book_fk, digital_lib_publisher_fk) values (150,266);
insert into digital_lib_category_book (digital_lib_book_fk, digital_lib_category_fk) values (150,3);
insert into digital_lib_category_book (digital_lib_book_fk, digital_lib_category_fk) values (150,24);
insert into digital_lib_book (digital_lib_book_id, title, description, issue_year) values (151,'Fundamentals of Business - Canadian Edition','An introductory textbook in business that covers a variety of topics.',2018);
insert into digital_lib_book_author (digital_lib_book_fk, digital_lib_author_fk) values (151,640);
insert into digital_lib_book_tag (digital_lib_book_fk, digital_lib_tag_fk) values (151,1194);
insert into digital_lib_book_tag (digital_lib_book_fk, digital_lib_tag_fk) values (151,1158);
insert into digital_lib_book_tag (digital_lib_book_fk, digital_lib_tag_fk) values (151,1112);
insert into digital_lib_book_tag (digital_lib_book_fk, digital_lib_tag_fk) values (151,57);
insert into digital_lib_book_tag (digital_lib_book_fk, digital_lib_tag_fk) values (151,941);
insert into digital_lib_book_tag (digital_lib_book_fk, digital_lib_tag_fk) values (151,249);
insert into digital_lib_book_tag (digital_lib_book_fk, digital_lib_tag_fk) values (151,2352);
insert into digital_lib_book_tag (digital_lib_book_fk, digital_lib_tag_fk) values (151,1692);
insert into digital_lib_book_publisher (digital_lib_book_fk, digital_lib_publisher_fk) values (151,7);
insert into digital_lib_category_book (digital_lib_book_fk, digital_lib_category_fk) values (151,3);
insert into digital_lib_category_book (digital_lib_book_fk, digital_lib_category_fk) values (151,24);
insert into digital_lib_book (digital_lib_book_id, title, description, issue_year) values (152,'Good Corporation, Bad Corporation: Corporate Social Responsibility in the Global Economy','This textbook provides an innovative, internationally oriented approach to the teaching of corporate social responsibility (CSR) and business ethics, exploring the social, ethical, and business dynamics underlying CSR.',2016);
insert into digital_lib_book_author (digital_lib_book_fk, digital_lib_author_fk) values (152,1177);
insert into digital_lib_book_author (digital_lib_book_fk, digital_lib_author_fk) values (152,97);
insert into digital_lib_book_tag (digital_lib_book_fk, digital_lib_tag_fk) values (152,95);
insert into digital_lib_book_tag (digital_lib_book_fk, digital_lib_tag_fk) values (152,1324);
insert into digital_lib_book_tag (digital_lib_book_fk, digital_lib_tag_fk) values (152,491);
insert into digital_lib_book_tag (digital_lib_book_fk, digital_lib_tag_fk) values (152,2396);
insert into digital_lib_book_tag (digital_lib_book_fk, digital_lib_tag_fk) values (152,1608);
insert into digital_lib_book_tag (digital_lib_book_fk, digital_lib_tag_fk) values (152,1249);
insert into digital_lib_book_tag (digital_lib_book_fk, digital_lib_tag_fk) values (152,1947);
insert into digital_lib_book_tag (digital_lib_book_fk, digital_lib_tag_fk) values (152,781);
insert into digital_lib_book_tag (digital_lib_book_fk, digital_lib_tag_fk) values (152,1832);
insert into digital_lib_book_publisher (digital_lib_book_fk, digital_lib_publisher_fk) values (152,162);
insert into digital_lib_category_book (digital_lib_book_fk, digital_lib_category_fk) values (152,3);
insert into digital_lib_category_book (digital_lib_book_fk, digital_lib_category_fk) values (152,24);
insert into digital_lib_book (digital_lib_book_id, title, description, issue_year) values (153,'Growth and Competitive Strategy in 3 Circles','This book provides an exploration of the 3\`circle analysis.',2012);
insert into digital_lib_book_author (digital_lib_book_fk, digital_lib_author_fk) values (153,459);
insert into digital_lib_book_author (digital_lib_book_fk, digital_lib_author_fk) values (153,869);
insert into digital_lib_book_tag (digital_lib_book_fk, digital_lib_tag_fk) values (153,1435);
insert into digital_lib_book_tag (digital_lib_book_fk, digital_lib_tag_fk) values (153,2104);
insert into digital_lib_book_tag (digital_lib_book_fk, digital_lib_tag_fk) values (153,1580);
insert into digital_lib_book_tag (digital_lib_book_fk, digital_lib_tag_fk) values (153,1046);
insert into digital_lib_book_tag (digital_lib_book_fk, digital_lib_tag_fk) values (153,2362);
insert into digital_lib_book_publisher (digital_lib_book_fk, digital_lib_publisher_fk) values (153,49);
insert into digital_lib_category_book (digital_lib_book_fk, digital_lib_category_fk) values (153,3);
insert into digital_lib_category_book (digital_lib_book_fk, digital_lib_category_fk) values (153,24);
insert into digital_lib_book (digital_lib_book_id, title, description, issue_year) values (154,'International Business','The book explores international business with the intent of developin readers\`(students) knowledge of international contexts with the aim that they may launch, run, and work in any organization that is global in scope (or is wrestling with global competition or other global threats).',2011);
insert into digital_lib_book_author (digital_lib_book_fk, digital_lib_author_fk) values (154,480);
insert into digital_lib_book_author (digital_lib_book_fk, digital_lib_author_fk) values (154,100);
insert into digital_lib_book_tag (digital_lib_book_fk, digital_lib_tag_fk) values (154,374);
insert into digital_lib_book_tag (digital_lib_book_fk, digital_lib_tag_fk) values (154,2168);
insert into digital_lib_book_tag (digital_lib_book_fk, digital_lib_tag_fk) values (154,1989);
insert into digital_lib_book_tag (digital_lib_book_fk, digital_lib_tag_fk) values (154,1158);
insert into digital_lib_book_tag (digital_lib_book_fk, digital_lib_tag_fk) values (154,36);
insert into digital_lib_book_tag (digital_lib_book_fk, digital_lib_tag_fk) values (154,1622);
insert into digital_lib_book_tag (digital_lib_book_fk, digital_lib_tag_fk) values (154,941);
insert into digital_lib_book_tag (digital_lib_book_fk, digital_lib_tag_fk) values (154,991);
insert into digital_lib_book_tag (digital_lib_book_fk, digital_lib_tag_fk) values (154,365);
insert into digital_lib_book_tag (digital_lib_book_fk, digital_lib_tag_fk) values (154,216);
insert into digital_lib_book_publisher (digital_lib_book_fk, digital_lib_publisher_fk) values (154,49);
insert into digital_lib_category_book (digital_lib_book_fk, digital_lib_category_fk) values (154,3);
insert into digital_lib_category_book (digital_lib_book_fk, digital_lib_category_fk) values (154,24);
insert into digital_lib_book (digital_lib_book_id, title, description, issue_year) values (155,'Introduction to Business','Introduction to Business covers the scope and sequence of most introductory business courses. The book provides detailed explanations in the context of core themes such as customer satisfaction, ethics, entrepreneurship, global business, and managing change.',2018);
insert into digital_lib_book_author (digital_lib_book_fk, digital_lib_author_fk) values (155,766);
insert into digital_lib_book_author (digital_lib_book_fk, digital_lib_author_fk) values (155,324);
insert into digital_lib_book_author (digital_lib_book_fk, digital_lib_author_fk) values (155,101);
insert into digital_lib_book_author (digital_lib_book_fk, digital_lib_author_fk) values (155,1038);
insert into digital_lib_book_author (digital_lib_book_fk, digital_lib_author_fk) values (155,657);
insert into digital_lib_book_author (digital_lib_book_fk, digital_lib_author_fk) values (155,1125);
insert into digital_lib_book_author (digital_lib_book_fk, digital_lib_author_fk) values (155,341);
insert into digital_lib_book_tag (digital_lib_book_fk, digital_lib_tag_fk) values (155,1158);
insert into digital_lib_book_tag (digital_lib_book_fk, digital_lib_tag_fk) values (155,1112);
insert into digital_lib_book_tag (digital_lib_book_fk, digital_lib_tag_fk) values (155,2132);
insert into digital_lib_book_tag (digital_lib_book_fk, digital_lib_tag_fk) values (155,1238);
insert into digital_lib_book_tag (digital_lib_book_fk, digital_lib_tag_fk) values (155,2176);
insert into digital_lib_book_tag (digital_lib_book_fk, digital_lib_tag_fk) values (155,1420);
insert into digital_lib_book_tag (digital_lib_book_fk, digital_lib_tag_fk) values (155,1692);
insert into digital_lib_book_tag (digital_lib_book_fk, digital_lib_tag_fk) values (155,2041);
insert into digital_lib_book_tag (digital_lib_book_fk, digital_lib_tag_fk) values (155,1250);
insert into digital_lib_book_publisher (digital_lib_book_fk, digital_lib_publisher_fk) values (155,166);
insert into digital_lib_category_book (digital_lib_book_fk, digital_lib_category_fk) values (155,3);
insert into digital_lib_category_book (digital_lib_book_fk, digital_lib_category_fk) values (155,24);
insert into digital_lib_book (digital_lib_book_id, title, description, issue_year) values (156,'Legal Aspects of Corporate Management and Finance','Legal Aspects of Corporate Management and Finance is an up-to-date textbook that covers key legal issues relating to corporate management and finance. The text is organized to permit instructors to tailor the materials to their particular approach. The authors take special care to engage students by relating law to everyday events with their clear, concise and readable style.',2012);
insert into digital_lib_book_author (digital_lib_book_fk, digital_lib_author_fk) values (156,271);
insert into digital_lib_book_author (digital_lib_book_fk, digital_lib_author_fk) values (156,578);
insert into digital_lib_book_author (digital_lib_book_fk, digital_lib_author_fk) values (156,672);
insert into digital_lib_book_author (digital_lib_book_fk, digital_lib_author_fk) values (156,518);
insert into digital_lib_book_tag (digital_lib_book_fk, digital_lib_tag_fk) values (156,1121);
insert into digital_lib_book_tag (digital_lib_book_fk, digital_lib_tag_fk) values (156,111);
insert into digital_lib_book_tag (digital_lib_book_fk, digital_lib_tag_fk) values (156,2142);
insert into digital_lib_book_publisher (digital_lib_book_fk, digital_lib_publisher_fk) values (156,49);
insert into digital_lib_category_book (digital_lib_book_fk, digital_lib_category_fk) values (156,3);
insert into digital_lib_category_book (digital_lib_book_fk, digital_lib_category_fk) values (156,24);
insert into digital_lib_book (digital_lib_book_id, title, description, issue_year) values (157,'Mastering Strategic Management - 1st Canadian Edition','Mastering Strategic Management is designed to enhance student engagement iin this topic. It does so in the innovative manner.',2014);
insert into digital_lib_book_author (digital_lib_book_fk, digital_lib_author_fk) values (157,916);
insert into digital_lib_book_author (digital_lib_book_fk, digital_lib_author_fk) values (157,383);
insert into digital_lib_book_author (digital_lib_book_fk, digital_lib_author_fk) values (157,852);
insert into digital_lib_book_tag (digital_lib_book_fk, digital_lib_tag_fk) values (157,1648);
insert into digital_lib_book_tag (digital_lib_book_fk, digital_lib_tag_fk) values (157,868);
insert into digital_lib_book_tag (digital_lib_book_fk, digital_lib_tag_fk) values (157,941);
insert into digital_lib_book_tag (digital_lib_book_fk, digital_lib_tag_fk) values (157,424);
insert into digital_lib_book_tag (digital_lib_book_fk, digital_lib_tag_fk) values (157,2320);
insert into digital_lib_book_tag (digital_lib_book_fk, digital_lib_tag_fk) values (157,2352);
insert into digital_lib_book_publisher (digital_lib_book_fk, digital_lib_publisher_fk) values (157,7);
insert into digital_lib_category_book (digital_lib_book_fk, digital_lib_category_fk) values (157,3);
insert into digital_lib_category_book (digital_lib_book_fk, digital_lib_category_fk) values (157,24);
insert into digital_lib_book (digital_lib_book_id, title, description, issue_year) values (158,'Organizational Behavior','This book gives students the vocabulary, framework, and critical thinking skills necessary to diagnose situations, ask tough questions, evaluate the answers received, and to act in an effective and ethical manner regardless of situational characteristics.',2017);
insert into digital_lib_book_tag (digital_lib_book_fk, digital_lib_tag_fk) values (158,1683);
insert into digital_lib_book_tag (digital_lib_book_fk, digital_lib_tag_fk) values (158,2008);
insert into digital_lib_book_tag (digital_lib_book_fk, digital_lib_tag_fk) values (158,1557);
insert into digital_lib_book_tag (digital_lib_book_fk, digital_lib_tag_fk) values (158,711);
insert into digital_lib_book_tag (digital_lib_book_fk, digital_lib_tag_fk) values (158,1244);
insert into digital_lib_book_tag (digital_lib_book_fk, digital_lib_tag_fk) values (158,1217);
insert into digital_lib_book_tag (digital_lib_book_fk, digital_lib_tag_fk) values (158,961);
insert into digital_lib_book_tag (digital_lib_book_fk, digital_lib_tag_fk) values (158,1626);
insert into digital_lib_book_tag (digital_lib_book_fk, digital_lib_tag_fk) values (158,982);
insert into digital_lib_book_tag (digital_lib_book_fk, digital_lib_tag_fk) values (158,711);
insert into digital_lib_book_tag (digital_lib_book_fk, digital_lib_tag_fk) values (158,1748);
insert into digital_lib_book_tag (digital_lib_book_fk, digital_lib_tag_fk) values (158,1657);
insert into digital_lib_book_publisher (digital_lib_book_fk, digital_lib_publisher_fk) values (158,112);
insert into digital_lib_category_book (digital_lib_book_fk, digital_lib_category_fk) values (158,3);
insert into digital_lib_category_book (digital_lib_book_fk, digital_lib_category_fk) values (158,24);
insert into digital_lib_book (digital_lib_book_id, title, description, issue_year) values (159,'Organizational Behavior','The text presents the theory, concepts, and applications with particular emphasis on the impact that individuals and groups can have on organizational performance and culture. An array of recurring features engages students in entrepreneurial thinking, managing change, using tools/technology, and responsible management.',2019);
insert into digital_lib_book_author (digital_lib_book_fk, digital_lib_author_fk) values (159,168);
insert into digital_lib_book_tag (digital_lib_book_fk, digital_lib_tag_fk) values (159,249);
insert into digital_lib_book_tag (digital_lib_book_fk, digital_lib_tag_fk) values (159,1466);
insert into digital_lib_book_tag (digital_lib_book_fk, digital_lib_tag_fk) values (159,251);
insert into digital_lib_book_tag (digital_lib_book_fk, digital_lib_tag_fk) values (159,1382);
insert into digital_lib_book_tag (digital_lib_book_fk, digital_lib_tag_fk) values (159,1217);
insert into digital_lib_book_publisher (digital_lib_book_fk, digital_lib_publisher_fk) values (159,166);
insert into digital_lib_category_book (digital_lib_book_fk, digital_lib_category_fk) values (159,3);
insert into digital_lib_category_book (digital_lib_book_fk, digital_lib_category_fk) values (159,24);
insert into digital_lib_book (digital_lib_book_id, title, description, issue_year) values (160,'Principles of Management','This text provides an exciting perspective on the art of management that students can relate to. At the same time, this perspective is as relevant to existing for-profit organizations (in the form intrapreneurship) as it is to not-for-profits and new entrepreneurial ventures.',2015);
insert into digital_lib_book_tag (digital_lib_book_fk, digital_lib_tag_fk) values (160,2320);
insert into digital_lib_book_tag (digital_lib_book_fk, digital_lib_tag_fk) values (160,941);
insert into digital_lib_book_tag (digital_lib_book_fk, digital_lib_tag_fk) values (160,2352);
insert into digital_lib_book_tag (digital_lib_book_fk, digital_lib_tag_fk) values (160,1327);
insert into digital_lib_book_tag (digital_lib_book_fk, digital_lib_tag_fk) values (160,1841);
insert into digital_lib_book_tag (digital_lib_book_fk, digital_lib_tag_fk) values (160,1066);
insert into digital_lib_book_tag (digital_lib_book_fk, digital_lib_tag_fk) values (160,1589);
insert into digital_lib_book_tag (digital_lib_book_fk, digital_lib_tag_fk) values (160,1648);
insert into digital_lib_book_publisher (digital_lib_book_fk, digital_lib_publisher_fk) values (160,112);
insert into digital_lib_category_book (digital_lib_book_fk, digital_lib_category_fk) values (160,3);
insert into digital_lib_category_book (digital_lib_book_fk, digital_lib_category_fk) values (160,24);
insert into digital_lib_book (digital_lib_book_id, title, description, issue_year) values (161,'Principles of Management','Principles of Management is designed to meet the scope and sequence requirements of the introductory course on management.',2019);
insert into digital_lib_book_author (digital_lib_book_fk, digital_lib_author_fk) values (161,168);
insert into digital_lib_book_tag (digital_lib_book_fk, digital_lib_tag_fk) values (161,2320);
insert into digital_lib_book_tag (digital_lib_book_fk, digital_lib_tag_fk) values (161,941);
insert into digital_lib_book_tag (digital_lib_book_fk, digital_lib_tag_fk) values (161,2352);
insert into digital_lib_book_tag (digital_lib_book_fk, digital_lib_tag_fk) values (161,1327);
insert into digital_lib_book_tag (digital_lib_book_fk, digital_lib_tag_fk) values (161,1841);
insert into digital_lib_book_tag (digital_lib_book_fk, digital_lib_tag_fk) values (161,1066);
insert into digital_lib_book_tag (digital_lib_book_fk, digital_lib_tag_fk) values (161,1589);
insert into digital_lib_book_tag (digital_lib_book_fk, digital_lib_tag_fk) values (161,1648);
insert into digital_lib_book_publisher (digital_lib_book_fk, digital_lib_publisher_fk) values (161,166);
insert into digital_lib_category_book (digital_lib_book_fk, digital_lib_category_fk) values (161,3);
insert into digital_lib_category_book (digital_lib_book_fk, digital_lib_category_fk) values (161,24);
insert into digital_lib_book (digital_lib_book_id, title, description, issue_year) values (162,'Problem Solving in Teams and Groups','This textbook covers content relevant to COMS342 Problem Solving in Teams and Groups at the University of Kansas.',2019);
insert into digital_lib_book_author (digital_lib_book_fk, digital_lib_author_fk) values (162,293);
insert into digital_lib_book_tag (digital_lib_book_fk, digital_lib_tag_fk) values (162,229);
insert into digital_lib_book_tag (digital_lib_book_fk, digital_lib_tag_fk) values (162,572);
insert into digital_lib_book_tag (digital_lib_book_fk, digital_lib_tag_fk) values (162,798);
insert into digital_lib_book_tag (digital_lib_book_fk, digital_lib_tag_fk) values (162,2352);
insert into digital_lib_book_tag (digital_lib_book_fk, digital_lib_tag_fk) values (162,1582);
insert into digital_lib_book_tag (digital_lib_book_fk, digital_lib_tag_fk) values (162,758);
insert into digital_lib_book_tag (digital_lib_book_fk, digital_lib_tag_fk) values (162,928);
insert into digital_lib_book_tag (digital_lib_book_fk, digital_lib_tag_fk) values (162,961);
insert into digital_lib_book_tag (digital_lib_book_fk, digital_lib_tag_fk) values (162,1394);
insert into digital_lib_book_publisher (digital_lib_book_fk, digital_lib_publisher_fk) values (162,96);
insert into digital_lib_category_book (digital_lib_book_fk, digital_lib_category_fk) values (162,3);
insert into digital_lib_category_book (digital_lib_book_fk, digital_lib_category_fk) values (162,24);
insert into digital_lib_book (digital_lib_book_id, title, description, issue_year) values (163,'Small Business Management in the 21st Century','The text brings a fresh perspective by incorporating three distinctive and unique themes and an important new feature (Disaster Watch) which is embedded throughout the entire text. These themes assure that students see the material in an integrated context rather than a stream of separate and distinct topics.',2012);
insert into digital_lib_book_author (digital_lib_book_fk, digital_lib_author_fk) values (163,1153);
insert into digital_lib_book_author (digital_lib_book_fk, digital_lib_author_fk) values (163,721);
insert into digital_lib_book_tag (digital_lib_book_fk, digital_lib_tag_fk) values (163,767);
insert into digital_lib_book_tag (digital_lib_book_fk, digital_lib_tag_fk) values (163,2313);
insert into digital_lib_book_tag (digital_lib_book_fk, digital_lib_tag_fk) values (163,1949);
insert into digital_lib_book_tag (digital_lib_book_fk, digital_lib_tag_fk) values (163,711);
insert into digital_lib_book_tag (digital_lib_book_fk, digital_lib_tag_fk) values (163,792);
insert into digital_lib_book_tag (digital_lib_book_fk, digital_lib_tag_fk) values (163,1042);
insert into digital_lib_book_tag (digital_lib_book_fk, digital_lib_tag_fk) values (163,2130);
insert into digital_lib_book_publisher (digital_lib_book_fk, digital_lib_publisher_fk) values (163,49);
insert into digital_lib_category_book (digital_lib_book_fk, digital_lib_category_fk) values (163,3);
insert into digital_lib_category_book (digital_lib_book_fk, digital_lib_category_fk) values (163,24);
insert into digital_lib_book (digital_lib_book_id, title, description, issue_year) values (164,'Strategic Management','This open source textbook is derived from many sources, initially from the Principles of Management by Carpenter, Bauer, and Erdogan, but there is abundant new content as well. The most important change from 1e is that static content was removed to make room for student-generated dynamic content.',2019);
insert into digital_lib_book_author (digital_lib_book_fk, digital_lib_author_fk) values (164,388);
insert into digital_lib_book_author (digital_lib_book_fk, digital_lib_author_fk) values (164,66);
insert into digital_lib_book_tag (digital_lib_book_fk, digital_lib_tag_fk) values (164,762);
insert into digital_lib_book_tag (digital_lib_book_fk, digital_lib_tag_fk) values (164,1880);
insert into digital_lib_book_tag (digital_lib_book_fk, digital_lib_tag_fk) values (164,776);
insert into digital_lib_book_tag (digital_lib_book_fk, digital_lib_tag_fk) values (164,620);
insert into digital_lib_book_tag (digital_lib_book_fk, digital_lib_tag_fk) values (164,1886);
insert into digital_lib_book_publisher (digital_lib_book_fk, digital_lib_publisher_fk) values (164,15);
insert into digital_lib_category_book (digital_lib_book_fk, digital_lib_category_fk) values (164,3);
insert into digital_lib_category_book (digital_lib_book_fk, digital_lib_category_fk) values (164,24);
insert into digital_lib_book (digital_lib_book_id, title, description, issue_year) values (165,'The Sustainable Business Case Book','The Sustainable Business Case Book by Gittell, Magnusson and Merenda is one of the first of its kind. It combines the the theory of sustainability with key concepts, analytical information and contextual information with a collection of cases which provide insights, perspective and practical guidance on how sustainable businesses operate from different business functional area perspectives.',2012);
insert into digital_lib_book_author (digital_lib_book_fk, digital_lib_author_fk) values (165,1029);
insert into digital_lib_book_author (digital_lib_book_fk, digital_lib_author_fk) values (165,680);
insert into digital_lib_book_author (digital_lib_book_fk, digital_lib_author_fk) values (165,344);
insert into digital_lib_book_tag (digital_lib_book_fk, digital_lib_tag_fk) values (165,1438);
insert into digital_lib_book_tag (digital_lib_book_fk, digital_lib_tag_fk) values (165,941);
insert into digital_lib_book_tag (digital_lib_book_fk, digital_lib_tag_fk) values (165,242);
insert into digital_lib_book_tag (digital_lib_book_fk, digital_lib_tag_fk) values (165,551);
insert into digital_lib_book_publisher (digital_lib_book_fk, digital_lib_publisher_fk) values (165,49);
insert into digital_lib_category_book (digital_lib_book_fk, digital_lib_category_fk) values (165,3);
insert into digital_lib_category_book (digital_lib_book_fk, digital_lib_category_fk) values (165,24);
insert into digital_lib_book (digital_lib_book_id, title, description, issue_year) values (166,'The Sustainable Business Case Book','Learning about sustainability and its relationship to business makes up the foundation of this book. Filled with examples, it provides an interesting read.',2010);
insert into digital_lib_book_author (digital_lib_book_fk, digital_lib_author_fk) values (166,316);
insert into digital_lib_book_tag (digital_lib_book_fk, digital_lib_tag_fk) values (166,2160);
insert into digital_lib_book_tag (digital_lib_book_fk, digital_lib_tag_fk) values (166,1737);
insert into digital_lib_book_tag (digital_lib_book_fk, digital_lib_tag_fk) values (166,882);
insert into digital_lib_book_tag (digital_lib_book_fk, digital_lib_tag_fk) values (166,551);
insert into digital_lib_book_publisher (digital_lib_book_fk, digital_lib_publisher_fk) values (166,64);
insert into digital_lib_category_book (digital_lib_book_fk, digital_lib_category_fk) values (166,3);
insert into digital_lib_category_book (digital_lib_book_fk, digital_lib_category_fk) values (166,24);
insert into digital_lib_book (digital_lib_book_id, title, description, issue_year) values (167,'Introducing Marketing','This book demonstrates how companies use marketing. Specific examples appear not only in text discussions, but also in the chapter openers, the "Integrated Marketing" and "Newsline" boxes, and the end of chapter cases.',2011);
insert into digital_lib_book_author (digital_lib_book_fk, digital_lib_author_fk) values (167,455);
insert into digital_lib_book_tag (digital_lib_book_fk, digital_lib_tag_fk) values (167,1217);
insert into digital_lib_book_tag (digital_lib_book_fk, digital_lib_tag_fk) values (167,382);
insert into digital_lib_book_tag (digital_lib_book_fk, digital_lib_tag_fk) values (167,395);
insert into digital_lib_book_tag (digital_lib_book_fk, digital_lib_tag_fk) values (167,1680);
insert into digital_lib_book_tag (digital_lib_book_fk, digital_lib_tag_fk) values (167,1549);
insert into digital_lib_book_tag (digital_lib_book_fk, digital_lib_tag_fk) values (167,2175);
insert into digital_lib_book_publisher (digital_lib_book_fk, digital_lib_publisher_fk) values (167,41);
insert into digital_lib_category_book (digital_lib_book_fk, digital_lib_category_fk) values (167,3);
insert into digital_lib_category_book (digital_lib_book_fk, digital_lib_category_fk) values (167,30);
insert into digital_lib_book (digital_lib_book_id, title, description, issue_year) values (168,'eMarketing - The Essential Guide to Online Marketing','eMarketing: The Essential Guide to Online Marketing is a textbook intended for third and fourth year marketing students and draws on both academic theory and practical experience. The book offers students information that is applicable to the eMarket industry by providing examples that are easily relatable.',2012);
insert into digital_lib_book_tag (digital_lib_book_fk, digital_lib_tag_fk) values (168,726);
insert into digital_lib_book_tag (digital_lib_book_fk, digital_lib_tag_fk) values (168,135);
insert into digital_lib_book_tag (digital_lib_book_fk, digital_lib_tag_fk) values (168,2384);
insert into digital_lib_book_tag (digital_lib_book_fk, digital_lib_tag_fk) values (168,897);
insert into digital_lib_book_tag (digital_lib_book_fk, digital_lib_tag_fk) values (168,1212);
insert into digital_lib_book_tag (digital_lib_book_fk, digital_lib_tag_fk) values (168,1853);
insert into digital_lib_book_tag (digital_lib_book_fk, digital_lib_tag_fk) values (168,925);
insert into digital_lib_book_tag (digital_lib_book_fk, digital_lib_tag_fk) values (168,2222);
insert into digital_lib_book_tag (digital_lib_book_fk, digital_lib_tag_fk) values (168,1374);
insert into digital_lib_book_tag (digital_lib_book_fk, digital_lib_tag_fk) values (168,1944);
insert into digital_lib_book_tag (digital_lib_book_fk, digital_lib_tag_fk) values (168,1648);
insert into digital_lib_book_publisher (digital_lib_book_fk, digital_lib_publisher_fk) values (168,7);
insert into digital_lib_category_book (digital_lib_book_fk, digital_lib_category_fk) values (168,3);
insert into digital_lib_category_book (digital_lib_book_fk, digital_lib_category_fk) values (168,30);
insert into digital_lib_book (digital_lib_book_id, title, description, issue_year) values (169,'eMarketing: The Essential Guide to Marketing in a Digital World','eMarketing: The Essential Guide to Online Marketing is a textbook intended for third and fourth year marketing students and draws on both academic theory and practical experience. The book offers students information that is applicable to the eMarket industry by providing examples that are easily relatable.',2022);
insert into digital_lib_book_author (digital_lib_book_fk, digital_lib_author_fk) values (169,33);
insert into digital_lib_book_tag (digital_lib_book_fk, digital_lib_tag_fk) values (169,726);
insert into digital_lib_book_tag (digital_lib_book_fk, digital_lib_tag_fk) values (169,135);
insert into digital_lib_book_tag (digital_lib_book_fk, digital_lib_tag_fk) values (169,2384);
insert into digital_lib_book_tag (digital_lib_book_fk, digital_lib_tag_fk) values (169,897);
insert into digital_lib_book_tag (digital_lib_book_fk, digital_lib_tag_fk) values (169,1212);
insert into digital_lib_book_tag (digital_lib_book_fk, digital_lib_tag_fk) values (169,1853);
insert into digital_lib_book_tag (digital_lib_book_fk, digital_lib_tag_fk) values (169,925);
insert into digital_lib_book_tag (digital_lib_book_fk, digital_lib_tag_fk) values (169,2222);
insert into digital_lib_book_tag (digital_lib_book_fk, digital_lib_tag_fk) values (169,1374);
insert into digital_lib_book_tag (digital_lib_book_fk, digital_lib_tag_fk) values (169,1944);
insert into digital_lib_book_tag (digital_lib_book_fk, digital_lib_tag_fk) values (169,1648);
insert into digital_lib_book_publisher (digital_lib_book_fk, digital_lib_publisher_fk) values (169,238);
insert into digital_lib_category_book (digital_lib_book_fk, digital_lib_category_fk) values (169,3);
insert into digital_lib_category_book (digital_lib_book_fk, digital_lib_category_fk) values (169,30);
insert into digital_lib_book (digital_lib_book_id, title, description, issue_year) values (170,'Launch! Advertising and Promotion in Real Time','This textbook is the first of its kind to teach advertising concepts by reverse engineering a real advertising campaign from beginning to end.Students get a realistic sense of how theory plays out in practice, and get a flavor for the exciting field of advertising and promotion. And, they consistently learn the perspectives of both the advertising agency (where many journalism and communications students will work) and the client (where many marketing majors will work).',2009);
insert into digital_lib_book_author (digital_lib_book_fk, digital_lib_author_fk) values (170,905);
insert into digital_lib_book_author (digital_lib_book_fk, digital_lib_author_fk) values (170,798);
insert into digital_lib_book_author (digital_lib_book_fk, digital_lib_author_fk) values (170,993);
insert into digital_lib_book_tag (digital_lib_book_fk, digital_lib_tag_fk) values (170,2394);
insert into digital_lib_book_tag (digital_lib_book_fk, digital_lib_tag_fk) values (170,558);
insert into digital_lib_book_tag (digital_lib_book_fk, digital_lib_tag_fk) values (170,340);
insert into digital_lib_book_tag (digital_lib_book_fk, digital_lib_tag_fk) values (170,1226);
insert into digital_lib_book_tag (digital_lib_book_fk, digital_lib_tag_fk) values (170,2302);
insert into digital_lib_book_tag (digital_lib_book_fk, digital_lib_tag_fk) values (170,1648);
insert into digital_lib_book_tag (digital_lib_book_fk, digital_lib_tag_fk) values (170,1727);
insert into digital_lib_book_publisher (digital_lib_book_fk, digital_lib_publisher_fk) values (170,49);
insert into digital_lib_category_book (digital_lib_book_fk, digital_lib_category_fk) values (170,3);
insert into digital_lib_category_book (digital_lib_book_fk, digital_lib_category_fk) values (170,30);
insert into digital_lib_book (digital_lib_book_id, title, description, issue_year) values (171,'Principles of Marketing','Principles of Marketing teaches the experience and process of actually doing marketing – not just the vocabulary. It carries five dominant themes throughout in order to expose students to marketing in today\`s environment: Service dominant logic, Sustainability, Ethics and social responsibility, Global coverage, Metrics',2015);
insert into digital_lib_book_author (digital_lib_book_fk, digital_lib_author_fk) values (171,685);
insert into digital_lib_book_tag (digital_lib_book_fk, digital_lib_tag_fk) values (171,2011);
insert into digital_lib_book_tag (digital_lib_book_fk, digital_lib_tag_fk) values (171,1226);
insert into digital_lib_book_tag (digital_lib_book_fk, digital_lib_tag_fk) values (171,476);
insert into digital_lib_book_tag (digital_lib_book_fk, digital_lib_tag_fk) values (171,897);
insert into digital_lib_book_tag (digital_lib_book_fk, digital_lib_tag_fk) values (171,1059);
insert into digital_lib_book_publisher (digital_lib_book_fk, digital_lib_publisher_fk) values (171,112);
insert into digital_lib_category_book (digital_lib_book_fk, digital_lib_category_fk) values (171,3);
insert into digital_lib_category_book (digital_lib_book_fk, digital_lib_category_fk) values (171,30);
insert into digital_lib_book (digital_lib_book_id, title, description, issue_year) values (172,'Project Management','This book covers the basics of project management. This includes the process of initiation, planning, execution, control and close out that all projects share.',2014);
insert into digital_lib_book_author (digital_lib_book_fk, digital_lib_author_fk) values (172,873);
insert into digital_lib_book_tag (digital_lib_book_fk, digital_lib_tag_fk) values (172,547);
insert into digital_lib_book_tag (digital_lib_book_fk, digital_lib_tag_fk) values (172,2198);
insert into digital_lib_book_tag (digital_lib_book_fk, digital_lib_tag_fk) values (172,106);
insert into digital_lib_book_tag (digital_lib_book_fk, digital_lib_tag_fk) values (172,2208);
insert into digital_lib_book_tag (digital_lib_book_fk, digital_lib_tag_fk) values (172,202);
insert into digital_lib_book_tag (digital_lib_book_fk, digital_lib_tag_fk) values (172,1217);
insert into digital_lib_book_tag (digital_lib_book_fk, digital_lib_tag_fk) values (172,714);
insert into digital_lib_book_tag (digital_lib_book_fk, digital_lib_tag_fk) values (172,728);
insert into digital_lib_book_tag (digital_lib_book_fk, digital_lib_tag_fk) values (172,293);
insert into digital_lib_book_publisher (digital_lib_book_fk, digital_lib_publisher_fk) values (172,7);
insert into digital_lib_category_book (digital_lib_book_fk, digital_lib_category_fk) values (172,3);
insert into digital_lib_category_book (digital_lib_book_fk, digital_lib_category_fk) values (172,30);
insert into digital_lib_book (digital_lib_book_id, title, description, issue_year) values (173,'The Power of Selling','The Power of Selling is the perfect textbook to teach students about the proven process of selling. More important, it teaches students how to apply the tenets of selling to how to sell themselves and get the job they want, with the same process professional sales people learn (or brush up) on their own selling skills.',2010);
insert into digital_lib_book_author (digital_lib_book_fk, digital_lib_author_fk) values (173,828);
insert into digital_lib_book_tag (digital_lib_book_fk, digital_lib_tag_fk) values (173,1081);
insert into digital_lib_book_tag (digital_lib_book_fk, digital_lib_tag_fk) values (173,1011);
insert into digital_lib_book_tag (digital_lib_book_fk, digital_lib_tag_fk) values (173,1112);
insert into digital_lib_book_tag (digital_lib_book_fk, digital_lib_tag_fk) values (173,2320);
insert into digital_lib_book_tag (digital_lib_book_fk, digital_lib_tag_fk) values (173,1130);
insert into digital_lib_book_tag (digital_lib_book_fk, digital_lib_tag_fk) values (173,1152);
insert into digital_lib_book_tag (digital_lib_book_fk, digital_lib_tag_fk) values (173,941);
insert into digital_lib_book_publisher (digital_lib_book_fk, digital_lib_publisher_fk) values (173,49);
insert into digital_lib_category_book (digital_lib_book_fk, digital_lib_category_fk) values (173,3);
insert into digital_lib_category_book (digital_lib_book_fk, digital_lib_category_fk) values (173,30);
insert into digital_lib_book (digital_lib_book_id, title, description, issue_year) values (174,'The Facebook Marketing Guide','To get the best out of this social network in the field of marketing, you must know the tools available, how they should be used, the best practices and how to configure the environment in the most optimal way possible. This book provides a suficient guide in those efforts.',2012);
insert into digital_lib_book_author (digital_lib_book_fk, digital_lib_author_fk) values (174,47);
insert into digital_lib_book_tag (digital_lib_book_fk, digital_lib_tag_fk) values (174,40);
insert into digital_lib_book_tag (digital_lib_book_fk, digital_lib_tag_fk) values (174,897);
insert into digital_lib_book_tag (digital_lib_book_fk, digital_lib_tag_fk) values (174,705);
insert into digital_lib_book_tag (digital_lib_book_fk, digital_lib_tag_fk) values (174,1680);
insert into digital_lib_book_publisher (digital_lib_book_fk, digital_lib_publisher_fk) values (174,37);
insert into digital_lib_category_book (digital_lib_book_fk, digital_lib_category_fk) values (174,3);
insert into digital_lib_category_book (digital_lib_book_fk, digital_lib_category_fk) values (174,30);
insert into digital_lib_book (digital_lib_book_id, title, description, issue_year) values (175,'Subject-Oriented Business Process Management','Subject-oriented Business Process Management (S-BPM) as presented in this book is based on this simple structure which enables  process-oriented thinking  and process modeling. The authors’ presentation style focuses on professionals in the industry, and on students specializing in process management or organizational modeling.',2012);
insert into digital_lib_book_author (digital_lib_book_fk, digital_lib_author_fk) values (175,690);
insert into digital_lib_book_author (digital_lib_book_fk, digital_lib_author_fk) values (175,849);
insert into digital_lib_book_author (digital_lib_book_fk, digital_lib_author_fk) values (175,936);
insert into digital_lib_book_author (digital_lib_book_fk, digital_lib_author_fk) values (175,376);
insert into digital_lib_book_author (digital_lib_book_fk, digital_lib_author_fk) values (175,759);
insert into digital_lib_book_tag (digital_lib_book_fk, digital_lib_tag_fk) values (175,1470);
insert into digital_lib_book_tag (digital_lib_book_fk, digital_lib_tag_fk) values (175,252);
insert into digital_lib_book_tag (digital_lib_book_fk, digital_lib_tag_fk) values (175,2377);
insert into digital_lib_book_tag (digital_lib_book_fk, digital_lib_tag_fk) values (175,911);
insert into digital_lib_book_tag (digital_lib_book_fk, digital_lib_tag_fk) values (175,1196);
insert into digital_lib_book_tag (digital_lib_book_fk, digital_lib_tag_fk) values (175,1902);
insert into digital_lib_book_publisher (digital_lib_book_fk, digital_lib_publisher_fk) values (175,14);
insert into digital_lib_book_publisher (digital_lib_book_fk, digital_lib_publisher_fk) values (175,148);
insert into digital_lib_book_publisher (digital_lib_book_fk, digital_lib_publisher_fk) values (175,145);
insert into digital_lib_category_book (digital_lib_book_fk, digital_lib_category_fk) values (175,3);
insert into digital_lib_category_book (digital_lib_book_fk, digital_lib_category_fk) values (175,40);
insert into digital_lib_book (digital_lib_book_id, title, description, issue_year) values (176,'Applied Predictive Modeling','This text is intended for a broad audience as both an introduction to predictive models as well as a guide to applying them. Readers should have knowledge of basic statistical ideas, such as correlation and linear regression analysis.',2013);
insert into digital_lib_book_author (digital_lib_book_fk, digital_lib_author_fk) values (176,167);
insert into digital_lib_book_author (digital_lib_book_fk, digital_lib_author_fk) values (176,638);
insert into digital_lib_book_tag (digital_lib_book_fk, digital_lib_tag_fk) values (176,1872);
insert into digital_lib_book_tag (digital_lib_book_fk, digital_lib_tag_fk) values (176,1455);
insert into digital_lib_book_tag (digital_lib_book_fk, digital_lib_tag_fk) values (176,1132);
insert into digital_lib_book_publisher (digital_lib_book_fk, digital_lib_publisher_fk) values (176,14);
insert into digital_lib_book_publisher (digital_lib_book_fk, digital_lib_publisher_fk) values (176,114);
insert into digital_lib_book_publisher (digital_lib_book_fk, digital_lib_publisher_fk) values (176,113);
insert into digital_lib_category_book (digital_lib_book_fk, digital_lib_category_fk) values (176,3);
insert into digital_lib_category_book (digital_lib_book_fk, digital_lib_category_fk) values (176,40);
insert into digital_lib_book (digital_lib_book_id, title, description, issue_year) values (177,'S-BPM Illustrated A Storybook about Business Process Modeling and Execution','In this book, the authors show how S-BPM and its tools can be used in order to solve communication and synchronization problems involving humans and/or machines in an organization. This is a hands-on book, written by professionals for professionals, with a clear and concise style, a wealth of illustrations (as the title suggests), and focusing on an ongoing example with a real industrial background.',2013);
insert into digital_lib_book_author (digital_lib_book_fk, digital_lib_author_fk) values (177,690);
insert into digital_lib_book_author (digital_lib_book_fk, digital_lib_author_fk) values (177,958);
insert into digital_lib_book_author (digital_lib_book_fk, digital_lib_author_fk) values (177,164);
insert into digital_lib_book_tag (digital_lib_book_fk, digital_lib_tag_fk) values (177,1470);
insert into digital_lib_book_tag (digital_lib_book_fk, digital_lib_tag_fk) values (177,252);
insert into digital_lib_book_tag (digital_lib_book_fk, digital_lib_tag_fk) values (177,437);
insert into digital_lib_book_tag (digital_lib_book_fk, digital_lib_tag_fk) values (177,249);
insert into digital_lib_book_tag (digital_lib_book_fk, digital_lib_tag_fk) values (177,904);
insert into digital_lib_book_tag (digital_lib_book_fk, digital_lib_tag_fk) values (177,1196);
insert into digital_lib_book_tag (digital_lib_book_fk, digital_lib_tag_fk) values (177,1902);
insert into digital_lib_book_publisher (digital_lib_book_fk, digital_lib_publisher_fk) values (177,14);
insert into digital_lib_book_publisher (digital_lib_book_fk, digital_lib_publisher_fk) values (177,148);
insert into digital_lib_book_publisher (digital_lib_book_fk, digital_lib_publisher_fk) values (177,145);
insert into digital_lib_category_book (digital_lib_book_fk, digital_lib_category_fk) values (177,3);
insert into digital_lib_category_book (digital_lib_book_fk, digital_lib_category_fk) values (177,40);
insert into digital_lib_book (digital_lib_book_id, title, description, issue_year) values (178,'S-BPM in the Wild Practical Value Creation','This is the first book to present field studies on the application of subject-oriented business process management (S-BPM). Each case presents a specific story and focuses on an essential modeling or implementation issue, and most end with implications or suggestions for further studies.',2015);
insert into digital_lib_book_author (digital_lib_book_fk, digital_lib_author_fk) values (178,690);
insert into digital_lib_book_author (digital_lib_book_fk, digital_lib_author_fk) values (178,849);
insert into digital_lib_book_author (digital_lib_book_fk, digital_lib_author_fk) values (178,936);
insert into digital_lib_book_tag (digital_lib_book_fk, digital_lib_tag_fk) values (178,2193);
insert into digital_lib_book_tag (digital_lib_book_fk, digital_lib_tag_fk) values (178,1470);
insert into digital_lib_book_tag (digital_lib_book_fk, digital_lib_tag_fk) values (178,2285);
insert into digital_lib_book_tag (digital_lib_book_fk, digital_lib_tag_fk) values (178,1060);
insert into digital_lib_book_tag (digital_lib_book_fk, digital_lib_tag_fk) values (178,1631);
insert into digital_lib_book_tag (digital_lib_book_fk, digital_lib_tag_fk) values (178,1972);
insert into digital_lib_book_publisher (digital_lib_book_fk, digital_lib_publisher_fk) values (178,14);
insert into digital_lib_book_publisher (digital_lib_book_fk, digital_lib_publisher_fk) values (178,2);
insert into digital_lib_category_book (digital_lib_book_fk, digital_lib_category_fk) values (178,3);
insert into digital_lib_category_book (digital_lib_book_fk, digital_lib_category_fk) values (178,40);
insert into digital_lib_book (digital_lib_book_id, title, description, issue_year) values (179,'S-BPM in the Production Industry A Stakeholder Approach','This volume presents several case studies highlighting the latest findings in Industry 4.0 projects utilizing S-BPM features.',2017);
insert into digital_lib_book_author (digital_lib_book_fk, digital_lib_author_fk) values (179,1091);
insert into digital_lib_book_author (digital_lib_book_fk, digital_lib_author_fk) values (179,936);
insert into digital_lib_book_tag (digital_lib_book_fk, digital_lib_tag_fk) values (179,2285);
insert into digital_lib_book_tag (digital_lib_book_fk, digital_lib_tag_fk) values (179,1060);
insert into digital_lib_book_tag (digital_lib_book_fk, digital_lib_tag_fk) values (179,1197);
insert into digital_lib_book_tag (digital_lib_book_fk, digital_lib_tag_fk) values (179,1809);
insert into digital_lib_book_tag (digital_lib_book_fk, digital_lib_tag_fk) values (179,2455);
insert into digital_lib_book_publisher (digital_lib_book_fk, digital_lib_publisher_fk) values (179,14);
insert into digital_lib_book_publisher (digital_lib_book_fk, digital_lib_publisher_fk) values (179,2);
insert into digital_lib_category_book (digital_lib_book_fk, digital_lib_category_fk) values (179,3);
insert into digital_lib_category_book (digital_lib_book_fk, digital_lib_category_fk) values (179,40);
insert into digital_lib_book (digital_lib_book_id, title, description, issue_year) values (180,'Applications and Experiences of Quality Control','Quality control is all the mechanisms, actions, tools that we carry out to detect the presence of errors.  This book provides the fundamentals of how to utilize quality control and apply it to  our own businesses.',2011);
insert into digital_lib_book_author (digital_lib_book_fk, digital_lib_author_fk) values (180,174);
insert into digital_lib_book_tag (digital_lib_book_fk, digital_lib_tag_fk) values (180,1526);
insert into digital_lib_book_tag (digital_lib_book_fk, digital_lib_tag_fk) values (180,1659);
insert into digital_lib_book_tag (digital_lib_book_fk, digital_lib_tag_fk) values (180,764);
insert into digital_lib_book_tag (digital_lib_book_fk, digital_lib_tag_fk) values (180,1925);
insert into digital_lib_book_tag (digital_lib_book_fk, digital_lib_tag_fk) values (180,2175);
insert into digital_lib_book_tag (digital_lib_book_fk, digital_lib_tag_fk) values (180,202);
insert into digital_lib_book_tag (digital_lib_book_fk, digital_lib_tag_fk) values (180,383);
insert into digital_lib_book_tag (digital_lib_book_fk, digital_lib_tag_fk) values (180,2205);
insert into digital_lib_book_publisher (digital_lib_book_fk, digital_lib_publisher_fk) values (180,243);
insert into digital_lib_category_book (digital_lib_book_fk, digital_lib_category_fk) values (180,3);
insert into digital_lib_category_book (digital_lib_book_fk, digital_lib_category_fk) values (180,40);
insert into digital_lib_book (digital_lib_book_id, title, description, issue_year) values (181,'Developing New Products and Services','A central theme of Developing New Products and Services is that there is, or should be, a constant struggle going on in every organization, business, and system between delivering feature-rich versions of products and services using extravagant engineering and delivering low-cost versions of products and services using frugal engineering. Students will come away with this notion and how to manifest it as a contributing employee at any company.',2012);
insert into digital_lib_book_author (digital_lib_book_fk, digital_lib_author_fk) values (181,1104);
insert into digital_lib_book_tag (digital_lib_book_fk, digital_lib_tag_fk) values (181,1);
insert into digital_lib_book_tag (digital_lib_book_fk, digital_lib_tag_fk) values (181,1887);
insert into digital_lib_book_tag (digital_lib_book_fk, digital_lib_tag_fk) values (181,519);
insert into digital_lib_book_tag (digital_lib_book_fk, digital_lib_tag_fk) values (181,1495);
insert into digital_lib_book_tag (digital_lib_book_fk, digital_lib_tag_fk) values (181,124);
insert into digital_lib_book_tag (digital_lib_book_fk, digital_lib_tag_fk) values (181,2178);
insert into digital_lib_book_tag (digital_lib_book_fk, digital_lib_tag_fk) values (181,711);
insert into digital_lib_book_tag (digital_lib_book_fk, digital_lib_tag_fk) values (181,2468);
insert into digital_lib_book_tag (digital_lib_book_fk, digital_lib_tag_fk) values (181,2083);
insert into digital_lib_book_tag (digital_lib_book_fk, digital_lib_tag_fk) values (181,1860);
insert into digital_lib_book_publisher (digital_lib_book_fk, digital_lib_publisher_fk) values (181,49);
insert into digital_lib_category_book (digital_lib_book_fk, digital_lib_category_fk) values (181,3);
insert into digital_lib_category_book (digital_lib_book_fk, digital_lib_category_fk) values (181,40);
insert into digital_lib_book (digital_lib_book_id, title, description, issue_year) values (182,'Inventory Analytics','The book outlines the foundations of inventory systems and surveys prescriptive analytics models for deterministic inventory control. It further discusses predictive analytics techniques for demand forecasting in inventory control and also examines prescriptive analytics models for stochastic inventory control.',2021);
insert into digital_lib_book_author (digital_lib_book_fk, digital_lib_author_fk) values (182,1046);
insert into digital_lib_book_tag (digital_lib_book_fk, digital_lib_tag_fk) values (182,849);
insert into digital_lib_book_tag (digital_lib_book_fk, digital_lib_tag_fk) values (182,2312);
insert into digital_lib_book_tag (digital_lib_book_fk, digital_lib_tag_fk) values (182,844);
insert into digital_lib_book_tag (digital_lib_book_fk, digital_lib_tag_fk) values (182,973);
insert into digital_lib_book_tag (digital_lib_book_fk, digital_lib_tag_fk) values (182,2329);
insert into digital_lib_book_publisher (digital_lib_book_fk, digital_lib_publisher_fk) values (182,111);
insert into digital_lib_category_book (digital_lib_book_fk, digital_lib_category_fk) values (182,3);
insert into digital_lib_category_book (digital_lib_book_fk, digital_lib_category_fk) values (182,40);
insert into digital_lib_book (digital_lib_book_id, title, description, issue_year) values (183,'Manufacturing Processes 4-5','This textbook provides an introduction to the important area of manufacturing processes. This text will explain the hows, whys, and whens of various machining operations, set-ups, and procedures.',2019);
insert into digital_lib_book_author (digital_lib_book_fk, digital_lib_author_fk) values (183,616);
insert into digital_lib_book_tag (digital_lib_book_fk, digital_lib_tag_fk) values (183,210);
insert into digital_lib_book_tag (digital_lib_book_fk, digital_lib_tag_fk) values (183,1259);
insert into digital_lib_book_tag (digital_lib_book_fk, digital_lib_tag_fk) values (183,1401);
insert into digital_lib_book_tag (digital_lib_book_fk, digital_lib_tag_fk) values (183,376);
insert into digital_lib_book_tag (digital_lib_book_fk, digital_lib_tag_fk) values (183,786);
insert into digital_lib_book_tag (digital_lib_book_fk, digital_lib_tag_fk) values (183,2047);
insert into digital_lib_book_tag (digital_lib_book_fk, digital_lib_tag_fk) values (183,906);
insert into digital_lib_book_tag (digital_lib_book_fk, digital_lib_tag_fk) values (183,1427);
insert into digital_lib_book_publisher (digital_lib_book_fk, digital_lib_publisher_fk) values (183,208);
insert into digital_lib_category_book (digital_lib_book_fk, digital_lib_category_fk) values (183,3);
insert into digital_lib_category_book (digital_lib_book_fk, digital_lib_category_fk) values (183,40);
insert into digital_lib_book (digital_lib_book_id, title, description, issue_year) values (184,'Project Management from Simple to Complex','The book is written in collaboration by an expert in Project Management and an expert in writing instructional textbooks and using technology for communicating online to create a unique learning environment that prepares students to manage projects in a global, multicultural, and online environment.',2016);
insert into digital_lib_book_tag (digital_lib_book_fk, digital_lib_tag_fk) values (184,1472);
insert into digital_lib_book_tag (digital_lib_book_fk, digital_lib_tag_fk) values (184,1683);
insert into digital_lib_book_tag (digital_lib_book_fk, digital_lib_tag_fk) values (184,687);
insert into digital_lib_book_tag (digital_lib_book_fk, digital_lib_tag_fk) values (184,1349);
insert into digital_lib_book_tag (digital_lib_book_fk, digital_lib_tag_fk) values (184,202);
insert into digital_lib_book_tag (digital_lib_book_fk, digital_lib_tag_fk) values (184,564);
insert into digital_lib_book_publisher (digital_lib_book_fk, digital_lib_publisher_fk) values (184,112);
insert into digital_lib_category_book (digital_lib_book_fk, digital_lib_category_fk) values (184,3);
insert into digital_lib_category_book (digital_lib_book_fk, digital_lib_category_fk) values (184,40);
insert into digital_lib_book (digital_lib_book_id, title, description, issue_year) values (185,'Risk Management for Enterprises and Individuals','This book is intended for the Risk Management and Insurance course where Risk Management is emphasized.',2009);
insert into digital_lib_book_author (digital_lib_book_fk, digital_lib_author_fk) values (185,95);
insert into digital_lib_book_author (digital_lib_book_fk, digital_lib_author_fk) values (185,170);
insert into digital_lib_book_author (digital_lib_book_fk, digital_lib_author_fk) values (185,394);
insert into digital_lib_book_tag (digital_lib_book_fk, digital_lib_tag_fk) values (185,1724);
insert into digital_lib_book_tag (digital_lib_book_fk, digital_lib_tag_fk) values (185,2063);
insert into digital_lib_book_tag (digital_lib_book_fk, digital_lib_tag_fk) values (185,1180);
insert into digital_lib_book_tag (digital_lib_book_fk, digital_lib_tag_fk) values (185,1704);
insert into digital_lib_book_tag (digital_lib_book_fk, digital_lib_tag_fk) values (185,1450);
insert into digital_lib_book_tag (digital_lib_book_fk, digital_lib_tag_fk) values (185,439);
insert into digital_lib_book_tag (digital_lib_book_fk, digital_lib_tag_fk) values (185,2105);
insert into digital_lib_book_tag (digital_lib_book_fk, digital_lib_tag_fk) values (185,953);
insert into digital_lib_book_tag (digital_lib_book_fk, digital_lib_tag_fk) values (185,1445);
insert into digital_lib_book_tag (digital_lib_book_fk, digital_lib_tag_fk) values (185,570);
insert into digital_lib_book_publisher (digital_lib_book_fk, digital_lib_publisher_fk) values (185,49);
insert into digital_lib_category_book (digital_lib_book_fk, digital_lib_category_fk) values (185,3);
insert into digital_lib_category_book (digital_lib_book_fk, digital_lib_category_fk) values (185,40);
insert into digital_lib_book (digital_lib_book_id, title, description, issue_year) values (186,'Technical Mathematics','This developmental-level mathematics textbook is intended for career-technical students.',2021);
insert into digital_lib_book_author (digital_lib_book_fk, digital_lib_author_fk) values (186,826);
insert into digital_lib_book_tag (digital_lib_book_fk, digital_lib_tag_fk) values (186,2214);
insert into digital_lib_book_tag (digital_lib_book_fk, digital_lib_tag_fk) values (186,1616);
insert into digital_lib_book_tag (digital_lib_book_fk, digital_lib_tag_fk) values (186,1587);
insert into digital_lib_book_tag (digital_lib_book_fk, digital_lib_tag_fk) values (186,2027);
insert into digital_lib_book_tag (digital_lib_book_fk, digital_lib_tag_fk) values (186,1041);
insert into digital_lib_book_tag (digital_lib_book_fk, digital_lib_tag_fk) values (186,651);
insert into digital_lib_book_publisher (digital_lib_book_fk, digital_lib_publisher_fk) values (186,208);
insert into digital_lib_category_book (digital_lib_book_fk, digital_lib_category_fk) values (186,3);
insert into digital_lib_category_book (digital_lib_book_fk, digital_lib_category_fk) values (186,40);
insert into digital_lib_book (digital_lib_book_id, title, description, issue_year) values (187,'Technical Project Management in Living and Geometric Order - Third Edition','The Technical Project Management is designed to help students build on their past experiences and develop effective strategies for managing complex technical projects, with an emphasis on applying project management concepts to real-world problems.',2018);
insert into digital_lib_book_author (digital_lib_book_fk, digital_lib_author_fk) values (187,1194);
insert into digital_lib_book_author (digital_lib_book_fk, digital_lib_author_fk) values (187,910);
insert into digital_lib_book_author (digital_lib_book_fk, digital_lib_author_fk) values (187,433);
insert into digital_lib_book_author (digital_lib_book_fk, digital_lib_author_fk) values (187,460);
insert into digital_lib_book_tag (digital_lib_book_fk, digital_lib_tag_fk) values (187,1764);
insert into digital_lib_book_tag (digital_lib_book_fk, digital_lib_tag_fk) values (187,730);
insert into digital_lib_book_tag (digital_lib_book_fk, digital_lib_tag_fk) values (187,1648);
insert into digital_lib_book_tag (digital_lib_book_fk, digital_lib_tag_fk) values (187,1372);
insert into digital_lib_book_tag (digital_lib_book_fk, digital_lib_tag_fk) values (187,1300);
insert into digital_lib_book_tag (digital_lib_book_fk, digital_lib_tag_fk) values (187,2352);
insert into digital_lib_book_publisher (digital_lib_book_fk, digital_lib_publisher_fk) values (187,268);
insert into digital_lib_category_book (digital_lib_book_fk, digital_lib_category_fk) values (187,3);
insert into digital_lib_category_book (digital_lib_book_fk, digital_lib_category_fk) values (187,40);
insert into digital_lib_book (digital_lib_book_id, title, description, issue_year) values (188,'Algebra revised third edition','The present book is meant as a basic text for a one-year course in algebra, at the graduate level .',2002);
insert into digital_lib_book_author (digital_lib_book_fk, digital_lib_author_fk) values (188,446);
insert into digital_lib_book_tag (digital_lib_book_fk, digital_lib_tag_fk) values (188,1638);
insert into digital_lib_book_tag (digital_lib_book_fk, digital_lib_tag_fk) values (188,2263);
insert into digital_lib_book_tag (digital_lib_book_fk, digital_lib_tag_fk) values (188,346);
insert into digital_lib_book_publisher (digital_lib_book_fk, digital_lib_publisher_fk) values (188,14);
insert into digital_lib_book_publisher (digital_lib_book_fk, digital_lib_publisher_fk) values (188,114);
insert into digital_lib_category_book (digital_lib_book_fk, digital_lib_category_fk) values (188,3);
insert into digital_lib_category_book (digital_lib_book_fk, digital_lib_category_fk) values (188,40);
insert into digital_lib_book (digital_lib_book_id, title, description, issue_year) values (189,'A Primer on SQL (3rd Edition)','This book provides a tutorial on the syntax of SQL, so that the reader is able to recognize the parts of queries they encounter and even be able to write simple SQL statements and queries themselves. The book however is not intended as a reference work or for a full time database administrator since it does not have an exaustive topic coverage.This edition features a new chapter on subqueries and a few other changes suggested by readers.',2015);
insert into digital_lib_book_author (digital_lib_book_fk, digital_lib_author_fk) values (189,495);
insert into digital_lib_book_tag (digital_lib_book_fk, digital_lib_tag_fk) values (189,2388);
insert into digital_lib_book_tag (digital_lib_book_fk, digital_lib_tag_fk) values (189,2076);
insert into digital_lib_book_tag (digital_lib_book_fk, digital_lib_tag_fk) values (189,836);
insert into digital_lib_book_publisher (digital_lib_book_fk, digital_lib_publisher_fk) values (189,135);
insert into digital_lib_category_book (digital_lib_book_fk, digital_lib_category_fk) values (189,4);
insert into digital_lib_category_book (digital_lib_book_fk, digital_lib_category_fk) values (189,37);
insert into digital_lib_book (digital_lib_book_id, title, description, issue_year) values (190,'Data Mining for the Masses','The intent of this book is to introduce you to concepts and practices common in data mining. It is intended primarily for undergraduate college students and for business professionals who may be interested in using information systems and technologies to solve business problems by mining data, but who likely do not have a formal background or education in computer science.',2012);
insert into digital_lib_book_author (digital_lib_book_fk, digital_lib_author_fk) values (190,262);
insert into digital_lib_book_tag (digital_lib_book_fk, digital_lib_tag_fk) values (190,1891);
insert into digital_lib_book_tag (digital_lib_book_fk, digital_lib_tag_fk) values (190,2388);
insert into digital_lib_book_publisher (digital_lib_book_fk, digital_lib_publisher_fk) values (190,41);
insert into digital_lib_category_book (digital_lib_book_fk, digital_lib_category_fk) values (190,4);
insert into digital_lib_category_book (digital_lib_book_fk, digital_lib_category_fk) values (190,37);
insert into digital_lib_book (digital_lib_book_id, title, description, issue_year) values (191,'Database Design - 2nd Edition','Database Design - 2nd Edition covers database systems and database design concepts. New to this edition are SQL info, additional examples, key terms and review exercises at the end of each chapter.',2015);
insert into digital_lib_book_author (digital_lib_book_fk, digital_lib_author_fk) values (191,873);
insert into digital_lib_book_author (digital_lib_book_fk, digital_lib_author_fk) values (191,855);
insert into digital_lib_book_tag (digital_lib_book_fk, digital_lib_tag_fk) values (191,2388);
insert into digital_lib_book_tag (digital_lib_book_fk, digital_lib_tag_fk) values (191,2076);
insert into digital_lib_book_tag (digital_lib_book_fk, digital_lib_tag_fk) values (191,836);
insert into digital_lib_book_tag (digital_lib_book_fk, digital_lib_tag_fk) values (191,748);
insert into digital_lib_book_tag (digital_lib_book_fk, digital_lib_tag_fk) values (191,904);
insert into digital_lib_book_publisher (digital_lib_book_fk, digital_lib_publisher_fk) values (191,7);
insert into digital_lib_category_book (digital_lib_book_fk, digital_lib_category_fk) values (191,4);
insert into digital_lib_category_book (digital_lib_book_fk, digital_lib_category_fk) values (191,37);
insert into digital_lib_book (digital_lib_book_id, title, description, issue_year) values (192,'Measuring and Optimizing Database Security Operations: An Open Model','This project, started in 2008 by Securosis, seeks to offer a series of metrics through which to measure each of the areas that concern the field of security in this field. These have been designed to help the administrator better understand the security process inherent to a system in terms of its cost, efficiency and effectiveness.',2011);
insert into digital_lib_book_author (digital_lib_book_fk, digital_lib_author_fk) values (192,325);
insert into digital_lib_book_tag (digital_lib_book_fk, digital_lib_tag_fk) values (192,2388);
insert into digital_lib_book_tag (digital_lib_book_fk, digital_lib_tag_fk) values (192,2089);
insert into digital_lib_book_publisher (digital_lib_book_fk, digital_lib_publisher_fk) values (192,40);
insert into digital_lib_category_book (digital_lib_book_fk, digital_lib_category_fk) values (192,4);
insert into digital_lib_category_book (digital_lib_book_fk, digital_lib_category_fk) values (192,37);
insert into digital_lib_book (digital_lib_book_id, title, description, issue_year) values (193,'Effective and Efficient Similarity Search in Databases','This book provides exploration of similarity searches in databases, specifically the effectiveness and efficiency of the searches.',2013);
insert into digital_lib_book_author (digital_lib_book_fk, digital_lib_author_fk) values (193,778);
insert into digital_lib_book_tag (digital_lib_book_fk, digital_lib_tag_fk) values (193,2446);
insert into digital_lib_book_tag (digital_lib_book_fk, digital_lib_tag_fk) values (193,977);
insert into digital_lib_book_tag (digital_lib_book_fk, digital_lib_tag_fk) values (193,1260);
insert into digital_lib_book_tag (digital_lib_book_fk, digital_lib_tag_fk) values (193,2388);
insert into digital_lib_book_tag (digital_lib_book_fk, digital_lib_tag_fk) values (193,2408);
insert into digital_lib_book_publisher (digital_lib_book_fk, digital_lib_publisher_fk) values (193,209);
insert into digital_lib_category_book (digital_lib_book_fk, digital_lib_category_fk) values (193,4);
insert into digital_lib_category_book (digital_lib_book_fk, digital_lib_category_fk) values (193,37);
insert into digital_lib_book (digital_lib_book_id, title, description, issue_year) values (194,'Energy Efficient Servers Blueprints for Data Center Optimization','The book includes a deep examination ofpower management technologies and techniques used in energy efficient servers, especially different features used in processors, memory, interconnects, I/O devices, and other platform components.',2015);
insert into digital_lib_book_author (digital_lib_book_fk, digital_lib_author_fk) values (194,325);
insert into digital_lib_book_tag (digital_lib_book_fk, digital_lib_tag_fk) values (194,747);
insert into digital_lib_book_tag (digital_lib_book_fk, digital_lib_tag_fk) values (194,1260);
insert into digital_lib_book_tag (digital_lib_book_fk, digital_lib_tag_fk) values (194,1205);
insert into digital_lib_book_tag (digital_lib_book_fk, digital_lib_tag_fk) values (194,256);
insert into digital_lib_book_publisher (digital_lib_book_fk, digital_lib_publisher_fk) values (194,165);
insert into digital_lib_category_book (digital_lib_book_fk, digital_lib_category_fk) values (194,4);
insert into digital_lib_category_book (digital_lib_book_fk, digital_lib_category_fk) values (194,37);
insert into digital_lib_book (digital_lib_book_id, title, description, issue_year) values (195,'Microsoft SQL Server Notes for Professionals','This Microsoft SQL Server Notes for Professionals book is compiled from Stack Overflow Documentation, the content is written by the beautiful people at Stack Overflow.',2018);
insert into digital_lib_book_author (digital_lib_book_fk, digital_lib_author_fk) values (195,325);
insert into digital_lib_book_tag (digital_lib_book_fk, digital_lib_tag_fk) values (195,2388);
insert into digital_lib_book_tag (digital_lib_book_fk, digital_lib_tag_fk) values (195,2126);
insert into digital_lib_book_tag (digital_lib_book_fk, digital_lib_tag_fk) values (195,2076);
insert into digital_lib_book_tag (digital_lib_book_fk, digital_lib_tag_fk) values (195,836);
insert into digital_lib_book_publisher (digital_lib_book_fk, digital_lib_publisher_fk) values (195,22);
insert into digital_lib_category_book (digital_lib_book_fk, digital_lib_category_fk) values (195,4);
insert into digital_lib_category_book (digital_lib_book_fk, digital_lib_category_fk) values (195,37);
insert into digital_lib_book (digital_lib_book_id, title, description, issue_year) values (196,'Mining of Massive Datasets','Data Mining (DM) is the non-trivial extraction of information that resides implicitly in the data. This information was previously unknown and may be useful for a process. In other words, data mining prepares, probes and explores the data to extract the information hidden in it. This book allows you to understand the process better.',2011);
insert into digital_lib_book_author (digital_lib_book_fk, digital_lib_author_fk) values (196,78);
insert into digital_lib_book_author (digital_lib_book_fk, digital_lib_author_fk) values (196,584);
insert into digital_lib_book_tag (digital_lib_book_fk, digital_lib_tag_fk) values (196,1022);
insert into digital_lib_book_tag (digital_lib_book_fk, digital_lib_tag_fk) values (196,1891);
insert into digital_lib_book_tag (digital_lib_book_fk, digital_lib_tag_fk) values (196,318);
insert into digital_lib_book_publisher (digital_lib_book_fk, digital_lib_publisher_fk) values (196,240);
insert into digital_lib_category_book (digital_lib_book_fk, digital_lib_category_fk) values (196,4);
insert into digital_lib_category_book (digital_lib_book_fk, digital_lib_category_fk) values (196,37);
insert into digital_lib_book (digital_lib_book_id, title, description, issue_year) values (197,'MongoDB Use Cases','This reference guide shows different use cases for this system providing the interested party with examples on patterns, design and operations for developments with MongoDB.',2013);
insert into digital_lib_book_author (digital_lib_book_fk, digital_lib_author_fk) values (197,325);
insert into digital_lib_book_tag (digital_lib_book_fk, digital_lib_tag_fk) values (197,2388);
insert into digital_lib_book_tag (digital_lib_book_fk, digital_lib_tag_fk) values (197,1525);
insert into digital_lib_book_tag (digital_lib_book_fk, digital_lib_tag_fk) values (197,1229);
insert into digital_lib_book_publisher (digital_lib_book_fk, digital_lib_publisher_fk) values (197,240);
insert into digital_lib_category_book (digital_lib_book_fk, digital_lib_category_fk) values (197,4);
insert into digital_lib_category_book (digital_lib_book_fk, digital_lib_category_fk) values (197,37);
insert into digital_lib_book (digital_lib_book_id, title, description, issue_year) values (198,'The Little MongoDB Book','This reference guide shows different use cases for this system providing the interested party with examples on patterns, design and operations for developments with MongoDB.',2011);
insert into digital_lib_book_author (digital_lib_book_fk, digital_lib_author_fk) values (198,136);
insert into digital_lib_book_tag (digital_lib_book_fk, digital_lib_tag_fk) values (198,2388);
insert into digital_lib_book_tag (digital_lib_book_fk, digital_lib_tag_fk) values (198,1525);
insert into digital_lib_book_tag (digital_lib_book_fk, digital_lib_tag_fk) values (198,1966);
insert into digital_lib_book_publisher (digital_lib_book_fk, digital_lib_publisher_fk) values (198,240);
insert into digital_lib_category_book (digital_lib_book_fk, digital_lib_category_fk) values (198,4);
insert into digital_lib_category_book (digital_lib_book_fk, digital_lib_category_fk) values (198,37);
insert into digital_lib_book (digital_lib_book_id, title, description, issue_year) values (199,'MongoDB Notes for Professionals','This MongoDB Notes for Professionals book is compiled from Stack Overflow Documentation, the content is written by the beautiful people at Stack Overflow.',2018);
insert into digital_lib_book_author (digital_lib_book_fk, digital_lib_author_fk) values (199,325);
insert into digital_lib_book_tag (digital_lib_book_fk, digital_lib_tag_fk) values (199,2388);
insert into digital_lib_book_tag (digital_lib_book_fk, digital_lib_tag_fk) values (199,1966);
insert into digital_lib_book_tag (digital_lib_book_fk, digital_lib_tag_fk) values (199,893);
insert into digital_lib_book_tag (digital_lib_book_fk, digital_lib_tag_fk) values (199,1525);
insert into digital_lib_book_tag (digital_lib_book_fk, digital_lib_tag_fk) values (199,2076);
insert into digital_lib_book_publisher (digital_lib_book_fk, digital_lib_publisher_fk) values (199,22);
insert into digital_lib_category_book (digital_lib_book_fk, digital_lib_category_fk) values (199,4);
insert into digital_lib_category_book (digital_lib_book_fk, digital_lib_category_fk) values (199,37);
insert into digital_lib_book (digital_lib_book_id, title, description, issue_year) values (200,'MySQL Tutorial','This manual offers a quick overview of MySQL terminology, its installation, and the simplest queries.',2010);
insert into digital_lib_book_author (digital_lib_book_fk, digital_lib_author_fk) values (200,325);
insert into digital_lib_book_tag (digital_lib_book_fk, digital_lib_tag_fk) values (200,2388);
insert into digital_lib_book_tag (digital_lib_book_fk, digital_lib_tag_fk) values (200,404);
insert into digital_lib_book_tag (digital_lib_book_fk, digital_lib_tag_fk) values (200,2318);
insert into digital_lib_book_tag (digital_lib_book_fk, digital_lib_tag_fk) values (200,825);
insert into digital_lib_book_publisher (digital_lib_book_fk, digital_lib_publisher_fk) values (200,33);
insert into digital_lib_category_book (digital_lib_book_fk, digital_lib_category_fk) values (200,4);
insert into digital_lib_category_book (digital_lib_book_fk, digital_lib_category_fk) values (200,37);
insert into digital_lib_book (digital_lib_book_id, title, description, issue_year) values (201,'MySQL Notes for Professionals','This MySQL Notes for Professionals book is compiled from Stack Overflow Documentation, the content is written by the beautiful people at Stack Overflow.',2018);
insert into digital_lib_book_author (digital_lib_book_fk, digital_lib_author_fk) values (201,325);
insert into digital_lib_book_tag (digital_lib_book_fk, digital_lib_tag_fk) values (201,2388);
insert into digital_lib_book_tag (digital_lib_book_fk, digital_lib_tag_fk) values (201,2318);
insert into digital_lib_book_tag (digital_lib_book_fk, digital_lib_tag_fk) values (201,2076);
insert into digital_lib_book_tag (digital_lib_book_fk, digital_lib_tag_fk) values (201,836);
insert into digital_lib_book_publisher (digital_lib_book_fk, digital_lib_publisher_fk) values (201,22);
insert into digital_lib_category_book (digital_lib_book_fk, digital_lib_category_fk) values (201,4);
insert into digital_lib_category_book (digital_lib_book_fk, digital_lib_category_fk) values (201,37);
insert into digital_lib_book (digital_lib_book_id, title, description, issue_year) values (202,'NoSQL Technologies: Performance Characteristics and Monitoring','This book presents information about NoSQL technologies, specifically performance  characteristics and monitoring.',2012);
insert into digital_lib_book_author (digital_lib_book_fk, digital_lib_author_fk) values (202,325);
insert into digital_lib_book_tag (digital_lib_book_fk, digital_lib_tag_fk) values (202,2388);
insert into digital_lib_book_tag (digital_lib_book_fk, digital_lib_tag_fk) values (202,258);
insert into digital_lib_book_tag (digital_lib_book_fk, digital_lib_tag_fk) values (202,2055);
insert into digital_lib_book_tag (digital_lib_book_fk, digital_lib_tag_fk) values (202,1719);
insert into digital_lib_book_tag (digital_lib_book_fk, digital_lib_tag_fk) values (202,1213);
insert into digital_lib_book_publisher (digital_lib_book_fk, digital_lib_publisher_fk) values (202,131);
insert into digital_lib_category_book (digital_lib_book_fk, digital_lib_category_fk) values (202,4);
insert into digital_lib_category_book (digital_lib_book_fk, digital_lib_category_fk) values (202,37);
insert into digital_lib_book (digital_lib_book_id, title, description, issue_year) values (203,'Oracle Database Notes for Professionals','This Oracle Database Notes for Professionals book is compiled from Stack Overflow Documentation, the content is written by the beautiful people at Stack Overflow.',2018);
insert into digital_lib_book_author (digital_lib_book_fk, digital_lib_author_fk) values (203,325);
insert into digital_lib_book_tag (digital_lib_book_fk, digital_lib_tag_fk) values (203,2388);
insert into digital_lib_book_tag (digital_lib_book_fk, digital_lib_tag_fk) values (203,1984);
insert into digital_lib_book_tag (digital_lib_book_fk, digital_lib_tag_fk) values (203,2076);
insert into digital_lib_book_publisher (digital_lib_book_fk, digital_lib_publisher_fk) values (203,22);
insert into digital_lib_category_book (digital_lib_book_fk, digital_lib_category_fk) values (203,4);
insert into digital_lib_category_book (digital_lib_book_fk, digital_lib_category_fk) values (203,37);
insert into digital_lib_book (digital_lib_book_id, title, description, issue_year) values (204,'Readings in Database Systems 5th edition','This collection has a goal to surface important long-term lessons and foundational designs, and highlight the new ideas we believe are most novel and relevant. It was done through a mix of classic, traditional papers from the early database literature as well as papers that have been most influential in recent developments, including transaction processing, query processing, advanced analytics, Web data, and language design.',2015);
insert into digital_lib_book_author (digital_lib_book_fk, digital_lib_author_fk) values (204,325);
insert into digital_lib_book_tag (digital_lib_book_fk, digital_lib_tag_fk) values (204,2388);
insert into digital_lib_book_tag (digital_lib_book_fk, digital_lib_tag_fk) values (204,404);
insert into digital_lib_book_tag (digital_lib_book_fk, digital_lib_tag_fk) values (204,825);
insert into digital_lib_book_tag (digital_lib_book_fk, digital_lib_tag_fk) values (204,836);
insert into digital_lib_book_publisher (digital_lib_book_fk, digital_lib_publisher_fk) values (204,258);
insert into digital_lib_category_book (digital_lib_book_fk, digital_lib_category_fk) values (204,4);
insert into digital_lib_category_book (digital_lib_book_fk, digital_lib_category_fk) values (204,37);
insert into digital_lib_book (digital_lib_book_id, title, description, issue_year) values (205,'SQL injection','SQL injection is an intrusive code infiltration method that uses a computer vulnerability present in an application at the input validation level to query a database. This book brings the concept closer to the readers.',2011);
insert into digital_lib_book_author (digital_lib_book_fk, digital_lib_author_fk) values (205,352);
insert into digital_lib_book_tag (digital_lib_book_fk, digital_lib_tag_fk) values (205,261);
insert into digital_lib_book_tag (digital_lib_book_fk, digital_lib_tag_fk) values (205,349);
insert into digital_lib_book_tag (digital_lib_book_fk, digital_lib_tag_fk) values (205,2089);
insert into digital_lib_book_tag (digital_lib_book_fk, digital_lib_tag_fk) values (205,836);
insert into digital_lib_book_tag (digital_lib_book_fk, digital_lib_tag_fk) values (205,1651);
insert into digital_lib_book_publisher (digital_lib_book_fk, digital_lib_publisher_fk) values (205,258);
insert into digital_lib_category_book (digital_lib_book_fk, digital_lib_category_fk) values (205,4);
insert into digital_lib_category_book (digital_lib_book_fk, digital_lib_category_fk) values (205,37);
insert into digital_lib_book (digital_lib_book_id, title, description, issue_year) values (206,'SQL Tutorial','The following document can be used as a quick reference for the main queries and relationships that can be established between databases.',2010);
insert into digital_lib_book_author (digital_lib_book_fk, digital_lib_author_fk) values (206,325);
insert into digital_lib_book_tag (digital_lib_book_fk, digital_lib_tag_fk) values (206,2388);
insert into digital_lib_book_tag (digital_lib_book_fk, digital_lib_tag_fk) values (206,404);
insert into digital_lib_book_tag (digital_lib_book_fk, digital_lib_tag_fk) values (206,836);
insert into digital_lib_book_publisher (digital_lib_book_fk, digital_lib_publisher_fk) values (206,33);
insert into digital_lib_category_book (digital_lib_book_fk, digital_lib_category_fk) values (206,4);
insert into digital_lib_category_book (digital_lib_book_fk, digital_lib_category_fk) values (206,37);
insert into digital_lib_book (digital_lib_book_id, title, description, issue_year) values (207,'SQL Notes for Professionals','This SQL Notes for Professionals book is compiled from Stack Overflow Documentation, the content is written by the beautiful people at Stack Overflow.',2018);
insert into digital_lib_book_author (digital_lib_book_fk, digital_lib_author_fk) values (207,325);
insert into digital_lib_book_tag (digital_lib_book_fk, digital_lib_tag_fk) values (207,2388);
insert into digital_lib_book_tag (digital_lib_book_fk, digital_lib_tag_fk) values (207,404);
insert into digital_lib_book_tag (digital_lib_book_fk, digital_lib_tag_fk) values (207,836);
insert into digital_lib_book_tag (digital_lib_book_fk, digital_lib_tag_fk) values (207,2076);
insert into digital_lib_book_publisher (digital_lib_book_fk, digital_lib_publisher_fk) values (207,22);
insert into digital_lib_category_book (digital_lib_book_fk, digital_lib_category_fk) values (207,4);
insert into digital_lib_category_book (digital_lib_book_fk, digital_lib_category_fk) values (207,37);
insert into digital_lib_book (digital_lib_book_id, title, description, issue_year) values (208,'How to create Web sites and applications with HTML, CSS, Javascript, PHP and MySQL','The Web Book covers all the technologies that are necessary for the development of complex Web sites, whether they are static or dynamic. In addition to thisit teaches you the most current methods. Follow their instructions and you can rest assured that you are taking the right steps towards a job well done. Programming fashions change frequently and this book can proudly say that it is up to date with the most innovative.',2010);
insert into digital_lib_book_author (digital_lib_book_fk, digital_lib_author_fk) values (208,214);
insert into digital_lib_book_tag (digital_lib_book_fk, digital_lib_tag_fk) values (208,1026);
insert into digital_lib_book_tag (digital_lib_book_fk, digital_lib_tag_fk) values (208,1635);
insert into digital_lib_book_tag (digital_lib_book_fk, digital_lib_tag_fk) values (208,893);
insert into digital_lib_book_tag (digital_lib_book_fk, digital_lib_tag_fk) values (208,1058);
insert into digital_lib_book_tag (digital_lib_book_fk, digital_lib_tag_fk) values (208,1146);
insert into digital_lib_book_tag (digital_lib_book_fk, digital_lib_tag_fk) values (208,1086);
insert into digital_lib_book_tag (digital_lib_book_fk, digital_lib_tag_fk) values (208,942);
insert into digital_lib_book_tag (digital_lib_book_fk, digital_lib_tag_fk) values (208,1279);
insert into digital_lib_book_publisher (digital_lib_book_fk, digital_lib_publisher_fk) values (208,258);
insert into digital_lib_category_book (digital_lib_book_fk, digital_lib_category_fk) values (208,4);
insert into digital_lib_category_book (digital_lib_book_fk, digital_lib_category_fk) values (208,37);
insert into digital_lib_book (digital_lib_book_id, title, description, issue_year) values (209,'704 Electronic Data-Processing Machine','This operator\`s manual shows us what the technicians of the time had to work with in what shows today as a jewel as far as the History of Computing is concerned. The book collects aspects such as the details of your CPU, instructions, process diagrams, components such as punch cards and magnetic units, peripherals and an introduction to symbolic programming.',1955);
insert into digital_lib_book_author (digital_lib_book_fk, digital_lib_author_fk) values (209,325);
insert into digital_lib_book_tag (digital_lib_book_fk, digital_lib_tag_fk) values (209,1345);
insert into digital_lib_book_tag (digital_lib_book_fk, digital_lib_tag_fk) values (209,1215);
insert into digital_lib_book_tag (digital_lib_book_fk, digital_lib_tag_fk) values (209,1369);
insert into digital_lib_book_tag (digital_lib_book_fk, digital_lib_tag_fk) values (209,125);
insert into digital_lib_book_tag (digital_lib_book_fk, digital_lib_tag_fk) values (209,2076);
insert into digital_lib_book_publisher (digital_lib_book_fk, digital_lib_publisher_fk) values (209,199);
insert into digital_lib_category_book (digital_lib_book_fk, digital_lib_category_fk) values (209,4);
insert into digital_lib_category_book (digital_lib_book_fk, digital_lib_category_fk) values (209,33);
insert into digital_lib_book (digital_lib_book_id, title, description, issue_year) values (210,'Arduino Programming Notebook','This bookis a beginner\`s reference to the programming syntax of the Arduino microcontroller and it includes information on program structure, variables, datatypes, arithmetic, constants, flow control, and most of the common functions of the core library. It also includes an appendix with schematics and simple programs for several common tasks.',2007);
insert into digital_lib_book_author (digital_lib_book_fk, digital_lib_author_fk) values (210,613);
insert into digital_lib_book_tag (digital_lib_book_fk, digital_lib_tag_fk) values (210,402);
insert into digital_lib_book_tag (digital_lib_book_fk, digital_lib_tag_fk) values (210,645);
insert into digital_lib_book_tag (digital_lib_book_fk, digital_lib_tag_fk) values (210,2076);
insert into digital_lib_book_tag (digital_lib_book_fk, digital_lib_tag_fk) values (210,680);
insert into digital_lib_book_publisher (digital_lib_book_fk, digital_lib_publisher_fk) values (210,258);
insert into digital_lib_category_book (digital_lib_book_fk, digital_lib_category_fk) values (210,4);
insert into digital_lib_category_book (digital_lib_book_fk, digital_lib_category_fk) values (210,33);
insert into digital_lib_book (digital_lib_book_id, title, description, issue_year) values (211,'Arduino in a Nutshell','This book will get you started quickly with the Arduino, a family of microcontroller boards used by artist, hackers, hobbyists and other professionals.',2015);
insert into digital_lib_book_author (digital_lib_book_fk, digital_lib_author_fk) values (211,761);
insert into digital_lib_book_tag (digital_lib_book_fk, digital_lib_tag_fk) values (211,402);
insert into digital_lib_book_tag (digital_lib_book_fk, digital_lib_tag_fk) values (211,645);
insert into digital_lib_book_tag (digital_lib_book_fk, digital_lib_tag_fk) values (211,2076);
insert into digital_lib_book_tag (digital_lib_book_fk, digital_lib_tag_fk) values (211,680);
insert into digital_lib_book_publisher (digital_lib_book_fk, digital_lib_publisher_fk) values (211,258);
insert into digital_lib_category_book (digital_lib_book_fk, digital_lib_category_fk) values (211,4);
insert into digital_lib_category_book (digital_lib_book_fk, digital_lib_category_fk) values (211,33);
insert into digital_lib_book (digital_lib_book_id, title, description, issue_year) values (212,'Arduino Projects Book','This book will get you started quickly with the Arduino, a family of microcontroller boards used by artist, hackers, hobbyists and other professionals.',2012);
insert into digital_lib_book_author (digital_lib_book_fk, digital_lib_author_fk) values (212,1008);
insert into digital_lib_book_tag (digital_lib_book_fk, digital_lib_tag_fk) values (212,402);
insert into digital_lib_book_tag (digital_lib_book_fk, digital_lib_tag_fk) values (212,645);
insert into digital_lib_book_tag (digital_lib_book_fk, digital_lib_tag_fk) values (212,2076);
insert into digital_lib_book_tag (digital_lib_book_fk, digital_lib_tag_fk) values (212,680);
insert into digital_lib_book_publisher (digital_lib_book_fk, digital_lib_publisher_fk) values (212,66);
insert into digital_lib_category_book (digital_lib_book_fk, digital_lib_category_fk) values (212,4);
insert into digital_lib_category_book (digital_lib_book_fk, digital_lib_category_fk) values (212,33);
insert into digital_lib_book (digital_lib_book_id, title, description, issue_year) values (213,'Arduino Tips, Tricks, and Techniques','This book will get you started quickly with the Arduino, a family of microcontroller boards used by artist, hackers, hobbyists and other professionals.',2013);
insert into digital_lib_book_author (digital_lib_book_fk, digital_lib_author_fk) values (213,278);
insert into digital_lib_book_tag (digital_lib_book_fk, digital_lib_tag_fk) values (213,402);
insert into digital_lib_book_tag (digital_lib_book_fk, digital_lib_tag_fk) values (213,645);
insert into digital_lib_book_tag (digital_lib_book_fk, digital_lib_tag_fk) values (213,2076);
insert into digital_lib_book_tag (digital_lib_book_fk, digital_lib_tag_fk) values (213,680);
insert into digital_lib_book_tag (digital_lib_book_fk, digital_lib_tag_fk) values (213,1982);
insert into digital_lib_book_publisher (digital_lib_book_fk, digital_lib_publisher_fk) values (213,258);
insert into digital_lib_category_book (digital_lib_book_fk, digital_lib_category_fk) values (213,4);
insert into digital_lib_category_book (digital_lib_book_fk, digital_lib_category_fk) values (213,33);
insert into digital_lib_book (digital_lib_book_id, title, description, issue_year) values (214,'Raspberry PI: Beginner\`s Book','The official Raspberry Pi Beginner’s book comes with everything you need to get started with Raspberry Pi today (hardware not included with the digital edition). This 116-page book is packed with beginner’s guides to help you master your new Raspberry Pi!',2017);
insert into digital_lib_book_author (digital_lib_book_fk, digital_lib_author_fk) values (214,1196);
insert into digital_lib_book_tag (digital_lib_book_fk, digital_lib_tag_fk) values (214,402);
insert into digital_lib_book_tag (digital_lib_book_fk, digital_lib_tag_fk) values (214,2119);
insert into digital_lib_book_tag (digital_lib_book_fk, digital_lib_tag_fk) values (214,645);
insert into digital_lib_book_tag (digital_lib_book_fk, digital_lib_tag_fk) values (214,2076);
insert into digital_lib_book_tag (digital_lib_book_fk, digital_lib_tag_fk) values (214,899);
insert into digital_lib_book_tag (digital_lib_book_fk, digital_lib_tag_fk) values (214,743);
insert into digital_lib_book_tag (digital_lib_book_fk, digital_lib_tag_fk) values (214,680);
insert into digital_lib_book_publisher (digital_lib_book_fk, digital_lib_publisher_fk) values (214,223);
insert into digital_lib_category_book (digital_lib_book_fk, digital_lib_category_fk) values (214,4);
insert into digital_lib_category_book (digital_lib_book_fk, digital_lib_category_fk) values (214,33);
insert into digital_lib_book (digital_lib_book_id, title, description, issue_year) values (215,'How To Build A Gaming PC','This guide will show you how to select the most important components for a gamer on a budget, paying special attention to the purposes of each.',2012);
insert into digital_lib_book_author (digital_lib_book_fk, digital_lib_author_fk) values (215,200);
insert into digital_lib_book_tag (digital_lib_book_fk, digital_lib_tag_fk) values (215,1052);
insert into digital_lib_book_tag (digital_lib_book_fk, digital_lib_tag_fk) values (215,571);
insert into digital_lib_book_publisher (digital_lib_book_fk, digital_lib_publisher_fk) values (215,37);
insert into digital_lib_category_book (digital_lib_book_fk, digital_lib_category_fk) values (215,4);
insert into digital_lib_category_book (digital_lib_book_fk, digital_lib_category_fk) values (215,33);
insert into digital_lib_book (digital_lib_book_id, title, description, issue_year) values (216,'Computer Organization and Design Fundamentals: Examining Computer Hardware from the Bottom to the Top','This book will get you started with computer hardware and allow you to approach computer organization and design fundamentals with self-confidence.',2007);
insert into digital_lib_book_author (digital_lib_book_fk, digital_lib_author_fk) values (216,1099);
insert into digital_lib_book_tag (digital_lib_book_fk, digital_lib_tag_fk) values (216,1333);
insert into digital_lib_book_tag (digital_lib_book_fk, digital_lib_tag_fk) values (216,2303);
insert into digital_lib_book_tag (digital_lib_book_fk, digital_lib_tag_fk) values (216,645);
insert into digital_lib_book_tag (digital_lib_book_fk, digital_lib_tag_fk) values (216,1914);
insert into digital_lib_book_tag (digital_lib_book_fk, digital_lib_tag_fk) values (216,1041);
insert into digital_lib_book_tag (digital_lib_book_fk, digital_lib_tag_fk) values (216,1309);
insert into digital_lib_book_publisher (digital_lib_book_fk, digital_lib_publisher_fk) values (216,258);
insert into digital_lib_category_book (digital_lib_book_fk, digital_lib_category_fk) values (216,4);
insert into digital_lib_category_book (digital_lib_book_fk, digital_lib_category_fk) values (216,33);
insert into digital_lib_book (digital_lib_book_id, title, description, issue_year) values (217,'Data Storage','This book presents several advances in different areas of research related to data storage, recording and erasure.All the storage systems have been thoroughly investigated and the conclusions reached in this book.',2010);
insert into digital_lib_book_author (digital_lib_book_fk, digital_lib_author_fk) values (217,1108);
insert into digital_lib_book_tag (digital_lib_book_fk, digital_lib_tag_fk) values (217,1806);
insert into digital_lib_book_tag (digital_lib_book_fk, digital_lib_tag_fk) values (217,645);
insert into digital_lib_book_tag (digital_lib_book_fk, digital_lib_tag_fk) values (217,22);
insert into digital_lib_book_tag (digital_lib_book_fk, digital_lib_tag_fk) values (217,391);
insert into digital_lib_book_tag (digital_lib_book_fk, digital_lib_tag_fk) values (217,1960);
insert into digital_lib_book_tag (digital_lib_book_fk, digital_lib_tag_fk) values (217,912);
insert into digital_lib_book_publisher (digital_lib_book_fk, digital_lib_publisher_fk) values (217,243);
insert into digital_lib_category_book (digital_lib_book_fk, digital_lib_category_fk) values (217,4);
insert into digital_lib_category_book (digital_lib_book_fk, digital_lib_category_fk) values (217,33);
insert into digital_lib_book (digital_lib_book_id, title, description, issue_year) values (218,'Design and build a Raspberry Pi robot','This project is designed as a way of learning physical computing (the combination of computer programming with electronic circuits) in a fun way. This guide is a detailed guide intended for young makers, teachers, computing or STEM club leaders, or parents.',2014);
insert into digital_lib_book_author (digital_lib_book_fk, digital_lib_author_fk) values (218,669);
insert into digital_lib_book_tag (digital_lib_book_fk, digital_lib_tag_fk) values (218,1444);
insert into digital_lib_book_tag (digital_lib_book_fk, digital_lib_tag_fk) values (218,2076);
insert into digital_lib_book_tag (digital_lib_book_fk, digital_lib_tag_fk) values (218,1229);
insert into digital_lib_book_tag (digital_lib_book_fk, digital_lib_tag_fk) values (218,1153);
insert into digital_lib_book_tag (digital_lib_book_fk, digital_lib_tag_fk) values (218,1867);
insert into digital_lib_book_publisher (digital_lib_book_fk, digital_lib_publisher_fk) values (218,258);
insert into digital_lib_category_book (digital_lib_book_fk, digital_lib_category_fk) values (218,4);
insert into digital_lib_category_book (digital_lib_book_fk, digital_lib_category_fk) values (218,33);
insert into digital_lib_book (digital_lib_book_id, title, description, issue_year) values (219,'Discovering the STM32 Microcontroller','This book is intended as a hands-on manual for learning how to design systems using the STM32 F1 family of micro-controllers. The focus of this book is on developing code to utilize the various peripherals available in STM32 F1 micro-controllers and in particular the STM32VL Discovery board.',2016);
insert into digital_lib_book_author (digital_lib_book_fk, digital_lib_author_fk) values (219,181);
insert into digital_lib_book_tag (digital_lib_book_fk, digital_lib_tag_fk) values (219,402);
insert into digital_lib_book_tag (digital_lib_book_fk, digital_lib_tag_fk) values (219,1444);
insert into digital_lib_book_tag (digital_lib_book_fk, digital_lib_tag_fk) values (219,645);
insert into digital_lib_book_tag (digital_lib_book_fk, digital_lib_tag_fk) values (219,1715);
insert into digital_lib_book_tag (digital_lib_book_fk, digital_lib_tag_fk) values (219,888);
insert into digital_lib_book_tag (digital_lib_book_fk, digital_lib_tag_fk) values (219,2076);
insert into digital_lib_book_tag (digital_lib_book_fk, digital_lib_tag_fk) values (219,556);
insert into digital_lib_book_publisher (digital_lib_book_fk, digital_lib_publisher_fk) values (219,258);
insert into digital_lib_category_book (digital_lib_book_fk, digital_lib_category_fk) values (219,4);
insert into digital_lib_category_book (digital_lib_book_fk, digital_lib_category_fk) values (219,33);
insert into digital_lib_book (digital_lib_book_id, title, description, issue_year) values (220,'Embedded Firmware Solutions','Embedded Firmware Solutions is the perfect introduction and daily-use field guide--for the thousands of firmware designers, hardware engineers, architects, managers, and developers--to Intel’s new firmware direction (including Quark coverage), showing how to integrate Intel® Architecture designs into their plans.',2015);
insert into digital_lib_book_author (digital_lib_book_fk, digital_lib_author_fk) values (220,606);
insert into digital_lib_book_author (digital_lib_book_fk, digital_lib_author_fk) values (220,927);
insert into digital_lib_book_author (digital_lib_book_fk, digital_lib_author_fk) values (220,6);
insert into digital_lib_book_author (digital_lib_book_fk, digital_lib_author_fk) values (220,1022);
insert into digital_lib_book_tag (digital_lib_book_fk, digital_lib_tag_fk) values (220,2062);
insert into digital_lib_book_tag (digital_lib_book_fk, digital_lib_tag_fk) values (220,645);
insert into digital_lib_book_tag (digital_lib_book_fk, digital_lib_tag_fk) values (220,1137);
insert into digital_lib_book_tag (digital_lib_book_fk, digital_lib_tag_fk) values (220,1186);
insert into digital_lib_book_publisher (digital_lib_book_fk, digital_lib_publisher_fk) values (220,165);
insert into digital_lib_category_book (digital_lib_book_fk, digital_lib_category_fk) values (220,4);
insert into digital_lib_category_book (digital_lib_book_fk, digital_lib_category_fk) values (220,33);
insert into digital_lib_book (digital_lib_book_id, title, description, issue_year) values (221,'Laboratory Manual for Embedded Controllers Using C and Arduino / 2E','This manual is intended for use in an introductory microprocessor or embedded controller course and is appropriate for two and four year electrical engineering technology curriculums. It utilizes the C programming language and the inexpensive, open-source Arduino hardware platform, specifically, the Arduino Uno which uses an Atmel ATmega 328P processor.',2018);
insert into digital_lib_book_author (digital_lib_book_fk, digital_lib_author_fk) values (221,358);
insert into digital_lib_book_tag (digital_lib_book_fk, digital_lib_tag_fk) values (221,2048);
insert into digital_lib_book_tag (digital_lib_book_fk, digital_lib_tag_fk) values (221,1839);
insert into digital_lib_book_tag (digital_lib_book_fk, digital_lib_tag_fk) values (221,645);
insert into digital_lib_book_publisher (digital_lib_book_fk, digital_lib_publisher_fk) values (221,258);
insert into digital_lib_category_book (digital_lib_book_fk, digital_lib_category_fk) values (221,4);
insert into digital_lib_category_book (digital_lib_book_fk, digital_lib_category_fk) values (221,33);
insert into digital_lib_book (digital_lib_book_id, title, description, issue_year) values (222,'The MagPi Essentials: The Camera Module Guide','The Camera Module is one of the most popular add-ons for the Raspberry Pi and turns your favourite credit card-sized computer into a powerful digital camera.',2017);
insert into digital_lib_book_author (digital_lib_book_fk, digital_lib_author_fk) values (222,832);
insert into digital_lib_book_tag (digital_lib_book_fk, digital_lib_tag_fk) values (222,2119);
insert into digital_lib_book_tag (digital_lib_book_fk, digital_lib_tag_fk) values (222,2076);
insert into digital_lib_book_tag (digital_lib_book_fk, digital_lib_tag_fk) values (222,1229);
insert into digital_lib_book_tag (digital_lib_book_fk, digital_lib_tag_fk) values (222,1417);
insert into digital_lib_book_publisher (digital_lib_book_fk, digital_lib_publisher_fk) values (222,223);
insert into digital_lib_category_book (digital_lib_book_fk, digital_lib_category_fk) values (222,4);
insert into digital_lib_category_book (digital_lib_book_fk, digital_lib_category_fk) values (222,33);
insert into digital_lib_book (digital_lib_book_id, title, description, issue_year) values (223,'Hacking the Xbox','This book focuses on an introduction to basic hacking, soldering, reverse engineering, and debugging techniques for the novice, and provides hardware and knowledge references that may be useful to more experienced hackers.',2013);
insert into digital_lib_book_author (digital_lib_book_fk, digital_lib_author_fk) values (223,1124);
insert into digital_lib_book_tag (digital_lib_book_fk, digital_lib_tag_fk) values (223,261);
insert into digital_lib_book_tag (digital_lib_book_fk, digital_lib_tag_fk) values (223,645);
insert into digital_lib_book_tag (digital_lib_book_fk, digital_lib_tag_fk) values (223,706);
insert into digital_lib_book_tag (digital_lib_book_fk, digital_lib_tag_fk) values (223,1496);
insert into digital_lib_book_publisher (digital_lib_book_fk, digital_lib_publisher_fk) values (223,196);
insert into digital_lib_category_book (digital_lib_book_fk, digital_lib_category_fk) values (223,4);
insert into digital_lib_category_book (digital_lib_book_fk, digital_lib_category_fk) values (223,33);
insert into digital_lib_book (digital_lib_book_id, title, description, issue_year) values (224,'Introduction to Arduino: A piece of cake!','The purpose of this book is to get you started on the road to creating things using micro-controllers. The focus is on the practical use of the the theory here.',2011);
insert into digital_lib_book_author (digital_lib_book_fk, digital_lib_author_fk) values (224,131);
insert into digital_lib_book_tag (digital_lib_book_fk, digital_lib_tag_fk) values (224,402);
insert into digital_lib_book_tag (digital_lib_book_fk, digital_lib_tag_fk) values (224,2119);
insert into digital_lib_book_tag (digital_lib_book_fk, digital_lib_tag_fk) values (224,645);
insert into digital_lib_book_tag (digital_lib_book_fk, digital_lib_tag_fk) values (224,1715);
insert into digital_lib_book_tag (digital_lib_book_fk, digital_lib_tag_fk) values (224,888);
insert into digital_lib_book_tag (digital_lib_book_fk, digital_lib_tag_fk) values (224,743);
insert into digital_lib_book_tag (digital_lib_book_fk, digital_lib_tag_fk) values (224,328);
insert into digital_lib_book_tag (digital_lib_book_fk, digital_lib_tag_fk) values (224,680);
insert into digital_lib_book_publisher (digital_lib_book_fk, digital_lib_publisher_fk) values (224,258);
insert into digital_lib_category_book (digital_lib_book_fk, digital_lib_category_fk) values (224,4);
insert into digital_lib_category_book (digital_lib_book_fk, digital_lib_category_fk) values (224,33);
insert into digital_lib_book (digital_lib_book_id, title, description, issue_year) values (225,'Internet of Things in 5 days','The "IoT in five days" book is in active development by a joint effort from both academia and industrial collaborators, acknowledging that the Internet of Things of the future will be built on top of scalable and mature protocols, such as IPv6, 6LoWPAN and IEEE 802.15.4.',2016);
insert into digital_lib_book_author (digital_lib_book_fk, digital_lib_author_fk) values (225,145);
insert into digital_lib_book_author (digital_lib_book_fk, digital_lib_author_fk) values (225,235);
insert into digital_lib_book_author (digital_lib_book_fk, digital_lib_author_fk) values (225,280);
insert into digital_lib_book_author (digital_lib_book_fk, digital_lib_author_fk) values (225,270);
insert into digital_lib_book_author (digital_lib_book_fk, digital_lib_author_fk) values (225,1113);
insert into digital_lib_book_tag (digital_lib_book_fk, digital_lib_tag_fk) values (225,645);
insert into digital_lib_book_tag (digital_lib_book_fk, digital_lib_tag_fk) values (225,155);
insert into digital_lib_book_tag (digital_lib_book_fk, digital_lib_tag_fk) values (225,30);
insert into digital_lib_book_tag (digital_lib_book_fk, digital_lib_tag_fk) values (225,2049);
insert into digital_lib_book_tag (digital_lib_book_fk, digital_lib_tag_fk) values (225,1235);
insert into digital_lib_book_tag (digital_lib_book_fk, digital_lib_tag_fk) values (225,1879);
insert into digital_lib_book_tag (digital_lib_book_fk, digital_lib_tag_fk) values (225,1014);
insert into digital_lib_book_publisher (digital_lib_book_fk, digital_lib_publisher_fk) values (225,258);
insert into digital_lib_category_book (digital_lib_book_fk, digital_lib_category_fk) values (225,4);
insert into digital_lib_category_book (digital_lib_book_fk, digital_lib_category_fk) values (225,33);
insert into digital_lib_book (digital_lib_book_id, title, description, issue_year) values (226,'The official Raspberry Pi Projects Book Vol4','The fourth edition of the official Raspberry Pi Projects book is filled with yet another 200 pages of inspiring projects, practical tutorials, and definitive reviews on the use of RaspberryPi.',2018);
insert into digital_lib_book_author (digital_lib_book_fk, digital_lib_author_fk) values (226,325);
insert into digital_lib_book_tag (digital_lib_book_fk, digital_lib_tag_fk) values (226,750);
insert into digital_lib_book_tag (digital_lib_book_fk, digital_lib_tag_fk) values (226,1128);
insert into digital_lib_book_tag (digital_lib_book_fk, digital_lib_tag_fk) values (226,2076);
insert into digital_lib_book_tag (digital_lib_book_fk, digital_lib_tag_fk) values (226,680);
insert into digital_lib_book_publisher (digital_lib_book_fk, digital_lib_publisher_fk) values (226,223);
insert into digital_lib_category_book (digital_lib_book_fk, digital_lib_category_fk) values (226,4);
insert into digital_lib_category_book (digital_lib_book_fk, digital_lib_category_fk) values (226,33);
insert into digital_lib_book (digital_lib_book_id, title, description, issue_year) values (227,'Old computer, new life: Restoring old hardware with Ubuntu','This guide exemplifies the use of Ubuntu for the type of computer in which a Windows-type system can be excessively heavy.',2012);
insert into digital_lib_book_author (digital_lib_book_fk, digital_lib_author_fk) values (227,989);
insert into digital_lib_book_tag (digital_lib_book_fk, digital_lib_tag_fk) values (227,2308);
insert into digital_lib_book_tag (digital_lib_book_fk, digital_lib_tag_fk) values (227,645);
insert into digital_lib_book_tag (digital_lib_book_fk, digital_lib_tag_fk) values (227,177);
insert into digital_lib_book_tag (digital_lib_book_fk, digital_lib_tag_fk) values (227,817);
insert into digital_lib_book_publisher (digital_lib_book_fk, digital_lib_publisher_fk) values (227,37);
insert into digital_lib_category_book (digital_lib_book_fk, digital_lib_category_fk) values (227,4);
insert into digital_lib_category_book (digital_lib_book_fk, digital_lib_category_fk) values (227,33);
insert into digital_lib_book (digital_lib_book_id, title, description, issue_year) values (228,'Open Softwear: Fashionable prototyping and wearable computing using the Arduino','Open Softwear is a book where fashion and technology merge. Its pages are just an introduction to what may become a revolutionary trend in the textile industry. The authors of this book demonstrate some of the countless applications that technology can have, and they do it hand in hand with this true machine for generating applications called Arduino.',2012);
insert into digital_lib_book_author (digital_lib_book_fk, digital_lib_author_fk) values (228,650);
insert into digital_lib_book_author (digital_lib_book_fk, digital_lib_author_fk) values (228,882);
insert into digital_lib_book_author (digital_lib_book_fk, digital_lib_author_fk) values (228,461);
insert into digital_lib_book_author (digital_lib_book_fk, digital_lib_author_fk) values (228,24);
insert into digital_lib_book_tag (digital_lib_book_fk, digital_lib_tag_fk) values (228,2076);
insert into digital_lib_book_tag (digital_lib_book_fk, digital_lib_tag_fk) values (228,645);
insert into digital_lib_book_tag (digital_lib_book_fk, digital_lib_tag_fk) values (228,643);
insert into digital_lib_book_tag (digital_lib_book_fk, digital_lib_tag_fk) values (228,328);
insert into digital_lib_book_tag (digital_lib_book_fk, digital_lib_tag_fk) values (228,827);
insert into digital_lib_book_tag (digital_lib_book_fk, digital_lib_tag_fk) values (228,680);
insert into digital_lib_book_publisher (digital_lib_book_fk, digital_lib_publisher_fk) values (228,240);
insert into digital_lib_category_book (digital_lib_book_fk, digital_lib_category_fk) values (228,4);
insert into digital_lib_category_book (digital_lib_book_fk, digital_lib_category_fk) values (228,33);
insert into digital_lib_book (digital_lib_book_id, title, description, issue_year) values (229,'The official Raspberry Pi Projects Book Vol2','Volume 2 of the official Raspberry Pi Projects Book is here with another 200 pages of ideas, inspiration and guides to help you with your next Raspberry Pi project!',2017);
insert into digital_lib_book_author (digital_lib_book_fk, digital_lib_author_fk) values (229,1196);
insert into digital_lib_book_author (digital_lib_book_fk, digital_lib_author_fk) values (229,744);
insert into digital_lib_book_author (digital_lib_book_fk, digital_lib_author_fk) values (229,243);
insert into digital_lib_book_author (digital_lib_book_fk, digital_lib_author_fk) values (229,832);
insert into digital_lib_book_author (digital_lib_book_fk, digital_lib_author_fk) values (229,150);
insert into digital_lib_book_tag (digital_lib_book_fk, digital_lib_tag_fk) values (229,645);
insert into digital_lib_book_tag (digital_lib_book_fk, digital_lib_tag_fk) values (229,242);
insert into digital_lib_book_tag (digital_lib_book_fk, digital_lib_tag_fk) values (229,2076);
insert into digital_lib_book_tag (digital_lib_book_fk, digital_lib_tag_fk) values (229,1543);
insert into digital_lib_book_tag (digital_lib_book_fk, digital_lib_tag_fk) values (229,680);
insert into digital_lib_book_publisher (digital_lib_book_fk, digital_lib_publisher_fk) values (229,223);
insert into digital_lib_category_book (digital_lib_book_fk, digital_lib_category_fk) values (229,4);
insert into digital_lib_category_book (digital_lib_book_fk, digital_lib_category_fk) values (229,33);
insert into digital_lib_book (digital_lib_book_id, title, description, issue_year) values (230,'The official Raspberry Pi Projects Book Vol3','The Raspberry Pi is becoming a household name. It’s ubiquitous in the maker community, helped revolutionised computing the world over, and is now the third best-selling computer of all time. Get to know everyone’s favourite credit-card sized computer in this projects book!',2017);
insert into digital_lib_book_author (digital_lib_book_fk, digital_lib_author_fk) values (230,1196);
insert into digital_lib_book_author (digital_lib_book_fk, digital_lib_author_fk) values (230,744);
insert into digital_lib_book_author (digital_lib_book_fk, digital_lib_author_fk) values (230,243);
insert into digital_lib_book_author (digital_lib_book_fk, digital_lib_author_fk) values (230,832);
insert into digital_lib_book_author (digital_lib_book_fk, digital_lib_author_fk) values (230,150);
insert into digital_lib_book_tag (digital_lib_book_fk, digital_lib_tag_fk) values (230,645);
insert into digital_lib_book_tag (digital_lib_book_fk, digital_lib_tag_fk) values (230,242);
insert into digital_lib_book_tag (digital_lib_book_fk, digital_lib_tag_fk) values (230,2076);
insert into digital_lib_book_tag (digital_lib_book_fk, digital_lib_tag_fk) values (230,1543);
insert into digital_lib_book_tag (digital_lib_book_fk, digital_lib_tag_fk) values (230,680);
insert into digital_lib_book_publisher (digital_lib_book_fk, digital_lib_publisher_fk) values (230,223);
insert into digital_lib_category_book (digital_lib_book_fk, digital_lib_category_fk) values (230,4);
insert into digital_lib_category_book (digital_lib_book_fk, digital_lib_category_fk) values (230,33);
insert into digital_lib_book (digital_lib_book_id, title, description, issue_year) values (231,'The Raspberry Pi Education Manual','The Raspberry Pi in Education Handbook tries to help teachers and educators who want to use Raspberry Pi in an educational setting. The manual contains chapters on the basics of Scratch, experiments with Python, connecting programs to Twitter and other web services, connecting the GPIO pins to control devices, and using the Linux command line.',2012);
insert into digital_lib_book_author (digital_lib_book_fk, digital_lib_author_fk) values (231,325);
insert into digital_lib_book_tag (digital_lib_book_fk, digital_lib_tag_fk) values (231,1913);
insert into digital_lib_book_tag (digital_lib_book_fk, digital_lib_tag_fk) values (231,1444);
insert into digital_lib_book_tag (digital_lib_book_fk, digital_lib_tag_fk) values (231,1229);
insert into digital_lib_book_tag (digital_lib_book_fk, digital_lib_tag_fk) values (231,546);
insert into digital_lib_book_tag (digital_lib_book_fk, digital_lib_tag_fk) values (231,401);
insert into digital_lib_book_tag (digital_lib_book_fk, digital_lib_tag_fk) values (231,561);
insert into digital_lib_book_publisher (digital_lib_book_fk, digital_lib_publisher_fk) values (231,71);
insert into digital_lib_category_book (digital_lib_book_fk, digital_lib_category_fk) values (231,4);
insert into digital_lib_category_book (digital_lib_book_fk, digital_lib_category_fk) values (231,33);
insert into digital_lib_book (digital_lib_book_id, title, description, issue_year) values (232,'The official Raspberry Pi Projects Book vol1','Use this projects book to get acquainted with RaspberryPi and its uses.',2015);
insert into digital_lib_book_author (digital_lib_book_fk, digital_lib_author_fk) values (232,325);
insert into digital_lib_book_tag (digital_lib_book_fk, digital_lib_tag_fk) values (232,645);
insert into digital_lib_book_tag (digital_lib_book_fk, digital_lib_tag_fk) values (232,242);
insert into digital_lib_book_tag (digital_lib_book_fk, digital_lib_tag_fk) values (232,2076);
insert into digital_lib_book_tag (digital_lib_book_fk, digital_lib_tag_fk) values (232,1543);
insert into digital_lib_book_tag (digital_lib_book_fk, digital_lib_tag_fk) values (232,680);
insert into digital_lib_book_publisher (digital_lib_book_fk, digital_lib_publisher_fk) values (232,223);
insert into digital_lib_category_book (digital_lib_book_fk, digital_lib_category_fk) values (232,4);
insert into digital_lib_category_book (digital_lib_book_fk, digital_lib_category_fk) values (232,33);
insert into digital_lib_book (digital_lib_book_id, title, description, issue_year) values (233,'Your Guide To Solid State Drives','This book delves into the foundations of solid state drives and brings the topic closer to you.',2012);
insert into digital_lib_book_author (digital_lib_book_fk, digital_lib_author_fk) values (233,387);
insert into digital_lib_book_tag (digital_lib_book_fk, digital_lib_tag_fk) values (233,166);
insert into digital_lib_book_tag (digital_lib_book_fk, digital_lib_tag_fk) values (233,645);
insert into digital_lib_book_tag (digital_lib_book_fk, digital_lib_tag_fk) values (233,2135);
insert into digital_lib_book_tag (digital_lib_book_fk, digital_lib_tag_fk) values (233,1801);
insert into digital_lib_book_tag (digital_lib_book_fk, digital_lib_tag_fk) values (233,1863);
insert into digital_lib_book_tag (digital_lib_book_fk, digital_lib_tag_fk) values (233,1828);
insert into digital_lib_book_publisher (digital_lib_book_fk, digital_lib_publisher_fk) values (233,37);
insert into digital_lib_category_book (digital_lib_book_fk, digital_lib_category_fk) values (233,4);
insert into digital_lib_category_book (digital_lib_book_fk, digital_lib_category_fk) values (233,33);
insert into digital_lib_book (digital_lib_book_id, title, description, issue_year) values (234,'Towards Efficient Exploitation of GPUs','This thesis proposes a general methodology applicable to most divide-and-conquer problems with a butterfly structure which can be formulated through the Index-Digit representation. First, we analyze the different performance factors of the GPU architecture. Next, we study several optimization techniques and design a series of modular and reusable building blocks, which will be used to create the different algorithms. Finally, we study the optimal resource balance, and through a mapping vector representation and operator algebra, we tune the algorithms for the desired configurations.',2014);
insert into digital_lib_book_author (digital_lib_book_fk, digital_lib_author_fk) values (234,201);
insert into digital_lib_book_tag (digital_lib_book_fk, digital_lib_tag_fk) values (234,1211);
insert into digital_lib_book_tag (digital_lib_book_fk, digital_lib_tag_fk) values (234,2446);
insert into digital_lib_book_tag (digital_lib_book_fk, digital_lib_tag_fk) values (234,295);
insert into digital_lib_book_tag (digital_lib_book_fk, digital_lib_tag_fk) values (234,1767);
insert into digital_lib_book_tag (digital_lib_book_fk, digital_lib_tag_fk) values (234,246);
insert into digital_lib_book_tag (digital_lib_book_fk, digital_lib_tag_fk) values (234,645);
insert into digital_lib_book_tag (digital_lib_book_fk, digital_lib_tag_fk) values (234,2076);
insert into digital_lib_book_publisher (digital_lib_book_fk, digital_lib_publisher_fk) values (234,157);
insert into digital_lib_category_book (digital_lib_book_fk, digital_lib_category_fk) values (234,4);
insert into digital_lib_category_book (digital_lib_book_fk, digital_lib_category_fk) values (234,33);
insert into digital_lib_book (digital_lib_book_id, title, description, issue_year) values (235,'Using Arduino for Tangible Human Computer Interaction','This thesis aimes to experience with electronics, Arduino, MEMS sensors and 3D graphics to prototype novel human computer interaction approaches.',2011);
insert into digital_lib_book_author (digital_lib_book_fk, digital_lib_author_fk) values (235,846);
insert into digital_lib_book_tag (digital_lib_book_fk, digital_lib_tag_fk) values (235,2076);
insert into digital_lib_book_tag (digital_lib_book_fk, digital_lib_tag_fk) values (235,645);
insert into digital_lib_book_tag (digital_lib_book_fk, digital_lib_tag_fk) values (235,402);
insert into digital_lib_book_tag (digital_lib_book_fk, digital_lib_tag_fk) values (235,1771);
insert into digital_lib_book_tag (digital_lib_book_fk, digital_lib_tag_fk) values (235,328);
insert into digital_lib_book_tag (digital_lib_book_fk, digital_lib_tag_fk) values (235,827);
insert into digital_lib_book_tag (digital_lib_book_fk, digital_lib_tag_fk) values (235,680);
insert into digital_lib_book_publisher (digital_lib_book_fk, digital_lib_publisher_fk) values (235,247);
insert into digital_lib_category_book (digital_lib_book_fk, digital_lib_category_fk) values (235,4);
insert into digital_lib_category_book (digital_lib_book_fk, digital_lib_category_fk) values (235,33);
insert into digital_lib_book (digital_lib_book_id, title, description, issue_year) values (236,'What Every Programmer Should Know About Memory','This document is mostly for software developers. It does not go into enough technical details of the hardware to be useful for hardware-oriented readers.',2007);
insert into digital_lib_book_author (digital_lib_book_fk, digital_lib_author_fk) values (236,746);
insert into digital_lib_book_tag (digital_lib_book_fk, digital_lib_tag_fk) values (236,1114);
insert into digital_lib_book_tag (digital_lib_book_fk, digital_lib_tag_fk) values (236,206);
insert into digital_lib_book_tag (digital_lib_book_fk, digital_lib_tag_fk) values (236,645);
insert into digital_lib_book_tag (digital_lib_book_fk, digital_lib_tag_fk) values (236,22);
insert into digital_lib_book_tag (digital_lib_book_fk, digital_lib_tag_fk) values (236,258);
insert into digital_lib_book_tag (digital_lib_book_fk, digital_lib_tag_fk) values (236,2076);
insert into digital_lib_book_publisher (digital_lib_book_fk, digital_lib_publisher_fk) values (236,152);
insert into digital_lib_category_book (digital_lib_book_fk, digital_lib_category_fk) values (236,4);
insert into digital_lib_category_book (digital_lib_book_fk, digital_lib_category_fk) values (236,33);
insert into digital_lib_book (digital_lib_book_id, title, description, issue_year) values (237,'Wireless Networking in the Developing World A practical guide to planning and building low-cost  telecommunications infrastructure','This book has been created by a team of people where each of them, in their own field, actively participate in the constant expansion of the Internet. The great popularity of wireless networks has led to the costs of infrastructure in a team have plummeted while their productivity continues to increase considerably. We think that if we take this advantageous situation and exploit it, people will be able to participate in the construction of their own communications infrastructure.',2007);
insert into digital_lib_book_author (digital_lib_book_fk, digital_lib_author_fk) values (237,325);
insert into digital_lib_book_tag (digital_lib_book_fk, digital_lib_tag_fk) values (237,2320);
insert into digital_lib_book_tag (digital_lib_book_fk, digital_lib_tag_fk) values (237,1680);
insert into digital_lib_book_tag (digital_lib_book_fk, digital_lib_tag_fk) values (237,645);
insert into digital_lib_book_tag (digital_lib_book_fk, digital_lib_tag_fk) values (237,871);
insert into digital_lib_book_tag (digital_lib_book_fk, digital_lib_tag_fk) values (237,814);
insert into digital_lib_book_tag (digital_lib_book_fk, digital_lib_tag_fk) values (237,1760);
insert into digital_lib_book_tag (digital_lib_book_fk, digital_lib_tag_fk) values (237,551);
insert into digital_lib_book_tag (digital_lib_book_fk, digital_lib_tag_fk) values (237,1774);
insert into digital_lib_book_publisher (digital_lib_book_fk, digital_lib_publisher_fk) values (237,26);
insert into digital_lib_category_book (digital_lib_book_fk, digital_lib_category_fk) values (237,4);
insert into digital_lib_category_book (digital_lib_book_fk, digital_lib_category_fk) values (237,33);
insert into digital_lib_book (digital_lib_book_id, title, description, issue_year) values (238,'Modelling Computing Systems Mathematics for Computer Science','This book introduces important concepts from discrete mathematics as the basis of computational thinking, presented in a stimulating and motivating style. This is a clearly written and classroom-tested textbook/reference and it is an essential reading for first-year undergraduate modules on discrete mathematics and systems modelling.',2013);
insert into digital_lib_book_author (digital_lib_book_fk, digital_lib_author_fk) values (238,587);
insert into digital_lib_book_author (digital_lib_book_fk, digital_lib_author_fk) values (238,292);
insert into digital_lib_book_tag (digital_lib_book_fk, digital_lib_tag_fk) values (238,1606);
insert into digital_lib_book_tag (digital_lib_book_fk, digital_lib_tag_fk) values (238,1460);
insert into digital_lib_book_tag (digital_lib_book_fk, digital_lib_tag_fk) values (238,2379);
insert into digital_lib_book_tag (digital_lib_book_fk, digital_lib_tag_fk) values (238,783);
insert into digital_lib_book_tag (digital_lib_book_fk, digital_lib_tag_fk) values (238,2331);
insert into digital_lib_book_publisher (digital_lib_book_fk, digital_lib_publisher_fk) values (238,14);
insert into digital_lib_book_publisher (digital_lib_book_fk, digital_lib_publisher_fk) values (238,190);
insert into digital_lib_category_book (digital_lib_book_fk, digital_lib_category_fk) values (238,4);
insert into digital_lib_category_book (digital_lib_book_fk, digital_lib_category_fk) values (238,39);
insert into digital_lib_book (digital_lib_book_id, title, description, issue_year) values (239,'Rethinking the Internet of Things A Scalable Approach to Connecting Everything','Rethinking the Internet of Things describes reasons why we must rethink current approaches to the Internet of Things. Appropriate architectures that will coexist with existing networking protocols are described in detail. An architecture comprised of integrator functions, propagator nodes, and end devices, along with their interactions, is explored.',2013);
insert into digital_lib_book_author (digital_lib_book_fk, digital_lib_author_fk) values (239,279);
insert into digital_lib_book_author (digital_lib_book_fk, digital_lib_author_fk) values (239,897);
insert into digital_lib_book_tag (digital_lib_book_fk, digital_lib_tag_fk) values (239,30);
insert into digital_lib_book_tag (digital_lib_book_fk, digital_lib_tag_fk) values (239,2332);
insert into digital_lib_book_tag (digital_lib_book_fk, digital_lib_tag_fk) values (239,1705);
insert into digital_lib_book_tag (digital_lib_book_fk, digital_lib_tag_fk) values (239,152);
insert into digital_lib_book_tag (digital_lib_book_fk, digital_lib_tag_fk) values (239,680);
insert into digital_lib_book_publisher (digital_lib_book_fk, digital_lib_publisher_fk) values (239,19);
insert into digital_lib_book_publisher (digital_lib_book_fk, digital_lib_publisher_fk) values (239,1);
insert into digital_lib_book_publisher (digital_lib_book_fk, digital_lib_publisher_fk) values (239,189);
insert into digital_lib_category_book (digital_lib_book_fk, digital_lib_category_fk) values (239,4);
insert into digital_lib_category_book (digital_lib_book_fk, digital_lib_category_fk) values (239,39);
insert into digital_lib_book (digital_lib_book_id, title, description, issue_year) values (240,'Anti-fragile ICT Systems','This book introduces a novel approach to the design and operation of large ICT systems. The book applies four design principles and one operational principle to achieve anti-fragility for different classes of incidents.',2016);
insert into digital_lib_book_author (digital_lib_book_fk, digital_lib_author_fk) values (240,784);
insert into digital_lib_book_tag (digital_lib_book_fk, digital_lib_tag_fk) values (240,784);
insert into digital_lib_book_tag (digital_lib_book_fk, digital_lib_tag_fk) values (240,92);
insert into digital_lib_book_tag (digital_lib_book_fk, digital_lib_tag_fk) values (240,843);
insert into digital_lib_book_tag (digital_lib_book_fk, digital_lib_tag_fk) values (240,219);
insert into digital_lib_book_tag (digital_lib_book_fk, digital_lib_tag_fk) values (240,335);
insert into digital_lib_book_tag (digital_lib_book_fk, digital_lib_tag_fk) values (240,724);
insert into digital_lib_book_tag (digital_lib_book_fk, digital_lib_tag_fk) values (240,543);
insert into digital_lib_book_tag (digital_lib_book_fk, digital_lib_tag_fk) values (240,554);
insert into digital_lib_book_tag (digital_lib_book_fk, digital_lib_tag_fk) values (240,857);
insert into digital_lib_book_tag (digital_lib_book_fk, digital_lib_tag_fk) values (240,869);
insert into digital_lib_book_tag (digital_lib_book_fk, digital_lib_tag_fk) values (240,1138);
insert into digital_lib_book_tag (digital_lib_book_fk, digital_lib_tag_fk) values (240,78);
insert into digital_lib_book_tag (digital_lib_book_fk, digital_lib_tag_fk) values (240,768);
insert into digital_lib_book_tag (digital_lib_book_fk, digital_lib_tag_fk) values (240,1399);
insert into digital_lib_book_tag (digital_lib_book_fk, digital_lib_tag_fk) values (240,1669);
insert into digital_lib_book_tag (digital_lib_book_fk, digital_lib_tag_fk) values (240,1918);
insert into digital_lib_book_tag (digital_lib_book_fk, digital_lib_tag_fk) values (240,1252);
insert into digital_lib_book_tag (digital_lib_book_fk, digital_lib_tag_fk) values (240,1397);
insert into digital_lib_book_tag (digital_lib_book_fk, digital_lib_tag_fk) values (240,2357);
insert into digital_lib_book_tag (digital_lib_book_fk, digital_lib_tag_fk) values (240,577);
insert into digital_lib_book_tag (digital_lib_book_fk, digital_lib_tag_fk) values (240,467);
insert into digital_lib_book_tag (digital_lib_book_fk, digital_lib_tag_fk) values (240,1726);
insert into digital_lib_book_publisher (digital_lib_book_fk, digital_lib_publisher_fk) values (240,14);
insert into digital_lib_book_publisher (digital_lib_book_fk, digital_lib_publisher_fk) values (240,2);
insert into digital_lib_category_book (digital_lib_book_fk, digital_lib_category_fk) values (240,4);
insert into digital_lib_category_book (digital_lib_book_fk, digital_lib_category_fk) values (240,39);
insert into digital_lib_book (digital_lib_book_id, title, description, issue_year) values (241,'Computer and Information Sciences 31st International Symposium, ISCIS 2016, Kraków, Poland, October 27–28, 2016, Proceedings','This book constitutes the refereed 29 revised full papers proceedings of the 31st International Symposium on Computer and Information Sciences, ISCIS 2016, held in Krakow, Poland, in October 2016.',2016);
insert into digital_lib_book_author (digital_lib_book_fk, digital_lib_author_fk) values (241,820);
insert into digital_lib_book_author (digital_lib_book_fk, digital_lib_author_fk) values (241,1141);
insert into digital_lib_book_author (digital_lib_book_fk, digital_lib_author_fk) values (241,645);
insert into digital_lib_book_author (digital_lib_book_fk, digital_lib_author_fk) values (241,691);
insert into digital_lib_book_tag (digital_lib_book_fk, digital_lib_tag_fk) values (241,876);
insert into digital_lib_book_tag (digital_lib_book_fk, digital_lib_tag_fk) values (241,2440);
insert into digital_lib_book_tag (digital_lib_book_fk, digital_lib_tag_fk) values (241,309);
insert into digital_lib_book_tag (digital_lib_book_fk, digital_lib_tag_fk) values (241,1674);
insert into digital_lib_book_tag (digital_lib_book_fk, digital_lib_tag_fk) values (241,1288);
insert into digital_lib_book_tag (digital_lib_book_fk, digital_lib_tag_fk) values (241,910);
insert into digital_lib_book_tag (digital_lib_book_fk, digital_lib_tag_fk) values (241,1338);
insert into digital_lib_book_tag (digital_lib_book_fk, digital_lib_tag_fk) values (241,2184);
insert into digital_lib_book_tag (digital_lib_book_fk, digital_lib_tag_fk) values (241,1823);
insert into digital_lib_book_tag (digital_lib_book_fk, digital_lib_tag_fk) values (241,2055);
insert into digital_lib_book_tag (digital_lib_book_fk, digital_lib_tag_fk) values (241,651);
insert into digital_lib_book_tag (digital_lib_book_fk, digital_lib_tag_fk) values (241,1771);
insert into digital_lib_book_tag (digital_lib_book_fk, digital_lib_tag_fk) values (241,527);
insert into digital_lib_book_tag (digital_lib_book_fk, digital_lib_tag_fk) values (241,1061);
insert into digital_lib_book_tag (digital_lib_book_fk, digital_lib_tag_fk) values (241,2030);
insert into digital_lib_book_tag (digital_lib_book_fk, digital_lib_tag_fk) values (241,2089);
insert into digital_lib_book_tag (digital_lib_book_fk, digital_lib_tag_fk) values (241,1581);
insert into digital_lib_book_tag (digital_lib_book_fk, digital_lib_tag_fk) values (241,1422);
insert into digital_lib_book_tag (digital_lib_book_fk, digital_lib_tag_fk) values (241,298);
insert into digital_lib_book_tag (digital_lib_book_fk, digital_lib_tag_fk) values (241,630);
insert into digital_lib_book_publisher (digital_lib_book_fk, digital_lib_publisher_fk) values (241,14);
insert into digital_lib_book_publisher (digital_lib_book_fk, digital_lib_publisher_fk) values (241,2);
insert into digital_lib_category_book (digital_lib_book_fk, digital_lib_category_fk) values (241,4);
insert into digital_lib_category_book (digital_lib_book_fk, digital_lib_category_fk) values (241,39);
insert into digital_lib_book (digital_lib_book_id, title, description, issue_year) values (242,'Cyber-Physical Systems of Systems Foundations – A Conceptual Model and Some Derivations: The AMADEOS Legacy','The 8 papers presented in this book document the main insights on Cyber-Physical System of Systems (CPSoSs) that were gained during the work in the FP7-610535 European Research Project AMADEOS (acronym for Architecture for Multi-criticality Agile Dependable Evolutionary Open System-of-Systems). It is the objective of this book to present, in a single consistent body, the foundational concepts and their relationships.',2016);
insert into digital_lib_book_author (digital_lib_book_fk, digital_lib_author_fk) values (242,909);
insert into digital_lib_book_author (digital_lib_book_fk, digital_lib_author_fk) values (242,134);
insert into digital_lib_book_author (digital_lib_book_fk, digital_lib_author_fk) values (242,140);
insert into digital_lib_book_tag (digital_lib_book_fk, digital_lib_tag_fk) values (242,224);
insert into digital_lib_book_tag (digital_lib_book_fk, digital_lib_tag_fk) values (242,2275);
insert into digital_lib_book_tag (digital_lib_book_fk, digital_lib_tag_fk) values (242,2346);
insert into digital_lib_book_tag (digital_lib_book_fk, digital_lib_tag_fk) values (242,485);
insert into digital_lib_book_tag (digital_lib_book_fk, digital_lib_tag_fk) values (242,118);
insert into digital_lib_book_tag (digital_lib_book_fk, digital_lib_tag_fk) values (242,1687);
insert into digital_lib_book_tag (digital_lib_book_fk, digital_lib_tag_fk) values (242,1833);
insert into digital_lib_book_tag (digital_lib_book_fk, digital_lib_tag_fk) values (242,2363);
insert into digital_lib_book_tag (digital_lib_book_fk, digital_lib_tag_fk) values (242,1546);
insert into digital_lib_book_publisher (digital_lib_book_fk, digital_lib_publisher_fk) values (242,14);
insert into digital_lib_book_publisher (digital_lib_book_fk, digital_lib_publisher_fk) values (242,2);
insert into digital_lib_category_book (digital_lib_book_fk, digital_lib_category_fk) values (242,4);
insert into digital_lib_category_book (digital_lib_book_fk, digital_lib_category_fk) values (242,39);
insert into digital_lib_book (digital_lib_book_id, title, description, issue_year) values (243,'Essentials of Geographic Information Systems','Essentials of Geographic Information Systems integrates key concepts behind the technology with practical concerns and real-world applications.',2011);
insert into digital_lib_book_author (digital_lib_book_fk, digital_lib_author_fk) values (243,925);
insert into digital_lib_book_author (digital_lib_book_fk, digital_lib_author_fk) values (243,696);
insert into digital_lib_book_tag (digital_lib_book_fk, digital_lib_tag_fk) values (243,1255);
insert into digital_lib_book_tag (digital_lib_book_fk, digital_lib_tag_fk) values (243,1002);
insert into digital_lib_book_tag (digital_lib_book_fk, digital_lib_tag_fk) values (243,1175);
insert into digital_lib_book_tag (digital_lib_book_fk, digital_lib_tag_fk) values (243,1102);
insert into digital_lib_book_tag (digital_lib_book_fk, digital_lib_tag_fk) values (243,1860);
insert into digital_lib_book_publisher (digital_lib_book_fk, digital_lib_publisher_fk) values (243,49);
insert into digital_lib_category_book (digital_lib_book_fk, digital_lib_category_fk) values (243,4);
insert into digital_lib_category_book (digital_lib_book_fk, digital_lib_category_fk) values (243,39);
insert into digital_lib_book (digital_lib_book_id, title, description, issue_year) values (244,'Nature of Geographic Information  An Open Geospatial Textbook','The purpose of this text is to promote understanding of the Geographic Information Science and Technology enterprise.',2014);
insert into digital_lib_book_author (digital_lib_book_fk, digital_lib_author_fk) values (244,1012);
insert into digital_lib_book_tag (digital_lib_book_fk, digital_lib_tag_fk) values (244,1331);
insert into digital_lib_book_tag (digital_lib_book_fk, digital_lib_tag_fk) values (244,250);
insert into digital_lib_book_tag (digital_lib_book_fk, digital_lib_tag_fk) values (244,387);
insert into digital_lib_book_tag (digital_lib_book_fk, digital_lib_tag_fk) values (244,1963);
insert into digital_lib_book_tag (digital_lib_book_fk, digital_lib_tag_fk) values (244,841);
insert into digital_lib_book_tag (digital_lib_book_fk, digital_lib_tag_fk) values (244,498);
insert into digital_lib_book_tag (digital_lib_book_fk, digital_lib_tag_fk) values (244,1604);
insert into digital_lib_book_publisher (digital_lib_book_fk, digital_lib_publisher_fk) values (244,7);
insert into digital_lib_category_book (digital_lib_book_fk, digital_lib_category_fk) values (244,4);
insert into digital_lib_category_book (digital_lib_book_fk, digital_lib_category_fk) values (244,39);
insert into digital_lib_book (digital_lib_book_id, title, description, issue_year) values (245,'The Discipline of Organizing: 4th Professional Edition','The 4th edition builds a bridge between organizing and data science. It reframes descriptive statistics as organizing techniques, expands the treatment of classification to include computational methods, and incorporates many new examples of data-driven resource selection, organization, maintenance, and personalization. It introduces a new “data science” category of discipline-specific content, both in the chapter text and in endnotes, marked with [DS] in editions that contain endnotes.',2013);
insert into digital_lib_book_author (digital_lib_book_fk, digital_lib_author_fk) values (245,548);
insert into digital_lib_book_tag (digital_lib_book_fk, digital_lib_tag_fk) values (245,1820);
insert into digital_lib_book_tag (digital_lib_book_fk, digital_lib_tag_fk) values (245,1312);
insert into digital_lib_book_tag (digital_lib_book_fk, digital_lib_tag_fk) values (245,1001);
insert into digital_lib_book_tag (digital_lib_book_fk, digital_lib_tag_fk) values (245,1613);
insert into digital_lib_book_tag (digital_lib_book_fk, digital_lib_tag_fk) values (245,424);
insert into digital_lib_book_tag (digital_lib_book_fk, digital_lib_tag_fk) values (245,2321);
insert into digital_lib_book_publisher (digital_lib_book_fk, digital_lib_publisher_fk) values (245,276);
insert into digital_lib_book_publisher (digital_lib_book_fk, digital_lib_publisher_fk) values (245,1);
insert into digital_lib_category_book (digital_lib_book_fk, digital_lib_category_fk) values (245,4);
insert into digital_lib_category_book (digital_lib_book_fk, digital_lib_category_fk) values (245,39);
insert into digital_lib_book (digital_lib_book_id, title, description, issue_year) values (246,'Advanced Linux Programming','Advanced Linux Programming is intended for the programmer already familiar with the C programming language.',2001);
insert into digital_lib_book_author (digital_lib_book_fk, digital_lib_author_fk) values (246,785);
insert into digital_lib_book_author (digital_lib_book_fk, digital_lib_author_fk) values (246,876);
insert into digital_lib_book_author (digital_lib_book_fk, digital_lib_author_fk) values (246,348);
insert into digital_lib_book_tag (digital_lib_book_fk, digital_lib_tag_fk) values (246,2308);
insert into digital_lib_book_tag (digital_lib_book_fk, digital_lib_tag_fk) values (246,1005);
insert into digital_lib_book_tag (digital_lib_book_fk, digital_lib_tag_fk) values (246,434);
insert into digital_lib_book_tag (digital_lib_book_fk, digital_lib_tag_fk) values (246,2076);
insert into digital_lib_book_tag (digital_lib_book_fk, digital_lib_tag_fk) values (246,2015);
insert into digital_lib_book_publisher (digital_lib_book_fk, digital_lib_publisher_fk) values (246,56);
insert into digital_lib_category_book (digital_lib_book_fk, digital_lib_category_fk) values (246,4);
insert into digital_lib_category_book (digital_lib_book_fk, digital_lib_category_fk) values (246,17);
insert into digital_lib_book (digital_lib_book_id, title, description, issue_year) values (247,'The Debian Administrator’s Handbook','This book is up to Debian freedom standards for every aspects of your digital life. This is the first reputable book to spread the Debian standards and to introduce the readers to the Debian community.',2013);
insert into digital_lib_book_author (digital_lib_book_fk, digital_lib_author_fk) values (247,931);
insert into digital_lib_book_author (digital_lib_book_fk, digital_lib_author_fk) values (247,1127);
insert into digital_lib_book_tag (digital_lib_book_fk, digital_lib_tag_fk) values (247,1725);
insert into digital_lib_book_tag (digital_lib_book_fk, digital_lib_tag_fk) values (247,2308);
insert into digital_lib_book_tag (digital_lib_book_fk, digital_lib_tag_fk) values (247,341);
insert into digital_lib_book_tag (digital_lib_book_fk, digital_lib_tag_fk) values (247,2125);
insert into digital_lib_book_tag (digital_lib_book_fk, digital_lib_tag_fk) values (247,2089);
insert into digital_lib_book_tag (digital_lib_book_fk, digital_lib_tag_fk) values (247,256);
insert into digital_lib_book_tag (digital_lib_book_fk, digital_lib_tag_fk) values (247,2015);
insert into digital_lib_book_publisher (digital_lib_book_fk, digital_lib_publisher_fk) values (247,258);
insert into digital_lib_category_book (digital_lib_book_fk, digital_lib_category_fk) values (247,4);
insert into digital_lib_category_book (digital_lib_book_fk, digital_lib_category_fk) values (247,17);
insert into digital_lib_book (digital_lib_book_id, title, description, issue_year) values (248,'Free as in Freedom Richard Stallman\`s Crusade for Free Software','Free as in Freedom intertwines biographical snapshots of GNU project founder Richard Stallman with the political, social, and economic history of the free software movement. It examines Stallman\`s unique personality and how that personality has been both the driving force and a disadvantage in terms of the movement\`s overall success.',2002);
insert into digital_lib_book_author (digital_lib_book_fk, digital_lib_author_fk) values (248,545);
insert into digital_lib_book_tag (digital_lib_book_fk, digital_lib_tag_fk) values (248,1594);
insert into digital_lib_book_tag (digital_lib_book_fk, digital_lib_tag_fk) values (248,1782);
insert into digital_lib_book_tag (digital_lib_book_fk, digital_lib_tag_fk) values (248,1725);
insert into digital_lib_book_tag (digital_lib_book_fk, digital_lib_tag_fk) values (248,1810);
insert into digital_lib_book_tag (digital_lib_book_fk, digital_lib_tag_fk) values (248,394);
insert into digital_lib_book_publisher (digital_lib_book_fk, digital_lib_publisher_fk) values (248,12);
insert into digital_lib_category_book (digital_lib_book_fk, digital_lib_category_fk) values (248,4);
insert into digital_lib_category_book (digital_lib_book_fk, digital_lib_category_fk) values (248,17);
insert into digital_lib_book (digital_lib_book_id, title, description, issue_year) values (249,'Getting Started with Ubuntu','This book represents a starting point for all those interested in Ubuntu operating system.',2011);
insert into digital_lib_book_author (digital_lib_book_fk, digital_lib_author_fk) values (249,544);
insert into digital_lib_book_tag (digital_lib_book_fk, digital_lib_tag_fk) values (249,1497);
insert into digital_lib_book_tag (digital_lib_book_fk, digital_lib_tag_fk) values (249,434);
insert into digital_lib_book_tag (digital_lib_book_fk, digital_lib_tag_fk) values (249,341);
insert into digital_lib_book_tag (digital_lib_book_fk, digital_lib_tag_fk) values (249,1725);
insert into digital_lib_book_publisher (digital_lib_book_fk, digital_lib_publisher_fk) values (249,240);
insert into digital_lib_category_book (digital_lib_book_fk, digital_lib_category_fk) values (249,4);
insert into digital_lib_category_book (digital_lib_book_fk, digital_lib_category_fk) values (249,17);
insert into digital_lib_book (digital_lib_book_id, title, description, issue_year) values (250,'Java Application Development on Linux','This book is the practical guide to the complete life cycle of Java application development on Linux.',2005);
insert into digital_lib_book_author (digital_lib_book_fk, digital_lib_author_fk) values (250,937);
insert into digital_lib_book_author (digital_lib_book_fk, digital_lib_author_fk) values (250,364);
insert into digital_lib_book_tag (digital_lib_book_fk, digital_lib_tag_fk) values (250,2076);
insert into digital_lib_book_tag (digital_lib_book_fk, digital_lib_tag_fk) values (250,1251);
insert into digital_lib_book_tag (digital_lib_book_fk, digital_lib_tag_fk) values (250,1034);
insert into digital_lib_book_tag (digital_lib_book_fk, digital_lib_tag_fk) values (250,2106);
insert into digital_lib_book_tag (digital_lib_book_fk, digital_lib_tag_fk) values (250,1933);
insert into digital_lib_book_tag (digital_lib_book_fk, digital_lib_tag_fk) values (250,1202);
insert into digital_lib_book_tag (digital_lib_book_fk, digital_lib_tag_fk) values (250,2445);
insert into digital_lib_book_tag (digital_lib_book_fk, digital_lib_tag_fk) values (250,434);
insert into digital_lib_book_publisher (digital_lib_book_fk, digital_lib_publisher_fk) values (250,205);
insert into digital_lib_category_book (digital_lib_book_fk, digital_lib_category_fk) values (250,4);
insert into digital_lib_category_book (digital_lib_book_fk, digital_lib_category_fk) values (250,17);
insert into digital_lib_book (digital_lib_book_id, title, description, issue_year) values (251,'Linux 101 Hacks Practical Examples to Build a Strong Foundation in Linux','There are a total of 101 hacks in this book to help you strengthen your Linux knowledge base. All the hacks in this book are explained with their corresponding easy-to-follow Linux command examples.',2009);
insert into digital_lib_book_author (digital_lib_book_fk, digital_lib_author_fk) values (251,771);
insert into digital_lib_book_tag (digital_lib_book_fk, digital_lib_tag_fk) values (251,1497);
insert into digital_lib_book_tag (digital_lib_book_fk, digital_lib_tag_fk) values (251,434);
insert into digital_lib_book_tag (digital_lib_book_fk, digital_lib_tag_fk) values (251,1028);
insert into digital_lib_book_tag (digital_lib_book_fk, digital_lib_tag_fk) values (251,349);
insert into digital_lib_book_tag (digital_lib_book_fk, digital_lib_tag_fk) values (251,1725);
insert into digital_lib_book_publisher (digital_lib_book_fk, digital_lib_publisher_fk) values (251,262);
insert into digital_lib_category_book (digital_lib_book_fk, digital_lib_category_fk) values (251,4);
insert into digital_lib_category_book (digital_lib_book_fk, digital_lib_category_fk) values (251,17);
insert into digital_lib_book (digital_lib_book_id, title, description, issue_year) values (252,'Linux Device Drivers','The new edition of Linux Device Drivers covers all the significant changes from version 2.6 of the Linux kernel, which simplifies many activities, and contains subtle new features that can make a driver more efficient and more flexible. Readers will find new chapters on important types of drivers that were not covered in previous editions, such as consoles, USB controllers, and much more.',2005);
insert into digital_lib_book_author (digital_lib_book_fk, digital_lib_author_fk) values (252,1157);
insert into digital_lib_book_author (digital_lib_book_fk, digital_lib_author_fk) values (252,511);
insert into digital_lib_book_author (digital_lib_book_fk, digital_lib_author_fk) values (252,306);
insert into digital_lib_book_tag (digital_lib_book_fk, digital_lib_tag_fk) values (252,1497);
insert into digital_lib_book_tag (digital_lib_book_fk, digital_lib_tag_fk) values (252,434);
insert into digital_lib_book_tag (digital_lib_book_fk, digital_lib_tag_fk) values (252,1028);
insert into digital_lib_book_tag (digital_lib_book_fk, digital_lib_tag_fk) values (252,597);
insert into digital_lib_book_tag (digital_lib_book_fk, digital_lib_tag_fk) values (252,1089);
insert into digital_lib_book_tag (digital_lib_book_fk, digital_lib_tag_fk) values (252,1725);
insert into digital_lib_book_publisher (digital_lib_book_fk, digital_lib_publisher_fk) values (252,12);
insert into digital_lib_category_book (digital_lib_book_fk, digital_lib_category_fk) values (252,4);
insert into digital_lib_category_book (digital_lib_book_fk, digital_lib_category_fk) values (252,17);
insert into digital_lib_book (digital_lib_book_id, title, description, issue_year) values (253,'Linux Essentials: The LPI Introductory Program','This manual is the introductory program to obtain certification and recognition for Linux users.',2012);
insert into digital_lib_book_author (digital_lib_book_fk, digital_lib_author_fk) values (253,944);
insert into digital_lib_book_author (digital_lib_book_fk, digital_lib_author_fk) values (253,864);
insert into digital_lib_book_author (digital_lib_book_fk, digital_lib_author_fk) values (253,482);
insert into digital_lib_book_tag (digital_lib_book_fk, digital_lib_tag_fk) values (253,96);
insert into digital_lib_book_tag (digital_lib_book_fk, digital_lib_tag_fk) values (253,2308);
insert into digital_lib_book_tag (digital_lib_book_fk, digital_lib_tag_fk) values (253,1344);
insert into digital_lib_book_publisher (digital_lib_book_fk, digital_lib_publisher_fk) values (253,117);
insert into digital_lib_category_book (digital_lib_book_fk, digital_lib_category_fk) values (253,4);
insert into digital_lib_category_book (digital_lib_book_fk, digital_lib_category_fk) values (253,17);
insert into digital_lib_book (digital_lib_book_id, title, description, issue_year) values (254,'Linux From Scratch v.7.4','The Linux From Scratch book provides readers with the knowledge and instructions to design and build a custom Linux system. This book highlights the Linux From Scratch project and the benefits of using this system.',2013);
insert into digital_lib_book_author (digital_lib_book_fk, digital_lib_author_fk) values (254,758);
insert into digital_lib_book_tag (digital_lib_book_fk, digital_lib_tag_fk) values (254,2308);
insert into digital_lib_book_tag (digital_lib_book_fk, digital_lib_tag_fk) values (254,328);
insert into digital_lib_book_tag (digital_lib_book_fk, digital_lib_tag_fk) values (254,274);
insert into digital_lib_book_publisher (digital_lib_book_fk, digital_lib_publisher_fk) values (254,240);
insert into digital_lib_category_book (digital_lib_book_fk, digital_lib_category_fk) values (254,4);
insert into digital_lib_category_book (digital_lib_book_fk, digital_lib_category_fk) values (254,17);
insert into digital_lib_book (digital_lib_book_id, title, description, issue_year) values (255,'Linux Inside','This is a book-in-progress about the linux kernel and its insides. The goal is simple - to share modest knowledge about the insides of the linux kernel and help ppeople who are interested in linux kernel insides, and other low-level subject matter.',2016);
insert into digital_lib_book_author (digital_lib_book_fk, digital_lib_author_fk) values (255,1176);
insert into digital_lib_book_tag (digital_lib_book_fk, digital_lib_tag_fk) values (255,2308);
insert into digital_lib_book_tag (digital_lib_book_fk, digital_lib_tag_fk) values (255,165);
insert into digital_lib_book_tag (digital_lib_book_fk, digital_lib_tag_fk) values (255,434);
insert into digital_lib_book_tag (digital_lib_book_fk, digital_lib_tag_fk) values (255,269);
insert into digital_lib_book_publisher (digital_lib_book_fk, digital_lib_publisher_fk) values (255,142);
insert into digital_lib_category_book (digital_lib_book_fk, digital_lib_category_fk) values (255,4);
insert into digital_lib_category_book (digital_lib_book_fk, digital_lib_category_fk) values (255,17);
insert into digital_lib_book (digital_lib_book_id, title, description, issue_year) values (256,'Linux Network Administrator\`s Guide','This book covers all of the essential network software included with the operating system, plus some hardware considerations. It covers firewalls, including the use of ipchains and iptables (netfilter), stealth, and accounting. Other topics include Novell (NCP / IPX) and DCI (Management News), Serial Connections, UUCP, Routing and DNS, Mail and News, SLIP and PPP, NFS and NIS.',2000);
insert into digital_lib_book_author (digital_lib_book_fk, digital_lib_author_fk) values (256,967);
insert into digital_lib_book_author (digital_lib_book_fk, digital_lib_author_fk) values (256,251);
insert into digital_lib_book_tag (digital_lib_book_fk, digital_lib_tag_fk) values (256,2286);
insert into digital_lib_book_tag (digital_lib_book_fk, digital_lib_tag_fk) values (256,434);
insert into digital_lib_book_tag (digital_lib_book_fk, digital_lib_tag_fk) values (256,2125);
insert into digital_lib_book_tag (digital_lib_book_fk, digital_lib_tag_fk) values (256,256);
insert into digital_lib_book_tag (digital_lib_book_fk, digital_lib_tag_fk) values (256,2416);
insert into digital_lib_book_publisher (digital_lib_book_fk, digital_lib_publisher_fk) values (256,12);
insert into digital_lib_category_book (digital_lib_book_fk, digital_lib_category_fk) values (256,4);
insert into digital_lib_category_book (digital_lib_book_fk, digital_lib_category_fk) values (256,17);
insert into digital_lib_book (digital_lib_book_id, title, description, issue_year) values (257,'Linux Notes for Professionals','This Linux Notes for Professionals book is compiled from Stack Overflow Documentation, the content is written by the beautiful people at Stack Overflow.',2018);
insert into digital_lib_book_author (digital_lib_book_fk, digital_lib_author_fk) values (257,391);
insert into digital_lib_book_tag (digital_lib_book_fk, digital_lib_tag_fk) values (257,2308);
insert into digital_lib_book_tag (digital_lib_book_fk, digital_lib_tag_fk) values (257,328);
insert into digital_lib_book_tag (digital_lib_book_fk, digital_lib_tag_fk) values (257,274);
insert into digital_lib_book_tag (digital_lib_book_fk, digital_lib_tag_fk) values (257,827);
insert into digital_lib_book_publisher (digital_lib_book_fk, digital_lib_publisher_fk) values (257,22);
insert into digital_lib_category_book (digital_lib_book_fk, digital_lib_category_fk) values (257,4);
insert into digital_lib_category_book (digital_lib_book_fk, digital_lib_category_fk) values (257,17);
insert into digital_lib_book (digital_lib_book_id, title, description, issue_year) values (258,'Into the Core. A Look at Tiny Core Linux','Tiny Core Linux (TCL) is a minimal Linux operating system focusing on providing a base system using BusyBox and FLTK, developed by Robert Shingledecker.',2013);
insert into digital_lib_book_author (digital_lib_book_fk, digital_lib_author_fk) values (258,1013);
insert into digital_lib_book_tag (digital_lib_book_fk, digital_lib_tag_fk) values (258,2308);
insert into digital_lib_book_tag (digital_lib_book_fk, digital_lib_tag_fk) values (258,328);
insert into digital_lib_book_tag (digital_lib_book_fk, digital_lib_tag_fk) values (258,274);
insert into digital_lib_book_tag (digital_lib_book_fk, digital_lib_tag_fk) values (258,827);
insert into digital_lib_book_publisher (digital_lib_book_fk, digital_lib_publisher_fk) values (258,258);
insert into digital_lib_category_book (digital_lib_book_fk, digital_lib_category_fk) values (258,4);
insert into digital_lib_category_book (digital_lib_book_fk, digital_lib_category_fk) values (258,17);
insert into digital_lib_book (digital_lib_book_id, title, description, issue_year) values (259,'Open Source Security Tools','This guide deals in depth with all perspectives of the problem, proposing low-cost solutions based on Free Software.',2004);
insert into digital_lib_book_author (digital_lib_book_fk, digital_lib_author_fk) values (259,801);
insert into digital_lib_book_tag (digital_lib_book_fk, digital_lib_tag_fk) values (259,2286);
insert into digital_lib_book_tag (digital_lib_book_fk, digital_lib_tag_fk) values (259,434);
insert into digital_lib_book_tag (digital_lib_book_fk, digital_lib_tag_fk) values (259,2125);
insert into digital_lib_book_tag (digital_lib_book_fk, digital_lib_tag_fk) values (259,256);
insert into digital_lib_book_tag (digital_lib_book_fk, digital_lib_tag_fk) values (259,1232);
insert into digital_lib_book_tag (digital_lib_book_fk, digital_lib_tag_fk) values (259,2089);
insert into digital_lib_book_publisher (digital_lib_book_fk, digital_lib_publisher_fk) values (259,205);
insert into digital_lib_category_book (digital_lib_book_fk, digital_lib_category_fk) values (259,4);
insert into digital_lib_category_book (digital_lib_book_fk, digital_lib_category_fk) values (259,17);
insert into digital_lib_book (digital_lib_book_id, title, description, issue_year) values (260,'Self-Service Linux Mastering the Art of Problem Determination','This book explains a 4-step methodology to determine and solve problems under Linux. While the description sounds too generic, the book simply explains many concepts that the administrator should be familiar with, such as the strace command, the / proc directory, process debugging, and real-time server analysis (memory, processes, IO, etc).',2006);
insert into digital_lib_book_author (digital_lib_book_fk, digital_lib_author_fk) values (260,523);
insert into digital_lib_book_author (digital_lib_book_fk, digital_lib_author_fk) values (260,1006);
insert into digital_lib_book_tag (digital_lib_book_fk, digital_lib_tag_fk) values (260,2255);
insert into digital_lib_book_tag (digital_lib_book_fk, digital_lib_tag_fk) values (260,59);
insert into digital_lib_book_tag (digital_lib_book_fk, digital_lib_tag_fk) values (260,1497);
insert into digital_lib_book_tag (digital_lib_book_fk, digital_lib_tag_fk) values (260,2342);
insert into digital_lib_book_tag (digital_lib_book_fk, digital_lib_tag_fk) values (260,434);
insert into digital_lib_book_publisher (digital_lib_book_fk, digital_lib_publisher_fk) values (260,205);
insert into digital_lib_category_book (digital_lib_book_fk, digital_lib_category_fk) values (260,4);
insert into digital_lib_category_book (digital_lib_book_fk, digital_lib_category_fk) values (260,17);
insert into digital_lib_book (digital_lib_book_id, title, description, issue_year) values (261,'Ten Steps to Linux Survival. Bash for Windows People','This book contains the essentials for floundering around Linux, BSD and ”UNIX-flavored” systems.',2015);
insert into digital_lib_book_author (digital_lib_book_fk, digital_lib_author_fk) values (261,992);
insert into digital_lib_book_tag (digital_lib_book_fk, digital_lib_tag_fk) values (261,1105);
insert into digital_lib_book_tag (digital_lib_book_fk, digital_lib_tag_fk) values (261,143);
insert into digital_lib_book_tag (digital_lib_book_fk, digital_lib_tag_fk) values (261,2308);
insert into digital_lib_book_tag (digital_lib_book_fk, digital_lib_tag_fk) values (261,2076);
insert into digital_lib_book_tag (digital_lib_book_fk, digital_lib_tag_fk) values (261,121);
insert into digital_lib_book_tag (digital_lib_book_fk, digital_lib_tag_fk) values (261,1621);
insert into digital_lib_book_publisher (digital_lib_book_fk, digital_lib_publisher_fk) values (261,12);
insert into digital_lib_category_book (digital_lib_book_fk, digital_lib_category_fk) values (261,4);
insert into digital_lib_category_book (digital_lib_book_fk, digital_lib_category_fk) values (261,17);
insert into digital_lib_book (digital_lib_book_id, title, description, issue_year) values (262,'The Linux Development Platform','The book is a guide on the Linux development platform. The GNU collection of programming utilities is by far the most widely used family of compilers in this operating system. It has the ability to compile C, C ++, Java, Ada, among many other languages. It also supports various architectures through cross-compilation, which makes it a suitable environment for heterogeneous developments.',2003);
insert into digital_lib_book_author (digital_lib_book_fk, digital_lib_author_fk) values (262,661);
insert into digital_lib_book_author (digital_lib_book_fk, digital_lib_author_fk) values (262,420);
insert into digital_lib_book_tag (digital_lib_book_fk, digital_lib_tag_fk) values (262,633);
insert into digital_lib_book_tag (digital_lib_book_fk, digital_lib_tag_fk) values (262,850);
insert into digital_lib_book_tag (digital_lib_book_fk, digital_lib_tag_fk) values (262,1497);
insert into digital_lib_book_tag (digital_lib_book_fk, digital_lib_tag_fk) values (262,1282);
insert into digital_lib_book_tag (digital_lib_book_fk, digital_lib_tag_fk) values (262,1208);
insert into digital_lib_book_tag (digital_lib_book_fk, digital_lib_tag_fk) values (262,434);
insert into digital_lib_book_publisher (digital_lib_book_fk, digital_lib_publisher_fk) values (262,205);
insert into digital_lib_category_book (digital_lib_book_fk, digital_lib_category_fk) values (262,4);
insert into digital_lib_category_book (digital_lib_book_fk, digital_lib_category_fk) values (262,17);
insert into digital_lib_book (digital_lib_book_id, title, description, issue_year) values (263,'The Official Ubuntu Book, 7th Edition','This manual developed by the Ubuntu Team itself seeks to bring this operating system to the general public through an entertaining and educational tour of each of its most important functions.',2012);
insert into digital_lib_book_author (digital_lib_book_fk, digital_lib_author_fk) values (263,374);
insert into digital_lib_book_author (digital_lib_book_fk, digital_lib_author_fk) values (263,562);
insert into digital_lib_book_tag (digital_lib_book_fk, digital_lib_tag_fk) values (263,1497);
insert into digital_lib_book_tag (digital_lib_book_fk, digital_lib_tag_fk) values (263,434);
insert into digital_lib_book_tag (digital_lib_book_fk, digital_lib_tag_fk) values (263,1725);
insert into digital_lib_book_publisher (digital_lib_book_fk, digital_lib_publisher_fk) values (263,205);
insert into digital_lib_category_book (digital_lib_book_fk, digital_lib_category_fk) values (263,4);
insert into digital_lib_category_book (digital_lib_book_fk, digital_lib_category_fk) values (263,17);
insert into digital_lib_book (digital_lib_book_id, title, description, issue_year) values (264,'The Linux Command Line. Fourth Internet Edition','This book is a broad overview of “living” on the Linux command line. Unlike some books that concentrate on just a single program, such as the shell program, bash, this book will try to convey how to get along with the command line interface in a larger sense.',2017);
insert into digital_lib_book_author (digital_lib_book_fk, digital_lib_author_fk) values (264,586);
insert into digital_lib_book_tag (digital_lib_book_fk, digital_lib_tag_fk) values (264,143);
insert into digital_lib_book_tag (digital_lib_book_fk, digital_lib_tag_fk) values (264,2308);
insert into digital_lib_book_tag (digital_lib_book_fk, digital_lib_tag_fk) values (264,121);
insert into digital_lib_book_tag (digital_lib_book_fk, digital_lib_tag_fk) values (264,827);
insert into digital_lib_book_tag (digital_lib_book_fk, digital_lib_tag_fk) values (264,1725);
insert into digital_lib_book_publisher (digital_lib_book_fk, digital_lib_publisher_fk) values (264,63);
insert into digital_lib_category_book (digital_lib_book_fk, digital_lib_category_fk) values (264,4);
insert into digital_lib_category_book (digital_lib_book_fk, digital_lib_category_fk) values (264,17);
insert into digital_lib_book (digital_lib_book_id, title, description, issue_year) values (265,'Ubuntu Pocket Guide and Reference','It never hurts to have a guide at hand to be able to use it in case of any unforeseen event that arises and this is such pocket guide on Ubuntu and it will come in handy when working on this operating system.',2009);
insert into digital_lib_book_author (digital_lib_book_fk, digital_lib_author_fk) values (265,654);
insert into digital_lib_book_tag (digital_lib_book_fk, digital_lib_tag_fk) values (265,1725);
insert into digital_lib_book_tag (digital_lib_book_fk, digital_lib_tag_fk) values (265,2308);
insert into digital_lib_book_tag (digital_lib_book_fk, digital_lib_tag_fk) values (265,341);
insert into digital_lib_book_tag (digital_lib_book_fk, digital_lib_tag_fk) values (265,2125);
insert into digital_lib_book_publisher (digital_lib_book_fk, digital_lib_publisher_fk) values (265,250);
insert into digital_lib_category_book (digital_lib_book_fk, digital_lib_category_fk) values (265,4);
insert into digital_lib_category_book (digital_lib_book_fk, digital_lib_category_fk) values (265,17);
insert into digital_lib_book (digital_lib_book_id, title, description, issue_year) values (266,'Sensor Technologies Healthcare, Wellness, and Environmental Applications','The book provides an application-based approach using real-world examples to illustrate the application of sensor technologies in a practical and experiential manner. The book  guides the reader from the formulation of the research question, through the design and validation process, to the deployment and management phase of sensor applications.',2013);
insert into digital_lib_book_author (digital_lib_book_fk, digital_lib_author_fk) values (266,160);
insert into digital_lib_book_author (digital_lib_book_fk, digital_lib_author_fk) values (266,1090);
insert into digital_lib_book_author (digital_lib_book_fk, digital_lib_author_fk) values (266,1199);
insert into digital_lib_book_tag (digital_lib_book_fk, digital_lib_tag_fk) values (266,680);
insert into digital_lib_book_tag (digital_lib_book_fk, digital_lib_tag_fk) values (266,373);
insert into digital_lib_book_tag (digital_lib_book_fk, digital_lib_tag_fk) values (266,591);
insert into digital_lib_book_tag (digital_lib_book_fk, digital_lib_tag_fk) values (266,1077);
insert into digital_lib_book_publisher (digital_lib_book_fk, digital_lib_publisher_fk) values (266,19);
insert into digital_lib_book_publisher (digital_lib_book_fk, digital_lib_publisher_fk) values (266,1);
insert into digital_lib_book_publisher (digital_lib_book_fk, digital_lib_publisher_fk) values (266,189);
insert into digital_lib_category_book (digital_lib_book_fk, digital_lib_category_fk) values (266,4);
insert into digital_lib_category_book (digital_lib_book_fk, digital_lib_category_fk) values (266,25);
insert into digital_lib_book (digital_lib_book_id, title, description, issue_year) values (267,'Platform Embedded Security Technology Revealed','Platform Embedded Security Technology Revealed is an in-depth introduction to Intel’s platform embedded solution: the security and management engine.',2014);
insert into digital_lib_book_author (digital_lib_book_fk, digital_lib_author_fk) values (267,555);
insert into digital_lib_book_tag (digital_lib_book_fk, digital_lib_tag_fk) values (267,1550);
insert into digital_lib_book_tag (digital_lib_book_fk, digital_lib_tag_fk) values (267,2327);
insert into digital_lib_book_tag (digital_lib_book_fk, digital_lib_tag_fk) values (267,652);
insert into digital_lib_book_publisher (digital_lib_book_fk, digital_lib_publisher_fk) values (267,19);
insert into digital_lib_book_publisher (digital_lib_book_fk, digital_lib_publisher_fk) values (267,1);
insert into digital_lib_book_publisher (digital_lib_book_fk, digital_lib_publisher_fk) values (267,189);
insert into digital_lib_category_book (digital_lib_book_fk, digital_lib_category_fk) values (267,4);
insert into digital_lib_category_book (digital_lib_book_fk, digital_lib_category_fk) values (267,25);
insert into digital_lib_book (digital_lib_book_id, title, description, issue_year) values (268,'Internet of Things. Information Processing in an Increasingly Connected World','This book contains seleceted papers form the First IFIP International Cross-Domain Conference, IFIPIoT 2018, Held at the 24th IFIP World Computer Congress, WCC 2018, Poznan, Poland, September 18-19, 2018,',2019);
insert into digital_lib_book_author (digital_lib_book_fk, digital_lib_author_fk) values (268,1053);
insert into digital_lib_book_author (digital_lib_book_fk, digital_lib_author_fk) values (268,107);
insert into digital_lib_book_tag (digital_lib_book_fk, digital_lib_tag_fk) values (268,2440);
insert into digital_lib_book_tag (digital_lib_book_fk, digital_lib_tag_fk) values (268,2043);
insert into digital_lib_book_tag (digital_lib_book_fk, digital_lib_tag_fk) values (268,2404);
insert into digital_lib_book_tag (digital_lib_book_fk, digital_lib_tag_fk) values (268,808);
insert into digital_lib_book_tag (digital_lib_book_fk, digital_lib_tag_fk) values (268,309);
insert into digital_lib_book_tag (digital_lib_book_fk, digital_lib_tag_fk) values (268,1128);
insert into digital_lib_book_tag (digital_lib_book_fk, digital_lib_tag_fk) values (268,647);
insert into digital_lib_book_tag (digital_lib_book_fk, digital_lib_tag_fk) values (268,2247);
insert into digital_lib_book_tag (digital_lib_book_fk, digital_lib_tag_fk) values (268,271);
insert into digital_lib_book_tag (digital_lib_book_fk, digital_lib_tag_fk) values (268,2089);
insert into digital_lib_book_tag (digital_lib_book_fk, digital_lib_tag_fk) values (268,711);
insert into digital_lib_book_tag (digital_lib_book_fk, digital_lib_tag_fk) values (268,542);
insert into digital_lib_book_tag (digital_lib_book_fk, digital_lib_tag_fk) values (268,743);
insert into digital_lib_book_tag (digital_lib_book_fk, digital_lib_tag_fk) values (268,2301);
insert into digital_lib_book_tag (digital_lib_book_fk, digital_lib_tag_fk) values (268,364);
insert into digital_lib_book_tag (digital_lib_book_fk, digital_lib_tag_fk) values (268,1733);
insert into digital_lib_book_tag (digital_lib_book_fk, digital_lib_tag_fk) values (268,1325);
insert into digital_lib_book_tag (digital_lib_book_fk, digital_lib_tag_fk) values (268,2370);
insert into digital_lib_book_publisher (digital_lib_book_fk, digital_lib_publisher_fk) values (268,14);
insert into digital_lib_book_publisher (digital_lib_book_fk, digital_lib_publisher_fk) values (268,2);
insert into digital_lib_category_book (digital_lib_book_fk, digital_lib_category_fk) values (268,4);
insert into digital_lib_category_book (digital_lib_book_fk, digital_lib_category_fk) values (268,25);
insert into digital_lib_book (digital_lib_book_id, title, description, issue_year) values (269,'Demystifying Internet of Things Security Successful IoT Device/Edge and Platform Security Deployment','This book explores the challenges to secure these devices to make them immune to different threats originating from within and outside the network.',2020);
insert into digital_lib_book_author (digital_lib_book_fk, digital_lib_author_fk) values (269,231);
insert into digital_lib_book_author (digital_lib_book_fk, digital_lib_author_fk) values (269,79);
insert into digital_lib_book_author (digital_lib_book_fk, digital_lib_author_fk) values (269,248);
insert into digital_lib_book_author (digital_lib_book_fk, digital_lib_author_fk) values (269,898);
insert into digital_lib_book_tag (digital_lib_book_fk, digital_lib_tag_fk) values (269,2247);
insert into digital_lib_book_tag (digital_lib_book_fk, digital_lib_tag_fk) values (269,1159);
insert into digital_lib_book_tag (digital_lib_book_fk, digital_lib_tag_fk) values (269,708);
insert into digital_lib_book_tag (digital_lib_book_fk, digital_lib_tag_fk) values (269,1078);
insert into digital_lib_book_tag (digital_lib_book_fk, digital_lib_tag_fk) values (269,1668);
insert into digital_lib_book_tag (digital_lib_book_fk, digital_lib_tag_fk) values (269,2327);
insert into digital_lib_book_tag (digital_lib_book_fk, digital_lib_tag_fk) values (269,2426);
insert into digital_lib_book_tag (digital_lib_book_fk, digital_lib_tag_fk) values (269,741);
insert into digital_lib_book_tag (digital_lib_book_fk, digital_lib_tag_fk) values (269,1629);
insert into digital_lib_book_tag (digital_lib_book_fk, digital_lib_tag_fk) values (269,2044);
insert into digital_lib_book_publisher (digital_lib_book_fk, digital_lib_publisher_fk) values (269,19);
insert into digital_lib_book_publisher (digital_lib_book_fk, digital_lib_publisher_fk) values (269,1);
insert into digital_lib_book_publisher (digital_lib_book_fk, digital_lib_publisher_fk) values (269,189);
insert into digital_lib_category_book (digital_lib_book_fk, digital_lib_category_fk) values (269,4);
insert into digital_lib_category_book (digital_lib_book_fk, digital_lib_category_fk) values (269,25);
insert into digital_lib_book (digital_lib_book_id, title, description, issue_year) values (270,'Real-time Linked Dataspaces Enabling Data Ecosystems for Intelligent Systems','This book establishes the theoretical foundations and principles of real-time linked dataspaces as a data platform for intelligent systems.',2020);
insert into digital_lib_book_author (digital_lib_book_fk, digital_lib_author_fk) values (270,219);
insert into digital_lib_book_tag (digital_lib_book_fk, digital_lib_tag_fk) values (270,2044);
insert into digital_lib_book_tag (digital_lib_book_fk, digital_lib_tag_fk) values (270,805);
insert into digital_lib_book_tag (digital_lib_book_fk, digital_lib_tag_fk) values (270,2012);
insert into digital_lib_book_tag (digital_lib_book_fk, digital_lib_tag_fk) values (270,863);
insert into digital_lib_book_tag (digital_lib_book_fk, digital_lib_tag_fk) values (270,921);
insert into digital_lib_book_tag (digital_lib_book_fk, digital_lib_tag_fk) values (270,1463);
insert into digital_lib_book_publisher (digital_lib_book_fk, digital_lib_publisher_fk) values (270,14);
insert into digital_lib_book_publisher (digital_lib_book_fk, digital_lib_publisher_fk) values (270,2);
insert into digital_lib_category_book (digital_lib_book_fk, digital_lib_category_fk) values (270,4);
insert into digital_lib_category_book (digital_lib_book_fk, digital_lib_category_fk) values (270,25);
insert into digital_lib_book (digital_lib_book_id, title, description, issue_year) values (271,'Signal Computing: Digital Signals in the Software Domain','In this book, you will learn how digital signals are captured, represented, processed, communicated, and stored in computers.',2020);
insert into digital_lib_book_author (digital_lib_book_fk, digital_lib_author_fk) values (271,943);
insert into digital_lib_book_author (digital_lib_book_fk, digital_lib_author_fk) values (271,1042);
insert into digital_lib_book_author (digital_lib_book_fk, digital_lib_author_fk) values (271,25);
insert into digital_lib_book_tag (digital_lib_book_fk, digital_lib_tag_fk) values (271,1573);
insert into digital_lib_book_tag (digital_lib_book_fk, digital_lib_tag_fk) values (271,907);
insert into digital_lib_book_tag (digital_lib_book_fk, digital_lib_tag_fk) values (271,1758);
insert into digital_lib_book_tag (digital_lib_book_fk, digital_lib_tag_fk) values (271,1653);
insert into digital_lib_book_tag (digital_lib_book_fk, digital_lib_tag_fk) values (271,342);
insert into digital_lib_book_tag (digital_lib_book_fk, digital_lib_tag_fk) values (271,247);
insert into digital_lib_book_publisher (digital_lib_book_fk, digital_lib_publisher_fk) values (271,34);
insert into digital_lib_book_publisher (digital_lib_book_fk, digital_lib_publisher_fk) values (271,91);
insert into digital_lib_category_book (digital_lib_book_fk, digital_lib_category_fk) values (271,4);
insert into digital_lib_category_book (digital_lib_book_fk, digital_lib_category_fk) values (271,25);
insert into digital_lib_book (digital_lib_book_id, title, description, issue_year) values (272,'Unmanned Aircraft Systems in the Cyber Domain - Second Edition','The authors have endeavored to bring a breadth and quality of information to the reader that is unparalleled in the unclassified sphere. This textbook will fully immerse and engage the reader / student in the cyber-security considerations of this rapidly emerging technology that we know as unmanned aircraft systems (UAS).',2019);
insert into digital_lib_book_author (digital_lib_book_fk, digital_lib_author_fk) values (272,821);
insert into digital_lib_book_author (digital_lib_book_fk, digital_lib_author_fk) values (272,478);
insert into digital_lib_book_author (digital_lib_book_fk, digital_lib_author_fk) values (272,1167);
insert into digital_lib_book_tag (digital_lib_book_fk, digital_lib_tag_fk) values (272,2024);
insert into digital_lib_book_tag (digital_lib_book_fk, digital_lib_tag_fk) values (272,1121);
insert into digital_lib_book_tag (digital_lib_book_fk, digital_lib_tag_fk) values (272,731);
insert into digital_lib_book_tag (digital_lib_book_fk, digital_lib_tag_fk) values (272,1846);
insert into digital_lib_book_tag (digital_lib_book_fk, digital_lib_tag_fk) values (272,1979);
insert into digital_lib_book_tag (digital_lib_book_fk, digital_lib_tag_fk) values (272,1534);
insert into digital_lib_book_tag (digital_lib_book_fk, digital_lib_tag_fk) values (272,996);
insert into digital_lib_book_tag (digital_lib_book_fk, digital_lib_tag_fk) values (272,1344);
insert into digital_lib_book_tag (digital_lib_book_fk, digital_lib_tag_fk) values (272,1411);
insert into digital_lib_book_tag (digital_lib_book_fk, digital_lib_tag_fk) values (272,134);
insert into digital_lib_book_tag (digital_lib_book_fk, digital_lib_tag_fk) values (272,1079);
insert into digital_lib_book_tag (digital_lib_book_fk, digital_lib_tag_fk) values (272,1112);
insert into digital_lib_book_publisher (digital_lib_book_fk, digital_lib_publisher_fk) values (272,252);
insert into digital_lib_category_book (digital_lib_book_fk, digital_lib_category_fk) values (272,4);
insert into digital_lib_category_book (digital_lib_book_fk, digital_lib_category_fk) values (272,25);
insert into digital_lib_book (digital_lib_book_id, title, description, issue_year) values (273,'Robotics Modelling, Planning and Control','Robotics provides the basic know-how on the foundations of robotics: modelling, planning and control. The text develops around a core of consistent and rigorous formalism with fundamental and technological material giving rise naturally and with gradually increasing difficulty to more advanced considerations.',2009);
insert into digital_lib_book_author (digital_lib_book_fk, digital_lib_author_fk) values (273,260);
insert into digital_lib_book_author (digital_lib_book_fk, digital_lib_author_fk) values (273,369);
insert into digital_lib_book_author (digital_lib_book_fk, digital_lib_author_fk) values (273,228);
insert into digital_lib_book_author (digital_lib_book_fk, digital_lib_author_fk) values (273,679);
insert into digital_lib_book_tag (digital_lib_book_fk, digital_lib_tag_fk) values (273,2354);
insert into digital_lib_book_tag (digital_lib_book_fk, digital_lib_tag_fk) values (273,876);
insert into digital_lib_book_tag (digital_lib_book_fk, digital_lib_tag_fk) values (273,1698);
insert into digital_lib_book_tag (digital_lib_book_fk, digital_lib_tag_fk) values (273,1848);
insert into digital_lib_book_tag (digital_lib_book_fk, digital_lib_tag_fk) values (273,58);
insert into digital_lib_book_tag (digital_lib_book_fk, digital_lib_tag_fk) values (273,2009);
insert into digital_lib_book_tag (digital_lib_book_fk, digital_lib_tag_fk) values (273,1867);
insert into digital_lib_book_tag (digital_lib_book_fk, digital_lib_tag_fk) values (273,1047);
insert into digital_lib_book_publisher (digital_lib_book_fk, digital_lib_publisher_fk) values (273,14);
insert into digital_lib_book_publisher (digital_lib_book_fk, digital_lib_publisher_fk) values (273,190);
insert into digital_lib_category_book (digital_lib_book_fk, digital_lib_category_fk) values (273,4);
insert into digital_lib_category_book (digital_lib_book_fk, digital_lib_category_fk) values (273,28);
insert into digital_lib_book (digital_lib_book_id, title, description, issue_year) values (274,'Robotics, Vision and Control Fundamental Algorithms In MATLAB® Second, Completely Revised, Extended And Updated Edition','This book makes the fundamental algorithms of robotics, vision and control accessible to all. It weaves together theory, algorithms and examples in a narrative that covers robotics and computer vision separately and together.',2017);
insert into digital_lib_book_author (digital_lib_book_fk, digital_lib_author_fk) values (274,1111);
insert into digital_lib_book_author (digital_lib_book_fk, digital_lib_author_fk) values (274,1183);
insert into digital_lib_book_author (digital_lib_book_fk, digital_lib_author_fk) values (274,410);
insert into digital_lib_book_author (digital_lib_book_fk, digital_lib_author_fk) values (274,172);
insert into digital_lib_book_tag (digital_lib_book_fk, digital_lib_tag_fk) values (274,1712);
insert into digital_lib_book_tag (digital_lib_book_fk, digital_lib_tag_fk) values (274,429);
insert into digital_lib_book_tag (digital_lib_book_fk, digital_lib_tag_fk) values (274,604);
insert into digital_lib_book_tag (digital_lib_book_fk, digital_lib_tag_fk) values (274,2398);
insert into digital_lib_book_tag (digital_lib_book_fk, digital_lib_tag_fk) values (274,1874);
insert into digital_lib_book_tag (digital_lib_book_fk, digital_lib_tag_fk) values (274,1334);
insert into digital_lib_book_tag (digital_lib_book_fk, digital_lib_tag_fk) values (274,1164);
insert into digital_lib_book_tag (digital_lib_book_fk, digital_lib_tag_fk) values (274,21);
insert into digital_lib_book_tag (digital_lib_book_fk, digital_lib_tag_fk) values (274,2164);
insert into digital_lib_book_publisher (digital_lib_book_fk, digital_lib_publisher_fk) values (274,14);
insert into digital_lib_book_publisher (digital_lib_book_fk, digital_lib_publisher_fk) values (274,2);
insert into digital_lib_category_book (digital_lib_book_fk, digital_lib_category_fk) values (274,4);
insert into digital_lib_category_book (digital_lib_book_fk, digital_lib_category_fk) values (274,28);
insert into digital_lib_book (digital_lib_book_id, title, description, issue_year) values (275,'Fundamentals of Robotic Mechanical Systems Theory, Methods, and Algorithms','The 4th edition includes updated and additional examples and exercises on the core fundamental concepts of mechanics, robots, and kinematics of serial robots. New images of CAD models and physical robots help to motivate concepts being introduced.',2014);
insert into digital_lib_book_author (digital_lib_book_fk, digital_lib_author_fk) values (275,921);
insert into digital_lib_book_tag (digital_lib_book_fk, digital_lib_tag_fk) values (275,1007);
insert into digital_lib_book_tag (digital_lib_book_fk, digital_lib_tag_fk) values (275,2273);
insert into digital_lib_book_tag (digital_lib_book_fk, digital_lib_tag_fk) values (275,632);
insert into digital_lib_book_tag (digital_lib_book_fk, digital_lib_tag_fk) values (275,1931);
insert into digital_lib_book_tag (digital_lib_book_fk, digital_lib_tag_fk) values (275,109);
insert into digital_lib_book_tag (digital_lib_book_fk, digital_lib_tag_fk) values (275,579);
insert into digital_lib_book_tag (digital_lib_book_fk, digital_lib_tag_fk) values (275,1110);
insert into digital_lib_book_publisher (digital_lib_book_fk, digital_lib_publisher_fk) values (275,14);
insert into digital_lib_book_publisher (digital_lib_book_fk, digital_lib_publisher_fk) values (275,2);
insert into digital_lib_category_book (digital_lib_book_fk, digital_lib_category_fk) values (275,4);
insert into digital_lib_category_book (digital_lib_book_fk, digital_lib_category_fk) values (275,28);
insert into digital_lib_book (digital_lib_book_id, title, description, issue_year) values (276,'Robotics, Vision and Control Fundamental Algorithms In MATLAB®','This book is a tutorial introduction to robotics and vision. It is easy to read and absorb, including Matlab examples and lots of figures.',2011);
insert into digital_lib_book_author (digital_lib_book_fk, digital_lib_author_fk) values (276,903);
insert into digital_lib_book_tag (digital_lib_book_fk, digital_lib_tag_fk) values (276,1712);
insert into digital_lib_book_tag (digital_lib_book_fk, digital_lib_tag_fk) values (276,429);
insert into digital_lib_book_tag (digital_lib_book_fk, digital_lib_tag_fk) values (276,207);
insert into digital_lib_book_tag (digital_lib_book_fk, digital_lib_tag_fk) values (276,1429);
insert into digital_lib_book_tag (digital_lib_book_fk, digital_lib_tag_fk) values (276,611);
insert into digital_lib_book_tag (digital_lib_book_fk, digital_lib_tag_fk) values (276,1874);
insert into digital_lib_book_tag (digital_lib_book_fk, digital_lib_tag_fk) values (276,1334);
insert into digital_lib_book_tag (digital_lib_book_fk, digital_lib_tag_fk) values (276,1164);
insert into digital_lib_book_tag (digital_lib_book_fk, digital_lib_tag_fk) values (276,21);
insert into digital_lib_book_tag (digital_lib_book_fk, digital_lib_tag_fk) values (276,2164);
insert into digital_lib_book_publisher (digital_lib_book_fk, digital_lib_publisher_fk) values (276,14);
insert into digital_lib_book_publisher (digital_lib_book_fk, digital_lib_publisher_fk) values (276,148);
insert into digital_lib_book_publisher (digital_lib_book_fk, digital_lib_publisher_fk) values (276,145);
insert into digital_lib_category_book (digital_lib_book_fk, digital_lib_category_fk) values (276,4);
insert into digital_lib_category_book (digital_lib_book_fk, digital_lib_category_fk) values (276,28);
insert into digital_lib_book (digital_lib_book_id, title, description, issue_year) values (277,'Elements of Robotics','Elements of Robotics presents an overview of different types of robots and the components used to build robots, but focuses on robotic algorithms: simple algorithms like odometry and feedback control, as well as algorithms for advanced topics like localization, mapping, image processing, machine learning and swarm robotics.',2018);
insert into digital_lib_book_author (digital_lib_book_fk, digital_lib_author_fk) values (277,333);
insert into digital_lib_book_author (digital_lib_book_fk, digital_lib_author_fk) values (277,294);
insert into digital_lib_book_tag (digital_lib_book_fk, digital_lib_tag_fk) values (277,1867);
insert into digital_lib_book_tag (digital_lib_book_fk, digital_lib_tag_fk) values (277,1850);
insert into digital_lib_book_tag (digital_lib_book_fk, digital_lib_tag_fk) values (277,503);
insert into digital_lib_book_tag (digital_lib_book_fk, digital_lib_tag_fk) values (277,2266);
insert into digital_lib_book_tag (digital_lib_book_fk, digital_lib_tag_fk) values (277,1961);
insert into digital_lib_book_tag (digital_lib_book_fk, digital_lib_tag_fk) values (277,2044);
insert into digital_lib_book_publisher (digital_lib_book_fk, digital_lib_publisher_fk) values (277,14);
insert into digital_lib_book_publisher (digital_lib_book_fk, digital_lib_publisher_fk) values (277,2);
insert into digital_lib_category_book (digital_lib_book_fk, digital_lib_category_fk) values (277,4);
insert into digital_lib_category_book (digital_lib_book_fk, digital_lib_category_fk) values (277,28);
insert into digital_lib_book (digital_lib_book_id, title, description, issue_year) values (278,'Advanced biometric technologies','This book shows the newest advancements in this field for the implementation of robust and high-performance authentication systems.',2011);
insert into digital_lib_book_author (digital_lib_book_fk, digital_lib_author_fk) values (278,1040);
insert into digital_lib_book_author (digital_lib_book_fk, digital_lib_author_fk) values (278,546);
insert into digital_lib_book_tag (digital_lib_book_fk, digital_lib_tag_fk) values (278,2016);
insert into digital_lib_book_tag (digital_lib_book_fk, digital_lib_tag_fk) values (278,535);
insert into digital_lib_book_tag (digital_lib_book_fk, digital_lib_tag_fk) values (278,1632);
insert into digital_lib_book_tag (digital_lib_book_fk, digital_lib_tag_fk) values (278,1867);
insert into digital_lib_book_tag (digital_lib_book_fk, digital_lib_tag_fk) values (278,2089);
insert into digital_lib_book_tag (digital_lib_book_fk, digital_lib_tag_fk) values (278,743);
insert into digital_lib_book_publisher (digital_lib_book_fk, digital_lib_publisher_fk) values (278,243);
insert into digital_lib_category_book (digital_lib_book_fk, digital_lib_category_fk) values (278,4);
insert into digital_lib_category_book (digital_lib_book_fk, digital_lib_category_fk) values (278,28);
insert into digital_lib_book (digital_lib_book_id, title, description, issue_year) values (279,'Advances in Object Recognition Systems','This book presents the latest advances towards the solid achievement of object recognition and is a must-read for any researcher in the field.',2012);
insert into digital_lib_book_author (digital_lib_book_fk, digital_lib_author_fk) values (279,786);
insert into digital_lib_book_tag (digital_lib_book_fk, digital_lib_tag_fk) values (279,168);
insert into digital_lib_book_tag (digital_lib_book_fk, digital_lib_tag_fk) values (279,1138);
insert into digital_lib_book_tag (digital_lib_book_fk, digital_lib_tag_fk) values (279,2292);
insert into digital_lib_book_tag (digital_lib_book_fk, digital_lib_tag_fk) values (279,627);
insert into digital_lib_book_tag (digital_lib_book_fk, digital_lib_tag_fk) values (279,1867);
insert into digital_lib_book_tag (digital_lib_book_fk, digital_lib_tag_fk) values (279,1749);
insert into digital_lib_book_tag (digital_lib_book_fk, digital_lib_tag_fk) values (279,743);
insert into digital_lib_book_tag (digital_lib_book_fk, digital_lib_tag_fk) values (279,680);
insert into digital_lib_book_publisher (digital_lib_book_fk, digital_lib_publisher_fk) values (279,243);
insert into digital_lib_category_book (digital_lib_book_fk, digital_lib_category_fk) values (279,4);
insert into digital_lib_category_book (digital_lib_book_fk, digital_lib_category_fk) values (279,28);
insert into digital_lib_book (digital_lib_book_id, title, description, issue_year) values (280,'Advances in Speech Recognition','This book addresses some of these more modern applications while reviewing the most relevant pioneering ones. Its great contribution is to include the most recent advances in research on some of the challenges - such as noise and reverberation - that were ignored during the early stages of development.',2010);
insert into digital_lib_book_author (digital_lib_book_fk, digital_lib_author_fk) values (280,800);
insert into digital_lib_book_tag (digital_lib_book_fk, digital_lib_tag_fk) values (280,397);
insert into digital_lib_book_tag (digital_lib_book_fk, digital_lib_tag_fk) values (280,1867);
insert into digital_lib_book_tag (digital_lib_book_fk, digital_lib_tag_fk) values (280,2449);
insert into digital_lib_book_tag (digital_lib_book_fk, digital_lib_tag_fk) values (280,717);
insert into digital_lib_book_tag (digital_lib_book_fk, digital_lib_tag_fk) values (280,2292);
insert into digital_lib_book_tag (digital_lib_book_fk, digital_lib_tag_fk) values (280,1749);
insert into digital_lib_book_tag (digital_lib_book_fk, digital_lib_tag_fk) values (280,743);
insert into digital_lib_book_tag (digital_lib_book_fk, digital_lib_tag_fk) values (280,881);
insert into digital_lib_book_tag (digital_lib_book_fk, digital_lib_tag_fk) values (280,255);
insert into digital_lib_book_publisher (digital_lib_book_fk, digital_lib_publisher_fk) values (280,243);
insert into digital_lib_category_book (digital_lib_book_fk, digital_lib_category_fk) values (280,4);
insert into digital_lib_category_book (digital_lib_book_fk, digital_lib_category_fk) values (280,28);
insert into digital_lib_book (digital_lib_book_id, title, description, issue_year) values (281,'Application of Machine Learning','The goal of this book is to present the latest applications that allow simulating machine learning. This book may be of great interest to industrial engineers and scientists, as well as academics who wish to deepen their learning of the machine learning process.',2010);
insert into digital_lib_book_author (digital_lib_book_fk, digital_lib_author_fk) values (281,743);
insert into digital_lib_book_tag (digital_lib_book_fk, digital_lib_tag_fk) values (281,1867);
insert into digital_lib_book_tag (digital_lib_book_fk, digital_lib_tag_fk) values (281,2082);
insert into digital_lib_book_tag (digital_lib_book_fk, digital_lib_tag_fk) values (281,744);
insert into digital_lib_book_tag (digital_lib_book_fk, digital_lib_tag_fk) values (281,1902);
insert into digital_lib_book_tag (digital_lib_book_fk, digital_lib_tag_fk) values (281,1782);
insert into digital_lib_book_tag (digital_lib_book_fk, digital_lib_tag_fk) values (281,1502);
insert into digital_lib_book_tag (digital_lib_book_fk, digital_lib_tag_fk) values (281,226);
insert into digital_lib_book_publisher (digital_lib_book_fk, digital_lib_publisher_fk) values (281,243);
insert into digital_lib_category_book (digital_lib_book_fk, digital_lib_category_fk) values (281,4);
insert into digital_lib_category_book (digital_lib_book_fk, digital_lib_category_fk) values (281,28);
insert into digital_lib_book (digital_lib_book_id, title, description, issue_year) values (282,'Automation & Control Theory and Practice','The present edited book is a collection of 18 chapters written by internationally recognized experts and well-known professionals of the field. Chapters contribute to diverse facets of automation and control.',2009);
insert into digital_lib_book_author (digital_lib_book_fk, digital_lib_author_fk) values (282,579);
insert into digital_lib_book_tag (digital_lib_book_fk, digital_lib_tag_fk) values (282,1867);
insert into digital_lib_book_tag (digital_lib_book_fk, digital_lib_tag_fk) values (282,2082);
insert into digital_lib_book_tag (digital_lib_book_fk, digital_lib_tag_fk) values (282,744);
insert into digital_lib_book_tag (digital_lib_book_fk, digital_lib_tag_fk) values (282,1902);
insert into digital_lib_book_tag (digital_lib_book_fk, digital_lib_tag_fk) values (282,1782);
insert into digital_lib_book_tag (digital_lib_book_fk, digital_lib_tag_fk) values (282,743);
insert into digital_lib_book_tag (digital_lib_book_fk, digital_lib_tag_fk) values (282,1670);
insert into digital_lib_book_publisher (digital_lib_book_fk, digital_lib_publisher_fk) values (282,243);
insert into digital_lib_category_book (digital_lib_book_fk, digital_lib_category_fk) values (282,4);
insert into digital_lib_category_book (digital_lib_book_fk, digital_lib_category_fk) values (282,28);
insert into digital_lib_book (digital_lib_book_id, title, description, issue_year) values (283,'Constructing Sentient Androids','In this work we develop the point of view that the regime of Unified Field Mechanics (UFM) supplies an inherent action principle driving both the evolution of complex Self-Organized Living Systems (SOLS) and the physical processes of awareness.',2015);
insert into digital_lib_book_author (digital_lib_book_fk, digital_lib_author_fk) values (283,976);
insert into digital_lib_book_tag (digital_lib_book_fk, digital_lib_tag_fk) values (283,1867);
insert into digital_lib_book_tag (digital_lib_book_fk, digital_lib_tag_fk) values (283,2170);
insert into digital_lib_book_tag (digital_lib_book_fk, digital_lib_tag_fk) values (283,744);
insert into digital_lib_book_tag (digital_lib_book_fk, digital_lib_tag_fk) values (283,2082);
insert into digital_lib_book_publisher (digital_lib_book_fk, digital_lib_publisher_fk) values (283,264);
insert into digital_lib_category_book (digital_lib_book_fk, digital_lib_category_fk) values (283,4);
insert into digital_lib_category_book (digital_lib_book_fk, digital_lib_category_fk) values (283,28);
insert into digital_lib_book (digital_lib_book_id, title, description, issue_year) values (284,'Haptics Rendering and Applications','Haptic technology refers to the set of technological interfaces that interact with humans through the sense of touch. This books delves deeper into the topic and brings it closer to the readers.',2012);
insert into digital_lib_book_author (digital_lib_book_fk, digital_lib_author_fk) values (284,56);
insert into digital_lib_book_tag (digital_lib_book_fk, digital_lib_tag_fk) values (284,1867);
insert into digital_lib_book_tag (digital_lib_book_fk, digital_lib_tag_fk) values (284,12);
insert into digital_lib_book_tag (digital_lib_book_fk, digital_lib_tag_fk) values (284,1833);
insert into digital_lib_book_tag (digital_lib_book_fk, digital_lib_tag_fk) values (284,1749);
insert into digital_lib_book_tag (digital_lib_book_fk, digital_lib_tag_fk) values (284,743);
insert into digital_lib_book_publisher (digital_lib_book_fk, digital_lib_publisher_fk) values (284,243);
insert into digital_lib_category_book (digital_lib_book_fk, digital_lib_category_fk) values (284,4);
insert into digital_lib_category_book (digital_lib_book_fk, digital_lib_category_fk) values (284,28);
insert into digital_lib_book (digital_lib_book_id, title, description, issue_year) values (285,'How mobile robots can self-organise a vocabulary','This book has a very specific topic but it also deals with broader questions related to mobile robots.',2015);
insert into digital_lib_book_author (digital_lib_book_fk, digital_lib_author_fk) values (285,534);
insert into digital_lib_book_tag (digital_lib_book_fk, digital_lib_tag_fk) values (285,1867);
insert into digital_lib_book_tag (digital_lib_book_fk, digital_lib_tag_fk) values (285,960);
insert into digital_lib_book_tag (digital_lib_book_fk, digital_lib_tag_fk) values (285,1749);
insert into digital_lib_book_tag (digital_lib_book_fk, digital_lib_tag_fk) values (285,743);
insert into digital_lib_book_publisher (digital_lib_book_fk, digital_lib_publisher_fk) values (285,241);
insert into digital_lib_category_book (digital_lib_book_fk, digital_lib_category_fk) values (285,4);
insert into digital_lib_category_book (digital_lib_book_fk, digital_lib_category_fk) values (285,28);
insert into digital_lib_book (digital_lib_book_id, title, description, issue_year) values (286,'Humanoid robots, human like machines','This book is on robotics, intended as a guide for creating synthetic organisms with a human appearance and response.',2007);
insert into digital_lib_book_author (digital_lib_book_fk, digital_lib_author_fk) values (286,945);
insert into digital_lib_book_tag (digital_lib_book_fk, digital_lib_tag_fk) values (286,1867);
insert into digital_lib_book_tag (digital_lib_book_fk, digital_lib_tag_fk) values (286,744);
insert into digital_lib_book_tag (digital_lib_book_fk, digital_lib_tag_fk) values (286,1965);
insert into digital_lib_book_tag (digital_lib_book_fk, digital_lib_tag_fk) values (286,1670);
insert into digital_lib_book_tag (digital_lib_book_fk, digital_lib_tag_fk) values (286,1902);
insert into digital_lib_book_tag (digital_lib_book_fk, digital_lib_tag_fk) values (286,645);
insert into digital_lib_book_publisher (digital_lib_book_fk, digital_lib_publisher_fk) values (286,136);
insert into digital_lib_category_book (digital_lib_book_fk, digital_lib_category_fk) values (286,4);
insert into digital_lib_category_book (digital_lib_book_fk, digital_lib_category_fk) values (286,28);
insert into digital_lib_book (digital_lib_book_id, title, description, issue_year) values (287,'Humanoid robots: new developments','This book presents a series of investigations inspired by this ideal, carried out by researchers around the world, seeking to analyze and discuss various topics related to humanoid robots.',2007);
insert into digital_lib_book_author (digital_lib_book_fk, digital_lib_author_fk) values (287,41);
insert into digital_lib_book_tag (digital_lib_book_fk, digital_lib_tag_fk) values (287,744);
insert into digital_lib_book_tag (digital_lib_book_fk, digital_lib_tag_fk) values (287,1867);
insert into digital_lib_book_tag (digital_lib_book_fk, digital_lib_tag_fk) values (287,2082);
insert into digital_lib_book_tag (digital_lib_book_fk, digital_lib_tag_fk) values (287,960);
insert into digital_lib_book_tag (digital_lib_book_fk, digital_lib_tag_fk) values (287,1502);
insert into digital_lib_book_tag (digital_lib_book_fk, digital_lib_tag_fk) values (287,2246);
insert into digital_lib_book_tag (digital_lib_book_fk, digital_lib_tag_fk) values (287,1814);
insert into digital_lib_book_tag (digital_lib_book_fk, digital_lib_tag_fk) values (287,743);
insert into digital_lib_book_publisher (digital_lib_book_fk, digital_lib_publisher_fk) values (287,136);
insert into digital_lib_category_book (digital_lib_book_fk, digital_lib_category_fk) values (287,4);
insert into digital_lib_category_book (digital_lib_book_fk, digital_lib_category_fk) values (287,28);
insert into digital_lib_book (digital_lib_book_id, title, description, issue_year) values (288,'Introduction to Autonomous Robots','This book provides an algorithmic perspective to autonomous robotics to students with a sophomore-level of linear algebra and probability theory.',2016);
insert into digital_lib_book_author (digital_lib_book_fk, digital_lib_author_fk) values (288,273);
insert into digital_lib_book_tag (digital_lib_book_fk, digital_lib_tag_fk) values (288,744);
insert into digital_lib_book_tag (digital_lib_book_fk, digital_lib_tag_fk) values (288,1867);
insert into digital_lib_book_tag (digital_lib_book_fk, digital_lib_tag_fk) values (288,2082);
insert into digital_lib_book_tag (digital_lib_book_fk, digital_lib_tag_fk) values (288,960);
insert into digital_lib_book_tag (digital_lib_book_fk, digital_lib_tag_fk) values (288,1502);
insert into digital_lib_book_tag (digital_lib_book_fk, digital_lib_tag_fk) values (288,2246);
insert into digital_lib_book_tag (digital_lib_book_fk, digital_lib_tag_fk) values (288,1814);
insert into digital_lib_book_tag (digital_lib_book_fk, digital_lib_tag_fk) values (288,743);
insert into digital_lib_book_tag (digital_lib_book_fk, digital_lib_tag_fk) values (288,1819);
insert into digital_lib_book_publisher (digital_lib_book_fk, digital_lib_publisher_fk) values (288,258);
insert into digital_lib_category_book (digital_lib_book_fk, digital_lib_category_fk) values (288,4);
insert into digital_lib_category_book (digital_lib_book_fk, digital_lib_category_fk) values (288,28);
insert into digital_lib_book (digital_lib_book_id, title, description, issue_year) values (289,'Machine Vision - Applications and Systems','This manual is a compendium of enormous interest for the subject as it addresses the most recent fields of research together with their respective advances on the subject.',2012);
insert into digital_lib_book_author (digital_lib_book_fk, digital_lib_author_fk) values (289,142);
insert into digital_lib_book_author (digital_lib_book_fk, digital_lib_author_fk) values (289,421);
insert into digital_lib_book_author (digital_lib_book_fk, digital_lib_author_fk) values (289,1115);
insert into digital_lib_book_tag (digital_lib_book_fk, digital_lib_tag_fk) values (289,744);
insert into digital_lib_book_tag (digital_lib_book_fk, digital_lib_tag_fk) values (289,1867);
insert into digital_lib_book_tag (digital_lib_book_fk, digital_lib_tag_fk) values (289,2082);
insert into digital_lib_book_tag (digital_lib_book_fk, digital_lib_tag_fk) values (289,960);
insert into digital_lib_book_tag (digital_lib_book_fk, digital_lib_tag_fk) values (289,1502);
insert into digital_lib_book_tag (digital_lib_book_fk, digital_lib_tag_fk) values (289,2246);
insert into digital_lib_book_tag (digital_lib_book_fk, digital_lib_tag_fk) values (289,1814);
insert into digital_lib_book_tag (digital_lib_book_fk, digital_lib_tag_fk) values (289,743);
insert into digital_lib_book_tag (digital_lib_book_fk, digital_lib_tag_fk) values (289,1819);
insert into digital_lib_book_tag (digital_lib_book_fk, digital_lib_tag_fk) values (289,1814);
insert into digital_lib_book_publisher (digital_lib_book_fk, digital_lib_publisher_fk) values (289,233);
insert into digital_lib_category_book (digital_lib_book_fk, digital_lib_category_fk) values (289,4);
insert into digital_lib_category_book (digital_lib_book_fk, digital_lib_category_fk) values (289,28);
insert into digital_lib_book (digital_lib_book_id, title, description, issue_year) values (290,'Mobile robotics, moving intelligence','This book covers many aspects of exciting mobile robotics research.',2006);
insert into digital_lib_book_author (digital_lib_book_fk, digital_lib_author_fk) values (290,72);
insert into digital_lib_book_tag (digital_lib_book_fk, digital_lib_tag_fk) values (290,744);
insert into digital_lib_book_tag (digital_lib_book_fk, digital_lib_tag_fk) values (290,2042);
insert into digital_lib_book_tag (digital_lib_book_fk, digital_lib_tag_fk) values (290,1912);
insert into digital_lib_book_tag (digital_lib_book_fk, digital_lib_tag_fk) values (290,1749);
insert into digital_lib_book_tag (digital_lib_book_fk, digital_lib_tag_fk) values (290,743);
insert into digital_lib_book_publisher (digital_lib_book_fk, digital_lib_publisher_fk) values (290,163);
insert into digital_lib_category_book (digital_lib_book_fk, digital_lib_category_fk) values (290,4);
insert into digital_lib_category_book (digital_lib_book_fk, digital_lib_category_fk) values (290,28);
insert into digital_lib_book (digital_lib_book_id, title, description, issue_year) values (291,'Mobile robots: perception navigation','This book is about the two most important areas of mobile robotics: Perception and Navigation. The objective of this book reaches not only the management systems of a single automaton unit but even the control of organized robot communities.',2007);
insert into digital_lib_book_author (digital_lib_book_fk, digital_lib_author_fk) values (291,819);
insert into digital_lib_book_tag (digital_lib_book_fk, digital_lib_tag_fk) values (291,744);
insert into digital_lib_book_tag (digital_lib_book_fk, digital_lib_tag_fk) values (291,2042);
insert into digital_lib_book_tag (digital_lib_book_fk, digital_lib_tag_fk) values (291,1912);
insert into digital_lib_book_tag (digital_lib_book_fk, digital_lib_tag_fk) values (291,1749);
insert into digital_lib_book_tag (digital_lib_book_fk, digital_lib_tag_fk) values (291,743);
insert into digital_lib_book_tag (digital_lib_book_fk, digital_lib_tag_fk) values (291,853);
insert into digital_lib_book_publisher (digital_lib_book_fk, digital_lib_publisher_fk) values (291,163);
insert into digital_lib_category_book (digital_lib_book_fk, digital_lib_category_fk) values (291,4);
insert into digital_lib_category_book (digital_lib_book_fk, digital_lib_category_fk) values (291,28);
insert into digital_lib_book (digital_lib_book_id, title, description, issue_year) values (292,'Parallel manipulators: new developments','This book mainly introduces advanced kinematic and dynamic analysis methods and cutting edge control technologies for parallel manipulators. This book can give an idea to the reader about what has been done in the field recently, and what kind of open problems are in this area.',2008);
insert into digital_lib_book_author (digital_lib_book_fk, digital_lib_author_fk) values (292,36);
insert into digital_lib_book_tag (digital_lib_book_fk, digital_lib_tag_fk) values (292,2449);
insert into digital_lib_book_tag (digital_lib_book_fk, digital_lib_tag_fk) values (292,680);
insert into digital_lib_book_tag (digital_lib_book_fk, digital_lib_tag_fk) values (292,1867);
insert into digital_lib_book_tag (digital_lib_book_fk, digital_lib_tag_fk) values (292,1749);
insert into digital_lib_book_tag (digital_lib_book_fk, digital_lib_tag_fk) values (292,191);
insert into digital_lib_book_tag (digital_lib_book_fk, digital_lib_tag_fk) values (292,2186);
insert into digital_lib_book_tag (digital_lib_book_fk, digital_lib_tag_fk) values (292,426);
insert into digital_lib_book_tag (digital_lib_book_fk, digital_lib_tag_fk) values (292,1659);
insert into digital_lib_book_tag (digital_lib_book_fk, digital_lib_tag_fk) values (292,1819);
insert into digital_lib_book_tag (digital_lib_book_fk, digital_lib_tag_fk) values (292,362);
insert into digital_lib_book_tag (digital_lib_book_fk, digital_lib_tag_fk) values (292,1029);
insert into digital_lib_book_publisher (digital_lib_book_fk, digital_lib_publisher_fk) values (292,243);
insert into digital_lib_category_book (digital_lib_book_fk, digital_lib_category_fk) values (292,4);
insert into digital_lib_category_book (digital_lib_book_fk, digital_lib_category_fk) values (292,28);
insert into digital_lib_book (digital_lib_book_id, title, description, issue_year) values (293,'Programming with Robots','This book is a guide to the topic of programming with robots. Throughout these notes the reader is directed to external references.',2011);
insert into digital_lib_book_author (digital_lib_book_fk, digital_lib_author_fk) values (293,202);
insert into digital_lib_book_tag (digital_lib_book_fk, digital_lib_tag_fk) values (293,645);
insert into digital_lib_book_tag (digital_lib_book_fk, digital_lib_tag_fk) values (293,1348);
insert into digital_lib_book_tag (digital_lib_book_fk, digital_lib_tag_fk) values (293,2076);
insert into digital_lib_book_tag (digital_lib_book_fk, digital_lib_tag_fk) values (293,1867);
insert into digital_lib_book_tag (digital_lib_book_fk, digital_lib_tag_fk) values (293,1749);
insert into digital_lib_book_tag (digital_lib_book_fk, digital_lib_tag_fk) values (293,743);
insert into digital_lib_book_tag (digital_lib_book_fk, digital_lib_tag_fk) values (293,328);
insert into digital_lib_book_publisher (digital_lib_book_fk, digital_lib_publisher_fk) values (293,239);
insert into digital_lib_category_book (digital_lib_book_fk, digital_lib_category_fk) values (293,4);
insert into digital_lib_category_book (digital_lib_book_fk, digital_lib_category_fk) values (293,28);
insert into digital_lib_book (digital_lib_book_id, title, description, issue_year) values (294,'Recent Advances in Document Recognition and Understanding','The field of document recognition and understanding has been restricted almost exclusively for years to scanned files from their paper originals (OCR). This book represents a review of recent advances in this area.',2011);
insert into digital_lib_book_author (digital_lib_book_fk, digital_lib_author_fk) values (294,338);
insert into digital_lib_book_tag (digital_lib_book_fk, digital_lib_tag_fk) values (294,1867);
insert into digital_lib_book_tag (digital_lib_book_fk, digital_lib_tag_fk) values (294,827);
insert into digital_lib_book_tag (digital_lib_book_fk, digital_lib_tag_fk) values (294,1714);
insert into digital_lib_book_tag (digital_lib_book_fk, digital_lib_tag_fk) values (294,287);
insert into digital_lib_book_tag (digital_lib_book_fk, digital_lib_tag_fk) values (294,1447);
insert into digital_lib_book_tag (digital_lib_book_fk, digital_lib_tag_fk) values (294,1140);
insert into digital_lib_book_tag (digital_lib_book_fk, digital_lib_tag_fk) values (294,1311);
insert into digital_lib_book_publisher (digital_lib_book_fk, digital_lib_publisher_fk) values (294,243);
insert into digital_lib_category_book (digital_lib_book_fk, digital_lib_category_fk) values (294,4);
insert into digital_lib_category_book (digital_lib_book_fk, digital_lib_category_fk) values (294,28);
insert into digital_lib_book (digital_lib_book_id, title, description, issue_year) values (295,'Robot arms','In this manual theconcept, manufacture, materials and technologies involved in robotics are reviewed.',2011);
insert into digital_lib_book_author (digital_lib_book_fk, digital_lib_author_fk) values (295,506);
insert into digital_lib_book_tag (digital_lib_book_fk, digital_lib_tag_fk) values (295,1867);
insert into digital_lib_book_tag (digital_lib_book_fk, digital_lib_tag_fk) values (295,1714);
insert into digital_lib_book_tag (digital_lib_book_fk, digital_lib_tag_fk) values (295,1965);
insert into digital_lib_book_tag (digital_lib_book_fk, digital_lib_tag_fk) values (295,1749);
insert into digital_lib_book_publisher (digital_lib_book_fk, digital_lib_publisher_fk) values (295,243);
insert into digital_lib_category_book (digital_lib_book_fk, digital_lib_category_fk) values (295,4);
insert into digital_lib_category_book (digital_lib_book_fk, digital_lib_category_fk) values (295,28);
insert into digital_lib_book (digital_lib_book_id, title, description, issue_year) values (296,'Robot learning','This book gives an accurate introduction to the concepts of machine learning, demonstrating the relevance and visibility of some of the most efficient algorithms in the field.',2010);
insert into digital_lib_book_author (digital_lib_book_fk, digital_lib_author_fk) values (296,684);
insert into digital_lib_book_tag (digital_lib_book_fk, digital_lib_tag_fk) values (296,155);
insert into digital_lib_book_tag (digital_lib_book_fk, digital_lib_tag_fk) values (296,1867);
insert into digital_lib_book_tag (digital_lib_book_fk, digital_lib_tag_fk) values (296,744);
insert into digital_lib_book_tag (digital_lib_book_fk, digital_lib_tag_fk) values (296,2446);
insert into digital_lib_book_tag (digital_lib_book_fk, digital_lib_tag_fk) values (296,1782);
insert into digital_lib_book_tag (digital_lib_book_fk, digital_lib_tag_fk) values (296,1502);
insert into digital_lib_book_tag (digital_lib_book_fk, digital_lib_tag_fk) values (296,1749);
insert into digital_lib_book_publisher (digital_lib_book_fk, digital_lib_publisher_fk) values (296,215);
insert into digital_lib_category_book (digital_lib_book_fk, digital_lib_category_fk) values (296,4);
insert into digital_lib_category_book (digital_lib_book_fk, digital_lib_category_fk) values (296,28);
insert into digital_lib_book (digital_lib_book_id, title, description, issue_year) values (297,'Soccer robot','The idea of ​​using the game of soccer to promote the research and development of both artificial intelligence and robotics was presented in the 90s of the last century. This book follows this trend.',2010);
insert into digital_lib_book_author (digital_lib_book_fk, digital_lib_author_fk) values (297,1095);
insert into digital_lib_book_tag (digital_lib_book_fk, digital_lib_tag_fk) values (297,744);
insert into digital_lib_book_tag (digital_lib_book_fk, digital_lib_tag_fk) values (297,1714);
insert into digital_lib_book_tag (digital_lib_book_fk, digital_lib_tag_fk) values (297,402);
insert into digital_lib_book_tag (digital_lib_book_fk, digital_lib_tag_fk) values (297,815);
insert into digital_lib_book_tag (digital_lib_book_fk, digital_lib_tag_fk) values (297,1242);
insert into digital_lib_book_tag (digital_lib_book_fk, digital_lib_tag_fk) values (297,1867);
insert into digital_lib_book_tag (digital_lib_book_fk, digital_lib_tag_fk) values (297,1749);
insert into digital_lib_book_tag (digital_lib_book_fk, digital_lib_tag_fk) values (297,743);
insert into digital_lib_book_publisher (digital_lib_book_fk, digital_lib_publisher_fk) values (297,47);
insert into digital_lib_category_book (digital_lib_book_fk, digital_lib_category_fk) values (297,4);
insert into digital_lib_category_book (digital_lib_book_fk, digital_lib_category_fk) values (297,28);
insert into digital_lib_book (digital_lib_book_id, title, description, issue_year) values (298,'Simulating Humans: Computer Graphics, Animation, and Control','This book describes a major ongoing research effort by the University of Pennsylvania to model and control simulated humanoid figures.',1992);
insert into digital_lib_book_author (digital_lib_book_fk, digital_lib_author_fk) values (298,835);
insert into digital_lib_book_author (digital_lib_book_fk, digital_lib_author_fk) values (298,617);
insert into digital_lib_book_author (digital_lib_book_fk, digital_lib_author_fk) values (298,80);
insert into digital_lib_book_tag (digital_lib_book_fk, digital_lib_tag_fk) values (298,1867);
insert into digital_lib_book_tag (digital_lib_book_fk, digital_lib_tag_fk) values (298,1913);
insert into digital_lib_book_tag (digital_lib_book_fk, digital_lib_tag_fk) values (298,1670);
insert into digital_lib_book_tag (digital_lib_book_fk, digital_lib_tag_fk) values (298,2314);
insert into digital_lib_book_tag (digital_lib_book_fk, digital_lib_tag_fk) values (298,1439);
insert into digital_lib_book_tag (digital_lib_book_fk, digital_lib_tag_fk) values (298,960);
insert into digital_lib_book_tag (digital_lib_book_fk, digital_lib_tag_fk) values (298,2228);
insert into digital_lib_book_tag (digital_lib_book_fk, digital_lib_tag_fk) values (298,1749);
insert into digital_lib_book_publisher (digital_lib_book_fk, digital_lib_publisher_fk) values (298,85);
insert into digital_lib_category_book (digital_lib_book_fk, digital_lib_category_fk) values (298,4);
insert into digital_lib_category_book (digital_lib_book_fk, digital_lib_category_fk) values (298,28);
insert into digital_lib_book (digital_lib_book_id, title, description, issue_year) values (299,'Speech enhancement: modeling and recognition algorithms and applications','This book on speech processing will be of use to graduate students, researchers, and practicing engineers working in speech processing.',2012);
insert into digital_lib_book_author (digital_lib_book_fk, digital_lib_author_fk) values (299,1192);
insert into digital_lib_book_tag (digital_lib_book_fk, digital_lib_tag_fk) values (299,1839);
insert into digital_lib_book_tag (digital_lib_book_fk, digital_lib_tag_fk) values (299,1867);
insert into digital_lib_book_tag (digital_lib_book_fk, digital_lib_tag_fk) values (299,1965);
insert into digital_lib_book_tag (digital_lib_book_fk, digital_lib_tag_fk) values (299,2228);
insert into digital_lib_book_tag (digital_lib_book_fk, digital_lib_tag_fk) values (299,1749);
insert into digital_lib_book_tag (digital_lib_book_fk, digital_lib_tag_fk) values (299,2089);
insert into digital_lib_book_tag (digital_lib_book_fk, digital_lib_tag_fk) values (299,743);
insert into digital_lib_book_tag (digital_lib_book_fk, digital_lib_tag_fk) values (299,255);
insert into digital_lib_book_publisher (digital_lib_book_fk, digital_lib_publisher_fk) values (299,243);
insert into digital_lib_category_book (digital_lib_book_fk, digital_lib_category_fk) values (299,4);
insert into digital_lib_category_book (digital_lib_book_fk, digital_lib_category_fk) values (299,28);
insert into digital_lib_book (digital_lib_book_id, title, description, issue_year) values (300,'Virtual Reality - Human Computer Interaction','This book aims to offer a broad perspective on both the practical utilities of virtual reality and its main lines of research and development.',2012);
insert into digital_lib_book_author (digital_lib_book_fk, digital_lib_author_fk) values (300,1075);
insert into digital_lib_book_tag (digital_lib_book_fk, digital_lib_tag_fk) values (300,2350);
insert into digital_lib_book_tag (digital_lib_book_fk, digital_lib_tag_fk) values (300,1867);
insert into digital_lib_book_tag (digital_lib_book_fk, digital_lib_tag_fk) values (300,2449);
insert into digital_lib_book_tag (digital_lib_book_fk, digital_lib_tag_fk) values (300,1749);
insert into digital_lib_book_tag (digital_lib_book_fk, digital_lib_tag_fk) values (300,1563);
insert into digital_lib_book_publisher (digital_lib_book_fk, digital_lib_publisher_fk) values (300,233);
insert into digital_lib_category_book (digital_lib_book_fk, digital_lib_category_fk) values (300,4);
insert into digital_lib_category_book (digital_lib_book_fk, digital_lib_category_fk) values (300,28);
insert into digital_lib_book (digital_lib_book_id, title, description, issue_year) values (301,'Vision systems applications','In this book we have collected the latest advances in the field of computer vision research achieved in various parts of the world. This book contains conventional research areas such as mobile robot navigation and map building and more recent applications such as microvision, etc.',2007);
insert into digital_lib_book_author (digital_lib_book_fk, digital_lib_author_fk) values (301,816);
insert into digital_lib_book_author (digital_lib_book_fk, digital_lib_author_fk) values (301,319);
insert into digital_lib_book_tag (digital_lib_book_fk, digital_lib_tag_fk) values (301,744);
insert into digital_lib_book_tag (digital_lib_book_fk, digital_lib_tag_fk) values (301,1965);
insert into digital_lib_book_tag (digital_lib_book_fk, digital_lib_tag_fk) values (301,1902);
insert into digital_lib_book_tag (digital_lib_book_fk, digital_lib_tag_fk) values (301,1814);
insert into digital_lib_book_tag (digital_lib_book_fk, digital_lib_tag_fk) values (301,1867);
insert into digital_lib_book_tag (digital_lib_book_fk, digital_lib_tag_fk) values (301,1749);
insert into digital_lib_book_publisher (digital_lib_book_fk, digital_lib_publisher_fk) values (301,83);
insert into digital_lib_category_book (digital_lib_book_fk, digital_lib_category_fk) values (301,4);
insert into digital_lib_category_book (digital_lib_book_fk, digital_lib_category_fk) values (301,28);
insert into digital_lib_book (digital_lib_book_id, title, description, issue_year) values (302,'A Practical Guide to TPM 2.0 Using the New Trusted Platform Module in the New Age of Security','This book is designed to empower and excite the programming community to go out and do cool things with the TPM. The approach is to ramp the reader up quickly and keep their interest.',2015);
insert into digital_lib_book_author (digital_lib_book_fk, digital_lib_author_fk) values (302,658);
insert into digital_lib_book_author (digital_lib_book_fk, digital_lib_author_fk) values (302,203);
insert into digital_lib_book_author (digital_lib_book_fk, digital_lib_author_fk) values (302,244);
insert into digital_lib_book_tag (digital_lib_book_fk, digital_lib_tag_fk) values (302,602);
insert into digital_lib_book_tag (digital_lib_book_fk, digital_lib_tag_fk) values (302,1985);
insert into digital_lib_book_tag (digital_lib_book_fk, digital_lib_tag_fk) values (302,385);
insert into digital_lib_book_tag (digital_lib_book_fk, digital_lib_tag_fk) values (302,328);
insert into digital_lib_book_tag (digital_lib_book_fk, digital_lib_tag_fk) values (302,1077);
insert into digital_lib_book_tag (digital_lib_book_fk, digital_lib_tag_fk) values (302,1663);
insert into digital_lib_book_publisher (digital_lib_book_fk, digital_lib_publisher_fk) values (302,19);
insert into digital_lib_book_publisher (digital_lib_book_fk, digital_lib_publisher_fk) values (302,1);
insert into digital_lib_book_publisher (digital_lib_book_fk, digital_lib_publisher_fk) values (302,189);
insert into digital_lib_category_book (digital_lib_book_fk, digital_lib_category_fk) values (302,4);
insert into digital_lib_category_book (digital_lib_book_fk, digital_lib_category_fk) values (302,26);
insert into digital_lib_book (digital_lib_book_id, title, description, issue_year) values (303,'Managing Risk and Information Security Protect to Enable','This book describes the changing risk environment and why a fresh approach to information security is needed. This compact book discusses business risk from a broader perspective, including privacy and regulatory considerations.',2013);
insert into digital_lib_book_author (digital_lib_book_fk, digital_lib_author_fk) values (303,557);
insert into digital_lib_book_tag (digital_lib_book_fk, digital_lib_tag_fk) values (303,1015);
insert into digital_lib_book_tag (digital_lib_book_fk, digital_lib_tag_fk) values (303,2417);
insert into digital_lib_book_tag (digital_lib_book_fk, digital_lib_tag_fk) values (303,289);
insert into digital_lib_book_tag (digital_lib_book_fk, digital_lib_tag_fk) values (303,542);
insert into digital_lib_book_tag (digital_lib_book_fk, digital_lib_tag_fk) values (303,272);
insert into digital_lib_book_tag (digital_lib_book_fk, digital_lib_tag_fk) values (303,1772);
insert into digital_lib_book_tag (digital_lib_book_fk, digital_lib_tag_fk) values (303,385);
insert into digital_lib_book_tag (digital_lib_book_fk, digital_lib_tag_fk) values (303,777);
insert into digital_lib_book_publisher (digital_lib_book_fk, digital_lib_publisher_fk) values (303,19);
insert into digital_lib_book_publisher (digital_lib_book_fk, digital_lib_publisher_fk) values (303,1);
insert into digital_lib_book_publisher (digital_lib_book_fk, digital_lib_publisher_fk) values (303,189);
insert into digital_lib_category_book (digital_lib_book_fk, digital_lib_category_fk) values (303,4);
insert into digital_lib_category_book (digital_lib_book_fk, digital_lib_category_fk) values (303,26);
insert into digital_lib_book (digital_lib_book_id, title, description, issue_year) values (304,'Security of Networks and Services in an All-Connected World','This book contains proceedings from 11th IFIP WG 6.6 International Conference on Autonomous Infrastructure, Management, and Security, AIMS 2017, Zurich, Switzerland, July 10-13, 2017.The 8 full papers presented together with 11 short papers were carefully reviewed and selected from 24 submissions.',2017);
insert into digital_lib_book_author (digital_lib_book_fk, digital_lib_author_fk) values (304,194);
insert into digital_lib_book_author (digital_lib_book_fk, digital_lib_author_fk) values (304,1041);
insert into digital_lib_book_author (digital_lib_book_fk, digital_lib_author_fk) values (304,31);
insert into digital_lib_book_author (digital_lib_book_fk, digital_lib_author_fk) values (304,151);
insert into digital_lib_book_tag (digital_lib_book_fk, digital_lib_tag_fk) values (304,793);
insert into digital_lib_book_tag (digital_lib_book_fk, digital_lib_tag_fk) values (304,2440);
insert into digital_lib_book_tag (digital_lib_book_fk, digital_lib_tag_fk) values (304,2209);
insert into digital_lib_book_tag (digital_lib_book_fk, digital_lib_tag_fk) values (304,1359);
insert into digital_lib_book_tag (digital_lib_book_fk, digital_lib_tag_fk) values (304,309);
insert into digital_lib_book_tag (digital_lib_book_fk, digital_lib_tag_fk) values (304,1752);
insert into digital_lib_book_tag (digital_lib_book_fk, digital_lib_tag_fk) values (304,506);
insert into digital_lib_book_tag (digital_lib_book_fk, digital_lib_tag_fk) values (304,73);
insert into digital_lib_book_tag (digital_lib_book_fk, digital_lib_tag_fk) values (304,253);
insert into digital_lib_book_tag (digital_lib_book_fk, digital_lib_tag_fk) values (304,1777);
insert into digital_lib_book_tag (digital_lib_book_fk, digital_lib_tag_fk) values (304,862);
insert into digital_lib_book_tag (digital_lib_book_fk, digital_lib_tag_fk) values (304,2089);
insert into digital_lib_book_tag (digital_lib_book_fk, digital_lib_tag_fk) values (304,1209);
insert into digital_lib_book_tag (digital_lib_book_fk, digital_lib_tag_fk) values (304,1422);
insert into digital_lib_book_tag (digital_lib_book_fk, digital_lib_tag_fk) values (304,364);
insert into digital_lib_book_tag (digital_lib_book_fk, digital_lib_tag_fk) values (304,1473);
insert into digital_lib_book_tag (digital_lib_book_fk, digital_lib_tag_fk) values (304,630);
insert into digital_lib_book_tag (digital_lib_book_fk, digital_lib_tag_fk) values (304,995);
insert into digital_lib_book_tag (digital_lib_book_fk, digital_lib_tag_fk) values (304,2181);
insert into digital_lib_book_publisher (digital_lib_book_fk, digital_lib_publisher_fk) values (304,14);
insert into digital_lib_book_publisher (digital_lib_book_fk, digital_lib_publisher_fk) values (304,2);
insert into digital_lib_category_book (digital_lib_book_fk, digital_lib_category_fk) values (304,4);
insert into digital_lib_category_book (digital_lib_book_fk, digital_lib_category_fk) values (304,26);
insert into digital_lib_book (digital_lib_book_id, title, description, issue_year) values (305,'Principles of Security and Trust','Tgis book represents the collected papers from the 7th International Conference, POST 2018  Held as Part of the European Joint Conferences on Theory and Practice of Software, ETAPS 2018  Thessaloniki, Greece, April 14–20, 2018.',2018);
insert into digital_lib_book_tag (digital_lib_book_fk, digital_lib_tag_fk) values (305,2272);
insert into digital_lib_book_publisher (digital_lib_book_fk, digital_lib_publisher_fk) values (305,14);
insert into digital_lib_book_publisher (digital_lib_book_fk, digital_lib_publisher_fk) values (305,2);
insert into digital_lib_category_book (digital_lib_book_fk, digital_lib_category_fk) values (305,4);
insert into digital_lib_category_book (digital_lib_book_fk, digital_lib_category_fk) values (305,26);
insert into digital_lib_book (digital_lib_book_id, title, description, issue_year) values (306,'Principles of Security and Trust','This book contains proceedings from 8th International Conference, POST 2019, Held as Part of the European Joint Conferences on Theory and Practice of Software, ETAPS 2019, Prague, Czech Republic, April 6–11, 2019',2019);
insert into digital_lib_book_author (digital_lib_book_fk, digital_lib_author_fk) values (306,628);
insert into digital_lib_book_author (digital_lib_book_fk, digital_lib_author_fk) values (306,51);
insert into digital_lib_book_tag (digital_lib_book_fk, digital_lib_tag_fk) values (306,245);
insert into digital_lib_book_tag (digital_lib_book_fk, digital_lib_tag_fk) values (306,83);
insert into digital_lib_book_tag (digital_lib_book_fk, digital_lib_tag_fk) values (306,2440);
insert into digital_lib_book_tag (digital_lib_book_fk, digital_lib_tag_fk) values (306,2016);
insert into digital_lib_book_tag (digital_lib_book_fk, digital_lib_tag_fk) values (306,1069);
insert into digital_lib_book_tag (digital_lib_book_fk, digital_lib_tag_fk) values (306,73);
insert into digital_lib_book_tag (digital_lib_book_fk, digital_lib_tag_fk) values (306,1729);
insert into digital_lib_book_tag (digital_lib_book_fk, digital_lib_tag_fk) values (306,2282);
insert into digital_lib_book_tag (digital_lib_book_fk, digital_lib_tag_fk) values (306,1064);
insert into digital_lib_book_tag (digital_lib_book_fk, digital_lib_tag_fk) values (306,1122);
insert into digital_lib_book_tag (digital_lib_book_fk, digital_lib_tag_fk) values (306,542);
insert into digital_lib_book_tag (digital_lib_book_fk, digital_lib_tag_fk) values (306,954);
insert into digital_lib_book_tag (digital_lib_book_fk, digital_lib_tag_fk) values (306,1771);
insert into digital_lib_book_tag (digital_lib_book_fk, digital_lib_tag_fk) values (306,2121);
insert into digital_lib_book_tag (digital_lib_book_fk, digital_lib_tag_fk) values (306,711);
insert into digital_lib_book_tag (digital_lib_book_fk, digital_lib_tag_fk) values (306,2287);
insert into digital_lib_book_tag (digital_lib_book_fk, digital_lib_tag_fk) values (306,1694);
insert into digital_lib_book_tag (digital_lib_book_fk, digital_lib_tag_fk) values (306,1581);
insert into digital_lib_book_tag (digital_lib_book_fk, digital_lib_tag_fk) values (306,2407);
insert into digital_lib_book_tag (digital_lib_book_fk, digital_lib_tag_fk) values (306,2111);
insert into digital_lib_book_tag (digital_lib_book_fk, digital_lib_tag_fk) values (306,2432);
insert into digital_lib_book_publisher (digital_lib_book_fk, digital_lib_publisher_fk) values (306,14);
insert into digital_lib_book_publisher (digital_lib_book_fk, digital_lib_publisher_fk) values (306,2);
insert into digital_lib_category_book (digital_lib_book_fk, digital_lib_category_fk) values (306,4);
insert into digital_lib_category_book (digital_lib_book_fk, digital_lib_category_fk) values (306,26);
insert into digital_lib_book (digital_lib_book_id, title, description, issue_year) values (307,'Security in Computer and Information Sciences','This open access book constitutes the thoroughly refereed proceedings of the First International ISCIS Security Workshop 2018, Euro-CYBERSEC 2018, held in London, UK, in February 2018.',2018);
insert into digital_lib_book_author (digital_lib_book_fk, digital_lib_author_fk) values (307,1141);
insert into digital_lib_book_author (digital_lib_book_fk, digital_lib_author_fk) values (307,210);
insert into digital_lib_book_author (digital_lib_book_fk, digital_lib_author_fk) values (307,820);
insert into digital_lib_book_author (digital_lib_book_fk, digital_lib_author_fk) values (307,1184);
insert into digital_lib_book_author (digital_lib_book_fk, digital_lib_author_fk) values (307,360);
insert into digital_lib_book_author (digital_lib_book_fk, digital_lib_author_fk) values (307,382);
insert into digital_lib_book_author (digital_lib_book_fk, digital_lib_author_fk) values (307,50);
insert into digital_lib_book_tag (digital_lib_book_fk, digital_lib_tag_fk) values (307,2016);
insert into digital_lib_book_tag (digital_lib_book_fk, digital_lib_tag_fk) values (307,2257);
insert into digital_lib_book_tag (digital_lib_book_fk, digital_lib_tag_fk) values (307,309);
insert into digital_lib_book_tag (digital_lib_book_fk, digital_lib_tag_fk) values (307,1499);
insert into digital_lib_book_tag (digital_lib_book_fk, digital_lib_tag_fk) values (307,2253);
insert into digital_lib_book_tag (digital_lib_book_fk, digital_lib_tag_fk) values (307,73);
insert into digital_lib_book_tag (digital_lib_book_fk, digital_lib_tag_fk) values (307,2247);
insert into digital_lib_book_tag (digital_lib_book_fk, digital_lib_tag_fk) values (307,2399);
insert into digital_lib_book_tag (digital_lib_book_fk, digital_lib_tag_fk) values (307,160);
insert into digital_lib_book_tag (digital_lib_book_fk, digital_lib_tag_fk) values (307,1881);
insert into digital_lib_book_tag (digital_lib_book_fk, digital_lib_tag_fk) values (307,2089);
insert into digital_lib_book_tag (digital_lib_book_fk, digital_lib_tag_fk) values (307,1422);
insert into digital_lib_book_tag (digital_lib_book_fk, digital_lib_tag_fk) values (307,298);
insert into digital_lib_book_tag (digital_lib_book_fk, digital_lib_tag_fk) values (307,1733);
insert into digital_lib_book_publisher (digital_lib_book_fk, digital_lib_publisher_fk) values (307,14);
insert into digital_lib_book_publisher (digital_lib_book_fk, digital_lib_publisher_fk) values (307,2);
insert into digital_lib_category_book (digital_lib_book_fk, digital_lib_category_fk) values (307,4);
insert into digital_lib_category_book (digital_lib_book_fk, digital_lib_category_fk) values (307,26);
insert into digital_lib_book (digital_lib_book_id, title, description, issue_year) values (308,'Cyber Security','This book contains revised selected papers from the 15th International Annual Conference, CNCERT 2018, Beijing, China, August 14–16, 2018.',2016);
insert into digital_lib_book_author (digital_lib_book_fk, digital_lib_author_fk) values (308,250);
insert into digital_lib_book_author (digital_lib_book_fk, digital_lib_author_fk) values (308,961);
insert into digital_lib_book_author (digital_lib_book_fk, digital_lib_author_fk) values (308,559);
insert into digital_lib_book_author (digital_lib_book_fk, digital_lib_author_fk) values (308,120);
insert into digital_lib_book_author (digital_lib_book_fk, digital_lib_author_fk) values (308,514);
insert into digital_lib_book_author (digital_lib_book_fk, digital_lib_author_fk) values (308,54);
insert into digital_lib_book_author (digital_lib_book_fk, digital_lib_author_fk) values (308,1077);
insert into digital_lib_book_tag (digital_lib_book_fk, digital_lib_tag_fk) values (308,2209);
insert into digital_lib_book_tag (digital_lib_book_fk, digital_lib_tag_fk) values (308,478);
insert into digital_lib_book_tag (digital_lib_book_fk, digital_lib_tag_fk) values (308,309);
insert into digital_lib_book_tag (digital_lib_book_fk, digital_lib_tag_fk) values (308,576);
insert into digital_lib_book_tag (digital_lib_book_fk, digital_lib_tag_fk) values (308,1499);
insert into digital_lib_book_tag (digital_lib_book_fk, digital_lib_tag_fk) values (308,2253);
insert into digital_lib_book_tag (digital_lib_book_fk, digital_lib_tag_fk) values (308,1821);
insert into digital_lib_book_tag (digital_lib_book_fk, digital_lib_tag_fk) values (308,1232);
insert into digital_lib_book_tag (digital_lib_book_fk, digital_lib_tag_fk) values (308,1351);
insert into digital_lib_book_tag (digital_lib_book_fk, digital_lib_tag_fk) values (308,929);
insert into digital_lib_book_tag (digital_lib_book_fk, digital_lib_tag_fk) values (308,2392);
insert into digital_lib_book_tag (digital_lib_book_fk, digital_lib_tag_fk) values (308,542);
insert into digital_lib_book_tag (digital_lib_book_fk, digital_lib_tag_fk) values (308,2089);
insert into digital_lib_book_tag (digital_lib_book_fk, digital_lib_tag_fk) values (308,1331);
insert into digital_lib_book_tag (digital_lib_book_fk, digital_lib_tag_fk) values (308,138);
insert into digital_lib_book_tag (digital_lib_book_fk, digital_lib_tag_fk) values (308,2287);
insert into digital_lib_book_publisher (digital_lib_book_fk, digital_lib_publisher_fk) values (308,14);
insert into digital_lib_book_publisher (digital_lib_book_fk, digital_lib_publisher_fk) values (308,2);
insert into digital_lib_category_book (digital_lib_book_fk, digital_lib_category_fk) values (308,4);
insert into digital_lib_category_book (digital_lib_book_fk, digital_lib_category_fk) values (308,26);
insert into digital_lib_book (digital_lib_book_id, title, description, issue_year) values (309,'Security Infrastructure Technology for Integrated Utilization of Big Data Applied to the Living Safety and Medical Fields','This open access book describes the technologies needed to construct a secure big data infrastructure that connects data owners, analytical institutions, and user institutions in a circle of trust.',2020);
insert into digital_lib_book_author (digital_lib_book_fk, digital_lib_author_fk) values (309,668);
insert into digital_lib_book_author (digital_lib_book_fk, digital_lib_author_fk) values (309,371);
insert into digital_lib_book_tag (digital_lib_book_fk, digital_lib_tag_fk) values (309,453);
insert into digital_lib_book_tag (digital_lib_book_fk, digital_lib_tag_fk) values (309,812);
insert into digital_lib_book_tag (digital_lib_book_fk, digital_lib_tag_fk) values (309,197);
insert into digital_lib_book_tag (digital_lib_book_fk, digital_lib_tag_fk) values (309,1398);
insert into digital_lib_book_tag (digital_lib_book_fk, digital_lib_tag_fk) values (309,1738);
insert into digital_lib_book_tag (digital_lib_book_fk, digital_lib_tag_fk) values (309,2044);
insert into digital_lib_book_publisher (digital_lib_book_fk, digital_lib_publisher_fk) values (309,14);
insert into digital_lib_book_publisher (digital_lib_book_fk, digital_lib_publisher_fk) values (309,175);
insert into digital_lib_category_book (digital_lib_book_fk, digital_lib_category_fk) values (309,4);
insert into digital_lib_category_book (digital_lib_book_fk, digital_lib_category_fk) values (309,26);
insert into digital_lib_book (digital_lib_book_id, title, description, issue_year) values (310,'A Graduate Course in Applied Cryptography','This book is about exactly that: constructing practical cryptosystems for which we can argue security under plausible assumptions. The book covers many constructions for different tasks in cryptography.',2017);
insert into digital_lib_book_author (digital_lib_book_fk, digital_lib_author_fk) values (310,252);
insert into digital_lib_book_author (digital_lib_book_fk, digital_lib_author_fk) values (310,154);
insert into digital_lib_book_tag (digital_lib_book_fk, digital_lib_tag_fk) values (310,2211);
insert into digital_lib_book_tag (digital_lib_book_fk, digital_lib_tag_fk) values (310,1406);
insert into digital_lib_book_tag (digital_lib_book_fk, digital_lib_tag_fk) values (310,1232);
insert into digital_lib_book_tag (digital_lib_book_fk, digital_lib_tag_fk) values (310,2076);
insert into digital_lib_book_tag (digital_lib_book_fk, digital_lib_tag_fk) values (310,2089);
insert into digital_lib_book_publisher (digital_lib_book_fk, digital_lib_publisher_fk) values (310,258);
insert into digital_lib_category_book (digital_lib_book_fk, digital_lib_category_fk) values (310,4);
insert into digital_lib_category_book (digital_lib_book_fk, digital_lib_category_fk) values (310,26);
insert into digital_lib_book (digital_lib_book_id, title, description, issue_year) values (311,'Algorithms, Key Sizes and Parameters Report','This document collates a series of recommendations for algorithm, keysize and protocol recommendations. The current document tries to provide a focused set of recommendations in an easy to use form.',2013);
insert into digital_lib_book_author (digital_lib_book_fk, digital_lib_author_fk) values (311,837);
insert into digital_lib_book_tag (digital_lib_book_fk, digital_lib_tag_fk) values (311,2089);
insert into digital_lib_book_tag (digital_lib_book_fk, digital_lib_tag_fk) values (311,1232);
insert into digital_lib_book_tag (digital_lib_book_fk, digital_lib_tag_fk) values (311,2446);
insert into digital_lib_book_publisher (digital_lib_book_fk, digital_lib_publisher_fk) values (311,187);
insert into digital_lib_category_book (digital_lib_book_fk, digital_lib_category_fk) values (311,4);
insert into digital_lib_category_book (digital_lib_book_fk, digital_lib_category_fk) values (311,26);
insert into digital_lib_book (digital_lib_book_id, title, description, issue_year) values (312,'Applied Crypto Hardening','The focus of this guide is merely to give current best practices for configuring complex cipher suites and related parameters in a copy & paste-able manner. The guide tries to stay as concise as is possible for such a complex topic as cryptography.',2015);
insert into digital_lib_book_author (digital_lib_book_fk, digital_lib_author_fk) values (312,406);
insert into digital_lib_book_tag (digital_lib_book_fk, digital_lib_tag_fk) values (312,341);
insert into digital_lib_book_tag (digital_lib_book_fk, digital_lib_tag_fk) values (312,511);
insert into digital_lib_book_tag (digital_lib_book_fk, digital_lib_tag_fk) values (312,1499);
insert into digital_lib_book_tag (digital_lib_book_fk, digital_lib_tag_fk) values (312,2388);
insert into digital_lib_book_tag (digital_lib_book_fk, digital_lib_tag_fk) values (312,2125);
insert into digital_lib_book_tag (digital_lib_book_fk, digital_lib_tag_fk) values (312,2076);
insert into digital_lib_book_tag (digital_lib_book_fk, digital_lib_tag_fk) values (312,2089);
insert into digital_lib_book_tag (digital_lib_book_fk, digital_lib_tag_fk) values (312,2369);
insert into digital_lib_book_tag (digital_lib_book_fk, digital_lib_tag_fk) values (312,552);
insert into digital_lib_book_tag (digital_lib_book_fk, digital_lib_tag_fk) values (312,586);
insert into digital_lib_book_publisher (digital_lib_book_fk, digital_lib_publisher_fk) values (312,28);
insert into digital_lib_category_book (digital_lib_book_fk, digital_lib_category_fk) values (312,4);
insert into digital_lib_category_book (digital_lib_book_fk, digital_lib_category_fk) values (312,26);
insert into digital_lib_book (digital_lib_book_id, title, description, issue_year) values (313,'Applied Cryptography and Network Security','This book analyzes some of the most critical security problems facing the current computing world, providing detailed information on the possible mechanisms to defend against those attacks that may compromise the integrity and security of the data that travels through the networks. both physical and wireless.',2012);
insert into digital_lib_book_author (digital_lib_book_fk, digital_lib_author_fk) values (313,122);
insert into digital_lib_book_tag (digital_lib_book_fk, digital_lib_tag_fk) values (313,341);
insert into digital_lib_book_tag (digital_lib_book_fk, digital_lib_tag_fk) values (313,511);
insert into digital_lib_book_tag (digital_lib_book_fk, digital_lib_tag_fk) values (313,1499);
insert into digital_lib_book_tag (digital_lib_book_fk, digital_lib_tag_fk) values (313,2388);
insert into digital_lib_book_tag (digital_lib_book_fk, digital_lib_tag_fk) values (313,2125);
insert into digital_lib_book_tag (digital_lib_book_fk, digital_lib_tag_fk) values (313,2076);
insert into digital_lib_book_tag (digital_lib_book_fk, digital_lib_tag_fk) values (313,2089);
insert into digital_lib_book_tag (digital_lib_book_fk, digital_lib_tag_fk) values (313,542);
insert into digital_lib_book_tag (digital_lib_book_fk, digital_lib_tag_fk) values (313,979);
insert into digital_lib_book_publisher (digital_lib_book_fk, digital_lib_publisher_fk) values (313,233);
insert into digital_lib_category_book (digital_lib_book_fk, digital_lib_category_fk) values (313,4);
insert into digital_lib_category_book (digital_lib_book_fk, digital_lib_category_fk) values (313,26);
insert into digital_lib_book (digital_lib_book_id, title, description, issue_year) values (314,'Attacks Exploiting the HTML5 Screen Sharing API','The objective of this paper is to present the attacks using the screen sharing API, analyze the fundamental cause and motivate potential defenses to design a more secure screen sharing API.',2014);
insert into digital_lib_book_author (digital_lib_book_fk, digital_lib_author_fk) values (314,955);
insert into digital_lib_book_author (digital_lib_book_fk, digital_lib_author_fk) values (314,60);
insert into digital_lib_book_author (digital_lib_book_fk, digital_lib_author_fk) values (314,919);
insert into digital_lib_book_author (digital_lib_book_fk, digital_lib_author_fk) values (314,521);
insert into digital_lib_book_author (digital_lib_book_fk, digital_lib_author_fk) values (314,879);
insert into digital_lib_book_author (digital_lib_book_fk, digital_lib_author_fk) values (314,1054);
insert into digital_lib_book_tag (digital_lib_book_fk, digital_lib_tag_fk) values (314,2089);
insert into digital_lib_book_tag (digital_lib_book_fk, digital_lib_tag_fk) values (314,1882);
insert into digital_lib_book_tag (digital_lib_book_fk, digital_lib_tag_fk) values (314,70);
insert into digital_lib_book_tag (digital_lib_book_fk, digital_lib_tag_fk) values (314,1283);
insert into digital_lib_book_publisher (digital_lib_book_fk, digital_lib_publisher_fk) values (314,16);
insert into digital_lib_category_book (digital_lib_book_fk, digital_lib_category_fk) values (314,4);
insert into digital_lib_category_book (digital_lib_book_fk, digital_lib_category_fk) values (314,26);
insert into digital_lib_book (digital_lib_book_id, title, description, issue_year) values (315,'BIOS Disassembly Ninjutsu Uncovered','BIOS Disassembly Ninjutsu Uncovered has been a fundamental book when it comes to computer security at the lowest level. In this manual, security vulnerabilities, possible exploitation scenarios and prevention systems are exposed in a clear and systematic way.',2006);
insert into digital_lib_book_author (digital_lib_book_fk, digital_lib_author_fk) values (315,1161);
insert into digital_lib_book_tag (digital_lib_book_fk, digital_lib_tag_fk) values (315,1474);
insert into digital_lib_book_tag (digital_lib_book_fk, digital_lib_tag_fk) values (315,1457);
insert into digital_lib_book_tag (digital_lib_book_fk, digital_lib_tag_fk) values (315,261);
insert into digital_lib_book_tag (digital_lib_book_fk, digital_lib_tag_fk) values (315,706);
insert into digital_lib_book_tag (digital_lib_book_fk, digital_lib_tag_fk) values (315,1404);
insert into digital_lib_book_tag (digital_lib_book_fk, digital_lib_tag_fk) values (315,2089);
insert into digital_lib_book_publisher (digital_lib_book_fk, digital_lib_publisher_fk) values (315,228);
insert into digital_lib_category_book (digital_lib_book_fk, digital_lib_category_fk) values (315,4);
insert into digital_lib_category_book (digital_lib_book_fk, digital_lib_category_fk) values (315,26);
insert into digital_lib_book (digital_lib_book_id, title, description, issue_year) values (316,'Building the Infrastructure for Cloud Security','The book highlights the fundamental technology components necessary to build and enable trusted clouds.',2014);
insert into digital_lib_book_author (digital_lib_book_fk, digital_lib_author_fk) values (316,870);
insert into digital_lib_book_author (digital_lib_book_fk, digital_lib_author_fk) values (316,230);
insert into digital_lib_book_tag (digital_lib_book_fk, digital_lib_tag_fk) values (316,2209);
insert into digital_lib_book_tag (digital_lib_book_fk, digital_lib_tag_fk) values (316,2125);
insert into digital_lib_book_tag (digital_lib_book_fk, digital_lib_tag_fk) values (316,256);
insert into digital_lib_book_tag (digital_lib_book_fk, digital_lib_tag_fk) values (316,511);
insert into digital_lib_book_publisher (digital_lib_book_fk, digital_lib_publisher_fk) values (316,165);
insert into digital_lib_category_book (digital_lib_book_fk, digital_lib_category_fk) values (316,4);
insert into digital_lib_category_book (digital_lib_book_fk, digital_lib_category_fk) values (316,26);
insert into digital_lib_book (digital_lib_book_id, title, description, issue_year) values (317,'Methods of Symmetric Cryptanalysis','This book provides groundwork to research on methods of symmetric cryptanalysis. It is valuable for those who are concerned about data security or just the interested ones, looking to learn more about cryptography.',2011);
insert into digital_lib_book_author (digital_lib_book_fk, digital_lib_author_fk) values (317,274);
insert into digital_lib_book_tag (digital_lib_book_fk, digital_lib_tag_fk) values (317,2089);
insert into digital_lib_book_tag (digital_lib_book_fk, digital_lib_tag_fk) values (317,1499);
insert into digital_lib_book_tag (digital_lib_book_fk, digital_lib_tag_fk) values (317,2076);
insert into digital_lib_book_publisher (digital_lib_book_fk, digital_lib_publisher_fk) values (317,258);
insert into digital_lib_category_book (digital_lib_book_fk, digital_lib_category_fk) values (317,4);
insert into digital_lib_category_book (digital_lib_book_fk, digital_lib_category_fk) values (317,26);
insert into digital_lib_book (digital_lib_book_id, title, description, issue_year) values (318,'Cryptography and Security in Computing','The purpose of this book is to present some of the most important security problems known today and to discuss the most reliable mechanisms to prevent data theft.',2012);
insert into digital_lib_book_author (digital_lib_book_fk, digital_lib_author_fk) values (318,122);
insert into digital_lib_book_tag (digital_lib_book_fk, digital_lib_tag_fk) values (318,2446);
insert into digital_lib_book_tag (digital_lib_book_fk, digital_lib_tag_fk) values (318,1499);
insert into digital_lib_book_tag (digital_lib_book_fk, digital_lib_tag_fk) values (318,1728);
insert into digital_lib_book_tag (digital_lib_book_fk, digital_lib_tag_fk) values (318,1321);
insert into digital_lib_book_tag (digital_lib_book_fk, digital_lib_tag_fk) values (318,2089);
insert into digital_lib_book_tag (digital_lib_book_fk, digital_lib_tag_fk) values (318,752);
insert into digital_lib_book_publisher (digital_lib_book_fk, digital_lib_publisher_fk) values (318,233);
insert into digital_lib_category_book (digital_lib_book_fk, digital_lib_category_fk) values (318,4);
insert into digital_lib_category_book (digital_lib_book_fk, digital_lib_category_fk) values (318,26);
insert into digital_lib_book (digital_lib_book_id, title, description, issue_year) values (319,'Cryptography and Computer Security','This book provides groundwork to research on methods of cryptography. It is valuable for those who are concerned about data security or just the interested ones, looking to learn more about cryptography.',2015);
insert into digital_lib_book_author (digital_lib_book_fk, digital_lib_author_fk) values (319,384);
insert into digital_lib_book_tag (digital_lib_book_fk, digital_lib_tag_fk) values (319,2446);
insert into digital_lib_book_tag (digital_lib_book_fk, digital_lib_tag_fk) values (319,1499);
insert into digital_lib_book_tag (digital_lib_book_fk, digital_lib_tag_fk) values (319,1728);
insert into digital_lib_book_tag (digital_lib_book_fk, digital_lib_tag_fk) values (319,1321);
insert into digital_lib_book_tag (digital_lib_book_fk, digital_lib_tag_fk) values (319,2089);
insert into digital_lib_book_tag (digital_lib_book_fk, digital_lib_tag_fk) values (319,870);
insert into digital_lib_book_tag (digital_lib_book_fk, digital_lib_tag_fk) values (319,1816);
insert into digital_lib_book_publisher (digital_lib_book_fk, digital_lib_publisher_fk) values (319,269);
insert into digital_lib_category_book (digital_lib_book_fk, digital_lib_category_fk) values (319,4);
insert into digital_lib_category_book (digital_lib_book_fk, digital_lib_category_fk) values (319,26);
insert into digital_lib_book (digital_lib_book_id, title, description, issue_year) values (320,'The CryptoParty Handbook','This book tries to explore the aspects of privacy, human dignity, social values and personal lives, and how all those intertwine.',2013);
insert into digital_lib_book_author (digital_lib_book_fk, digital_lib_author_fk) values (320,325);
insert into digital_lib_book_tag (digital_lib_book_fk, digital_lib_tag_fk) values (320,1499);
insert into digital_lib_book_tag (digital_lib_book_fk, digital_lib_tag_fk) values (320,542);
insert into digital_lib_book_tag (digital_lib_book_fk, digital_lib_tag_fk) values (320,2089);
insert into digital_lib_book_tag (digital_lib_book_fk, digital_lib_tag_fk) values (320,2076);
insert into digital_lib_book_publisher (digital_lib_book_fk, digital_lib_publisher_fk) values (320,258);
insert into digital_lib_category_book (digital_lib_book_fk, digital_lib_category_fk) values (320,4);
insert into digital_lib_category_book (digital_lib_book_fk, digital_lib_category_fk) values (320,26);
insert into digital_lib_book (digital_lib_book_id, title, description, issue_year) values (321,'Measuring and Optimizing Database Security Operations: An Open Model','This book seeks to offer a series of metrics through which to measure each of the areas that concern the field of security in this field. These have been designed to help the administrator to better understand the security process inherent to a system in terms of its cost, efficiency and effectiveness.',2011);
insert into digital_lib_book_author (digital_lib_book_fk, digital_lib_author_fk) values (321,90);
insert into digital_lib_book_tag (digital_lib_book_fk, digital_lib_tag_fk) values (321,2388);
insert into digital_lib_book_tag (digital_lib_book_fk, digital_lib_tag_fk) values (321,2089);
insert into digital_lib_book_tag (digital_lib_book_fk, digital_lib_tag_fk) values (321,2076);
insert into digital_lib_book_tag (digital_lib_book_fk, digital_lib_tag_fk) values (321,160);
insert into digital_lib_book_publisher (digital_lib_book_fk, digital_lib_publisher_fk) values (321,40);
insert into digital_lib_category_book (digital_lib_book_fk, digital_lib_category_fk) values (321,4);
insert into digital_lib_category_book (digital_lib_book_fk, digital_lib_category_fk) values (321,26);
insert into digital_lib_book (digital_lib_book_id, title, description, issue_year) values (322,'Energy Efficient Servers Blueprints for Data Center Optimization','The book includes a deep examination of different features used in processors, memory, interconnects, I/O devices, and other platform components. It outlines the power and performance impact of these features and the role firmware and software play in initialization and control.',2015);
insert into digital_lib_book_author (digital_lib_book_fk, digital_lib_author_fk) values (322,458);
insert into digital_lib_book_author (digital_lib_book_fk, digital_lib_author_fk) values (322,704);
insert into digital_lib_book_author (digital_lib_book_fk, digital_lib_author_fk) values (322,686);
insert into digital_lib_book_tag (digital_lib_book_fk, digital_lib_tag_fk) values (322,747);
insert into digital_lib_book_tag (digital_lib_book_fk, digital_lib_tag_fk) values (322,341);
insert into digital_lib_book_tag (digital_lib_book_fk, digital_lib_tag_fk) values (322,511);
insert into digital_lib_book_tag (digital_lib_book_fk, digital_lib_tag_fk) values (322,1260);
insert into digital_lib_book_tag (digital_lib_book_fk, digital_lib_tag_fk) values (322,1205);
insert into digital_lib_book_tag (digital_lib_book_fk, digital_lib_tag_fk) values (322,256);
insert into digital_lib_book_publisher (digital_lib_book_fk, digital_lib_publisher_fk) values (322,165);
insert into digital_lib_category_book (digital_lib_book_fk, digital_lib_category_fk) values (322,4);
insert into digital_lib_category_book (digital_lib_book_fk, digital_lib_category_fk) values (322,26);
insert into digital_lib_book (digital_lib_book_id, title, description, issue_year) values (323,'Hacking Secret Ciphers with Python','This manual looks for a way to penetrate these security systems using the Python programming language. It is thus intended to analyze the main mechanisms through which messages are encoded in order, using reverse engineering, to be able to return them to their original form.',2013);
insert into digital_lib_book_author (digital_lib_book_fk, digital_lib_author_fk) values (323,215);
insert into digital_lib_book_tag (digital_lib_book_fk, digital_lib_tag_fk) values (323,2076);
insert into digital_lib_book_tag (digital_lib_book_fk, digital_lib_tag_fk) values (323,1229);
insert into digital_lib_book_tag (digital_lib_book_fk, digital_lib_tag_fk) values (323,709);
insert into digital_lib_book_tag (digital_lib_book_fk, digital_lib_tag_fk) values (323,2227);
insert into digital_lib_book_tag (digital_lib_book_fk, digital_lib_tag_fk) values (323,1499);
insert into digital_lib_book_tag (digital_lib_book_fk, digital_lib_tag_fk) values (323,1232);
insert into digital_lib_book_tag (digital_lib_book_fk, digital_lib_tag_fk) values (323,261);
insert into digital_lib_book_tag (digital_lib_book_fk, digital_lib_tag_fk) values (323,2089);
insert into digital_lib_book_publisher (digital_lib_book_fk, digital_lib_publisher_fk) values (323,258);
insert into digital_lib_category_book (digital_lib_book_fk, digital_lib_category_fk) values (323,4);
insert into digital_lib_category_book (digital_lib_book_fk, digital_lib_category_fk) values (323,26);
insert into digital_lib_book (digital_lib_book_id, title, description, issue_year) values (324,'How to Jailbreak your iPhone, iPod Touch or iPad','This guide shows how to break the blockade imposed by the manufacturer for iPhone, iPod and iPad devices.',2012);
insert into digital_lib_book_author (digital_lib_book_fk, digital_lib_author_fk) values (324,387);
insert into digital_lib_book_tag (digital_lib_book_fk, digital_lib_tag_fk) values (324,261);
insert into digital_lib_book_tag (digital_lib_book_fk, digital_lib_tag_fk) values (324,349);
insert into digital_lib_book_tag (digital_lib_book_fk, digital_lib_tag_fk) values (324,2307);
insert into digital_lib_book_tag (digital_lib_book_fk, digital_lib_tag_fk) values (324,2089);
insert into digital_lib_book_tag (digital_lib_book_fk, digital_lib_tag_fk) values (324,328);
insert into digital_lib_book_publisher (digital_lib_book_fk, digital_lib_publisher_fk) values (324,37);
insert into digital_lib_category_book (digital_lib_book_fk, digital_lib_category_fk) values (324,4);
insert into digital_lib_category_book (digital_lib_book_fk, digital_lib_category_fk) values (324,26);
insert into digital_lib_book (digital_lib_book_id, title, description, issue_year) values (325,'Locking Down WordPress','In this guide, the key concepts related to the security of this platform will be reviewed in order to keep our projects as secure as possible.',2012);
insert into digital_lib_book_author (digital_lib_book_fk, digital_lib_author_fk) values (325,325);
insert into digital_lib_book_tag (digital_lib_book_fk, digital_lib_tag_fk) values (325,2089);
insert into digital_lib_book_tag (digital_lib_book_fk, digital_lib_tag_fk) values (325,328);
insert into digital_lib_book_tag (digital_lib_book_fk, digital_lib_tag_fk) values (325,827);
insert into digital_lib_book_tag (digital_lib_book_fk, digital_lib_tag_fk) values (325,274);
insert into digital_lib_book_publisher (digital_lib_book_fk, digital_lib_publisher_fk) values (325,102);
insert into digital_lib_category_book (digital_lib_book_fk, digital_lib_category_fk) values (325,4);
insert into digital_lib_category_book (digital_lib_book_fk, digital_lib_category_fk) values (325,26);
insert into digital_lib_book (digital_lib_book_id, title, description, issue_year) values (326,'Lock Down: Secure your files with TrueCrypt','This book allows you to understand the workings of TrueCrypt - an application to encrypt and hide data that the user considers reserved on the computer using different encryption algorithms such as AES, Serpent and Twofish or a combination of them.',2011);
insert into digital_lib_book_author (digital_lib_book_fk, digital_lib_author_fk) values (326,387);
insert into digital_lib_book_tag (digital_lib_book_fk, digital_lib_tag_fk) values (326,1839);
insert into digital_lib_book_tag (digital_lib_book_fk, digital_lib_tag_fk) values (326,1725);
insert into digital_lib_book_tag (digital_lib_book_fk, digital_lib_tag_fk) values (326,2089);
insert into digital_lib_book_tag (digital_lib_book_fk, digital_lib_tag_fk) values (326,827);
insert into digital_lib_book_tag (digital_lib_book_fk, digital_lib_tag_fk) values (326,1232);
insert into digital_lib_book_tag (digital_lib_book_fk, digital_lib_tag_fk) values (326,2225);
insert into digital_lib_book_publisher (digital_lib_book_fk, digital_lib_publisher_fk) values (326,37);
insert into digital_lib_category_book (digital_lib_book_fk, digital_lib_category_fk) values (326,4);
insert into digital_lib_category_book (digital_lib_book_fk, digital_lib_category_fk) values (326,26);
insert into digital_lib_book (digital_lib_book_id, title, description, issue_year) values (327,'New Trends and Developments in Biometrics','This book focuses on the study of the most avant-garde trends and developments in Biometrics, addressing different content.',2012);
insert into digital_lib_book_author (digital_lib_book_fk, digital_lib_author_fk) values (327,546);
insert into digital_lib_book_author (digital_lib_book_fk, digital_lib_author_fk) values (327,1018);
insert into digital_lib_book_tag (digital_lib_book_fk, digital_lib_tag_fk) values (327,2350);
insert into digital_lib_book_tag (digital_lib_book_fk, digital_lib_tag_fk) values (327,1706);
insert into digital_lib_book_tag (digital_lib_book_fk, digital_lib_tag_fk) values (327,1499);
insert into digital_lib_book_tag (digital_lib_book_fk, digital_lib_tag_fk) values (327,1618);
insert into digital_lib_book_tag (digital_lib_book_fk, digital_lib_tag_fk) values (327,1742);
insert into digital_lib_book_tag (digital_lib_book_fk, digital_lib_tag_fk) values (327,1184);
insert into digital_lib_book_tag (digital_lib_book_fk, digital_lib_tag_fk) values (327,1818);
insert into digital_lib_book_publisher (digital_lib_book_fk, digital_lib_publisher_fk) values (327,243);
insert into digital_lib_category_book (digital_lib_book_fk, digital_lib_category_fk) values (327,4);
insert into digital_lib_category_book (digital_lib_book_fk, digital_lib_category_fk) values (327,26);
insert into digital_lib_book (digital_lib_book_id, title, description, issue_year) values (328,'Open Source Security Tools','This guide deals in depth with all perspectives of the problem, proposing low-cost solutions based on Free Software.',2004);
insert into digital_lib_book_author (digital_lib_book_fk, digital_lib_author_fk) values (328,801);
insert into digital_lib_book_tag (digital_lib_book_fk, digital_lib_tag_fk) values (328,1478);
insert into digital_lib_book_tag (digital_lib_book_fk, digital_lib_tag_fk) values (328,2286);
insert into digital_lib_book_tag (digital_lib_book_fk, digital_lib_tag_fk) values (328,2089);
insert into digital_lib_book_tag (digital_lib_book_fk, digital_lib_tag_fk) values (328,827);
insert into digital_lib_book_tag (digital_lib_book_fk, digital_lib_tag_fk) values (328,2076);
insert into digital_lib_book_tag (digital_lib_book_fk, digital_lib_tag_fk) values (328,328);
insert into digital_lib_book_tag (digital_lib_book_fk, digital_lib_tag_fk) values (328,2308);
insert into digital_lib_book_publisher (digital_lib_book_fk, digital_lib_publisher_fk) values (328,205);
insert into digital_lib_category_book (digital_lib_book_fk, digital_lib_category_fk) values (328,4);
insert into digital_lib_category_book (digital_lib_book_fk, digital_lib_category_fk) values (328,26);
insert into digital_lib_book (digital_lib_book_id, title, description, issue_year) values (329,'User Guide for the OpenSSL FIPS Object Module v2.0','This book explains the process of using the OPen SSL FIPS Object Module v2.0',2015);
insert into digital_lib_book_author (digital_lib_book_fk, digital_lib_author_fk) values (329,325);
insert into digital_lib_book_tag (digital_lib_book_fk, digital_lib_tag_fk) values (329,565);
insert into digital_lib_book_tag (digital_lib_book_fk, digital_lib_tag_fk) values (329,1766);
insert into digital_lib_book_tag (digital_lib_book_fk, digital_lib_tag_fk) values (329,1725);
insert into digital_lib_book_tag (digital_lib_book_fk, digital_lib_tag_fk) values (329,987);
insert into digital_lib_book_tag (digital_lib_book_fk, digital_lib_tag_fk) values (329,1658);
insert into digital_lib_book_publisher (digital_lib_book_fk, digital_lib_publisher_fk) values (329,95);
insert into digital_lib_category_book (digital_lib_book_fk, digital_lib_category_fk) values (329,4);
insert into digital_lib_category_book (digital_lib_book_fk, digital_lib_category_fk) values (329,26);
insert into digital_lib_book (digital_lib_book_id, title, description, issue_year) values (330,'OWASP, Testing Guide 4.0','This Testing Guide will show you how to verify the security of your running application.',2014);
insert into digital_lib_book_author (digital_lib_book_fk, digital_lib_author_fk) values (330,1100);
insert into digital_lib_book_author (digital_lib_book_fk, digital_lib_author_fk) values (330,26);
insert into digital_lib_book_tag (digital_lib_book_fk, digital_lib_tag_fk) values (330,1978);
insert into digital_lib_book_tag (digital_lib_book_fk, digital_lib_tag_fk) values (330,2076);
insert into digital_lib_book_tag (digital_lib_book_fk, digital_lib_tag_fk) values (330,2089);
insert into digital_lib_book_tag (digital_lib_book_fk, digital_lib_tag_fk) values (330,1077);
insert into digital_lib_book_publisher (digital_lib_book_fk, digital_lib_publisher_fk) values (330,267);
insert into digital_lib_category_book (digital_lib_book_fk, digital_lib_category_fk) values (330,4);
insert into digital_lib_category_book (digital_lib_book_fk, digital_lib_category_fk) values (330,26);
insert into digital_lib_book (digital_lib_book_id, title, description, issue_year) values (331,'Parallel Cryptanalysis','This thesis investigates three different attacks on particular cryptographic systems: Wagner’s generalized birthday attack is applied to the compression function of the hash function FSB. Pollard’s rho algorithm is used for attacking Certicom’s ECC Challenge ECC2K-130. The implementation of the XL algorithm has not been specialized for an attack on a specific cryptographic primitive but can be used for attacking certain cryptographic primitives by solving multivariate quadratic systems.',2012);
insert into digital_lib_book_author (digital_lib_book_fk, digital_lib_author_fk) values (331,656);
insert into digital_lib_book_tag (digital_lib_book_fk, digital_lib_tag_fk) values (331,876);
insert into digital_lib_book_tag (digital_lib_book_fk, digital_lib_tag_fk) values (331,2446);
insert into digital_lib_book_tag (digital_lib_book_fk, digital_lib_tag_fk) values (331,2089);
insert into digital_lib_book_tag (digital_lib_book_fk, digital_lib_tag_fk) values (331,690);
insert into digital_lib_book_tag (digital_lib_book_fk, digital_lib_tag_fk) values (331,246);
insert into digital_lib_book_tag (digital_lib_book_fk, digital_lib_tag_fk) values (331,1731);
insert into digital_lib_book_publisher (digital_lib_book_fk, digital_lib_publisher_fk) values (331,258);
insert into digital_lib_category_book (digital_lib_book_fk, digital_lib_category_fk) values (331,4);
insert into digital_lib_category_book (digital_lib_book_fk, digital_lib_category_fk) values (331,26);
insert into digital_lib_book (digital_lib_book_id, title, description, issue_year) values (332,'Secure Ruby: Development Guide','Ruby is a dynamic, reflective, object-oriented, general-purpose programming language and this book will allow you to understand it better.',2014);
insert into digital_lib_book_author (digital_lib_book_fk, digital_lib_author_fk) values (332,444);
insert into digital_lib_book_tag (digital_lib_book_fk, digital_lib_tag_fk) values (332,2194);
insert into digital_lib_book_tag (digital_lib_book_fk, digital_lib_tag_fk) values (332,1917);
insert into digital_lib_book_tag (digital_lib_book_fk, digital_lib_tag_fk) values (332,2076);
insert into digital_lib_book_tag (digital_lib_book_fk, digital_lib_tag_fk) values (332,2089);
insert into digital_lib_book_tag (digital_lib_book_fk, digital_lib_tag_fk) values (332,1773);
insert into digital_lib_book_tag (digital_lib_book_fk, digital_lib_tag_fk) values (332,393);
insert into digital_lib_book_tag (digital_lib_book_fk, digital_lib_tag_fk) values (332,2089);
insert into digital_lib_book_publisher (digital_lib_book_fk, digital_lib_publisher_fk) values (332,258);
insert into digital_lib_category_book (digital_lib_book_fk, digital_lib_category_fk) values (332,4);
insert into digital_lib_category_book (digital_lib_book_fk, digital_lib_category_fk) values (332,26);
insert into digital_lib_book (digital_lib_book_id, title, description, issue_year) values (333,'Security Concepts','This manual covers various topics related to computer security such as safety principles, physical security, authentication, authorization, privacy.',2012);
insert into digital_lib_book_author (digital_lib_book_fk, digital_lib_author_fk) values (333,729);
insert into digital_lib_book_tag (digital_lib_book_fk, digital_lib_tag_fk) values (333,2102);
insert into digital_lib_book_tag (digital_lib_book_fk, digital_lib_tag_fk) values (333,2081);
insert into digital_lib_book_tag (digital_lib_book_fk, digital_lib_tag_fk) values (333,562);
insert into digital_lib_book_tag (digital_lib_book_fk, digital_lib_tag_fk) values (333,645);
insert into digital_lib_book_tag (digital_lib_book_fk, digital_lib_tag_fk) values (333,1677);
insert into digital_lib_book_tag (digital_lib_book_fk, digital_lib_tag_fk) values (333,2076);
insert into digital_lib_book_publisher (digital_lib_book_fk, digital_lib_publisher_fk) values (333,258);
insert into digital_lib_category_book (digital_lib_book_fk, digital_lib_category_fk) values (333,4);
insert into digital_lib_category_book (digital_lib_book_fk, digital_lib_category_fk) values (333,26);
insert into digital_lib_book (digital_lib_book_id, title, description, issue_year) values (334,'Security Engineering A Guide to Building Dependable Distributed Systems','The author of this book describes all aspects of technological development involving security parameters.',2001);
insert into digital_lib_book_author (digital_lib_book_fk, digital_lib_author_fk) values (334,326);
insert into digital_lib_book_tag (digital_lib_book_fk, digital_lib_tag_fk) values (334,2089);
insert into digital_lib_book_tag (digital_lib_book_fk, digital_lib_tag_fk) values (334,1554);
insert into digital_lib_book_tag (digital_lib_book_fk, digital_lib_tag_fk) values (334,1499);
insert into digital_lib_book_tag (digital_lib_book_fk, digital_lib_tag_fk) values (334,562);
insert into digital_lib_book_tag (digital_lib_book_fk, digital_lib_tag_fk) values (334,1537);
insert into digital_lib_book_tag (digital_lib_book_fk, digital_lib_tag_fk) values (334,341);
insert into digital_lib_book_tag (digital_lib_book_fk, digital_lib_tag_fk) values (334,1332);
insert into digital_lib_book_tag (digital_lib_book_fk, digital_lib_tag_fk) values (334,1321);
insert into digital_lib_book_tag (digital_lib_book_fk, digital_lib_tag_fk) values (334,2089);
insert into digital_lib_book_publisher (digital_lib_book_fk, digital_lib_publisher_fk) values (334,248);
insert into digital_lib_category_book (digital_lib_book_fk, digital_lib_category_fk) values (334,4);
insert into digital_lib_category_book (digital_lib_book_fk, digital_lib_category_fk) values (334,26);
insert into digital_lib_book (digital_lib_book_id, title, description, issue_year) values (335,'Security Enhanced Applications for Information Systems','This book discusses the manner in which to enhance application for information systems to make them more secure.',2012);
insert into digital_lib_book_author (digital_lib_book_fk, digital_lib_author_fk) values (335,923);
insert into digital_lib_book_tag (digital_lib_book_fk, digital_lib_tag_fk) values (335,2089);
insert into digital_lib_book_tag (digital_lib_book_fk, digital_lib_tag_fk) values (335,542);
insert into digital_lib_book_tag (digital_lib_book_fk, digital_lib_tag_fk) values (335,1602);
insert into digital_lib_book_publisher (digital_lib_book_fk, digital_lib_publisher_fk) values (335,180);
insert into digital_lib_category_book (digital_lib_book_fk, digital_lib_category_fk) values (335,4);
insert into digital_lib_category_book (digital_lib_book_fk, digital_lib_category_fk) values (335,26);
insert into digital_lib_book (digital_lib_book_id, title, description, issue_year) values (336,'Security of Networks and Services in an All-Connected World','This book is comprised of the papers from the 11th IFIP WG 6.6 International Conference on Autonomous Infrastructure, Management, and Security, AIMS 2017 Zurich, Switzerland, July 10–13, 2017. It is a part of the series Lectures in Computer Science.',2017);
insert into digital_lib_book_author (digital_lib_book_fk, digital_lib_author_fk) values (336,194);
insert into digital_lib_book_author (digital_lib_book_fk, digital_lib_author_fk) values (336,1041);
insert into digital_lib_book_author (digital_lib_book_fk, digital_lib_author_fk) values (336,31);
insert into digital_lib_book_author (digital_lib_book_fk, digital_lib_author_fk) values (336,151);
insert into digital_lib_book_tag (digital_lib_book_fk, digital_lib_tag_fk) values (336,542);
insert into digital_lib_book_tag (digital_lib_book_fk, digital_lib_tag_fk) values (336,2089);
insert into digital_lib_book_tag (digital_lib_book_fk, digital_lib_tag_fk) values (336,2125);
insert into digital_lib_book_tag (digital_lib_book_fk, digital_lib_tag_fk) values (336,461);
insert into digital_lib_book_publisher (digital_lib_book_fk, digital_lib_publisher_fk) values (336,172);
insert into digital_lib_category_book (digital_lib_book_fk, digital_lib_category_fk) values (336,4);
insert into digital_lib_category_book (digital_lib_book_fk, digital_lib_category_fk) values (336,26);
insert into digital_lib_book (digital_lib_book_id, title, description, issue_year) values (337,'Surreptitiously Weakening Cryptographic Systems','The importance of understanding malicious and surreptitious weakening of cryptographic systems and this book provides an overview of this domain, using a number of historical examples to drive development of a weaknesses taxonomy.',2015);
insert into digital_lib_book_author (digital_lib_book_fk, digital_lib_author_fk) values (337,65);
insert into digital_lib_book_author (digital_lib_book_fk, digital_lib_author_fk) values (337,722);
insert into digital_lib_book_author (digital_lib_book_fk, digital_lib_author_fk) values (337,32);
insert into digital_lib_book_author (digital_lib_book_fk, digital_lib_author_fk) values (337,718);
insert into digital_lib_book_tag (digital_lib_book_fk, digital_lib_tag_fk) values (337,1499);
insert into digital_lib_book_tag (digital_lib_book_fk, digital_lib_tag_fk) values (337,542);
insert into digital_lib_book_tag (digital_lib_book_fk, digital_lib_tag_fk) values (337,2089);
insert into digital_lib_book_tag (digital_lib_book_fk, digital_lib_tag_fk) values (337,2076);
insert into digital_lib_book_publisher (digital_lib_book_fk, digital_lib_publisher_fk) values (337,258);
insert into digital_lib_category_book (digital_lib_book_fk, digital_lib_category_fk) values (337,4);
insert into digital_lib_category_book (digital_lib_book_fk, digital_lib_category_fk) values (337,26);
insert into digital_lib_book (digital_lib_book_id, title, description, issue_year) values (338,'The InfoSec Handbook','The InfoSec Handbook offers the reader an organized layout of information that is easily read and understood. Allowing beginners to enter the field and understand the key concepts and ideas, while still keeping the experienced readers updated on topics and concepts.',2014);
insert into digital_lib_book_author (digital_lib_book_fk, digital_lib_author_fk) values (338,102);
insert into digital_lib_book_author (digital_lib_book_fk, digital_lib_author_fk) values (338,427);
insert into digital_lib_book_tag (digital_lib_book_fk, digital_lib_tag_fk) values (338,898);
insert into digital_lib_book_tag (digital_lib_book_fk, digital_lib_tag_fk) values (338,221);
insert into digital_lib_book_tag (digital_lib_book_fk, digital_lib_tag_fk) values (338,2089);
insert into digital_lib_book_tag (digital_lib_book_fk, digital_lib_tag_fk) values (338,680);
insert into digital_lib_book_tag (digital_lib_book_fk, digital_lib_tag_fk) values (338,2125);
insert into digital_lib_book_publisher (digital_lib_book_fk, digital_lib_publisher_fk) values (338,165);
insert into digital_lib_category_book (digital_lib_book_fk, digital_lib_category_fk) values (338,4);
insert into digital_lib_category_book (digital_lib_book_fk, digital_lib_category_fk) values (338,26);
insert into digital_lib_book (digital_lib_book_id, title, description, issue_year) values (339,'Arcade-style game design: postwar pinball and the golden age of coin-op videogames','This book is for all the fans of retro games - it discusses coin-op videogames-including rule automation, real-time button play, and fiction as static theme-originated decades prior as innovations within the pinball industry.',2012);
insert into digital_lib_book_author (digital_lib_book_fk, digital_lib_author_fk) values (339,806);
insert into digital_lib_book_tag (digital_lib_book_fk, digital_lib_tag_fk) values (339,2454);
insert into digital_lib_book_tag (digital_lib_book_fk, digital_lib_tag_fk) values (339,561);
insert into digital_lib_book_tag (digital_lib_book_fk, digital_lib_tag_fk) values (339,1602);
insert into digital_lib_book_publisher (digital_lib_book_fk, digital_lib_publisher_fk) values (339,4);
insert into digital_lib_category_book (digital_lib_book_fk, digital_lib_category_fk) values (339,5);
insert into digital_lib_category_book (digital_lib_book_fk, digital_lib_category_fk) values (339,26);
insert into digital_lib_book (digital_lib_book_id, title, description, issue_year) values (340,'Artificial and Computational Intelligence in Games: Integration','This report documents Dagstuhl Seminar 15051 “Artificial and Computational Intelligence in Games: Integration”. The focus of the seminar was on the computational techniques used to create, enhance, and improve the experiences of humans interacting with and within virtual environments.',2015);
insert into digital_lib_book_author (digital_lib_book_fk, digital_lib_author_fk) values (340,137);
insert into digital_lib_book_author (digital_lib_book_fk, digital_lib_author_fk) values (340,169);
insert into digital_lib_book_author (digital_lib_book_fk, digital_lib_author_fk) values (340,770);
insert into digital_lib_book_author (digital_lib_book_fk, digital_lib_author_fk) values (340,569);
insert into digital_lib_book_author (digital_lib_book_fk, digital_lib_author_fk) values (340,665);
insert into digital_lib_book_tag (digital_lib_book_fk, digital_lib_tag_fk) values (340,876);
insert into digital_lib_book_tag (digital_lib_book_fk, digital_lib_tag_fk) values (340,2076);
insert into digital_lib_book_tag (digital_lib_book_fk, digital_lib_tag_fk) values (340,561);
insert into digital_lib_book_tag (digital_lib_book_fk, digital_lib_tag_fk) values (340,744);
insert into digital_lib_book_tag (digital_lib_book_fk, digital_lib_tag_fk) values (340,2446);
insert into digital_lib_book_tag (digital_lib_book_fk, digital_lib_tag_fk) values (340,499);
insert into digital_lib_book_publisher (digital_lib_book_fk, digital_lib_publisher_fk) values (340,258);
insert into digital_lib_category_book (digital_lib_book_fk, digital_lib_category_fk) values (340,5);
insert into digital_lib_category_book (digital_lib_book_fk, digital_lib_category_fk) values (340,26);
insert into digital_lib_book (digital_lib_book_id, title, description, issue_year) values (341,'Better Learning in Games: A Balanced Design Lens for a New Generation of Learning Games','This is a guide to inform next generation learning game designs. It is an introduction to the core approaches used by many learning game designers, including the Learning Games Network and The Education Arcade at MIT.',2015);
insert into digital_lib_book_author (digital_lib_book_fk, digital_lib_author_fk) values (341,836);
insert into digital_lib_book_author (digital_lib_book_fk, digital_lib_author_fk) values (341,317);
insert into digital_lib_book_author (digital_lib_book_fk, digital_lib_author_fk) values (341,574);
insert into digital_lib_book_author (digital_lib_book_fk, digital_lib_author_fk) values (341,440);
insert into digital_lib_book_author (digital_lib_book_fk, digital_lib_author_fk) values (341,840);
insert into digital_lib_book_tag (digital_lib_book_fk, digital_lib_tag_fk) values (341,1128);
insert into digital_lib_book_tag (digital_lib_book_fk, digital_lib_tag_fk) values (341,2454);
insert into digital_lib_book_tag (digital_lib_book_fk, digital_lib_tag_fk) values (341,561);
insert into digital_lib_book_publisher (digital_lib_book_fk, digital_lib_publisher_fk) values (341,87);
insert into digital_lib_category_book (digital_lib_book_fk, digital_lib_category_fk) values (341,5);
insert into digital_lib_category_book (digital_lib_book_fk, digital_lib_category_fk) values (341,26);
insert into digital_lib_book (digital_lib_book_id, title, description, issue_year) values (342,'Beyond Fun: Serious Games and Media','This book focuses on strategies for applying games, simulations and interactive experiences in learning contexts.',2008);
insert into digital_lib_book_author (digital_lib_book_fk, digital_lib_author_fk) values (342,865);
insert into digital_lib_book_tag (digital_lib_book_fk, digital_lib_tag_fk) values (342,1502);
insert into digital_lib_book_tag (digital_lib_book_fk, digital_lib_tag_fk) values (342,561);
insert into digital_lib_book_tag (digital_lib_book_fk, digital_lib_tag_fk) values (342,797);
insert into digital_lib_book_tag (digital_lib_book_fk, digital_lib_tag_fk) values (342,717);
insert into digital_lib_book_publisher (digital_lib_book_fk, digital_lib_publisher_fk) values (342,18);
insert into digital_lib_category_book (digital_lib_book_fk, digital_lib_category_fk) values (342,5);
insert into digital_lib_category_book (digital_lib_book_fk, digital_lib_category_fk) values (342,26);
insert into digital_lib_book (digital_lib_book_id, title, description, issue_year) values (343,'Data Structures','In computer science, a data structure is a particular way of organizing data in a computer so that it can be used efficiently. This book provides a guide to that area of study.',2015);
insert into digital_lib_book_author (digital_lib_book_fk, digital_lib_author_fk) values (343,325);
insert into digital_lib_book_tag (digital_lib_book_fk, digital_lib_tag_fk) values (343,876);
insert into digital_lib_book_tag (digital_lib_book_fk, digital_lib_tag_fk) values (343,2076);
insert into digital_lib_book_tag (digital_lib_book_fk, digital_lib_tag_fk) values (343,561);
insert into digital_lib_book_tag (digital_lib_book_fk, digital_lib_tag_fk) values (343,2446);
insert into digital_lib_book_tag (digital_lib_book_fk, digital_lib_tag_fk) values (343,2393);
insert into digital_lib_book_tag (digital_lib_book_fk, digital_lib_tag_fk) values (343,889);
insert into digital_lib_book_tag (digital_lib_book_fk, digital_lib_tag_fk) values (343,1303);
insert into digital_lib_book_publisher (digital_lib_book_fk, digital_lib_publisher_fk) values (343,258);
insert into digital_lib_category_book (digital_lib_book_fk, digital_lib_category_fk) values (343,5);
insert into digital_lib_category_book (digital_lib_book_fk, digital_lib_category_fk) values (343,26);
insert into digital_lib_book (digital_lib_book_id, title, description, issue_year) values (344,'The CRPG Book Project','The CRPG Book Project is a collaborative, nonproft project created to compile the history of Computer Role-Playing Games into an accessible and educative volume. The book covers CRPGs from 1975 to 2015, plus contains several articles, mod recommendations, developer quotes and interesting trivia, in an effort to create a guide that will have something to offer to old-school veterans and new players alike.',2018);
insert into digital_lib_book_author (digital_lib_book_fk, digital_lib_author_fk) values (344,275);
insert into digital_lib_book_tag (digital_lib_book_fk, digital_lib_tag_fk) values (344,981);
insert into digital_lib_book_tag (digital_lib_book_fk, digital_lib_tag_fk) values (344,948);
insert into digital_lib_book_tag (digital_lib_book_fk, digital_lib_tag_fk) values (344,561);
insert into digital_lib_book_publisher (digital_lib_book_fk, digital_lib_publisher_fk) values (344,258);
insert into digital_lib_category_book (digital_lib_book_fk, digital_lib_category_fk) values (344,5);
insert into digital_lib_category_book (digital_lib_book_fk, digital_lib_category_fk) values (344,26);
insert into digital_lib_book (digital_lib_book_id, title, description, issue_year) values (345,'Design Patterns of Successful Role-Playing Games','This book discusses the area of design specifically in RPGs.',2005);
insert into digital_lib_book_author (digital_lib_book_fk, digital_lib_author_fk) values (345,124);
insert into digital_lib_book_tag (digital_lib_book_fk, digital_lib_tag_fk) values (345,782);
insert into digital_lib_book_tag (digital_lib_book_fk, digital_lib_tag_fk) values (345,2192);
insert into digital_lib_book_tag (digital_lib_book_fk, digital_lib_tag_fk) values (345,561);
insert into digital_lib_book_publisher (digital_lib_book_fk, digital_lib_publisher_fk) values (345,258);
insert into digital_lib_category_book (digital_lib_book_fk, digital_lib_category_fk) values (345,5);
insert into digital_lib_category_book (digital_lib_book_fk, digital_lib_category_fk) values (345,26);
insert into digital_lib_book (digital_lib_book_id, title, description, issue_year) values (346,'Designing Successful iPhone and Android Games with GameMaker','Game Maker is a rapid application development tool, based on an interpreted programming language and a software development kit (SDK) for developing video games. This book allows you to learn who to design games for iPhone and Android games with this tool.',2011);
insert into digital_lib_book_author (digital_lib_book_fk, digital_lib_author_fk) values (346,1149);
insert into digital_lib_book_tag (digital_lib_book_fk, digital_lib_tag_fk) values (346,821);
insert into digital_lib_book_tag (digital_lib_book_fk, digital_lib_tag_fk) values (346,1465);
insert into digital_lib_book_tag (digital_lib_book_fk, digital_lib_tag_fk) values (346,1480);
insert into digital_lib_book_tag (digital_lib_book_fk, digital_lib_tag_fk) values (346,1065);
insert into digital_lib_book_publisher (digital_lib_book_fk, digital_lib_publisher_fk) values (346,258);
insert into digital_lib_category_book (digital_lib_book_fk, digital_lib_category_fk) values (346,5);
insert into digital_lib_category_book (digital_lib_book_fk, digital_lib_category_fk) values (346,26);
insert into digital_lib_book (digital_lib_book_id, title, description, issue_year) values (347,'Engineering Emergence','This book provides series of aspects that determine the success of game design will be proposed: from level design, gameplay, game mechanics to some formal rules already established, as well as a series of formulas that modern studios must consider and value when planning their next star project.',2012);
insert into digital_lib_book_author (digital_lib_book_fk, digital_lib_author_fk) values (347,431);
insert into digital_lib_book_tag (digital_lib_book_fk, digital_lib_tag_fk) values (347,561);
insert into digital_lib_book_tag (digital_lib_book_fk, digital_lib_tag_fk) values (347,1839);
insert into digital_lib_book_tag (digital_lib_book_fk, digital_lib_tag_fk) values (347,2454);
insert into digital_lib_book_tag (digital_lib_book_fk, digital_lib_tag_fk) values (347,1718);
insert into digital_lib_book_tag (digital_lib_book_fk, digital_lib_tag_fk) values (347,1581);
insert into digital_lib_book_tag (digital_lib_book_fk, digital_lib_tag_fk) values (347,385);
insert into digital_lib_book_publisher (digital_lib_book_fk, digital_lib_publisher_fk) values (347,240);
insert into digital_lib_category_book (digital_lib_book_fk, digital_lib_category_fk) values (347,5);
insert into digital_lib_category_book (digital_lib_book_fk, digital_lib_category_fk) values (347,26);
insert into digital_lib_book (digital_lib_book_id, title, description, issue_year) values (348,'Make Games with Python','Although this book is designed to help you learn many of the essential skills you’ll need to make games with Python and Pygame on your Raspberry Pi, it’s by no means definitive. Making games is a brilliant way to learn to code, though, so I hope this book helps you to get started on your next big adventure.',2015);
insert into digital_lib_book_author (digital_lib_book_fk, digital_lib_author_fk) values (348,502);
insert into digital_lib_book_tag (digital_lib_book_fk, digital_lib_tag_fk) values (348,2076);
insert into digital_lib_book_tag (digital_lib_book_fk, digital_lib_tag_fk) values (348,1229);
insert into digital_lib_book_tag (digital_lib_book_fk, digital_lib_tag_fk) values (348,546);
insert into digital_lib_book_tag (digital_lib_book_fk, digital_lib_tag_fk) values (348,561);
insert into digital_lib_book_publisher (digital_lib_book_fk, digital_lib_publisher_fk) values (348,223);
insert into digital_lib_category_book (digital_lib_book_fk, digital_lib_category_fk) values (348,5);
insert into digital_lib_category_book (digital_lib_book_fk, digital_lib_category_fk) values (348,26);
insert into digital_lib_book (digital_lib_book_id, title, description, issue_year) values (349,'Hacking and Making in Minecraft CODE VIRTUAL WORLDS on your RaspberryPi','Minecraft is a game that’s achieved monumental success and this guide allows you to practice coding using this game.',2016);
insert into digital_lib_book_author (digital_lib_book_fk, digital_lib_author_fk) values (349,809);
insert into digital_lib_book_tag (digital_lib_book_fk, digital_lib_tag_fk) values (349,1444);
insert into digital_lib_book_tag (digital_lib_book_fk, digital_lib_tag_fk) values (349,223);
insert into digital_lib_book_tag (digital_lib_book_fk, digital_lib_tag_fk) values (349,2226);
insert into digital_lib_book_tag (digital_lib_book_fk, digital_lib_tag_fk) values (349,2076);
insert into digital_lib_book_tag (digital_lib_book_fk, digital_lib_tag_fk) values (349,561);
insert into digital_lib_book_publisher (digital_lib_book_fk, digital_lib_publisher_fk) values (349,223);
insert into digital_lib_category_book (digital_lib_book_fk, digital_lib_category_fk) values (349,5);
insert into digital_lib_category_book (digital_lib_book_fk, digital_lib_category_fk) values (349,26);
insert into digital_lib_book (digital_lib_book_id, title, description, issue_year) values (350,'Evolved to Win','This book is a coherent piece of writing that provides the reader with both a guide on the application of the volutionary paradigm within the domain of games as well as a tour de force through the ludic landscape.',2011);
insert into digital_lib_book_author (digital_lib_book_fk, digital_lib_author_fk) values (350,257);
insert into digital_lib_book_tag (digital_lib_book_fk, digital_lib_tag_fk) values (350,2076);
insert into digital_lib_book_tag (digital_lib_book_fk, digital_lib_tag_fk) values (350,744);
insert into digital_lib_book_tag (digital_lib_book_fk, digital_lib_tag_fk) values (350,2446);
insert into digital_lib_book_tag (digital_lib_book_fk, digital_lib_tag_fk) values (350,192);
insert into digital_lib_book_tag (digital_lib_book_fk, digital_lib_tag_fk) values (350,561);
insert into digital_lib_book_publisher (digital_lib_book_fk, digital_lib_publisher_fk) values (350,258);
insert into digital_lib_category_book (digital_lib_book_fk, digital_lib_category_fk) values (350,5);
insert into digital_lib_category_book (digital_lib_book_fk, digital_lib_category_fk) values (350,26);
insert into digital_lib_book (digital_lib_book_id, title, description, issue_year) values (351,'Fundamentals of Computer Graphics','These notes represent an attempt to develop a comprehensive manual on computer graphics, focusing on three-dimensional environments.',2010);
insert into digital_lib_book_author (digital_lib_book_fk, digital_lib_author_fk) values (351,328);
insert into digital_lib_book_tag (digital_lib_book_fk, digital_lib_tag_fk) values (351,2076);
insert into digital_lib_book_tag (digital_lib_book_fk, digital_lib_tag_fk) values (351,1933);
insert into digital_lib_book_tag (digital_lib_book_fk, digital_lib_tag_fk) values (351,1771);
insert into digital_lib_book_tag (digital_lib_book_fk, digital_lib_tag_fk) values (351,561);
insert into digital_lib_book_tag (digital_lib_book_fk, digital_lib_tag_fk) values (351,2367);
insert into digital_lib_book_tag (digital_lib_book_fk, digital_lib_tag_fk) values (351,2419);
insert into digital_lib_book_tag (digital_lib_book_fk, digital_lib_tag_fk) values (351,2072);
insert into digital_lib_book_publisher (digital_lib_book_fk, digital_lib_publisher_fk) values (351,8);
insert into digital_lib_book_publisher (digital_lib_book_fk, digital_lib_publisher_fk) values (351,108);
insert into digital_lib_category_book (digital_lib_book_fk, digital_lib_category_fk) values (351,5);
insert into digital_lib_category_book (digital_lib_book_fk, digital_lib_category_fk) values (351,26);
insert into digital_lib_book (digital_lib_book_id, title, description, issue_year) values (352,'Game Mods: Design, Theory and Criticism','Game Mods: Design, Theory and Criticism aims to connect education and games. It features chapters by authors chosen from around the world, representing fields as diverse as architecture, ethnography, puppetry, cultural studies, music education, interaction design and industrial design.',2012);
insert into digital_lib_book_author (digital_lib_book_fk, digital_lib_author_fk) values (352,952);
insert into digital_lib_book_tag (digital_lib_book_fk, digital_lib_tag_fk) values (352,1518);
insert into digital_lib_book_tag (digital_lib_book_fk, digital_lib_tag_fk) values (352,641);
insert into digital_lib_book_tag (digital_lib_book_fk, digital_lib_tag_fk) values (352,561);
insert into digital_lib_book_publisher (digital_lib_book_fk, digital_lib_publisher_fk) values (352,18);
insert into digital_lib_category_book (digital_lib_book_fk, digital_lib_category_fk) values (352,5);
insert into digital_lib_category_book (digital_lib_book_fk, digital_lib_category_fk) values (352,26);
insert into digital_lib_book (digital_lib_book_id, title, description, issue_year) values (353,'Game Research Methods','Finding and following a methods means finding a way. This books brings the world of games closer to the reader by discussing different game research methods.',2015);
insert into digital_lib_book_author (digital_lib_book_fk, digital_lib_author_fk) values (353,121);
insert into digital_lib_book_author (digital_lib_book_fk, digital_lib_author_fk) values (353,1135);
insert into digital_lib_book_tag (digital_lib_book_fk, digital_lib_tag_fk) values (353,1633);
insert into digital_lib_book_tag (digital_lib_book_fk, digital_lib_tag_fk) values (353,2397);
insert into digital_lib_book_tag (digital_lib_book_fk, digital_lib_tag_fk) values (353,1502);
insert into digital_lib_book_tag (digital_lib_book_fk, digital_lib_tag_fk) values (353,561);
insert into digital_lib_book_publisher (digital_lib_book_fk, digital_lib_publisher_fk) values (353,18);
insert into digital_lib_category_book (digital_lib_book_fk, digital_lib_category_fk) values (353,5);
insert into digital_lib_category_book (digital_lib_book_fk, digital_lib_category_fk) values (353,26);
insert into digital_lib_book (digital_lib_book_id, title, description, issue_year) values (354,'Blender Gamekit 1st edition','This manual is a complete work on creating 3D Videogames using Blender\`s Game Engine.',2008);
insert into digital_lib_book_author (digital_lib_book_fk, digital_lib_author_fk) values (354,5);
insert into digital_lib_book_author (digital_lib_book_fk, digital_lib_author_fk) values (354,795);
insert into digital_lib_book_tag (digital_lib_book_fk, digital_lib_tag_fk) values (354,2350);
insert into digital_lib_book_tag (digital_lib_book_fk, digital_lib_tag_fk) values (354,1718);
insert into digital_lib_book_tag (digital_lib_book_fk, digital_lib_tag_fk) values (354,385);
insert into digital_lib_book_tag (digital_lib_book_fk, digital_lib_tag_fk) values (354,561);
insert into digital_lib_book_tag (digital_lib_book_fk, digital_lib_tag_fk) values (354,1994);
insert into digital_lib_book_publisher (digital_lib_book_fk, digital_lib_publisher_fk) values (354,164);
insert into digital_lib_category_book (digital_lib_book_fk, digital_lib_category_fk) values (354,5);
insert into digital_lib_category_book (digital_lib_book_fk, digital_lib_category_fk) values (354,26);
insert into digital_lib_book (digital_lib_book_id, title, description, issue_year) values (355,'Gamepaddle Video Games. Education. Empowerment.','In Gamepaddle’s educational activities video games were used to train project-management skills, encourage reflection on the urban neighbourhood, create a card game about video games that facilitates discourse on video games or teach adults how to play.',2015);
insert into digital_lib_book_author (digital_lib_book_fk, digital_lib_author_fk) values (355,425);
insert into digital_lib_book_author (digital_lib_book_fk, digital_lib_author_fk) values (355,751);
insert into digital_lib_book_tag (digital_lib_book_fk, digital_lib_tag_fk) values (355,1217);
insert into digital_lib_book_tag (digital_lib_book_fk, digital_lib_tag_fk) values (355,1128);
insert into digital_lib_book_tag (digital_lib_book_fk, digital_lib_tag_fk) values (355,897);
insert into digital_lib_book_tag (digital_lib_book_fk, digital_lib_tag_fk) values (355,561);
insert into digital_lib_book_publisher (digital_lib_book_fk, digital_lib_publisher_fk) values (355,11);
insert into digital_lib_category_book (digital_lib_book_fk, digital_lib_category_fk) values (355,5);
insert into digital_lib_category_book (digital_lib_book_fk, digital_lib_category_fk) values (355,26);
insert into digital_lib_book (digital_lib_book_id, title, description, issue_year) values (356,'Gaming Rhythms: Play and Counterplay from the Situated to the Global','This book is about digital games, the people who play digital games, and how they play them.',2010);
insert into digital_lib_book_author (digital_lib_book_fk, digital_lib_author_fk) values (356,887);
insert into digital_lib_book_tag (digital_lib_book_fk, digital_lib_tag_fk) values (356,2075);
insert into digital_lib_book_tag (digital_lib_book_fk, digital_lib_tag_fk) values (356,1661);
insert into digital_lib_book_tag (digital_lib_book_fk, digital_lib_tag_fk) values (356,1052);
insert into digital_lib_book_tag (digital_lib_book_fk, digital_lib_tag_fk) values (356,1128);
insert into digital_lib_book_tag (digital_lib_book_fk, digital_lib_tag_fk) values (356,155);
insert into digital_lib_book_tag (digital_lib_book_fk, digital_lib_tag_fk) values (356,2459);
insert into digital_lib_book_publisher (digital_lib_book_fk, digital_lib_publisher_fk) values (356,69);
insert into digital_lib_category_book (digital_lib_book_fk, digital_lib_category_fk) values (356,5);
insert into digital_lib_category_book (digital_lib_book_fk, digital_lib_category_fk) values (356,26);
insert into digital_lib_book (digital_lib_book_id, title, description, issue_year) values (357,'How to Win Video Games','See this book as a guide on all the tips and tricks for a regular gamer.',1982);
insert into digital_lib_book_author (digital_lib_book_fk, digital_lib_author_fk) values (357,325);
insert into digital_lib_book_tag (digital_lib_book_fk, digital_lib_tag_fk) values (357,1911);
insert into digital_lib_book_tag (digital_lib_book_fk, digital_lib_tag_fk) values (357,172);
insert into digital_lib_book_tag (digital_lib_book_fk, digital_lib_tag_fk) values (357,981);
insert into digital_lib_book_publisher (digital_lib_book_fk, digital_lib_publisher_fk) values (357,226);
insert into digital_lib_category_book (digital_lib_book_fk, digital_lib_category_fk) values (357,5);
insert into digital_lib_category_book (digital_lib_book_fk, digital_lib_category_fk) values (357,26);
insert into digital_lib_book (digital_lib_book_id, title, description, issue_year) values (358,'Well Played 1.0: Video Games, Values and Meaning','This book is full of in-depth close readings of video games that parse out the various meanings to be found in the experience of playing a game.',2009);
insert into digital_lib_book_author (digital_lib_book_fk, digital_lib_author_fk) values (358,865);
insert into digital_lib_book_tag (digital_lib_book_fk, digital_lib_tag_fk) values (358,2075);
insert into digital_lib_book_tag (digital_lib_book_fk, digital_lib_tag_fk) values (358,1661);
insert into digital_lib_book_tag (digital_lib_book_fk, digital_lib_tag_fk) values (358,1052);
insert into digital_lib_book_tag (digital_lib_book_fk, digital_lib_tag_fk) values (358,1128);
insert into digital_lib_book_tag (digital_lib_book_fk, digital_lib_tag_fk) values (358,155);
insert into digital_lib_book_tag (digital_lib_book_fk, digital_lib_tag_fk) values (358,2459);
insert into digital_lib_book_publisher (digital_lib_book_fk, digital_lib_publisher_fk) values (358,18);
insert into digital_lib_category_book (digital_lib_book_fk, digital_lib_category_fk) values (358,5);
insert into digital_lib_category_book (digital_lib_book_fk, digital_lib_category_fk) values (358,26);
insert into digital_lib_book (digital_lib_book_id, title, description, issue_year) values (359,'Well Played 2.0: Video Games, Values and Meaning','Following Well Played 1.0, this book is made up of new readings that analyze the various meanings found in the experience of playing a game.',2010);
insert into digital_lib_book_author (digital_lib_book_fk, digital_lib_author_fk) values (359,865);
insert into digital_lib_book_tag (digital_lib_book_fk, digital_lib_tag_fk) values (359,2075);
insert into digital_lib_book_tag (digital_lib_book_fk, digital_lib_tag_fk) values (359,1661);
insert into digital_lib_book_tag (digital_lib_book_fk, digital_lib_tag_fk) values (359,1052);
insert into digital_lib_book_tag (digital_lib_book_fk, digital_lib_tag_fk) values (359,1128);
insert into digital_lib_book_tag (digital_lib_book_fk, digital_lib_tag_fk) values (359,155);
insert into digital_lib_book_tag (digital_lib_book_fk, digital_lib_tag_fk) values (359,2459);
insert into digital_lib_book_publisher (digital_lib_book_fk, digital_lib_publisher_fk) values (359,18);
insert into digital_lib_category_book (digital_lib_book_fk, digital_lib_category_fk) values (359,5);
insert into digital_lib_category_book (digital_lib_book_fk, digital_lib_category_fk) values (359,26);
insert into digital_lib_book (digital_lib_book_id, title, description, issue_year) values (360,'Well Played 3.0: Video Games, Values and Meaning','Well Played 3.0 is another great book of in-depth close readings of video games that parse out the various meanings to be found in the experience of playing a game.',2011);
insert into digital_lib_book_author (digital_lib_book_fk, digital_lib_author_fk) values (360,865);
insert into digital_lib_book_tag (digital_lib_book_fk, digital_lib_tag_fk) values (360,2075);
insert into digital_lib_book_tag (digital_lib_book_fk, digital_lib_tag_fk) values (360,1661);
insert into digital_lib_book_tag (digital_lib_book_fk, digital_lib_tag_fk) values (360,1052);
insert into digital_lib_book_tag (digital_lib_book_fk, digital_lib_tag_fk) values (360,1128);
insert into digital_lib_book_tag (digital_lib_book_fk, digital_lib_tag_fk) values (360,155);
insert into digital_lib_book_tag (digital_lib_book_fk, digital_lib_tag_fk) values (360,2459);
insert into digital_lib_book_publisher (digital_lib_book_fk, digital_lib_publisher_fk) values (360,18);
insert into digital_lib_category_book (digital_lib_book_fk, digital_lib_category_fk) values (360,5);
insert into digital_lib_category_book (digital_lib_book_fk, digital_lib_category_fk) values (360,26);
insert into digital_lib_book (digital_lib_book_id, title, description, issue_year) values (361,'Well Played vol 4 no 1: A Journal on Video Games, Values and Meaning','Well Played 3.0 is another great book of in-depth close readings of video games that parse out the various meanings to be found in the experience of playing a game.',2015);
insert into digital_lib_book_author (digital_lib_book_fk, digital_lib_author_fk) values (361,865);
insert into digital_lib_book_tag (digital_lib_book_fk, digital_lib_tag_fk) values (361,2075);
insert into digital_lib_book_tag (digital_lib_book_fk, digital_lib_tag_fk) values (361,1661);
insert into digital_lib_book_tag (digital_lib_book_fk, digital_lib_tag_fk) values (361,1052);
insert into digital_lib_book_tag (digital_lib_book_fk, digital_lib_tag_fk) values (361,1128);
insert into digital_lib_book_tag (digital_lib_book_fk, digital_lib_tag_fk) values (361,155);
insert into digital_lib_book_tag (digital_lib_book_fk, digital_lib_tag_fk) values (361,2459);
insert into digital_lib_book_publisher (digital_lib_book_fk, digital_lib_publisher_fk) values (361,18);
insert into digital_lib_category_book (digital_lib_book_fk, digital_lib_category_fk) values (361,5);
insert into digital_lib_category_book (digital_lib_book_fk, digital_lib_category_fk) values (361,26);
insert into digital_lib_book (digital_lib_book_id, title, description, issue_year) values (362,'Virtual Body Language','Jeffrey Ventrella, a seasoned virtual worlds programmer and visual language expert, reviews the history of avatars, smileys, and other expressive forms, and considers a future of spectacular creativity. This book combines thoughtful scholarship with amusing anecdotes from the trenches of Silicon Valley. Virtual Body Language presents a thorough analysis of the neurological, linguistic, aesthetic, and technical aspects of how nonverbal communication can be distributed over the internet. Based on nearly a decade of avatar development, Ventrella has the practical foundation on which to justify even the most outrageous claims, regarding what "avatar" might mean in the future.',2011);
insert into digital_lib_book_author (digital_lib_book_fk, digital_lib_author_fk) values (362,28);
insert into digital_lib_book_tag (digital_lib_book_fk, digital_lib_tag_fk) values (362,325);
insert into digital_lib_book_tag (digital_lib_book_fk, digital_lib_tag_fk) values (362,960);
insert into digital_lib_book_tag (digital_lib_book_fk, digital_lib_tag_fk) values (362,572);
insert into digital_lib_book_tag (digital_lib_book_fk, digital_lib_tag_fk) values (362,1852);
insert into digital_lib_book_tag (digital_lib_book_fk, digital_lib_tag_fk) values (362,561);
insert into digital_lib_book_tag (digital_lib_book_fk, digital_lib_tag_fk) values (362,572);
insert into digital_lib_book_tag (digital_lib_book_fk, digital_lib_tag_fk) values (362,931);
insert into digital_lib_book_publisher (digital_lib_book_fk, digital_lib_publisher_fk) values (362,18);
insert into digital_lib_category_book (digital_lib_book_fk, digital_lib_category_fk) values (362,5);
insert into digital_lib_category_book (digital_lib_book_fk, digital_lib_category_fk) values (362,26);
insert into digital_lib_book (digital_lib_book_id, title, description, issue_year) values (363,'The Rhetoric of Video Games','As we evolve our relationship with video games, one of the most important steps we can take is to learn to play them critically, to suss out the meaning they carry, both on and under the surface. To do this requires a fluency in procedurality, the core representational form of computing. This book deals with exactly these topics.',2009);
insert into digital_lib_book_author (digital_lib_book_fk, digital_lib_author_fk) values (363,42);
insert into digital_lib_book_tag (digital_lib_book_fk, digital_lib_tag_fk) values (363,1052);
insert into digital_lib_book_tag (digital_lib_book_fk, digital_lib_tag_fk) values (363,258);
insert into digital_lib_book_tag (digital_lib_book_fk, digital_lib_tag_fk) values (363,1469);
insert into digital_lib_book_tag (digital_lib_book_fk, digital_lib_tag_fk) values (363,2459);
insert into digital_lib_book_tag (digital_lib_book_fk, digital_lib_tag_fk) values (363,572);
insert into digital_lib_book_publisher (digital_lib_book_fk, digital_lib_publisher_fk) values (363,79);
insert into digital_lib_category_book (digital_lib_book_fk, digital_lib_category_fk) values (363,5);
insert into digital_lib_category_book (digital_lib_book_fk, digital_lib_category_fk) values (363,26);
insert into digital_lib_book (digital_lib_book_id, title, description, issue_year) values (364,'The Art of Computer Game Design','This book was originally written by video game designer Chris Crawford in 1982. As one of the few manuals that has covered each of the issues involved so extensively, in 1997 he set out to create an electronic version. Subsequently, the content was completely released and released to the community.',1982);
insert into digital_lib_book_author (digital_lib_book_fk, digital_lib_author_fk) values (364,380);
insert into digital_lib_book_tag (digital_lib_book_fk, digital_lib_tag_fk) values (364,1839);
insert into digital_lib_book_tag (digital_lib_book_fk, digital_lib_tag_fk) values (364,561);
insert into digital_lib_book_tag (digital_lib_book_fk, digital_lib_tag_fk) values (364,2454);
insert into digital_lib_book_publisher (digital_lib_book_fk, digital_lib_publisher_fk) values (364,258);
insert into digital_lib_category_book (digital_lib_book_fk, digital_lib_category_fk) values (364,5);
insert into digital_lib_category_book (digital_lib_book_fk, digital_lib_category_fk) values (364,26);
insert into digital_lib_book (digital_lib_book_id, title, description, issue_year) values (365,'Teachercraft: How Teachers Learn to Use Minecraft in their Classrooms','This book is built around a set of teacher interviews that describe the practices and perceptions of educators as they are adopting, modifying, and building learning environments that integrate Minecraft.',2015);
insert into digital_lib_book_author (digital_lib_book_fk, digital_lib_author_fk) values (365,1111);
insert into digital_lib_book_tag (digital_lib_book_fk, digital_lib_tag_fk) values (365,1128);
insert into digital_lib_book_tag (digital_lib_book_fk, digital_lib_tag_fk) values (365,2454);
insert into digital_lib_book_tag (digital_lib_book_fk, digital_lib_tag_fk) values (365,561);
insert into digital_lib_book_tag (digital_lib_book_fk, digital_lib_tag_fk) values (365,1502);
insert into digital_lib_book_tag (digital_lib_book_fk, digital_lib_tag_fk) values (365,2005);
insert into digital_lib_book_publisher (digital_lib_book_fk, digital_lib_publisher_fk) values (365,18);
insert into digital_lib_category_book (digital_lib_book_fk, digital_lib_category_fk) values (365,5);
insert into digital_lib_category_book (digital_lib_book_fk, digital_lib_category_fk) values (365,26);
insert into digital_lib_book (digital_lib_book_id, title, description, issue_year) values (366,'Stochastic Multiplayer Games: Theory and Algorithms','The aim of this work is to bring together algorithmic game theory with the games that are used in verifiation by extending the algorithmic theory of stochastic two-player zero-sum games to incorporate multiple players, whose objectives are not necessarily conflcting. In particular, this work contains a comprehensive study of the complexity of the most prominent solution concepts that are applicable in this setting, namely Nash and subgame-perfect equilibria.',2008);
insert into digital_lib_book_author (digital_lib_book_fk, digital_lib_author_fk) values (366,463);
insert into digital_lib_book_tag (digital_lib_book_fk, digital_lib_tag_fk) values (366,876);
insert into digital_lib_book_tag (digital_lib_book_fk, digital_lib_tag_fk) values (366,1052);
insert into digital_lib_book_tag (digital_lib_book_fk, digital_lib_tag_fk) values (366,2449);
insert into digital_lib_book_tag (digital_lib_book_fk, digital_lib_tag_fk) values (366,105);
insert into digital_lib_book_tag (digital_lib_book_fk, digital_lib_tag_fk) values (366,1041);
insert into digital_lib_book_tag (digital_lib_book_fk, digital_lib_tag_fk) values (366,2446);
insert into digital_lib_book_publisher (digital_lib_book_fk, digital_lib_publisher_fk) values (366,258);
insert into digital_lib_category_book (digital_lib_book_fk, digital_lib_category_fk) values (366,5);
insert into digital_lib_category_book (digital_lib_book_fk, digital_lib_category_fk) values (366,26);
insert into digital_lib_book (digital_lib_book_id, title, description, issue_year) values (367,'Rethinking Gamification','This book is about gamifcation, and much more. The publication intends to explore the concept of gamifcation, its history and applications, its implications for theory and practice.',2014);
insert into digital_lib_book_author (digital_lib_book_fk, digital_lib_author_fk) values (367,580);
insert into digital_lib_book_author (digital_lib_book_fk, digital_lib_author_fk) values (367,500);
insert into digital_lib_book_author (digital_lib_book_fk, digital_lib_author_fk) values (367,877);
insert into digital_lib_book_author (digital_lib_book_fk, digital_lib_author_fk) values (367,532);
insert into digital_lib_book_tag (digital_lib_book_fk, digital_lib_tag_fk) values (367,1679);
insert into digital_lib_book_tag (digital_lib_book_fk, digital_lib_tag_fk) values (367,1831);
insert into digital_lib_book_tag (digital_lib_book_fk, digital_lib_tag_fk) values (367,1873);
insert into digital_lib_book_tag (digital_lib_book_fk, digital_lib_tag_fk) values (367,901);
insert into digital_lib_book_publisher (digital_lib_book_fk, digital_lib_publisher_fk) values (367,155);
insert into digital_lib_category_book (digital_lib_book_fk, digital_lib_category_fk) values (367,5);
insert into digital_lib_category_book (digital_lib_book_fk, digital_lib_category_fk) values (367,26);
insert into digital_lib_book (digital_lib_book_id, title, description, issue_year) values (368,'Real-Time Research: Improvisational Game Scholarship','The main question this book proposes is: building on ideas from games design, could we pull from the tradition of prototyping, and create a quick and easy cycles of learning, and could we pull from learning theory and create contexts to learn through problem solving?',2010);
insert into digital_lib_book_author (digital_lib_book_fk, digital_lib_author_fk) values (368,1111);
insert into digital_lib_book_author (digital_lib_book_fk, digital_lib_author_fk) values (368,1183);
insert into digital_lib_book_author (digital_lib_book_fk, digital_lib_author_fk) values (368,410);
insert into digital_lib_book_author (digital_lib_book_fk, digital_lib_author_fk) values (368,223);
insert into digital_lib_book_tag (digital_lib_book_fk, digital_lib_tag_fk) values (368,1128);
insert into digital_lib_book_tag (digital_lib_book_fk, digital_lib_tag_fk) values (368,1782);
insert into digital_lib_book_tag (digital_lib_book_fk, digital_lib_tag_fk) values (368,561);
insert into digital_lib_book_tag (digital_lib_book_fk, digital_lib_tag_fk) values (368,2459);
insert into digital_lib_book_publisher (digital_lib_book_fk, digital_lib_publisher_fk) values (368,258);
insert into digital_lib_category_book (digital_lib_book_fk, digital_lib_category_fk) values (368,5);
insert into digital_lib_category_book (digital_lib_book_fk, digital_lib_category_fk) values (368,26);
insert into digital_lib_book (digital_lib_book_id, title, description, issue_year) values (369,'Production of Creative Game-Based Learning Scenarios','The book aims to create learning contexts where teachers from different educational levels apply creativity in designing their own GBL scenarios using authoring tools, similar to other visual applications that are used to create educational content. The educational value of the games is enhanced by the integration of different learning metaphors in their design.',2011);
insert into digital_lib_book_author (digital_lib_book_fk, digital_lib_author_fk) values (369,325);
insert into digital_lib_book_tag (digital_lib_book_fk, digital_lib_tag_fk) values (369,1128);
insert into digital_lib_book_tag (digital_lib_book_fk, digital_lib_tag_fk) values (369,1679);
insert into digital_lib_book_tag (digital_lib_book_fk, digital_lib_tag_fk) values (369,1502);
insert into digital_lib_book_tag (digital_lib_book_fk, digital_lib_tag_fk) values (369,1579);
insert into digital_lib_book_tag (digital_lib_book_fk, digital_lib_tag_fk) values (369,561);
insert into digital_lib_book_publisher (digital_lib_book_fk, digital_lib_publisher_fk) values (369,253);
insert into digital_lib_category_book (digital_lib_book_fk, digital_lib_category_fk) values (369,5);
insert into digital_lib_category_book (digital_lib_book_fk, digital_lib_category_fk) values (369,26);
insert into digital_lib_book (digital_lib_book_id, title, description, issue_year) values (370,'Pride and Paradev: A collection of agile software testing contradictions','This book provides material on the contradictions experienced in agile software testing.',2015);
insert into digital_lib_book_author (digital_lib_book_fk, digital_lib_author_fk) values (370,739);
insert into digital_lib_book_tag (digital_lib_book_fk, digital_lib_tag_fk) values (370,479);
insert into digital_lib_book_tag (digital_lib_book_fk, digital_lib_tag_fk) values (370,385);
insert into digital_lib_book_tag (digital_lib_book_fk, digital_lib_tag_fk) values (370,328);
insert into digital_lib_book_tag (digital_lib_book_fk, digital_lib_tag_fk) values (370,901);
insert into digital_lib_book_publisher (digital_lib_book_fk, digital_lib_publisher_fk) values (370,135);
insert into digital_lib_category_book (digital_lib_book_fk, digital_lib_category_fk) values (370,5);
insert into digital_lib_category_book (digital_lib_book_fk, digital_lib_category_fk) values (370,26);
insert into digital_lib_book (digital_lib_book_id, title, description, issue_year) values (371,'Players Unleashed! Modding The Sims and the Culture of Gaming','This is a book for all those Sims fans out there. Learning how to create the SIms game you wish to and talking about the culture of gaming in general are some of the reason you should read this book.',2011);
insert into digital_lib_book_author (digital_lib_book_fk, digital_lib_author_fk) values (371,932);
insert into digital_lib_book_tag (digital_lib_book_fk, digital_lib_tag_fk) values (371,2075);
insert into digital_lib_book_tag (digital_lib_book_fk, digital_lib_tag_fk) values (371,2160);
insert into digital_lib_book_tag (digital_lib_book_fk, digital_lib_tag_fk) values (371,2076);
insert into digital_lib_book_tag (digital_lib_book_fk, digital_lib_tag_fk) values (371,561);
insert into digital_lib_book_publisher (digital_lib_book_fk, digital_lib_publisher_fk) values (371,73);
insert into digital_lib_category_book (digital_lib_book_fk, digital_lib_category_fk) values (371,5);
insert into digital_lib_category_book (digital_lib_book_fk, digital_lib_category_fk) values (371,26);
insert into digital_lib_book (digital_lib_book_id, title, description, issue_year) values (372,'Open-Ended Video Games: A Model for Developing Learning for the Interactive Age','As educational games leave the realm of abstraction and become a reality, the field needs to move beyond rhetoric and toward grounded examples not just of good educational games, but effective game-based learning environments that leverage the critical aspects of the medium as they apply to the needs of a twenty-first-century educational system. This book examines the topic in greater detail.',2009);
insert into digital_lib_book_author (digital_lib_book_fk, digital_lib_author_fk) values (372,410);
insert into digital_lib_book_tag (digital_lib_book_fk, digital_lib_tag_fk) values (372,1128);
insert into digital_lib_book_tag (digital_lib_book_fk, digital_lib_tag_fk) values (372,1679);
insert into digital_lib_book_tag (digital_lib_book_fk, digital_lib_tag_fk) values (372,1502);
insert into digital_lib_book_tag (digital_lib_book_fk, digital_lib_tag_fk) values (372,1579);
insert into digital_lib_book_tag (digital_lib_book_fk, digital_lib_tag_fk) values (372,561);
insert into digital_lib_book_publisher (digital_lib_book_fk, digital_lib_publisher_fk) values (372,197);
insert into digital_lib_category_book (digital_lib_book_fk, digital_lib_category_fk) values (372,5);
insert into digital_lib_category_book (digital_lib_book_fk, digital_lib_category_fk) values (372,26);
insert into digital_lib_book (digital_lib_book_id, title, description, issue_year) values (373,'Open Graphics Programming Manual CX700/VX700 Series Part I: Graphics Core/ 2D','The Open Graphics Project (OGP) is aimed at designing free / open architecture hardware and graphics card standards primarily targeting free software operating systems. The project will first carry out programmable development and prototype cards, but aims to eventually produce a full-featured and competitive end-user graphics card.',2009);
insert into digital_lib_book_author (digital_lib_book_fk, digital_lib_author_fk) values (373,325);
insert into digital_lib_book_tag (digital_lib_book_fk, digital_lib_tag_fk) values (373,1211);
insert into digital_lib_book_tag (digital_lib_book_fk, digital_lib_tag_fk) values (373,64);
insert into digital_lib_book_tag (digital_lib_book_fk, digital_lib_tag_fk) values (373,2367);
insert into digital_lib_book_tag (digital_lib_book_fk, digital_lib_tag_fk) values (373,1994);
insert into digital_lib_book_tag (digital_lib_book_fk, digital_lib_tag_fk) values (373,2350);
insert into digital_lib_book_tag (digital_lib_book_fk, digital_lib_tag_fk) values (373,2076);
insert into digital_lib_book_tag (digital_lib_book_fk, digital_lib_tag_fk) values (373,561);
insert into digital_lib_book_tag (digital_lib_book_fk, digital_lib_tag_fk) values (373,1005);
insert into digital_lib_book_tag (digital_lib_book_fk, digital_lib_tag_fk) values (373,2259);
insert into digital_lib_book_tag (digital_lib_book_fk, digital_lib_tag_fk) values (373,538);
insert into digital_lib_book_publisher (digital_lib_book_fk, digital_lib_publisher_fk) values (373,207);
insert into digital_lib_category_book (digital_lib_book_fk, digital_lib_category_fk) values (373,5);
insert into digital_lib_category_book (digital_lib_book_fk, digital_lib_category_fk) values (373,26);
insert into digital_lib_book (digital_lib_book_id, title, description, issue_year) values (374,'More than a game','This book considers the computer game as a new and emerging mode of contemporary storytelling. This is a work for both the student of contemporary culture and those game-players who are interested in how computer games tell their stories.',2003);
insert into digital_lib_book_author (digital_lib_book_fk, digital_lib_author_fk) values (374,307);
insert into digital_lib_book_tag (digital_lib_book_fk, digital_lib_tag_fk) values (374,1691);
insert into digital_lib_book_tag (digital_lib_book_fk, digital_lib_tag_fk) values (374,98);
insert into digital_lib_book_tag (digital_lib_book_fk, digital_lib_tag_fk) values (374,561);
insert into digital_lib_book_tag (digital_lib_book_fk, digital_lib_tag_fk) values (374,2075);
insert into digital_lib_book_publisher (digital_lib_book_fk, digital_lib_publisher_fk) values (374,29);
insert into digital_lib_category_book (digital_lib_book_fk, digital_lib_category_fk) values (374,5);
insert into digital_lib_category_book (digital_lib_book_fk, digital_lib_category_fk) values (374,26);
insert into digital_lib_book (digital_lib_book_id, title, description, issue_year) values (375,'Missions for Thoughtful Gamers','. Missions for Thoughtful Gamers presents a sequence of 40 challenges, ranging from thought experiments to design exercises, each one inviting players to become more creatively curious and self-aware.',2011);
insert into digital_lib_book_author (digital_lib_book_fk, digital_lib_author_fk) values (375,173);
insert into digital_lib_book_tag (digital_lib_book_fk, digital_lib_tag_fk) values (375,2075);
insert into digital_lib_book_tag (digital_lib_book_fk, digital_lib_tag_fk) values (375,1661);
insert into digital_lib_book_tag (digital_lib_book_fk, digital_lib_tag_fk) values (375,1052);
insert into digital_lib_book_tag (digital_lib_book_fk, digital_lib_tag_fk) values (375,1128);
insert into digital_lib_book_tag (digital_lib_book_fk, digital_lib_tag_fk) values (375,155);
insert into digital_lib_book_tag (digital_lib_book_fk, digital_lib_tag_fk) values (375,2459);
insert into digital_lib_book_publisher (digital_lib_book_fk, digital_lib_publisher_fk) values (375,18);
insert into digital_lib_category_book (digital_lib_book_fk, digital_lib_category_fk) values (375,5);
insert into digital_lib_category_book (digital_lib_book_fk, digital_lib_category_fk) values (375,26);
insert into digital_lib_book (digital_lib_book_id, title, description, issue_year) values (376,'Mathematical Applications for Game Development','Mathematical Applications for Game Development presents applications of mathematics and science in game and simulation programming. Includes the utilization of matrix and vector operations, kinematics, and Newtonian principles in games and simulations. Also covers code optimization.',2013);
insert into digital_lib_book_author (digital_lib_book_fk, digital_lib_author_fk) values (376,186);
insert into digital_lib_book_tag (digital_lib_book_fk, digital_lib_tag_fk) values (376,2350);
insert into digital_lib_book_tag (digital_lib_book_fk, digital_lib_tag_fk) values (376,1933);
insert into digital_lib_book_tag (digital_lib_book_fk, digital_lib_tag_fk) values (376,2349);
insert into digital_lib_book_tag (digital_lib_book_fk, digital_lib_tag_fk) values (376,1819);
insert into digital_lib_book_tag (digital_lib_book_fk, digital_lib_tag_fk) values (376,2262);
insert into digital_lib_book_tag (digital_lib_book_fk, digital_lib_tag_fk) values (376,765);
insert into digital_lib_book_tag (digital_lib_book_fk, digital_lib_tag_fk) values (376,2079);
insert into digital_lib_book_tag (digital_lib_book_fk, digital_lib_tag_fk) values (376,2076);
insert into digital_lib_book_tag (digital_lib_book_fk, digital_lib_tag_fk) values (376,561);
insert into digital_lib_book_publisher (digital_lib_book_fk, digital_lib_publisher_fk) values (376,122);
insert into digital_lib_category_book (digital_lib_book_fk, digital_lib_category_fk) values (376,5);
insert into digital_lib_category_book (digital_lib_book_fk, digital_lib_category_fk) values (376,26);
insert into digital_lib_book (digital_lib_book_id, title, description, issue_year) values (377,'Empowerment, Feedback, Gamification: Once Upon a Time in Retail','Logotel presents this Magazine as an opportunity to reflect on the meaning of the new collaborative experiences that the retail world of the future can build for and with its customers.',2012);
insert into digital_lib_book_author (digital_lib_book_fk, digital_lib_author_fk) values (377,325);
insert into digital_lib_book_tag (digital_lib_book_fk, digital_lib_tag_fk) values (377,561);
insert into digital_lib_book_tag (digital_lib_book_fk, digital_lib_tag_fk) values (377,2076);
insert into digital_lib_book_tag (digital_lib_book_fk, digital_lib_tag_fk) values (377,1873);
insert into digital_lib_book_tag (digital_lib_book_fk, digital_lib_tag_fk) values (377,2075);
insert into digital_lib_book_tag (digital_lib_book_fk, digital_lib_tag_fk) values (377,2459);
insert into digital_lib_book_publisher (digital_lib_book_fk, digital_lib_publisher_fk) values (377,30);
insert into digital_lib_category_book (digital_lib_book_fk, digital_lib_category_fk) values (377,5);
insert into digital_lib_category_book (digital_lib_book_fk, digital_lib_category_fk) values (377,26);
insert into digital_lib_book (digital_lib_book_id, title, description, issue_year) values (378,'Making Games with Python & Pygame','This book will show you how to create and manage graphics using SDL libraries and Pygame. The manual assumes that the reader already has a prior knowledge of the Python language, or programming in general.',2012);
insert into digital_lib_book_author (digital_lib_book_fk, digital_lib_author_fk) values (378,215);
insert into digital_lib_book_tag (digital_lib_book_fk, digital_lib_tag_fk) values (378,1839);
insert into digital_lib_book_tag (digital_lib_book_fk, digital_lib_tag_fk) values (378,561);
insert into digital_lib_book_tag (digital_lib_book_fk, digital_lib_tag_fk) values (378,1873);
insert into digital_lib_book_publisher (digital_lib_book_fk, digital_lib_publisher_fk) values (378,258);
insert into digital_lib_category_book (digital_lib_book_fk, digital_lib_category_fk) values (378,5);
insert into digital_lib_category_book (digital_lib_book_fk, digital_lib_category_fk) values (378,26);
insert into digital_lib_book (digital_lib_book_id, title, description, issue_year) values (379,'Ludoliteracy: defining, understanding, and supporting games education','Games and education have been linked for a long time now. This book discusses the topic further, providing additional information.',2010);
insert into digital_lib_book_author (digital_lib_book_fk, digital_lib_author_fk) values (379,441);
insert into digital_lib_book_tag (digital_lib_book_fk, digital_lib_tag_fk) values (379,1128);
insert into digital_lib_book_tag (digital_lib_book_fk, digital_lib_tag_fk) values (379,1502);
insert into digital_lib_book_tag (digital_lib_book_fk, digital_lib_tag_fk) values (379,561);
insert into digital_lib_book_tag (digital_lib_book_fk, digital_lib_tag_fk) values (379,328);
insert into digital_lib_book_tag (digital_lib_book_fk, digital_lib_tag_fk) values (379,1782);
insert into digital_lib_book_tag (digital_lib_book_fk, digital_lib_tag_fk) values (379,2005);
insert into digital_lib_book_tag (digital_lib_book_fk, digital_lib_tag_fk) values (379,1502);
insert into digital_lib_book_publisher (digital_lib_book_fk, digital_lib_publisher_fk) values (379,18);
insert into digital_lib_category_book (digital_lib_book_fk, digital_lib_category_fk) values (379,5);
insert into digital_lib_category_book (digital_lib_book_fk, digital_lib_category_fk) values (379,26);
insert into digital_lib_book (digital_lib_book_id, title, description, issue_year) values (380,'Level up Learning: A national survey on teaching with digital games','The book deals with the relationship between teaching and games. It emphasises that a majority of teachers are using digital games in their classrooms, and games are increasingly played on mobile devices that travel with their students. In sheer numbers of teachers and students using games of all types, the “games movement” is now mainstream, achieving the Holy Grail of educational innovation: getting to scale.',2014);
insert into digital_lib_book_author (digital_lib_book_fk, digital_lib_author_fk) values (380,834);
insert into digital_lib_book_author (digital_lib_book_fk, digital_lib_author_fk) values (380,1074);
insert into digital_lib_book_tag (digital_lib_book_fk, digital_lib_tag_fk) values (380,385);
insert into digital_lib_book_tag (digital_lib_book_fk, digital_lib_tag_fk) values (380,1128);
insert into digital_lib_book_tag (digital_lib_book_fk, digital_lib_tag_fk) values (380,1502);
insert into digital_lib_book_tag (digital_lib_book_fk, digital_lib_tag_fk) values (380,1579);
insert into digital_lib_book_tag (digital_lib_book_fk, digital_lib_tag_fk) values (380,561);
insert into digital_lib_book_publisher (digital_lib_book_fk, digital_lib_publisher_fk) values (380,103);
insert into digital_lib_book_publisher (digital_lib_book_fk, digital_lib_publisher_fk) values (380,93);
insert into digital_lib_category_book (digital_lib_book_fk, digital_lib_category_fk) values (380,5);
insert into digital_lib_category_book (digital_lib_book_fk, digital_lib_category_fk) values (380,26);
insert into digital_lib_book (digital_lib_book_id, title, description, issue_year) values (381,'Learning, Education and Games','Is there even a connection between games and learning? The author of the book believes so. She argues that essential skills—from math facts acquisition to vocabulary building to civic literacy—could be taught through games, if the games were properly designed. The potential for teaching complex thinking skills—such as creativity and innovation, ethical thinking, design and problem solving, systems thinking, and computational understanding—also seem to be suggested by burgeoning research.',2014);
insert into digital_lib_book_author (digital_lib_book_fk, digital_lib_author_fk) values (381,822);
insert into digital_lib_book_tag (digital_lib_book_fk, digital_lib_tag_fk) values (381,385);
insert into digital_lib_book_tag (digital_lib_book_fk, digital_lib_tag_fk) values (381,1128);
insert into digital_lib_book_tag (digital_lib_book_fk, digital_lib_tag_fk) values (381,1502);
insert into digital_lib_book_tag (digital_lib_book_fk, digital_lib_tag_fk) values (381,1579);
insert into digital_lib_book_tag (digital_lib_book_fk, digital_lib_tag_fk) values (381,561);
insert into digital_lib_book_publisher (digital_lib_book_fk, digital_lib_publisher_fk) values (381,18);
insert into digital_lib_category_book (digital_lib_book_fk, digital_lib_category_fk) values (381,5);
insert into digital_lib_category_book (digital_lib_book_fk, digital_lib_category_fk) values (381,26);
insert into digital_lib_book (digital_lib_book_id, title, description, issue_year) values (382,'It´s Behind You: the making of a computer game','There are 136 pages of succulent information on how the process of making a game was taking place, the material used and discarded, the own anecdotes that occurred during that time between the participants of the same and much more.',2013);
insert into digital_lib_book_author (digital_lib_book_fk, digital_lib_author_fk) values (382,91);
insert into digital_lib_book_tag (digital_lib_book_fk, digital_lib_tag_fk) values (382,1170);
insert into digital_lib_book_tag (digital_lib_book_fk, digital_lib_tag_fk) values (382,385);
insert into digital_lib_book_tag (digital_lib_book_fk, digital_lib_tag_fk) values (382,1016);
insert into digital_lib_book_tag (digital_lib_book_fk, digital_lib_tag_fk) values (382,1271);
insert into digital_lib_book_tag (digital_lib_book_fk, digital_lib_tag_fk) values (382,561);
insert into digital_lib_book_tag (digital_lib_book_fk, digital_lib_tag_fk) values (382,385);
insert into digital_lib_book_tag (digital_lib_book_fk, digital_lib_tag_fk) values (382,1181);
insert into digital_lib_book_publisher (digital_lib_book_fk, digital_lib_publisher_fk) values (382,258);
insert into digital_lib_category_book (digital_lib_book_fk, digital_lib_category_fk) values (382,5);
insert into digital_lib_category_book (digital_lib_book_fk, digital_lib_category_fk) values (382,26);
insert into digital_lib_book (digital_lib_book_id, title, description, issue_year) values (383,'Invent Your Own Computer Games with Python A Beginner\`s guide to computer programming in Python 2nd edition','"Invent your own computer games with Python" is a book that aims to teach programming in the Python language through video games. Each chapter contains the complete source code for a new game, followed by teaching programming concepts with examples.',2010);
insert into digital_lib_book_author (digital_lib_book_fk, digital_lib_author_fk) values (383,215);
insert into digital_lib_book_tag (digital_lib_book_fk, digital_lib_tag_fk) values (383,561);
insert into digital_lib_book_tag (digital_lib_book_fk, digital_lib_tag_fk) values (383,328);
insert into digital_lib_book_tag (digital_lib_book_fk, digital_lib_tag_fk) values (383,385);
insert into digital_lib_book_tag (digital_lib_book_fk, digital_lib_tag_fk) values (383,1718);
insert into digital_lib_book_tag (digital_lib_book_fk, digital_lib_tag_fk) values (383,2076);
insert into digital_lib_book_publisher (digital_lib_book_fk, digital_lib_publisher_fk) values (383,258);
insert into digital_lib_category_book (digital_lib_book_fk, digital_lib_category_fk) values (383,5);
insert into digital_lib_category_book (digital_lib_book_fk, digital_lib_category_fk) values (383,26);
insert into digital_lib_book (digital_lib_book_id, title, description, issue_year) values (384,'How to Make Video Games','With this manual, you will get the knowledge you need to shape your idea, from designing on paper to using advanced tools that make it possible.',2007);
insert into digital_lib_book_author (digital_lib_book_fk, digital_lib_author_fk) values (384,325);
insert into digital_lib_book_tag (digital_lib_book_fk, digital_lib_tag_fk) values (384,2048);
insert into digital_lib_book_tag (digital_lib_book_fk, digital_lib_tag_fk) values (384,1839);
insert into digital_lib_book_tag (digital_lib_book_fk, digital_lib_tag_fk) values (384,561);
insert into digital_lib_book_tag (digital_lib_book_fk, digital_lib_tag_fk) values (384,1211);
insert into digital_lib_book_tag (digital_lib_book_fk, digital_lib_tag_fk) values (384,2350);
insert into digital_lib_book_tag (digital_lib_book_fk, digital_lib_tag_fk) values (384,967);
insert into digital_lib_book_tag (digital_lib_book_fk, digital_lib_tag_fk) values (384,1111);
insert into digital_lib_book_publisher (digital_lib_book_fk, digital_lib_publisher_fk) values (384,224);
insert into digital_lib_category_book (digital_lib_book_fk, digital_lib_category_fk) values (384,5);
insert into digital_lib_category_book (digital_lib_book_fk, digital_lib_category_fk) values (384,26);
insert into digital_lib_book (digital_lib_book_id, title, description, issue_year) values (385,'Agile Process in Software Engineering','This book represents collected paper from the conference on Agile Process in Software Engineering.',2017);
insert into digital_lib_book_author (digital_lib_book_fk, digital_lib_author_fk) values (385,767);
insert into digital_lib_book_author (digital_lib_book_fk, digital_lib_author_fk) values (385,886);
insert into digital_lib_book_author (digital_lib_book_fk, digital_lib_author_fk) values (385,648);
insert into digital_lib_book_tag (digital_lib_book_fk, digital_lib_tag_fk) values (385,902);
insert into digital_lib_book_tag (digital_lib_book_fk, digital_lib_tag_fk) values (385,746);
insert into digital_lib_book_tag (digital_lib_book_fk, digital_lib_tag_fk) values (385,1088);
insert into digital_lib_book_tag (digital_lib_book_fk, digital_lib_tag_fk) values (385,1225);
insert into digital_lib_book_tag (digital_lib_book_fk, digital_lib_tag_fk) values (385,1541);
insert into digital_lib_book_tag (digital_lib_book_fk, digital_lib_tag_fk) values (385,2442);
insert into digital_lib_book_tag (digital_lib_book_fk, digital_lib_tag_fk) values (385,1490);
insert into digital_lib_book_tag (digital_lib_book_fk, digital_lib_tag_fk) values (385,2088);
insert into digital_lib_book_publisher (digital_lib_book_fk, digital_lib_publisher_fk) values (385,14);
insert into digital_lib_book_publisher (digital_lib_book_fk, digital_lib_publisher_fk) values (385,148);
insert into digital_lib_book_publisher (digital_lib_book_fk, digital_lib_publisher_fk) values (385,145);
insert into digital_lib_category_book (digital_lib_book_fk, digital_lib_category_fk) values (385,6);
insert into digital_lib_category_book (digital_lib_book_fk, digital_lib_category_fk) values (385,43);
insert into digital_lib_book (digital_lib_book_id, title, description, issue_year) values (386,'Essential Skills for Agile Development','This publication "Essential Skills for Agile Development" reflects the many years of experiences of Tong Ka Iok in software development and training. It is an effective way to learn to apply the skills in Agile Development and is an indispensable book for software development in general.',2004);
insert into digital_lib_book_author (digital_lib_book_fk, digital_lib_author_fk) values (386,629);
insert into digital_lib_book_tag (digital_lib_book_fk, digital_lib_tag_fk) values (386,901);
insert into digital_lib_book_tag (digital_lib_book_fk, digital_lib_tag_fk) values (386,2079);
insert into digital_lib_book_tag (digital_lib_book_fk, digital_lib_tag_fk) values (386,2076);
insert into digital_lib_book_tag (digital_lib_book_fk, digital_lib_tag_fk) values (386,1581);
insert into digital_lib_book_tag (digital_lib_book_fk, digital_lib_tag_fk) values (386,119);
insert into digital_lib_book_publisher (digital_lib_book_fk, digital_lib_publisher_fk) values (386,216);
insert into digital_lib_book_publisher (digital_lib_book_fk, digital_lib_publisher_fk) values (386,82);
insert into digital_lib_category_book (digital_lib_book_fk, digital_lib_category_fk) values (386,6);
insert into digital_lib_category_book (digital_lib_book_fk, digital_lib_category_fk) values (386,43);
insert into digital_lib_book (digital_lib_book_id, title, description, issue_year) values (387,'Introductory Time Series with R','The book is written for undergraduate students of mathematics, economics, business and finance, geography, engineering and related disciplines, and postgraduate students who may need to analyse time series as part of their taught programme or their research.',2009);
insert into digital_lib_book_author (digital_lib_book_fk, digital_lib_author_fk) values (387,81);
insert into digital_lib_book_author (digital_lib_book_fk, digital_lib_author_fk) values (387,1049);
insert into digital_lib_book_tag (digital_lib_book_fk, digital_lib_tag_fk) values (387,1075);
insert into digital_lib_book_tag (digital_lib_book_fk, digital_lib_tag_fk) values (387,886);
insert into digital_lib_book_publisher (digital_lib_book_fk, digital_lib_publisher_fk) values (387,14);
insert into digital_lib_book_publisher (digital_lib_book_fk, digital_lib_publisher_fk) values (387,114);
insert into digital_lib_book_publisher (digital_lib_book_fk, digital_lib_publisher_fk) values (387,113);
insert into digital_lib_category_book (digital_lib_book_fk, digital_lib_category_fk) values (387,6);
insert into digital_lib_category_book (digital_lib_book_fk, digital_lib_category_fk) values (387,22);
insert into digital_lib_book (digital_lib_book_id, title, description, issue_year) values (388,'Bisociative Knowledge Discovery An Introduction to Concept, Algorithms, Tools, and Applications','The focus of this book, and the BISON project from which the contributions originate, is a network-based integration of various types of data repositories and the development of new ways to analyse and explore the resulting gigantic information networks.',2012);
insert into digital_lib_book_author (digital_lib_book_fk, digital_lib_author_fk) values (388,334);
insert into digital_lib_book_tag (digital_lib_book_fk, digital_lib_tag_fk) values (388,563);
insert into digital_lib_book_tag (digital_lib_book_fk, digital_lib_tag_fk) values (388,2028);
insert into digital_lib_book_tag (digital_lib_book_fk, digital_lib_tag_fk) values (388,1310);
insert into digital_lib_book_tag (digital_lib_book_fk, digital_lib_tag_fk) values (388,2162);
insert into digital_lib_book_tag (digital_lib_book_fk, digital_lib_tag_fk) values (388,1352);
insert into digital_lib_book_publisher (digital_lib_book_fk, digital_lib_publisher_fk) values (388,14);
insert into digital_lib_book_publisher (digital_lib_book_fk, digital_lib_publisher_fk) values (388,148);
insert into digital_lib_book_publisher (digital_lib_book_fk, digital_lib_publisher_fk) values (388,145);
insert into digital_lib_category_book (digital_lib_book_fk, digital_lib_category_fk) values (388,6);
insert into digital_lib_category_book (digital_lib_book_fk, digital_lib_category_fk) values (388,22);
insert into digital_lib_book (digital_lib_book_id, title, description, issue_year) values (389,'Data Analysis Statistical and Computational Methods for Scientists and Engineers','The fourth edition of this successful textbook presents a comprehensive introduction to statistical and numerical methods for the evaluation of empirical and experimental data. Equal weight is given to statistical theory and practical problems.',2014);
insert into digital_lib_book_author (digital_lib_book_fk, digital_lib_author_fk) values (389,990);
insert into digital_lib_book_tag (digital_lib_book_fk, digital_lib_tag_fk) values (389,2435);
insert into digital_lib_book_tag (digital_lib_book_fk, digital_lib_tag_fk) values (389,514);
insert into digital_lib_book_tag (digital_lib_book_fk, digital_lib_tag_fk) values (389,1739);
insert into digital_lib_book_tag (digital_lib_book_fk, digital_lib_tag_fk) values (389,2096);
insert into digital_lib_book_tag (digital_lib_book_fk, digital_lib_tag_fk) values (389,1933);
insert into digital_lib_book_tag (digital_lib_book_fk, digital_lib_tag_fk) values (389,1044);
insert into digital_lib_book_tag (digital_lib_book_fk, digital_lib_tag_fk) values (389,1787);
insert into digital_lib_book_tag (digital_lib_book_fk, digital_lib_tag_fk) values (389,84);
insert into digital_lib_book_tag (digital_lib_book_fk, digital_lib_tag_fk) values (389,852);
insert into digital_lib_book_tag (digital_lib_book_fk, digital_lib_tag_fk) values (389,1854);
insert into digital_lib_book_tag (digital_lib_book_fk, digital_lib_tag_fk) values (389,1198);
insert into digital_lib_book_tag (digital_lib_book_fk, digital_lib_tag_fk) values (389,807);
insert into digital_lib_book_tag (digital_lib_book_fk, digital_lib_tag_fk) values (389,2033);
insert into digital_lib_book_tag (digital_lib_book_fk, digital_lib_tag_fk) values (389,737);
insert into digital_lib_book_tag (digital_lib_book_fk, digital_lib_tag_fk) values (389,1861);
insert into digital_lib_book_tag (digital_lib_book_fk, digital_lib_tag_fk) values (389,1755);
insert into digital_lib_book_tag (digital_lib_book_fk, digital_lib_tag_fk) values (389,739);
insert into digital_lib_book_tag (digital_lib_book_fk, digital_lib_tag_fk) values (389,510);
insert into digital_lib_book_tag (digital_lib_book_fk, digital_lib_tag_fk) values (389,1356);
insert into digital_lib_book_tag (digital_lib_book_fk, digital_lib_tag_fk) values (389,1578);
insert into digital_lib_book_tag (digital_lib_book_fk, digital_lib_tag_fk) values (389,1986);
insert into digital_lib_book_publisher (digital_lib_book_fk, digital_lib_publisher_fk) values (389,14);
insert into digital_lib_book_publisher (digital_lib_book_fk, digital_lib_publisher_fk) values (389,2);
insert into digital_lib_category_book (digital_lib_book_fk, digital_lib_category_fk) values (389,6);
insert into digital_lib_category_book (digital_lib_book_fk, digital_lib_category_fk) values (389,22);
insert into digital_lib_book (digital_lib_book_id, title, description, issue_year) values (390,'Search Methodologies Introductory Tutorials in Optimization and Decision Support Techniques','The book provides useful guidelines for implementing the methods and frameworks described and offers valuable tutorials to students and researchers in the field.',2014);
insert into digital_lib_book_author (digital_lib_book_fk, digital_lib_author_fk) values (390,941);
insert into digital_lib_book_author (digital_lib_book_fk, digital_lib_author_fk) values (390,1103);
insert into digital_lib_book_tag (digital_lib_book_fk, digital_lib_tag_fk) values (390,1405);
insert into digital_lib_book_tag (digital_lib_book_fk, digital_lib_tag_fk) values (390,1505);
insert into digital_lib_book_tag (digital_lib_book_fk, digital_lib_tag_fk) values (390,286);
insert into digital_lib_book_tag (digital_lib_book_fk, digital_lib_tag_fk) values (390,26);
insert into digital_lib_book_tag (digital_lib_book_fk, digital_lib_tag_fk) values (390,21);
insert into digital_lib_book_tag (digital_lib_book_fk, digital_lib_tag_fk) values (390,950);
insert into digital_lib_book_tag (digital_lib_book_fk, digital_lib_tag_fk) values (390,632);
insert into digital_lib_book_publisher (digital_lib_book_fk, digital_lib_publisher_fk) values (390,14);
insert into digital_lib_book_publisher (digital_lib_book_fk, digital_lib_publisher_fk) values (390,202);
insert into digital_lib_book_publisher (digital_lib_book_fk, digital_lib_publisher_fk) values (390,97);
insert into digital_lib_category_book (digital_lib_book_fk, digital_lib_category_fk) values (390,6);
insert into digital_lib_category_book (digital_lib_book_fk, digital_lib_category_fk) values (390,22);
insert into digital_lib_book (digital_lib_book_id, title, description, issue_year) values (391,'The Python Workbook A Brief Introduction with Exercises and Solutions','Designed to support and encourage hands-on learning about programming, this student-friendly work contains 174 exercises, spanning a variety of academic disciplines and everyday situations.',2014);
insert into digital_lib_book_author (digital_lib_book_fk, digital_lib_author_fk) values (391,1080);
insert into digital_lib_book_tag (digital_lib_book_fk, digital_lib_tag_fk) values (391,2151);
insert into digital_lib_book_tag (digital_lib_book_fk, digital_lib_tag_fk) values (391,1964);
insert into digital_lib_book_tag (digital_lib_book_fk, digital_lib_tag_fk) values (391,2410);
insert into digital_lib_book_tag (digital_lib_book_fk, digital_lib_tag_fk) values (391,1229);
insert into digital_lib_book_tag (digital_lib_book_fk, digital_lib_tag_fk) values (391,48);
insert into digital_lib_book_publisher (digital_lib_book_fk, digital_lib_publisher_fk) values (391,14);
insert into digital_lib_book_publisher (digital_lib_book_fk, digital_lib_publisher_fk) values (391,2);
insert into digital_lib_category_book (digital_lib_book_fk, digital_lib_category_fk) values (391,6);
insert into digital_lib_category_book (digital_lib_book_fk, digital_lib_category_fk) values (391,22);
insert into digital_lib_book (digital_lib_book_id, title, description, issue_year) values (392,'Data Mining The Textbook','This textbook explores the different aspects of data mining from the fundamentals to the complex data types and their applications, capturing the wide diversity of problem domains for data mining issues.',2015);
insert into digital_lib_book_author (digital_lib_book_fk, digital_lib_author_fk) values (392,285);
insert into digital_lib_book_tag (digital_lib_book_fk, digital_lib_tag_fk) values (392,667);
insert into digital_lib_book_tag (digital_lib_book_fk, digital_lib_tag_fk) values (392,831);
insert into digital_lib_book_tag (digital_lib_book_fk, digital_lib_tag_fk) values (392,74);
insert into digital_lib_book_tag (digital_lib_book_fk, digital_lib_tag_fk) values (392,1077);
insert into digital_lib_book_tag (digital_lib_book_fk, digital_lib_tag_fk) values (392,2400);
insert into digital_lib_book_tag (digital_lib_book_fk, digital_lib_tag_fk) values (392,1915);
insert into digital_lib_book_tag (digital_lib_book_fk, digital_lib_tag_fk) values (392,392);
insert into digital_lib_book_tag (digital_lib_book_fk, digital_lib_tag_fk) values (392,1795);
insert into digital_lib_book_tag (digital_lib_book_fk, digital_lib_tag_fk) values (392,2385);
insert into digital_lib_book_tag (digital_lib_book_fk, digital_lib_tag_fk) values (392,1956);
insert into digital_lib_book_tag (digital_lib_book_fk, digital_lib_tag_fk) values (392,2291);
insert into digital_lib_book_tag (digital_lib_book_fk, digital_lib_tag_fk) values (392,774);
insert into digital_lib_book_tag (digital_lib_book_fk, digital_lib_tag_fk) values (392,2022);
insert into digital_lib_book_tag (digital_lib_book_fk, digital_lib_tag_fk) values (392,947);
insert into digital_lib_book_tag (digital_lib_book_fk, digital_lib_tag_fk) values (392,2339);
insert into digital_lib_book_tag (digital_lib_book_fk, digital_lib_tag_fk) values (392,494);
insert into digital_lib_book_publisher (digital_lib_book_fk, digital_lib_publisher_fk) values (392,14);
insert into digital_lib_book_publisher (digital_lib_book_fk, digital_lib_publisher_fk) values (392,2);
insert into digital_lib_category_book (digital_lib_book_fk, digital_lib_category_fk) values (392,6);
insert into digital_lib_category_book (digital_lib_book_fk, digital_lib_category_fk) values (392,22);
insert into digital_lib_book (digital_lib_book_id, title, description, issue_year) values (393,'Data Structures and Algorithms with Python','This clearly structured and easy to read textbook explains the concepts and techniques required to write programs that can handle large amounts of data efficiently.',2015);
insert into digital_lib_book_author (digital_lib_book_fk, digital_lib_author_fk) values (393,246);
insert into digital_lib_book_author (digital_lib_book_fk, digital_lib_author_fk) values (393,52);
insert into digital_lib_book_tag (digital_lib_book_fk, digital_lib_tag_fk) values (393,1405);
insert into digital_lib_book_tag (digital_lib_book_fk, digital_lib_tag_fk) values (393,2461);
insert into digital_lib_book_tag (digital_lib_book_fk, digital_lib_tag_fk) values (393,1909);
insert into digital_lib_book_tag (digital_lib_book_fk, digital_lib_tag_fk) values (393,2410);
insert into digital_lib_book_tag (digital_lib_book_fk, digital_lib_tag_fk) values (393,2054);
insert into digital_lib_book_tag (digital_lib_book_fk, digital_lib_tag_fk) values (393,711);
insert into digital_lib_book_tag (digital_lib_book_fk, digital_lib_tag_fk) values (393,90);
insert into digital_lib_book_publisher (digital_lib_book_fk, digital_lib_publisher_fk) values (393,14);
insert into digital_lib_book_publisher (digital_lib_book_fk, digital_lib_publisher_fk) values (393,2);
insert into digital_lib_category_book (digital_lib_book_fk, digital_lib_category_fk) values (393,6);
insert into digital_lib_category_book (digital_lib_book_fk, digital_lib_category_fk) values (393,22);
insert into digital_lib_book (digital_lib_book_id, title, description, issue_year) values (394,'Efficient Learning Machines Theories, Concepts, and Applications for Engineers and System Designers','Efficient Learning Machines explores the major topics of machine learning, including knowledge discovery, classifications, genetic algorithms, neural networking, kernel methods, and biologically-inspired techniques.',2015);
insert into digital_lib_book_author (digital_lib_book_fk, digital_lib_author_fk) values (394,477);
insert into digital_lib_book_author (digital_lib_book_fk, digital_lib_author_fk) values (394,651);
insert into digital_lib_book_tag (digital_lib_book_fk, digital_lib_tag_fk) values (394,735);
insert into digital_lib_book_tag (digital_lib_book_fk, digital_lib_tag_fk) values (394,1823);
insert into digital_lib_book_tag (digital_lib_book_fk, digital_lib_tag_fk) values (394,1613);
insert into digital_lib_book_tag (digital_lib_book_fk, digital_lib_tag_fk) values (394,910);
insert into digital_lib_book_tag (digital_lib_book_fk, digital_lib_tag_fk) values (394,976);
insert into digital_lib_book_tag (digital_lib_book_fk, digital_lib_tag_fk) values (394,1962);
insert into digital_lib_book_publisher (digital_lib_book_fk, digital_lib_publisher_fk) values (394,19);
insert into digital_lib_book_publisher (digital_lib_book_fk, digital_lib_publisher_fk) values (394,1);
insert into digital_lib_book_publisher (digital_lib_book_fk, digital_lib_publisher_fk) values (394,189);
insert into digital_lib_category_book (digital_lib_book_fk, digital_lib_category_fk) values (394,6);
insert into digital_lib_category_book (digital_lib_book_fk, digital_lib_category_fk) values (394,22);
insert into digital_lib_book (digital_lib_book_id, title, description, issue_year) values (395,'Machine Learning in Medicine A complete overview','Modern computer data files often involve hundreds of variables like genes and other laboratory values, and computationally intensive methods are required. This book was written as a hand-hold presentation accessible to clinicians, and as a must-read publication for those new to the methods.',2013);
insert into digital_lib_book_author (digital_lib_book_fk, digital_lib_author_fk) values (395,224);
insert into digital_lib_book_author (digital_lib_book_fk, digital_lib_author_fk) values (395,218);
insert into digital_lib_book_tag (digital_lib_book_fk, digital_lib_tag_fk) values (395,1219);
insert into digital_lib_book_tag (digital_lib_book_fk, digital_lib_tag_fk) values (395,1891);
insert into digital_lib_book_tag (digital_lib_book_fk, digital_lib_tag_fk) values (395,1062);
insert into digital_lib_book_tag (digital_lib_book_fk, digital_lib_tag_fk) values (395,29);
insert into digital_lib_book_tag (digital_lib_book_fk, digital_lib_tag_fk) values (395,1823);
insert into digital_lib_book_tag (digital_lib_book_fk, digital_lib_tag_fk) values (395,1200);
insert into digital_lib_book_publisher (digital_lib_book_fk, digital_lib_publisher_fk) values (395,14);
insert into digital_lib_book_publisher (digital_lib_book_fk, digital_lib_publisher_fk) values (395,77);
insert into digital_lib_category_book (digital_lib_book_fk, digital_lib_category_fk) values (395,6);
insert into digital_lib_category_book (digital_lib_book_fk, digital_lib_category_fk) values (395,22);
insert into digital_lib_book (digital_lib_book_id, title, description, issue_year) values (396,'Moral Reasoning at Work: Rethinking Ethics in Organizations','Moral Reasoning at Work offers a fresh perspective on how to live with them using ethics and moral psychology research.',2015);
insert into digital_lib_book_author (digital_lib_book_fk, digital_lib_author_fk) values (396,1016);
insert into digital_lib_book_tag (digital_lib_book_fk, digital_lib_tag_fk) values (396,943);
insert into digital_lib_book_tag (digital_lib_book_fk, digital_lib_tag_fk) values (396,961);
insert into digital_lib_book_tag (digital_lib_book_fk, digital_lib_tag_fk) values (396,1112);
insert into digital_lib_book_tag (digital_lib_book_fk, digital_lib_tag_fk) values (396,390);
insert into digital_lib_book_tag (digital_lib_book_fk, digital_lib_tag_fk) values (396,1683);
insert into digital_lib_book_publisher (digital_lib_book_fk, digital_lib_publisher_fk) values (396,109);
insert into digital_lib_book_publisher (digital_lib_book_fk, digital_lib_publisher_fk) values (396,190);
insert into digital_lib_category_book (digital_lib_book_fk, digital_lib_category_fk) values (396,6);
insert into digital_lib_category_book (digital_lib_book_fk, digital_lib_category_fk) values (396,22);
insert into digital_lib_book (digital_lib_book_id, title, description, issue_year) values (397,'Clinical Data Analysis on a Pocket Calculator Understanding the Scientific Methods of Statistical Reasoning and Hypothesis Testing','The current book is helpful for implementation of the scientific method in the daily life of medical and health care workers.',2016);
insert into digital_lib_book_author (digital_lib_book_fk, digital_lib_author_fk) values (397,224);
insert into digital_lib_book_author (digital_lib_book_fk, digital_lib_author_fk) values (397,218);
insert into digital_lib_book_tag (digital_lib_book_fk, digital_lib_tag_fk) values (397,712);
insert into digital_lib_book_tag (digital_lib_book_fk, digital_lib_tag_fk) values (397,240);
insert into digital_lib_book_tag (digital_lib_book_fk, digital_lib_tag_fk) values (397,279);
insert into digital_lib_book_tag (digital_lib_book_fk, digital_lib_tag_fk) values (397,1051);
insert into digital_lib_book_tag (digital_lib_book_fk, digital_lib_tag_fk) values (397,1506);
insert into digital_lib_book_tag (digital_lib_book_fk, digital_lib_tag_fk) values (397,1098);
insert into digital_lib_book_tag (digital_lib_book_fk, digital_lib_tag_fk) values (397,1200);
insert into digital_lib_book_publisher (digital_lib_book_fk, digital_lib_publisher_fk) values (397,14);
insert into digital_lib_book_publisher (digital_lib_book_fk, digital_lib_publisher_fk) values (397,2);
insert into digital_lib_category_book (digital_lib_book_fk, digital_lib_category_fk) values (397,6);
insert into digital_lib_category_book (digital_lib_book_fk, digital_lib_category_fk) values (397,22);
insert into digital_lib_book (digital_lib_book_id, title, description, issue_year) values (398,'Principles of Data Mining','Principles of Data Mining explains and explores the principal techniques of Data Mining: for classification, association rule mining and clustering. This second edition has been expanded to include additional chapters on using frequent pattern trees for Association Rule Mining, comparing classifiers, ensemble classification and dealing with very large volumes of data.',2013);
insert into digital_lib_book_author (digital_lib_book_fk, digital_lib_author_fk) values (398,512);
insert into digital_lib_book_tag (digital_lib_book_fk, digital_lib_tag_fk) values (398,1487);
insert into digital_lib_book_tag (digital_lib_book_fk, digital_lib_tag_fk) values (398,1920);
insert into digital_lib_book_tag (digital_lib_book_fk, digital_lib_tag_fk) values (398,1688);
insert into digital_lib_book_tag (digital_lib_book_fk, digital_lib_tag_fk) values (398,1220);
insert into digital_lib_book_tag (digital_lib_book_fk, digital_lib_tag_fk) values (398,284);
insert into digital_lib_book_tag (digital_lib_book_fk, digital_lib_tag_fk) values (398,1842);
insert into digital_lib_book_tag (digital_lib_book_fk, digital_lib_tag_fk) values (398,854);
insert into digital_lib_book_tag (digital_lib_book_fk, digital_lib_tag_fk) values (398,303);
insert into digital_lib_book_tag (digital_lib_book_fk, digital_lib_tag_fk) values (398,1643);
insert into digital_lib_book_publisher (digital_lib_book_fk, digital_lib_publisher_fk) values (398,14);
insert into digital_lib_book_publisher (digital_lib_book_fk, digital_lib_publisher_fk) values (398,190);
insert into digital_lib_category_book (digital_lib_book_fk, digital_lib_category_fk) values (398,6);
insert into digital_lib_category_book (digital_lib_book_fk, digital_lib_category_fk) values (398,22);
insert into digital_lib_book (digital_lib_book_id, title, description, issue_year) values (399,'Statistical Learning from a Regression Perspective','This textbook considers statistical learning applications when interest centers on the conditional distribution of a response variable, given a set of predictors, and in the absence of a credible model that can be specified before the data analysis begins. The third edition considers significant advances in recent years',2020);
insert into digital_lib_book_author (digital_lib_book_fk, digital_lib_author_fk) values (399,18);
insert into digital_lib_book_tag (digital_lib_book_fk, digital_lib_tag_fk) values (399,1613);
insert into digital_lib_book_tag (digital_lib_book_fk, digital_lib_tag_fk) values (399,1710);
insert into digital_lib_book_tag (digital_lib_book_fk, digital_lib_tag_fk) values (399,1864);
insert into digital_lib_book_tag (digital_lib_book_fk, digital_lib_tag_fk) values (399,1823);
insert into digital_lib_book_tag (digital_lib_book_fk, digital_lib_tag_fk) values (399,829);
insert into digital_lib_book_tag (digital_lib_book_fk, digital_lib_tag_fk) values (399,1905);
insert into digital_lib_book_tag (digital_lib_book_fk, digital_lib_tag_fk) values (399,884);
insert into digital_lib_book_tag (digital_lib_book_fk, digital_lib_tag_fk) values (399,1864);
insert into digital_lib_book_tag (digital_lib_book_fk, digital_lib_tag_fk) values (399,362);
insert into digital_lib_book_tag (digital_lib_book_fk, digital_lib_tag_fk) values (399,1264);
insert into digital_lib_book_publisher (digital_lib_book_fk, digital_lib_publisher_fk) values (399,14);
insert into digital_lib_book_publisher (digital_lib_book_fk, digital_lib_publisher_fk) values (399,2);
insert into digital_lib_category_book (digital_lib_book_fk, digital_lib_category_fk) values (399,6);
insert into digital_lib_category_book (digital_lib_book_fk, digital_lib_category_fk) values (399,22);
insert into digital_lib_book (digital_lib_book_id, title, description, issue_year) values (400,'Stochastic Processes and Calculus An Elementary Introduction with Applications','This textbook gives a comprehensive introduction to stochastic processes and calculus in the fields of finance and economics, more specifically mathematical finance and time series econometrics.',2016);
insert into digital_lib_book_author (digital_lib_book_fk, digital_lib_author_fk) values (400,1156);
insert into digital_lib_book_tag (digital_lib_book_fk, digital_lib_tag_fk) values (400,1553);
insert into digital_lib_book_tag (digital_lib_book_fk, digital_lib_tag_fk) values (400,435);
insert into digital_lib_book_tag (digital_lib_book_fk, digital_lib_tag_fk) values (400,462);
insert into digital_lib_book_tag (digital_lib_book_fk, digital_lib_tag_fk) values (400,2309);
insert into digital_lib_book_tag (digital_lib_book_fk, digital_lib_tag_fk) values (400,1459);
insert into digital_lib_book_tag (digital_lib_book_fk, digital_lib_tag_fk) values (400,151);
insert into digital_lib_book_tag (digital_lib_book_fk, digital_lib_tag_fk) values (400,1057);
insert into digital_lib_book_tag (digital_lib_book_fk, digital_lib_tag_fk) values (400,264);
insert into digital_lib_book_tag (digital_lib_book_fk, digital_lib_tag_fk) values (400,2414);
insert into digital_lib_book_tag (digital_lib_book_fk, digital_lib_tag_fk) values (400,1908);
insert into digital_lib_book_tag (digital_lib_book_fk, digital_lib_tag_fk) values (400,2204);
insert into digital_lib_book_publisher (digital_lib_book_fk, digital_lib_publisher_fk) values (400,14);
insert into digital_lib_book_publisher (digital_lib_book_fk, digital_lib_publisher_fk) values (400,2);
insert into digital_lib_category_book (digital_lib_book_fk, digital_lib_category_fk) values (400,6);
insert into digital_lib_category_book (digital_lib_book_fk, digital_lib_category_fk) values (400,22);
insert into digital_lib_book (digital_lib_book_id, title, description, issue_year) values (401,'An Introduction to Machine Learning','This textbook presents fundamental machine learning concepts in an easy to understand manner by providing practical advice, using straightforward examples, and offering engaging discussions of relevant applications.',2017);
insert into digital_lib_book_author (digital_lib_book_fk, digital_lib_author_fk) values (401,1081);
insert into digital_lib_book_tag (digital_lib_book_fk, digital_lib_tag_fk) values (401,1388);
insert into digital_lib_book_tag (digital_lib_book_fk, digital_lib_tag_fk) values (401,2229);
insert into digital_lib_book_tag (digital_lib_book_fk, digital_lib_tag_fk) values (401,642);
insert into digital_lib_book_tag (digital_lib_book_fk, digital_lib_tag_fk) values (401,884);
insert into digital_lib_book_tag (digital_lib_book_fk, digital_lib_tag_fk) values (401,910);
insert into digital_lib_book_tag (digital_lib_book_fk, digital_lib_tag_fk) values (401,734);
insert into digital_lib_book_tag (digital_lib_book_fk, digital_lib_tag_fk) values (401,711);
insert into digital_lib_book_tag (digital_lib_book_fk, digital_lib_tag_fk) values (401,2031);
insert into digital_lib_book_tag (digital_lib_book_fk, digital_lib_tag_fk) values (401,66);
insert into digital_lib_book_tag (digital_lib_book_fk, digital_lib_tag_fk) values (401,362);
insert into digital_lib_book_tag (digital_lib_book_fk, digital_lib_tag_fk) values (401,2095);
insert into digital_lib_book_tag (digital_lib_book_fk, digital_lib_tag_fk) values (401,1423);
insert into digital_lib_book_tag (digital_lib_book_fk, digital_lib_tag_fk) values (401,890);
insert into digital_lib_book_tag (digital_lib_book_fk, digital_lib_tag_fk) values (401,2249);
insert into digital_lib_book_tag (digital_lib_book_fk, digital_lib_tag_fk) values (401,1458);
insert into digital_lib_book_tag (digital_lib_book_fk, digital_lib_tag_fk) values (401,2440);
insert into digital_lib_book_tag (digital_lib_book_fk, digital_lib_tag_fk) values (401,1823);
insert into digital_lib_book_tag (digital_lib_book_fk, digital_lib_tag_fk) values (401,1891);
insert into digital_lib_book_tag (digital_lib_book_fk, digital_lib_tag_fk) values (401,42);
insert into digital_lib_book_tag (digital_lib_book_fk, digital_lib_tag_fk) values (401,1941);
insert into digital_lib_book_publisher (digital_lib_book_fk, digital_lib_publisher_fk) values (401,14);
insert into digital_lib_book_publisher (digital_lib_book_fk, digital_lib_publisher_fk) values (401,2);
insert into digital_lib_category_book (digital_lib_book_fk, digital_lib_category_fk) values (401,6);
insert into digital_lib_category_book (digital_lib_book_fk, digital_lib_category_fk) values (401,22);
insert into digital_lib_book (digital_lib_book_id, title, description, issue_year) values (402,'Introduction to Artificial Intelligence','This concise and accessible Introduction to Artificial Intelligence supports a foundation or module course on A.I., covering a broad selection of the subdisciplines within this field. The textbook presents concrete algorithms and applications in the areas of agents, logic, search, reasoning under uncertainty, machine learning, neural networks and reinforcement learning.',2011);
insert into digital_lib_book_author (digital_lib_book_fk, digital_lib_author_fk) values (402,315);
insert into digital_lib_book_tag (digital_lib_book_fk, digital_lib_tag_fk) values (402,970);
insert into digital_lib_book_publisher (digital_lib_book_fk, digital_lib_publisher_fk) values (402,14);
insert into digital_lib_book_publisher (digital_lib_book_fk, digital_lib_publisher_fk) values (402,190);
insert into digital_lib_category_book (digital_lib_book_fk, digital_lib_category_fk) values (402,6);
insert into digital_lib_category_book (digital_lib_book_fk, digital_lib_category_fk) values (402,22);
insert into digital_lib_book (digital_lib_book_id, title, description, issue_year) values (403,'Introduction to Data Science A Python Approach to Concepts, Techniques and Applications','This accessible and classroom-tested textbook/reference presents an introduction to the fundamentals of the emerging and interdisciplinary field of data science. The coverage spans key concepts adopted from statistics and machine learning, useful techniques for graph analysis and parallel programming, and the practical application of data science for such tasks as building recommender systems or performing sentiment analysis.',2017);
insert into digital_lib_book_author (digital_lib_book_fk, digital_lib_author_fk) values (403,788);
insert into digital_lib_book_tag (digital_lib_book_fk, digital_lib_tag_fk) values (403,1408);
insert into digital_lib_book_tag (digital_lib_book_fk, digital_lib_tag_fk) values (403,2423);
insert into digital_lib_book_tag (digital_lib_book_fk, digital_lib_tag_fk) values (403,1996);
insert into digital_lib_book_tag (digital_lib_book_fk, digital_lib_tag_fk) values (403,1798);
insert into digital_lib_book_tag (digital_lib_book_fk, digital_lib_tag_fk) values (403,2061);
insert into digital_lib_book_publisher (digital_lib_book_fk, digital_lib_publisher_fk) values (403,14);
insert into digital_lib_book_publisher (digital_lib_book_fk, digital_lib_publisher_fk) values (403,2);
insert into digital_lib_category_book (digital_lib_book_fk, digital_lib_category_fk) values (403,6);
insert into digital_lib_category_book (digital_lib_book_fk, digital_lib_category_fk) values (403,22);
insert into digital_lib_book (digital_lib_book_id, title, description, issue_year) values (404,'The Data Science Design Manual','The Data Science Design Manual is a source of practical insights that highlights what really matters in analyzing data, and provides an intuitive understanding of how these core concepts can be used. The book does not emphasize any particular programming language or suite of data-analysis tools, focusing instead on high-level discussion of important design principles.',2017);
insert into digital_lib_book_author (digital_lib_book_fk, digital_lib_author_fk) values (404,982);
insert into digital_lib_book_tag (digital_lib_book_fk, digital_lib_tag_fk) values (404,1583);
insert into digital_lib_book_tag (digital_lib_book_fk, digital_lib_tag_fk) values (404,2148);
insert into digital_lib_book_tag (digital_lib_book_fk, digital_lib_tag_fk) values (404,501);
insert into digital_lib_book_tag (digital_lib_book_fk, digital_lib_tag_fk) values (404,623);
insert into digital_lib_book_tag (digital_lib_book_fk, digital_lib_tag_fk) values (404,1904);
insert into digital_lib_book_tag (digital_lib_book_fk, digital_lib_tag_fk) values (404,1817);
insert into digital_lib_book_publisher (digital_lib_book_fk, digital_lib_publisher_fk) values (404,14);
insert into digital_lib_book_publisher (digital_lib_book_fk, digital_lib_publisher_fk) values (404,2);
insert into digital_lib_category_book (digital_lib_book_fk, digital_lib_category_fk) values (404,6);
insert into digital_lib_category_book (digital_lib_book_fk, digital_lib_category_fk) values (404,22);
insert into digital_lib_book (digital_lib_book_id, title, description, issue_year) values (405,'Big Data in Context Legal, Social and Technological Insights','The book provides a comprehensive overview of technical issues arising in clinical text mining, and offers a valuable guide for advanced students in health informatics, computational linguistics, and information retrieval, and for researchers entering these fields.',2018);
insert into digital_lib_book_author (digital_lib_book_fk, digital_lib_author_fk) values (405,600);
insert into digital_lib_book_author (digital_lib_book_fk, digital_lib_author_fk) values (405,763);
insert into digital_lib_book_tag (digital_lib_book_fk, digital_lib_tag_fk) values (405,1099);
insert into digital_lib_book_tag (digital_lib_book_fk, digital_lib_tag_fk) values (405,1644);
insert into digital_lib_book_tag (digital_lib_book_fk, digital_lib_tag_fk) values (405,679);
insert into digital_lib_book_tag (digital_lib_book_fk, digital_lib_tag_fk) values (405,1054);
insert into digital_lib_book_tag (digital_lib_book_fk, digital_lib_tag_fk) values (405,180);
insert into digital_lib_book_tag (digital_lib_book_fk, digital_lib_tag_fk) values (405,1684);
insert into digital_lib_book_tag (digital_lib_book_fk, digital_lib_tag_fk) values (405,2371);
insert into digital_lib_book_tag (digital_lib_book_fk, digital_lib_tag_fk) values (405,720);
insert into digital_lib_book_tag (digital_lib_book_fk, digital_lib_tag_fk) values (405,418);
insert into digital_lib_book_tag (digital_lib_book_fk, digital_lib_tag_fk) values (405,1711);
insert into digital_lib_book_tag (digital_lib_book_fk, digital_lib_tag_fk) values (405,2025);
insert into digital_lib_book_tag (digital_lib_book_fk, digital_lib_tag_fk) values (405,1666);
insert into digital_lib_book_tag (digital_lib_book_fk, digital_lib_tag_fk) values (405,924);
insert into digital_lib_book_tag (digital_lib_book_fk, digital_lib_tag_fk) values (405,2277);
insert into digital_lib_book_tag (digital_lib_book_fk, digital_lib_tag_fk) values (405,2060);
insert into digital_lib_book_publisher (digital_lib_book_fk, digital_lib_publisher_fk) values (405,14);
insert into digital_lib_book_publisher (digital_lib_book_fk, digital_lib_publisher_fk) values (405,2);
insert into digital_lib_category_book (digital_lib_book_fk, digital_lib_category_fk) values (405,6);
insert into digital_lib_category_book (digital_lib_book_fk, digital_lib_category_fk) values (405,22);
insert into digital_lib_book (digital_lib_book_id, title, description, issue_year) values (406,'Data Science and Predictive Analytics Biomedical and Health Applications using R','The content of this graduate-level textbook fills a substantial gap in integrating modern engineering concepts, computational algorithms, mathematical optimization, statistical computing and biomedical inference.',2018);
insert into digital_lib_book_author (digital_lib_book_fk, digital_lib_author_fk) values (406,377);
insert into digital_lib_book_tag (digital_lib_book_fk, digital_lib_tag_fk) values (406,2043);
insert into digital_lib_book_tag (digital_lib_book_fk, digital_lib_tag_fk) values (406,314);
insert into digital_lib_book_tag (digital_lib_book_fk, digital_lib_tag_fk) values (406,2131);
insert into digital_lib_book_tag (digital_lib_book_fk, digital_lib_tag_fk) values (406,1551);
insert into digital_lib_book_tag (digital_lib_book_fk, digital_lib_tag_fk) values (406,1354);
insert into digital_lib_book_tag (digital_lib_book_fk, digital_lib_tag_fk) values (406,1823);
insert into digital_lib_book_tag (digital_lib_book_fk, digital_lib_tag_fk) values (406,324);
insert into digital_lib_book_tag (digital_lib_book_fk, digital_lib_tag_fk) values (406,754);
insert into digital_lib_book_tag (digital_lib_book_fk, digital_lib_tag_fk) values (406,320);
insert into digital_lib_book_tag (digital_lib_book_fk, digital_lib_tag_fk) values (406,496);
insert into digital_lib_book_tag (digital_lib_book_fk, digital_lib_tag_fk) values (406,362);
insert into digital_lib_book_tag (digital_lib_book_fk, digital_lib_tag_fk) values (406,703);
insert into digital_lib_book_tag (digital_lib_book_fk, digital_lib_tag_fk) values (406,2278);
insert into digital_lib_book_tag (digital_lib_book_fk, digital_lib_tag_fk) values (406,2294);
insert into digital_lib_book_tag (digital_lib_book_fk, digital_lib_tag_fk) values (406,2195);
insert into digital_lib_book_tag (digital_lib_book_fk, digital_lib_tag_fk) values (406,42);
insert into digital_lib_book_publisher (digital_lib_book_fk, digital_lib_publisher_fk) values (406,14);
insert into digital_lib_book_publisher (digital_lib_book_fk, digital_lib_publisher_fk) values (406,2);
insert into digital_lib_category_book (digital_lib_book_fk, digital_lib_category_fk) values (406,6);
insert into digital_lib_category_book (digital_lib_book_fk, digital_lib_category_fk) values (406,22);
insert into digital_lib_book (digital_lib_book_id, title, description, issue_year) values (407,'Entity-Oriented Search','This open access book covers all facets of entity-oriented search—where “search” can be interpreted in the broadest sense of information access—from a unified point of view, and provides a coherent and comprehensive overview of the state of the art.',2018);
insert into digital_lib_book_author (digital_lib_book_fk, digital_lib_author_fk) values (407,405);
insert into digital_lib_book_tag (digital_lib_book_fk, digital_lib_tag_fk) values (407,2044);
insert into digital_lib_book_tag (digital_lib_book_fk, digital_lib_tag_fk) values (407,281);
insert into digital_lib_book_tag (digital_lib_book_fk, digital_lib_tag_fk) values (407,541);
insert into digital_lib_book_tag (digital_lib_book_fk, digital_lib_tag_fk) values (407,711);
insert into digital_lib_book_tag (digital_lib_book_fk, digital_lib_tag_fk) values (407,193);
insert into digital_lib_book_tag (digital_lib_book_fk, digital_lib_tag_fk) values (407,2101);
insert into digital_lib_book_tag (digital_lib_book_fk, digital_lib_tag_fk) values (407,1343);
insert into digital_lib_book_tag (digital_lib_book_fk, digital_lib_tag_fk) values (407,711);
insert into digital_lib_book_tag (digital_lib_book_fk, digital_lib_tag_fk) values (407,1003);
insert into digital_lib_book_tag (digital_lib_book_fk, digital_lib_tag_fk) values (407,1085);
insert into digital_lib_book_tag (digital_lib_book_fk, digital_lib_tag_fk) values (407,711);
insert into digital_lib_book_tag (digital_lib_book_fk, digital_lib_tag_fk) values (407,153);
insert into digital_lib_book_tag (digital_lib_book_fk, digital_lib_tag_fk) values (407,1817);
insert into digital_lib_book_publisher (digital_lib_book_fk, digital_lib_publisher_fk) values (407,14);
insert into digital_lib_book_publisher (digital_lib_book_fk, digital_lib_publisher_fk) values (407,2);
insert into digital_lib_category_book (digital_lib_book_fk, digital_lib_category_fk) values (407,6);
insert into digital_lib_category_book (digital_lib_book_fk, digital_lib_category_fk) values (407,22);
insert into digital_lib_book (digital_lib_book_id, title, description, issue_year) values (408,'Introduction to Deep Learning From Logical Calculus to Artificial Intelligence','This textbook presents a concise, accessible and engaging first introduction to deep learning, offering a wide range of connectionist models which represent the current state-of-the-art. The text explores the most popular algorithms and architectures in a simple and intuitive style, explaining the mathematical derivations in a step-by-step manner.',2018);
insert into digital_lib_book_author (digital_lib_book_fk, digital_lib_author_fk) values (408,563);
insert into digital_lib_book_tag (digital_lib_book_fk, digital_lib_tag_fk) values (408,1930);
insert into digital_lib_book_tag (digital_lib_book_fk, digital_lib_tag_fk) values (408,49);
insert into digital_lib_book_tag (digital_lib_book_fk, digital_lib_tag_fk) values (408,694);
insert into digital_lib_book_tag (digital_lib_book_fk, digital_lib_tag_fk) values (408,123);
insert into digital_lib_book_tag (digital_lib_book_fk, digital_lib_tag_fk) values (408,254);
insert into digital_lib_book_publisher (digital_lib_book_fk, digital_lib_publisher_fk) values (408,14);
insert into digital_lib_book_publisher (digital_lib_book_fk, digital_lib_publisher_fk) values (408,2);
insert into digital_lib_category_book (digital_lib_book_fk, digital_lib_category_fk) values (408,6);
insert into digital_lib_category_book (digital_lib_book_fk, digital_lib_category_fk) values (408,22);
insert into digital_lib_book (digital_lib_book_id, title, description, issue_year) values (409,'Knowledge and Institutions','This open access book bridges the disciplinary boundaries within the social sciences to explore the role of social institutions in shaping geographical contexts, and in creating new knowledge.',2018);
insert into digital_lib_book_author (digital_lib_book_fk, digital_lib_author_fk) values (409,537);
insert into digital_lib_book_author (digital_lib_book_fk, digital_lib_author_fk) values (409,13);
insert into digital_lib_book_author (digital_lib_book_fk, digital_lib_author_fk) values (409,63);
insert into digital_lib_book_tag (digital_lib_book_fk, digital_lib_tag_fk) values (409,2200);
insert into digital_lib_book_tag (digital_lib_book_fk, digital_lib_tag_fk) values (409,2326);
insert into digital_lib_book_tag (digital_lib_book_fk, digital_lib_tag_fk) values (409,711);
insert into digital_lib_book_tag (digital_lib_book_fk, digital_lib_tag_fk) values (409,813);
insert into digital_lib_book_tag (digital_lib_book_fk, digital_lib_tag_fk) values (409,855);
insert into digital_lib_book_tag (digital_lib_book_fk, digital_lib_tag_fk) values (409,711);
insert into digital_lib_book_tag (digital_lib_book_fk, digital_lib_tag_fk) values (409,1190);
insert into digital_lib_book_tag (digital_lib_book_fk, digital_lib_tag_fk) values (409,930);
insert into digital_lib_book_tag (digital_lib_book_fk, digital_lib_tag_fk) values (409,357);
insert into digital_lib_book_tag (digital_lib_book_fk, digital_lib_tag_fk) values (409,711);
insert into digital_lib_book_tag (digital_lib_book_fk, digital_lib_tag_fk) values (409,1862);
insert into digital_lib_book_tag (digital_lib_book_fk, digital_lib_tag_fk) values (409,1533);
insert into digital_lib_book_tag (digital_lib_book_fk, digital_lib_tag_fk) values (409,2044);
insert into digital_lib_book_publisher (digital_lib_book_fk, digital_lib_publisher_fk) values (409,14);
insert into digital_lib_book_publisher (digital_lib_book_fk, digital_lib_publisher_fk) values (409,2);
insert into digital_lib_category_book (digital_lib_book_fk, digital_lib_category_fk) values (409,6);
insert into digital_lib_category_book (digital_lib_book_fk, digital_lib_category_fk) values (409,22);
insert into digital_lib_book (digital_lib_book_id, title, description, issue_year) values (410,'Neural Networks and Deep Learning A Textbook','This book covers both classical and modern models in deep learning.',2018);
insert into digital_lib_book_author (digital_lib_book_fk, digital_lib_author_fk) values (410,285);
insert into digital_lib_book_tag (digital_lib_book_fk, digital_lib_tag_fk) values (410,755);
insert into digital_lib_book_tag (digital_lib_book_fk, digital_lib_tag_fk) values (410,1817);
insert into digital_lib_book_tag (digital_lib_book_fk, digital_lib_tag_fk) values (410,1630);
insert into digital_lib_book_tag (digital_lib_book_fk, digital_lib_tag_fk) values (410,41);
insert into digital_lib_book_tag (digital_lib_book_fk, digital_lib_tag_fk) values (410,1524);
insert into digital_lib_book_tag (digital_lib_book_fk, digital_lib_tag_fk) values (410,213);
insert into digital_lib_book_tag (digital_lib_book_fk, digital_lib_tag_fk) values (410,49);
insert into digital_lib_book_tag (digital_lib_book_fk, digital_lib_tag_fk) values (410,1241);
insert into digital_lib_book_tag (digital_lib_book_fk, digital_lib_tag_fk) values (410,370);
insert into digital_lib_book_publisher (digital_lib_book_fk, digital_lib_publisher_fk) values (410,14);
insert into digital_lib_book_publisher (digital_lib_book_fk, digital_lib_publisher_fk) values (410,2);
insert into digital_lib_category_book (digital_lib_book_fk, digital_lib_category_fk) values (410,6);
insert into digital_lib_category_book (digital_lib_book_fk, digital_lib_category_fk) values (410,22);
insert into digital_lib_book (digital_lib_book_id, title, description, issue_year) values (411,'Projection-Based Clustering through Self-Organization and Swarm Intelligence Combining Cluster Analysis with the Visualization of High-Dimensional Data','It covers aspects of unsupervised machine learning used for knowledge discovery in data science and introduces a data-driven approach to cluster analysis, the Databionic swarm(DBS).',2018);
insert into digital_lib_book_author (digital_lib_book_fk, digital_lib_author_fk) values (411,609);
insert into digital_lib_book_tag (digital_lib_book_fk, digital_lib_tag_fk) values (411,2044);
insert into digital_lib_book_tag (digital_lib_book_fk, digital_lib_tag_fk) values (411,603);
insert into digital_lib_book_tag (digital_lib_book_fk, digital_lib_tag_fk) values (411,2469);
insert into digital_lib_book_tag (digital_lib_book_fk, digital_lib_tag_fk) values (411,471);
insert into digital_lib_book_tag (digital_lib_book_fk, digital_lib_tag_fk) values (411,1561);
insert into digital_lib_book_tag (digital_lib_book_fk, digital_lib_tag_fk) values (411,1823);
insert into digital_lib_book_tag (digital_lib_book_fk, digital_lib_tag_fk) values (411,1408);
insert into digital_lib_book_publisher (digital_lib_book_fk, digital_lib_publisher_fk) values (411,54);
insert into digital_lib_book_publisher (digital_lib_book_fk, digital_lib_publisher_fk) values (411,143);
insert into digital_lib_category_book (digital_lib_book_fk, digital_lib_category_fk) values (411,6);
insert into digital_lib_category_book (digital_lib_book_fk, digital_lib_category_fk) values (411,22);
insert into digital_lib_book (digital_lib_book_id, title, description, issue_year) values (412,'Automated Machine Learning Methods, Systems, Challenges','This open access book presents the first comprehensive overview of general methods in Automated Machine Learning (AutoML), collects descriptions of existing systems based on these methods, and discusses the first series of international challenges of AutoML systems.',2019);
insert into digital_lib_book_author (digital_lib_book_fk, digital_lib_author_fk) values (412,564);
insert into digital_lib_book_author (digital_lib_book_fk, digital_lib_author_fk) values (412,204);
insert into digital_lib_book_author (digital_lib_book_fk, digital_lib_author_fk) values (412,64);
insert into digital_lib_book_tag (digital_lib_book_fk, digital_lib_tag_fk) values (412,1363);
insert into digital_lib_book_tag (digital_lib_book_fk, digital_lib_tag_fk) values (412,1000);
insert into digital_lib_book_tag (digital_lib_book_fk, digital_lib_tag_fk) values (412,1551);
insert into digital_lib_book_tag (digital_lib_book_fk, digital_lib_tag_fk) values (412,328);
insert into digital_lib_book_tag (digital_lib_book_fk, digital_lib_tag_fk) values (412,203);
insert into digital_lib_book_tag (digital_lib_book_fk, digital_lib_tag_fk) values (412,1997);
insert into digital_lib_book_tag (digital_lib_book_fk, digital_lib_tag_fk) values (412,285);
insert into digital_lib_book_tag (digital_lib_book_fk, digital_lib_tag_fk) values (412,1930);
insert into digital_lib_book_tag (digital_lib_book_fk, digital_lib_tag_fk) values (412,1898);
insert into digital_lib_book_tag (digital_lib_book_fk, digital_lib_tag_fk) values (412,799);
insert into digital_lib_book_tag (digital_lib_book_fk, digital_lib_tag_fk) values (412,2044);
insert into digital_lib_book_publisher (digital_lib_book_fk, digital_lib_publisher_fk) values (412,14);
insert into digital_lib_book_publisher (digital_lib_book_fk, digital_lib_publisher_fk) values (412,2);
insert into digital_lib_category_book (digital_lib_book_fk, digital_lib_category_fk) values (412,6);
insert into digital_lib_category_book (digital_lib_book_fk, digital_lib_category_fk) values (412,22);
insert into digital_lib_book (digital_lib_book_id, title, description, issue_year) values (413,'Applied Artificial Neural Networks','This Special Issue focuses on the second of these two research themes, that of the application of neural networks to a diverse range of fields and problems. It collates contributions concerning neural network applications in areas such as engineering, hydrology and medicine.',2016);
insert into digital_lib_book_author (digital_lib_book_fk, digital_lib_author_fk) values (413,908);
insert into digital_lib_book_tag (digital_lib_book_fk, digital_lib_tag_fk) values (413,2446);
insert into digital_lib_book_tag (digital_lib_book_fk, digital_lib_tag_fk) values (413,362);
insert into digital_lib_book_tag (digital_lib_book_fk, digital_lib_tag_fk) values (413,876);
insert into digital_lib_book_publisher (digital_lib_book_fk, digital_lib_publisher_fk) values (413,57);
insert into digital_lib_category_book (digital_lib_book_fk, digital_lib_category_fk) values (413,6);
insert into digital_lib_category_book (digital_lib_book_fk, digital_lib_category_fk) values (413,22);
insert into digital_lib_book (digital_lib_book_id, title, description, issue_year) values (414,'How AI Impacts Urban Living and Public Health 17th International Conference, ICOST 2019, New York City, NY, USA, October 14-16, 2019, Proceedings','This open access book constitutes the refereed proceedings of the 17th International Conference on String Processing and Information Retrieval, ICOST 2019, held in New York City, NY, USA, in October 2019. y.',2019);
insert into digital_lib_book_author (digital_lib_book_fk, digital_lib_author_fk) values (414,281);
insert into digital_lib_book_author (digital_lib_book_fk, digital_lib_author_fk) values (414,553);
insert into digital_lib_book_author (digital_lib_book_fk, digital_lib_author_fk) values (414,45);
insert into digital_lib_book_author (digital_lib_book_fk, digital_lib_author_fk) values (414,1162);
insert into digital_lib_book_author (digital_lib_book_fk, digital_lib_author_fk) values (414,626);
insert into digital_lib_book_tag (digital_lib_book_fk, digital_lib_tag_fk) values (414,806);
insert into digital_lib_book_tag (digital_lib_book_fk, digital_lib_tag_fk) values (414,2089);
insert into digital_lib_book_tag (digital_lib_book_fk, digital_lib_tag_fk) values (414,542);
insert into digital_lib_book_tag (digital_lib_book_fk, digital_lib_tag_fk) values (414,1321);
insert into digital_lib_book_tag (digital_lib_book_fk, digital_lib_tag_fk) values (414,876);
insert into digital_lib_book_tag (digital_lib_book_fk, digital_lib_tag_fk) values (414,754);
insert into digital_lib_book_tag (digital_lib_book_fk, digital_lib_tag_fk) values (414,1048);
insert into digital_lib_book_tag (digital_lib_book_fk, digital_lib_tag_fk) values (414,2221);
insert into digital_lib_book_tag (digital_lib_book_fk, digital_lib_tag_fk) values (414,662);
insert into digital_lib_book_tag (digital_lib_book_fk, digital_lib_tag_fk) values (414,936);
insert into digital_lib_book_tag (digital_lib_book_fk, digital_lib_tag_fk) values (414,1338);
insert into digital_lib_book_tag (digital_lib_book_fk, digital_lib_tag_fk) values (414,987);
insert into digital_lib_book_publisher (digital_lib_book_fk, digital_lib_publisher_fk) values (414,14);
insert into digital_lib_book_publisher (digital_lib_book_fk, digital_lib_publisher_fk) values (414,2);
insert into digital_lib_category_book (digital_lib_book_fk, digital_lib_category_fk) values (414,6);
insert into digital_lib_category_book (digital_lib_book_fk, digital_lib_category_fk) values (414,22);
insert into digital_lib_book (digital_lib_book_id, title, description, issue_year) values (415,'Semantic Systems. The Power of AI and Knowledge Graphs 15th International Conference, SEMANTiCS 2019, Karlsruhe, Germany, September 9–12, 2019, Proceedings','This open access book constitutes the refereed proceedings of the 15th International Conference on Semantic Systems, SEMANTiCS 2019, held in Karlsruhe, Germany, in September 2019.',2019);
insert into digital_lib_book_author (digital_lib_book_fk, digital_lib_author_fk) values (415,1136);
insert into digital_lib_book_author (digital_lib_book_fk, digital_lib_author_fk) values (415,498);
insert into digital_lib_book_author (digital_lib_book_fk, digital_lib_author_fk) values (415,856);
insert into digital_lib_book_author (digital_lib_book_fk, digital_lib_author_fk) values (415,1032);
insert into digital_lib_book_author (digital_lib_book_fk, digital_lib_author_fk) values (415,977);
insert into digital_lib_book_author (digital_lib_book_fk, digital_lib_author_fk) values (415,956);
insert into digital_lib_book_tag (digital_lib_book_fk, digital_lib_tag_fk) values (415,744);
insert into digital_lib_book_tag (digital_lib_book_fk, digital_lib_tag_fk) values (415,905);
insert into digital_lib_book_tag (digital_lib_book_fk, digital_lib_tag_fk) values (415,1694);
insert into digital_lib_book_tag (digital_lib_book_fk, digital_lib_tag_fk) values (415,1303);
insert into digital_lib_book_publisher (digital_lib_book_fk, digital_lib_publisher_fk) values (415,14);
insert into digital_lib_book_publisher (digital_lib_book_fk, digital_lib_publisher_fk) values (415,2);
insert into digital_lib_category_book (digital_lib_book_fk, digital_lib_category_fk) values (415,6);
insert into digital_lib_category_book (digital_lib_book_fk, digital_lib_category_fk) values (415,22);
insert into digital_lib_book (digital_lib_book_id, title, description, issue_year) values (416,'A Brief Introduction to Neural Networks','The aim of this work is to close this gap bit by bit and to provide easy access to the subject of neural networks. The mathematically and formally skilled readers will be able to understand the definitions without reading the running text, while the opposite holds for readers only interested in the subject matter.',2012);
insert into digital_lib_book_author (digital_lib_book_fk, digital_lib_author_fk) values (416,577);
insert into digital_lib_book_tag (digital_lib_book_fk, digital_lib_tag_fk) values (416,744);
insert into digital_lib_book_tag (digital_lib_book_fk, digital_lib_tag_fk) values (416,876);
insert into digital_lib_book_tag (digital_lib_book_fk, digital_lib_tag_fk) values (416,2446);
insert into digital_lib_book_tag (digital_lib_book_fk, digital_lib_tag_fk) values (416,362);
insert into digital_lib_book_tag (digital_lib_book_fk, digital_lib_tag_fk) values (416,680);
insert into digital_lib_book_publisher (digital_lib_book_fk, digital_lib_publisher_fk) values (416,258);
insert into digital_lib_category_book (digital_lib_book_fk, digital_lib_category_fk) values (416,6);
insert into digital_lib_category_book (digital_lib_book_fk, digital_lib_category_fk) values (416,22);
insert into digital_lib_book (digital_lib_book_id, title, description, issue_year) values (417,'Essentials of Metaheuristics, 1st edition','This book provides the foundation on metahezristics and related fields.',2011);
insert into digital_lib_book_author (digital_lib_book_fk, digital_lib_author_fk) values (417,1067);
insert into digital_lib_book_tag (digital_lib_book_fk, digital_lib_tag_fk) values (417,876);
insert into digital_lib_book_tag (digital_lib_book_fk, digital_lib_tag_fk) values (417,1839);
insert into digital_lib_book_tag (digital_lib_book_fk, digital_lib_tag_fk) values (417,2446);
insert into digital_lib_book_tag (digital_lib_book_fk, digital_lib_tag_fk) values (417,1169);
insert into digital_lib_book_tag (digital_lib_book_fk, digital_lib_tag_fk) values (417,477);
insert into digital_lib_book_tag (digital_lib_book_fk, digital_lib_tag_fk) values (417,2453);
insert into digital_lib_book_tag (digital_lib_book_fk, digital_lib_tag_fk) values (417,262);
insert into digital_lib_book_publisher (digital_lib_book_fk, digital_lib_publisher_fk) values (417,242);
insert into digital_lib_category_book (digital_lib_book_fk, digital_lib_category_fk) values (417,6);
insert into digital_lib_category_book (digital_lib_book_fk, digital_lib_category_fk) values (417,22);
insert into digital_lib_book (digital_lib_book_id, title, description, issue_year) values (418,'Domain-Driven Design Reference','This is an up-to-date, quick reference to DDD.',2015);
insert into digital_lib_book_author (digital_lib_book_fk, digital_lib_author_fk) values (418,740);
insert into digital_lib_book_tag (digital_lib_book_fk, digital_lib_tag_fk) values (418,199);
insert into digital_lib_book_tag (digital_lib_book_fk, digital_lib_tag_fk) values (418,782);
insert into digital_lib_book_tag (digital_lib_book_fk, digital_lib_tag_fk) values (418,2076);
insert into digital_lib_book_publisher (digital_lib_book_fk, digital_lib_publisher_fk) values (418,258);
insert into digital_lib_category_book (digital_lib_book_fk, digital_lib_category_fk) values (418,6);
insert into digital_lib_category_book (digital_lib_book_fk, digital_lib_category_fk) values (418,22);
insert into digital_lib_book (digital_lib_book_id, title, description, issue_year) values (419,'Deep Learning Tutorial','The tutorials presented here will introduce you to some of the most important deep learning algorithms and will also show you how to run them using Theano. Theano is a python library that makes writing deep learning models easy, and gives the option of training them on a GPU.',2015);
insert into digital_lib_book_author (digital_lib_book_fk, digital_lib_author_fk) values (419,325);
insert into digital_lib_book_tag (digital_lib_book_fk, digital_lib_tag_fk) values (419,1839);
insert into digital_lib_book_tag (digital_lib_book_fk, digital_lib_tag_fk) values (419,1229);
insert into digital_lib_book_tag (digital_lib_book_fk, digital_lib_tag_fk) values (419,744);
insert into digital_lib_book_tag (digital_lib_book_fk, digital_lib_tag_fk) values (419,1502);
insert into digital_lib_book_tag (digital_lib_book_fk, digital_lib_tag_fk) values (419,362);
insert into digital_lib_book_tag (digital_lib_book_fk, digital_lib_tag_fk) values (419,1229);
insert into digital_lib_book_tag (digital_lib_book_fk, digital_lib_tag_fk) values (419,578);
insert into digital_lib_book_publisher (digital_lib_book_fk, digital_lib_publisher_fk) values (419,273);
insert into digital_lib_category_book (digital_lib_book_fk, digital_lib_category_fk) values (419,6);
insert into digital_lib_category_book (digital_lib_book_fk, digital_lib_category_fk) values (419,22);
insert into digital_lib_book (digital_lib_book_id, title, description, issue_year) values (420,'A Course in Machine Learning','The purpose of this book is to provide a gentle and pedagogically organized introduction to the field.',2014);
insert into digital_lib_book_author (digital_lib_book_fk, digital_lib_author_fk) values (420,860);
insert into digital_lib_book_tag (digital_lib_book_fk, digital_lib_tag_fk) values (420,876);
insert into digital_lib_book_tag (digital_lib_book_fk, digital_lib_tag_fk) values (420,1839);
insert into digital_lib_book_tag (digital_lib_book_fk, digital_lib_tag_fk) values (420,2446);
insert into digital_lib_book_tag (digital_lib_book_fk, digital_lib_tag_fk) values (420,1341);
insert into digital_lib_book_tag (digital_lib_book_fk, digital_lib_tag_fk) values (420,1502);
insert into digital_lib_book_tag (digital_lib_book_fk, digital_lib_tag_fk) values (420,362);
insert into digital_lib_book_tag (digital_lib_book_fk, digital_lib_tag_fk) values (420,651);
insert into digital_lib_book_publisher (digital_lib_book_fk, digital_lib_publisher_fk) values (420,258);
insert into digital_lib_category_book (digital_lib_book_fk, digital_lib_category_fk) values (420,6);
insert into digital_lib_category_book (digital_lib_book_fk, digital_lib_category_fk) values (420,22);
insert into digital_lib_book (digital_lib_book_id, title, description, issue_year) values (421,'Data Science at the Command Line','This book explores the connection between data science and the command line.',2014);
insert into digital_lib_book_author (digital_lib_book_fk, digital_lib_author_fk) values (421,1019);
insert into digital_lib_book_tag (digital_lib_book_fk, digital_lib_tag_fk) values (421,1707);
insert into digital_lib_book_tag (digital_lib_book_fk, digital_lib_tag_fk) values (421,2076);
insert into digital_lib_book_tag (digital_lib_book_fk, digital_lib_tag_fk) values (421,1725);
insert into digital_lib_book_tag (digital_lib_book_fk, digital_lib_tag_fk) values (421,827);
insert into digital_lib_book_publisher (digital_lib_book_fk, digital_lib_publisher_fk) values (421,12);
insert into digital_lib_category_book (digital_lib_book_fk, digital_lib_category_fk) values (421,6);
insert into digital_lib_category_book (digital_lib_book_fk, digital_lib_category_fk) values (421,22);
insert into digital_lib_book (digital_lib_book_id, title, description, issue_year) values (422,'The Crystal Ball Instruction Manual - version 1.1 Volume One: Introduction to Data Science','A perfect introduction to the exploding field of Data Science for the curious, first-time student. The author brings his trademark conversational tone to the important pillars of the discipline: exploratory data analysis, choices for structuring data, causality, machine learning principles, and introductory Python programming using open-source Jupyter Notebooks.',2020);
insert into digital_lib_book_author (digital_lib_book_fk, digital_lib_author_fk) values (422,522);
insert into digital_lib_book_tag (digital_lib_book_fk, digital_lib_tag_fk) values (422,1642);
insert into digital_lib_book_tag (digital_lib_book_fk, digital_lib_tag_fk) values (422,2381);
insert into digital_lib_book_tag (digital_lib_book_fk, digital_lib_tag_fk) values (422,1713);
insert into digital_lib_book_tag (digital_lib_book_fk, digital_lib_tag_fk) values (422,1229);
insert into digital_lib_book_tag (digital_lib_book_fk, digital_lib_tag_fk) values (422,196);
insert into digital_lib_book_tag (digital_lib_book_fk, digital_lib_tag_fk) values (422,685);
insert into digital_lib_book_tag (digital_lib_book_fk, digital_lib_tag_fk) values (422,1868);
insert into digital_lib_book_tag (digital_lib_book_fk, digital_lib_tag_fk) values (422,156);
insert into digital_lib_book_tag (digital_lib_book_fk, digital_lib_tag_fk) values (422,884);
insert into digital_lib_book_tag (digital_lib_book_fk, digital_lib_tag_fk) values (422,1823);
insert into digital_lib_book_tag (digital_lib_book_fk, digital_lib_tag_fk) values (422,2457);
insert into digital_lib_book_publisher (digital_lib_book_fk, digital_lib_publisher_fk) values (422,132);
insert into digital_lib_category_book (digital_lib_book_fk, digital_lib_category_fk) values (422,6);
insert into digital_lib_category_book (digital_lib_book_fk, digital_lib_category_fk) values (422,22);
insert into digital_lib_book (digital_lib_book_id, title, description, issue_year) values (423,'Knowledge Compilation for Online Decision-Making: Application to the Control of Autonomous Systems','The objective of the thesis was to study how knowledge compilation could be applied to the control of autonomous systems. We focused on realistic planning problems, which often involve variables with continuous domains or large enumerated domains (such as time or memory space). We oriented our work towards the search for target compilation languages expressive enough to represent such problems.',2012);
insert into digital_lib_book_author (digital_lib_book_fk, digital_lib_author_fk) values (423,148);
insert into digital_lib_book_tag (digital_lib_book_fk, digital_lib_tag_fk) values (423,744);
insert into digital_lib_book_tag (digital_lib_book_fk, digital_lib_tag_fk) values (423,876);
insert into digital_lib_book_tag (digital_lib_book_fk, digital_lib_tag_fk) values (423,1839);
insert into digital_lib_book_tag (digital_lib_book_fk, digital_lib_tag_fk) values (423,1303);
insert into digital_lib_book_tag (digital_lib_book_fk, digital_lib_tag_fk) values (423,1151);
insert into digital_lib_book_tag (digital_lib_book_fk, digital_lib_tag_fk) values (423,1965);
insert into digital_lib_book_publisher (digital_lib_book_fk, digital_lib_publisher_fk) values (423,78);
insert into digital_lib_category_book (digital_lib_book_fk, digital_lib_category_fk) values (423,6);
insert into digital_lib_category_book (digital_lib_book_fk, digital_lib_category_fk) values (423,22);
insert into digital_lib_book (digital_lib_book_id, title, description, issue_year) values (424,'The Big Data Agenda: Data Ethics and Critical Data Studies','This book highlights that the capacity for gathering, analysing, and utilising vast amounts of digital (user) data raises significant ethical issues and it provides a systematic contemporary overview of the field of critical data studies that reflects on practices of digital data collection and analysis. The book assesses in detail one big data research area: biomedical studies, focused on epidemiological surveillance. Specific case studies explore how big data have been used in academic work.',2018);
insert into digital_lib_book_author (digital_lib_book_fk, digital_lib_author_fk) values (424,1073);
insert into digital_lib_book_tag (digital_lib_book_fk, digital_lib_tag_fk) values (424,876);
insert into digital_lib_book_tag (digital_lib_book_fk, digital_lib_tag_fk) values (424,2449);
insert into digital_lib_book_tag (digital_lib_book_fk, digital_lib_tag_fk) values (424,2211);
insert into digital_lib_book_tag (digital_lib_book_fk, digital_lib_tag_fk) values (424,2043);
insert into digital_lib_book_publisher (digital_lib_book_fk, digital_lib_publisher_fk) values (424,3);
insert into digital_lib_category_book (digital_lib_book_fk, digital_lib_category_fk) values (424,6);
insert into digital_lib_category_book (digital_lib_book_fk, digital_lib_category_fk) values (424,22);
insert into digital_lib_book (digital_lib_book_id, title, description, issue_year) values (425,'Learning Deep Architectures for AI','This monograph discusses the motivations and principles regarding learning algorithms for deep architectures, in particular those exploiting as building blocks unsupervised learning of single-layer models such as Restricted Boltzmann Machines, used to construct deeper models such as Deep Belief Networks.',2009);
insert into digital_lib_book_author (digital_lib_book_fk, digital_lib_author_fk) values (425,813);
insert into digital_lib_book_tag (digital_lib_book_fk, digital_lib_tag_fk) values (425,744);
insert into digital_lib_book_tag (digital_lib_book_fk, digital_lib_tag_fk) values (425,1091);
insert into digital_lib_book_tag (digital_lib_book_fk, digital_lib_tag_fk) values (425,2440);
insert into digital_lib_book_tag (digital_lib_book_fk, digital_lib_tag_fk) values (425,1637);
insert into digital_lib_book_tag (digital_lib_book_fk, digital_lib_tag_fk) values (425,1883);
insert into digital_lib_book_tag (digital_lib_book_fk, digital_lib_tag_fk) values (425,362);
insert into digital_lib_book_tag (digital_lib_book_fk, digital_lib_tag_fk) values (425,2076);
insert into digital_lib_book_publisher (digital_lib_book_fk, digital_lib_publisher_fk) values (425,92);
insert into digital_lib_category_book (digital_lib_book_fk, digital_lib_category_fk) values (425,6);
insert into digital_lib_category_book (digital_lib_book_fk, digital_lib_category_fk) values (425,22);
insert into digital_lib_book (digital_lib_book_id, title, description, issue_year) values (426,'Lecture Notes in Machine Learning','This collection gathers different lectures on the topic of machine learning.',2003);
insert into digital_lib_book_author (digital_lib_book_fk, digital_lib_author_fk) values (426,939);
insert into digital_lib_book_tag (digital_lib_book_fk, digital_lib_tag_fk) values (426,1161);
insert into digital_lib_book_tag (digital_lib_book_fk, digital_lib_tag_fk) values (426,2211);
insert into digital_lib_book_tag (digital_lib_book_fk, digital_lib_tag_fk) values (426,876);
insert into digital_lib_book_tag (digital_lib_book_fk, digital_lib_tag_fk) values (426,2393);
insert into digital_lib_book_tag (digital_lib_book_fk, digital_lib_tag_fk) values (426,1502);
insert into digital_lib_book_tag (digital_lib_book_fk, digital_lib_tag_fk) values (426,275);
insert into digital_lib_book_tag (digital_lib_book_fk, digital_lib_tag_fk) values (426,1053);
insert into digital_lib_book_publisher (digital_lib_book_fk, digital_lib_publisher_fk) values (426,258);
insert into digital_lib_category_book (digital_lib_book_fk, digital_lib_category_fk) values (426,6);
insert into digital_lib_category_book (digital_lib_book_fk, digital_lib_category_fk) values (426,22);
insert into digital_lib_book (digital_lib_book_id, title, description, issue_year) values (427,'Machine Learning and Data Mining','Using machine learning in practice requires that you make use of your own prior knowledge and experimentation to solve problems.This guide allows you to gather that knowledge and connect it to the topic of data mining.',2012);
insert into digital_lib_book_author (digital_lib_book_fk, digital_lib_author_fk) values (427,539);
insert into digital_lib_book_author (digital_lib_book_fk, digital_lib_author_fk) values (427,695);
insert into digital_lib_book_tag (digital_lib_book_fk, digital_lib_tag_fk) values (427,1096);
insert into digital_lib_book_tag (digital_lib_book_fk, digital_lib_tag_fk) values (427,222);
insert into digital_lib_book_tag (digital_lib_book_fk, digital_lib_tag_fk) values (427,1811);
insert into digital_lib_book_tag (digital_lib_book_fk, digital_lib_tag_fk) values (427,1364);
insert into digital_lib_book_tag (digital_lib_book_fk, digital_lib_tag_fk) values (427,945);
insert into digital_lib_book_tag (digital_lib_book_fk, digital_lib_tag_fk) values (427,1454);
insert into digital_lib_book_tag (digital_lib_book_fk, digital_lib_tag_fk) values (427,803);
insert into digital_lib_book_tag (digital_lib_book_fk, digital_lib_tag_fk) values (427,651);
insert into digital_lib_book_tag (digital_lib_book_fk, digital_lib_tag_fk) values (427,1976);
insert into digital_lib_book_tag (digital_lib_book_fk, digital_lib_tag_fk) values (427,1517);
insert into digital_lib_book_publisher (digital_lib_book_fk, digital_lib_publisher_fk) values (427,60);
insert into digital_lib_category_book (digital_lib_book_fk, digital_lib_category_fk) values (427,6);
insert into digital_lib_category_book (digital_lib_book_fk, digital_lib_category_fk) values (427,22);
insert into digital_lib_book (digital_lib_book_id, title, description, issue_year) values (428,'Neural Networks: A Systematic Introduction','This book arose from my lectures on neural networks at the Free University of Berlin and later at the University of Halle.',1996);
insert into digital_lib_book_author (digital_lib_book_fk, digital_lib_author_fk) values (428,698);
insert into digital_lib_book_tag (digital_lib_book_fk, digital_lib_tag_fk) values (428,876);
insert into digital_lib_book_tag (digital_lib_book_fk, digital_lib_tag_fk) values (428,1839);
insert into digital_lib_book_tag (digital_lib_book_fk, digital_lib_tag_fk) values (428,2446);
insert into digital_lib_book_tag (digital_lib_book_fk, digital_lib_tag_fk) values (428,2211);
insert into digital_lib_book_tag (digital_lib_book_fk, digital_lib_tag_fk) values (428,910);
insert into digital_lib_book_tag (digital_lib_book_fk, digital_lib_tag_fk) values (428,645);
insert into digital_lib_book_tag (digital_lib_book_fk, digital_lib_tag_fk) values (428,1502);
insert into digital_lib_book_tag (digital_lib_book_fk, digital_lib_tag_fk) values (428,1914);
insert into digital_lib_book_tag (digital_lib_book_fk, digital_lib_tag_fk) values (428,341);
insert into digital_lib_book_tag (digital_lib_book_fk, digital_lib_tag_fk) values (428,362);
insert into digital_lib_book_publisher (digital_lib_book_fk, digital_lib_publisher_fk) values (428,14);
insert into digital_lib_category_book (digital_lib_book_fk, digital_lib_category_fk) values (428,6);
insert into digital_lib_category_book (digital_lib_book_fk, digital_lib_category_fk) values (428,22);
insert into digital_lib_book (digital_lib_book_id, title, description, issue_year) values (429,'Paradigms of Artificial Intelligence Programming: Case studies in Common Lisp','This book is concerned with three related topics: the field of artificial intelligence, or AI; the skill of computer programming; and the programming language Common Lisp. The examples in this book are designed to be clear examples of good programming style—paradigms of programming.',1992);
insert into digital_lib_book_author (digital_lib_book_fk, digital_lib_author_fk) values (429,646);
insert into digital_lib_book_tag (digital_lib_book_fk, digital_lib_tag_fk) values (429,525);
insert into digital_lib_book_tag (digital_lib_book_fk, digital_lib_tag_fk) values (429,2076);
insert into digital_lib_book_tag (digital_lib_book_fk, digital_lib_tag_fk) values (429,2440);
insert into digital_lib_book_tag (digital_lib_book_fk, digital_lib_tag_fk) values (429,2446);
insert into digital_lib_book_tag (digital_lib_book_fk, digital_lib_tag_fk) values (429,744);
insert into digital_lib_book_publisher (digital_lib_book_fk, digital_lib_publisher_fk) values (429,106);
insert into digital_lib_category_book (digital_lib_book_fk, digital_lib_category_fk) values (429,6);
insert into digital_lib_category_book (digital_lib_book_fk, digital_lib_category_fk) values (429,22);
insert into digital_lib_book (digital_lib_book_id, title, description, issue_year) values (430,'Practical Artifical Intelligence Programming with Java','This book has been written for those developers who already know the fundamentals of the Java language and who wish to enter the practical learning of programming on Artificial Intelligence (AI) and its processing techniques.',2008);
insert into digital_lib_book_author (digital_lib_book_fk, digital_lib_author_fk) values (430,507);
insert into digital_lib_book_tag (digital_lib_book_fk, digital_lib_tag_fk) values (430,1839);
insert into digital_lib_book_tag (digital_lib_book_fk, digital_lib_tag_fk) values (430,1933);
insert into digital_lib_book_tag (digital_lib_book_fk, digital_lib_tag_fk) values (430,744);
insert into digital_lib_book_tag (digital_lib_book_fk, digital_lib_tag_fk) values (430,1555);
insert into digital_lib_book_tag (digital_lib_book_fk, digital_lib_tag_fk) values (430,1775);
insert into digital_lib_book_publisher (digital_lib_book_fk, digital_lib_publisher_fk) values (430,240);
insert into digital_lib_category_book (digital_lib_book_fk, digital_lib_category_fk) values (430,6);
insert into digital_lib_category_book (digital_lib_book_fk, digital_lib_category_fk) values (430,22);
insert into digital_lib_book (digital_lib_book_id, title, description, issue_year) values (431,'Practical Semantic Web and Linked Data Applications. Lisp Edition','In this book, you will find the basics for developing web projects semantically using Lisp and Allegro, one of your GNU compilers.',2010);
insert into digital_lib_book_author (digital_lib_book_fk, digital_lib_author_fk) values (431,507);
insert into digital_lib_book_tag (digital_lib_book_fk, digital_lib_tag_fk) values (431,1290);
insert into digital_lib_book_tag (digital_lib_book_fk, digital_lib_tag_fk) values (431,1775);
insert into digital_lib_book_tag (digital_lib_book_fk, digital_lib_tag_fk) values (431,1694);
insert into digital_lib_book_tag (digital_lib_book_fk, digital_lib_tag_fk) values (431,908);
insert into digital_lib_book_tag (digital_lib_book_fk, digital_lib_tag_fk) values (431,228);
insert into digital_lib_book_tag (digital_lib_book_fk, digital_lib_tag_fk) values (431,1625);
insert into digital_lib_book_publisher (digital_lib_book_fk, digital_lib_publisher_fk) values (431,258);
insert into digital_lib_category_book (digital_lib_book_fk, digital_lib_category_fk) values (431,6);
insert into digital_lib_category_book (digital_lib_book_fk, digital_lib_category_fk) values (431,22);
insert into digital_lib_book (digital_lib_book_id, title, description, issue_year) values (432,'Programming in Scala','Programming in Scala is one of the most complete manuals that exist for Scala, one of the pearls of the Java platform that allows merging concepts of object-oriented programming and the functional paradigm with powerful tools for developers.',2007);
insert into digital_lib_book_author (digital_lib_book_fk, digital_lib_author_fk) values (432,782);
insert into digital_lib_book_tag (digital_lib_book_fk, digital_lib_tag_fk) values (432,1933);
insert into digital_lib_book_tag (digital_lib_book_fk, digital_lib_tag_fk) values (432,1839);
insert into digital_lib_book_tag (digital_lib_book_fk, digital_lib_tag_fk) values (432,1188);
insert into digital_lib_book_publisher (digital_lib_book_fk, digital_lib_publisher_fk) values (432,174);
insert into digital_lib_category_book (digital_lib_book_fk, digital_lib_category_fk) values (432,6);
insert into digital_lib_category_book (digital_lib_book_fk, digital_lib_category_fk) values (432,22);
insert into digital_lib_book (digital_lib_book_id, title, description, issue_year) values (433,'Advances in Graph Algorithms','We prepared this book as a course textbook for our students in Taiwan. Our aim was to write a book about some currently popular topics such as exponential algorithms, fixed-parameter algorithms and algorithms using decomposition trees of graphs.',2013);
insert into digital_lib_book_author (digital_lib_book_fk, digital_lib_author_fk) values (433,642);
insert into digital_lib_book_author (digital_lib_book_fk, digital_lib_author_fk) values (433,983);
insert into digital_lib_book_tag (digital_lib_book_fk, digital_lib_tag_fk) values (433,842);
insert into digital_lib_book_tag (digital_lib_book_fk, digital_lib_tag_fk) values (433,1303);
insert into digital_lib_book_tag (digital_lib_book_fk, digital_lib_tag_fk) values (433,2446);
insert into digital_lib_book_tag (digital_lib_book_fk, digital_lib_tag_fk) values (433,876);
insert into digital_lib_book_tag (digital_lib_book_fk, digital_lib_tag_fk) values (433,1041);
insert into digital_lib_book_tag (digital_lib_book_fk, digital_lib_tag_fk) values (433,2449);
insert into digital_lib_book_publisher (digital_lib_book_fk, digital_lib_publisher_fk) values (433,258);
insert into digital_lib_category_book (digital_lib_book_fk, digital_lib_category_fk) values (433,6);
insert into digital_lib_category_book (digital_lib_book_fk, digital_lib_category_fk) values (433,15);
insert into digital_lib_book (digital_lib_book_id, title, description, issue_year) values (434,'Algorithms and Complexity','The practical resolution of a problem requires, on the one hand, an algorithm or solving method and, on the other, a program or coding of it in a real computer. Both components are important; but that of the algorithm is absolutely essential. This book goes deeper into the topic.',1994);
insert into digital_lib_book_author (digital_lib_book_fk, digital_lib_author_fk) values (434,796);
insert into digital_lib_book_tag (digital_lib_book_fk, digital_lib_tag_fk) values (434,531);
insert into digital_lib_book_tag (digital_lib_book_fk, digital_lib_tag_fk) values (434,548);
insert into digital_lib_book_tag (digital_lib_book_fk, digital_lib_tag_fk) values (434,2296);
insert into digital_lib_book_tag (digital_lib_book_fk, digital_lib_tag_fk) values (434,1954);
insert into digital_lib_book_tag (digital_lib_book_fk, digital_lib_tag_fk) values (434,876);
insert into digital_lib_book_tag (digital_lib_book_fk, digital_lib_tag_fk) values (434,2076);
insert into digital_lib_book_publisher (digital_lib_book_fk, digital_lib_publisher_fk) values (434,186);
insert into digital_lib_category_book (digital_lib_book_fk, digital_lib_category_fk) values (434,6);
insert into digital_lib_category_book (digital_lib_book_fk, digital_lib_category_fk) values (434,15);
insert into digital_lib_book (digital_lib_book_id, title, description, issue_year) values (435,'Algorithmic Problem Solving with Python','This manual explains in a detailed and entertaining way how to solve problems by creating precise algorithms in Python language.',2013);
insert into digital_lib_book_author (digital_lib_book_fk, digital_lib_author_fk) values (435,438);
insert into digital_lib_book_author (digital_lib_book_fk, digital_lib_author_fk) values (435,675);
insert into digital_lib_book_author (digital_lib_book_fk, digital_lib_author_fk) values (435,418);
insert into digital_lib_book_tag (digital_lib_book_fk, digital_lib_tag_fk) values (435,2446);
insert into digital_lib_book_tag (digital_lib_book_fk, digital_lib_tag_fk) values (435,649);
insert into digital_lib_book_tag (digital_lib_book_fk, digital_lib_tag_fk) values (435,2079);
insert into digital_lib_book_tag (digital_lib_book_fk, digital_lib_tag_fk) values (435,1475);
insert into digital_lib_book_tag (digital_lib_book_fk, digital_lib_tag_fk) values (435,2076);
insert into digital_lib_book_tag (digital_lib_book_fk, digital_lib_tag_fk) values (435,1229);
insert into digital_lib_book_tag (digital_lib_book_fk, digital_lib_tag_fk) values (435,876);
insert into digital_lib_book_publisher (digital_lib_book_fk, digital_lib_publisher_fk) values (435,258);
insert into digital_lib_category_book (digital_lib_book_fk, digital_lib_category_fk) values (435,6);
insert into digital_lib_category_book (digital_lib_book_fk, digital_lib_category_fk) values (435,15);
insert into digital_lib_book (digital_lib_book_id, title, description, issue_year) values (436,'Algorithmic Graph Theory and Sage','In this completely updated manual, all graphic theory is reviewed from a practical point of view, addressing various problems ranging from the resolution of positions in Chess to the random generation of complex structures.',2013);
insert into digital_lib_book_author (digital_lib_book_fk, digital_lib_author_fk) values (436,714);
insert into digital_lib_book_author (digital_lib_book_fk, digital_lib_author_fk) values (436,396);
insert into digital_lib_book_author (digital_lib_book_fk, digital_lib_author_fk) values (436,474);
insert into digital_lib_book_tag (digital_lib_book_fk, digital_lib_tag_fk) values (436,291);
insert into digital_lib_book_tag (digital_lib_book_fk, digital_lib_tag_fk) values (436,1041);
insert into digital_lib_book_tag (digital_lib_book_fk, digital_lib_tag_fk) values (436,1303);
insert into digital_lib_book_tag (digital_lib_book_fk, digital_lib_tag_fk) values (436,2446);
insert into digital_lib_book_tag (digital_lib_book_fk, digital_lib_tag_fk) values (436,2393);
insert into digital_lib_book_publisher (digital_lib_book_fk, digital_lib_publisher_fk) values (436,258);
insert into digital_lib_category_book (digital_lib_book_fk, digital_lib_category_fk) values (436,6);
insert into digital_lib_category_book (digital_lib_book_fk, digital_lib_category_fk) values (436,15);
insert into digital_lib_book (digital_lib_book_id, title, description, issue_year) values (437,'Algorithmic Graph Theory and Sage','In this completely updated manual, all graphic theory is reviewed from a practical point of view, addressing various problems ranging from the resolution of positions in Chess to the random generation of complex structures.',2012);
insert into digital_lib_book_author (digital_lib_book_fk, digital_lib_author_fk) values (437,714);
insert into digital_lib_book_author (digital_lib_book_fk, digital_lib_author_fk) values (437,396);
insert into digital_lib_book_author (digital_lib_book_fk, digital_lib_author_fk) values (437,474);
insert into digital_lib_book_tag (digital_lib_book_fk, digital_lib_tag_fk) values (437,2446);
insert into digital_lib_book_tag (digital_lib_book_fk, digital_lib_tag_fk) values (437,842);
insert into digital_lib_book_tag (digital_lib_book_fk, digital_lib_tag_fk) values (437,1303);
insert into digital_lib_book_tag (digital_lib_book_fk, digital_lib_tag_fk) values (437,1475);
insert into digital_lib_book_tag (digital_lib_book_fk, digital_lib_tag_fk) values (437,2076);
insert into digital_lib_book_publisher (digital_lib_book_fk, digital_lib_publisher_fk) values (437,240);
insert into digital_lib_category_book (digital_lib_book_fk, digital_lib_category_fk) values (437,6);
insert into digital_lib_category_book (digital_lib_book_fk, digital_lib_category_fk) values (437,15);
insert into digital_lib_book (digital_lib_book_id, title, description, issue_year) values (438,'Algorithmic Information Theory','The aim of this book is to present the strongest possible version of Gödel’s incompleteness theorem, using an information-theoretic approach based on the size of computer programs.',2003);
insert into digital_lib_book_author (digital_lib_book_fk, digital_lib_author_fk) values (438,462);
insert into digital_lib_book_tag (digital_lib_book_fk, digital_lib_tag_fk) values (438,2446);
insert into digital_lib_book_tag (digital_lib_book_fk, digital_lib_tag_fk) values (438,842);
insert into digital_lib_book_tag (digital_lib_book_fk, digital_lib_tag_fk) values (438,1303);
insert into digital_lib_book_tag (digital_lib_book_fk, digital_lib_tag_fk) values (438,1475);
insert into digital_lib_book_tag (digital_lib_book_fk, digital_lib_tag_fk) values (438,2076);
insert into digital_lib_book_tag (digital_lib_book_fk, digital_lib_tag_fk) values (438,1840);
insert into digital_lib_book_publisher (digital_lib_book_fk, digital_lib_publisher_fk) values (438,258);
insert into digital_lib_category_book (digital_lib_book_fk, digital_lib_category_fk) values (438,6);
insert into digital_lib_category_book (digital_lib_book_fk, digital_lib_category_fk) values (438,15);
insert into digital_lib_book (digital_lib_book_id, title, description, issue_year) values (439,'Algorithmics and Optimization','The contents of these lecture notes spread a wide range. On the one hand they try to give the basic knowledge about algorithmics. On the other hand, these lecture notes introduce into the wide and important field of optimization.',2015);
insert into digital_lib_book_author (digital_lib_book_fk, digital_lib_author_fk) values (439,1171);
insert into digital_lib_book_tag (digital_lib_book_fk, digital_lib_tag_fk) values (439,2125);
insert into digital_lib_book_tag (digital_lib_book_fk, digital_lib_tag_fk) values (439,2076);
insert into digital_lib_book_tag (digital_lib_book_fk, digital_lib_tag_fk) values (439,2446);
insert into digital_lib_book_tag (digital_lib_book_fk, digital_lib_tag_fk) values (439,876);
insert into digital_lib_book_tag (digital_lib_book_fk, digital_lib_tag_fk) values (439,1716);
insert into digital_lib_book_tag (digital_lib_book_fk, digital_lib_tag_fk) values (439,910);
insert into digital_lib_book_publisher (digital_lib_book_fk, digital_lib_publisher_fk) values (439,127);
insert into digital_lib_category_book (digital_lib_book_fk, digital_lib_category_fk) values (439,6);
insert into digital_lib_category_book (digital_lib_book_fk, digital_lib_category_fk) values (439,15);
insert into digital_lib_book (digital_lib_book_id, title, description, issue_year) values (440,'Algorithms and Data Structures with applications to Graphics and Geometry','This book represents the introductory coverage of algorithms and data structures with application to graphics and geometry.',2011);
insert into digital_lib_book_author (digital_lib_book_fk, digital_lib_author_fk) values (440,694);
insert into digital_lib_book_author (digital_lib_book_fk, digital_lib_author_fk) values (440,948);
insert into digital_lib_book_tag (digital_lib_book_fk, digital_lib_tag_fk) values (440,2125);
insert into digital_lib_book_tag (digital_lib_book_fk, digital_lib_tag_fk) values (440,2076);
insert into digital_lib_book_tag (digital_lib_book_fk, digital_lib_tag_fk) values (440,2446);
insert into digital_lib_book_tag (digital_lib_book_fk, digital_lib_tag_fk) values (440,876);
insert into digital_lib_book_tag (digital_lib_book_fk, digital_lib_tag_fk) values (440,1716);
insert into digital_lib_book_tag (digital_lib_book_fk, digital_lib_tag_fk) values (440,910);
insert into digital_lib_book_publisher (digital_lib_book_fk, digital_lib_publisher_fk) values (440,271);
insert into digital_lib_category_book (digital_lib_book_fk, digital_lib_category_fk) values (440,6);
insert into digital_lib_category_book (digital_lib_book_fk, digital_lib_category_fk) values (440,15);
insert into digital_lib_book (digital_lib_book_id, title, description, issue_year) values (441,'Algorithms and Data Structures','This book is a condensation (and at the same timean elaboration) of several courses on programming taught at the Federal Institute of Technology (ETH)at Zürich.',2004);
insert into digital_lib_book_author (digital_lib_book_fk, digital_lib_author_fk) values (441,525);
insert into digital_lib_book_tag (digital_lib_book_fk, digital_lib_tag_fk) values (441,977);
insert into digital_lib_book_tag (digital_lib_book_fk, digital_lib_tag_fk) values (441,2446);
insert into digital_lib_book_tag (digital_lib_book_fk, digital_lib_tag_fk) values (441,876);
insert into digital_lib_book_tag (digital_lib_book_fk, digital_lib_tag_fk) values (441,1041);
insert into digital_lib_book_tag (digital_lib_book_fk, digital_lib_tag_fk) values (441,2076);
insert into digital_lib_book_publisher (digital_lib_book_fk, digital_lib_publisher_fk) values (441,89);
insert into digital_lib_category_book (digital_lib_book_fk, digital_lib_category_fk) values (441,6);
insert into digital_lib_category_book (digital_lib_book_fk, digital_lib_category_fk) values (441,15);
insert into digital_lib_book (digital_lib_book_id, title, description, issue_year) values (442,'Algorithms','This book is the result of the compilation of notes during more than 10 years teaching the degree of Algorithmy at the universities of Berkeley and San Diego.',2006);
insert into digital_lib_book_author (digital_lib_book_fk, digital_lib_author_fk) values (442,1163);
insert into digital_lib_book_author (digital_lib_book_fk, digital_lib_author_fk) values (442,752);
insert into digital_lib_book_author (digital_lib_book_fk, digital_lib_author_fk) values (442,345);
insert into digital_lib_book_tag (digital_lib_book_fk, digital_lib_tag_fk) values (442,1143);
insert into digital_lib_book_tag (digital_lib_book_fk, digital_lib_tag_fk) values (442,818);
insert into digital_lib_book_tag (digital_lib_book_fk, digital_lib_tag_fk) values (442,1499);
insert into digital_lib_book_tag (digital_lib_book_fk, digital_lib_tag_fk) values (442,2446);
insert into digital_lib_book_tag (digital_lib_book_fk, digital_lib_tag_fk) values (442,1616);
insert into digital_lib_book_tag (digital_lib_book_fk, digital_lib_tag_fk) values (442,1233);
insert into digital_lib_book_publisher (digital_lib_book_fk, digital_lib_publisher_fk) values (442,258);
insert into digital_lib_category_book (digital_lib_book_fk, digital_lib_category_fk) values (442,6);
insert into digital_lib_category_book (digital_lib_book_fk, digital_lib_category_fk) values (442,15);
insert into digital_lib_book (digital_lib_book_id, title, description, issue_year) values (443,'Tools and Algorithms for the Construction and Analysis of Systems 26th International Conference, TACAS 2020, Held as Part of the European Joint Conferences on Theory and Practice of Software, ETAPS 2020, Dublin, Ireland, April 25–30, 2020, Proceedings','This open access two-volume set constitutes the proceedings of the 26th International Conference on Tools and Algorithms for the Construction and Analysis of Systems, TACAS 2020, which took place in Dublin, Ireland, in April 2020, and was held as Part of the European Joint Conferences on Theory and Practice of Software, ETAPS 2020.',2020);
insert into digital_lib_book_author (digital_lib_book_fk, digital_lib_author_fk) values (443,676);
insert into digital_lib_book_author (digital_lib_book_fk, digital_lib_author_fk) values (443,339);
insert into digital_lib_book_tag (digital_lib_book_fk, digital_lib_tag_fk) values (443,987);
insert into digital_lib_book_tag (digital_lib_book_fk, digital_lib_tag_fk) values (443,876);
insert into digital_lib_book_tag (digital_lib_book_fk, digital_lib_tag_fk) values (443,1638);
insert into digital_lib_book_tag (digital_lib_book_fk, digital_lib_tag_fk) values (443,1091);
insert into digital_lib_book_tag (digital_lib_book_fk, digital_lib_tag_fk) values (443,1230);
insert into digital_lib_book_tag (digital_lib_book_fk, digital_lib_tag_fk) values (443,205);
insert into digital_lib_book_publisher (digital_lib_book_fk, digital_lib_publisher_fk) values (443,14);
insert into digital_lib_book_publisher (digital_lib_book_fk, digital_lib_publisher_fk) values (443,2);
insert into digital_lib_category_book (digital_lib_book_fk, digital_lib_category_fk) values (443,6);
insert into digital_lib_category_book (digital_lib_book_fk, digital_lib_category_fk) values (443,15);
insert into digital_lib_book (digital_lib_book_id, title, description, issue_year) values (444,'Tools and Algorithms for the Construction and Analysis of Systems 25th International Conference, TACAS 2019, Held as Part of the European Joint Conferences on Theory and Practice of Software, ETAPS 2019, Prague, Czech Republic, April 6–11, 2019, Proceedings,','This open access two-volume set constitutes the proceedings of the 25th International Conference on Tools and Algorithms for the Construction and Analysis of Systems, TACAS 2019 held as Part of the European Joint Conferences on Theory and Practice of Software, ETAPS 2019',2019);
insert into digital_lib_book_author (digital_lib_book_fk, digital_lib_author_fk) values (444,889);
insert into digital_lib_book_author (digital_lib_book_fk, digital_lib_author_fk) values (444,258);
insert into digital_lib_book_tag (digital_lib_book_fk, digital_lib_tag_fk) values (444,987);
insert into digital_lib_book_tag (digital_lib_book_fk, digital_lib_tag_fk) values (444,876);
insert into digital_lib_book_tag (digital_lib_book_fk, digital_lib_tag_fk) values (444,1638);
insert into digital_lib_book_tag (digital_lib_book_fk, digital_lib_tag_fk) values (444,1091);
insert into digital_lib_book_tag (digital_lib_book_fk, digital_lib_tag_fk) values (444,1230);
insert into digital_lib_book_tag (digital_lib_book_fk, digital_lib_tag_fk) values (444,205);
insert into digital_lib_book_publisher (digital_lib_book_fk, digital_lib_publisher_fk) values (444,14);
insert into digital_lib_book_publisher (digital_lib_book_fk, digital_lib_publisher_fk) values (444,2);
insert into digital_lib_category_book (digital_lib_book_fk, digital_lib_category_fk) values (444,6);
insert into digital_lib_category_book (digital_lib_book_fk, digital_lib_category_fk) values (444,15);
insert into digital_lib_book (digital_lib_book_id, title, description, issue_year) values (445,'Tools and Algorithms for the Construction and Analysis of Systems 24th International Conference, TACAS 2018, Held as Part of the European Joint Conferences on Theory and Practice of Software, ETAPS 2018, Thessaloniki, Greece, April 14-20, 2018, Proceedings','This open access two-volume set constitutes the proceedings of the 24th International Conference on Tools and Algorithms for the Construction and Analysis of Systems, TACAS 2018 held as Part of the European Joint Conferences on Theory and Practice of Software, ETAPS 2018',2018);
insert into digital_lib_book_author (digital_lib_book_fk, digital_lib_author_fk) values (445,1011);
insert into digital_lib_book_author (digital_lib_book_fk, digital_lib_author_fk) values (445,429);
insert into digital_lib_book_tag (digital_lib_book_fk, digital_lib_tag_fk) values (445,987);
insert into digital_lib_book_tag (digital_lib_book_fk, digital_lib_tag_fk) values (445,876);
insert into digital_lib_book_tag (digital_lib_book_fk, digital_lib_tag_fk) values (445,1638);
insert into digital_lib_book_tag (digital_lib_book_fk, digital_lib_tag_fk) values (445,1091);
insert into digital_lib_book_tag (digital_lib_book_fk, digital_lib_tag_fk) values (445,1230);
insert into digital_lib_book_tag (digital_lib_book_fk, digital_lib_tag_fk) values (445,205);
insert into digital_lib_book_publisher (digital_lib_book_fk, digital_lib_publisher_fk) values (445,14);
insert into digital_lib_book_publisher (digital_lib_book_fk, digital_lib_publisher_fk) values (445,2);
insert into digital_lib_category_book (digital_lib_book_fk, digital_lib_category_fk) values (445,6);
insert into digital_lib_category_book (digital_lib_book_fk, digital_lib_category_fk) values (445,15);
insert into digital_lib_book (digital_lib_book_id, title, description, issue_year) values (446,'Knowledge and Networks','This book discusses a core question in many fields of the social sciences, namely how to create, share and adopt new knowledge. It creates an original space for conversation between two lines of research that have developed largely in parallel for a long time: social network theory and the geography of knowledge.',2017);
insert into digital_lib_book_author (digital_lib_book_fk, digital_lib_author_fk) values (446,537);
insert into digital_lib_book_author (digital_lib_book_fk, digital_lib_author_fk) values (446,1002);
insert into digital_lib_book_author (digital_lib_book_fk, digital_lib_author_fk) values (446,165);
insert into digital_lib_book_tag (digital_lib_book_fk, digital_lib_tag_fk) values (446,357);
insert into digital_lib_book_tag (digital_lib_book_fk, digital_lib_tag_fk) values (446,711);
insert into digital_lib_book_tag (digital_lib_book_fk, digital_lib_tag_fk) values (446,2125);
insert into digital_lib_book_tag (digital_lib_book_fk, digital_lib_tag_fk) values (446,428);
insert into digital_lib_book_tag (digital_lib_book_fk, digital_lib_tag_fk) values (446,1923);
insert into digital_lib_book_tag (digital_lib_book_fk, digital_lib_tag_fk) values (446,1207);
insert into digital_lib_book_tag (digital_lib_book_fk, digital_lib_tag_fk) values (446,1862);
insert into digital_lib_book_publisher (digital_lib_book_fk, digital_lib_publisher_fk) values (446,14);
insert into digital_lib_book_publisher (digital_lib_book_fk, digital_lib_publisher_fk) values (446,2);
insert into digital_lib_category_book (digital_lib_book_fk, digital_lib_category_fk) values (446,6);
insert into digital_lib_category_book (digital_lib_book_fk, digital_lib_category_fk) values (446,15);
insert into digital_lib_book (digital_lib_book_id, title, description, issue_year) values (447,'Algorithms Notes for Professionals','This Algorithms Notes for Professionals book is compiled from Stack Overflow Documentation, the content is written by the beautiful people at Stack Overflow.',2017);
insert into digital_lib_book_author (digital_lib_book_fk, digital_lib_author_fk) values (447,325);
insert into digital_lib_book_tag (digital_lib_book_fk, digital_lib_tag_fk) values (447,2446);
insert into digital_lib_book_tag (digital_lib_book_fk, digital_lib_tag_fk) values (447,1041);
insert into digital_lib_book_tag (digital_lib_book_fk, digital_lib_tag_fk) values (447,2076);
insert into digital_lib_book_publisher (digital_lib_book_fk, digital_lib_publisher_fk) values (447,22);
insert into digital_lib_category_book (digital_lib_book_fk, digital_lib_category_fk) values (447,6);
insert into digital_lib_category_book (digital_lib_book_fk, digital_lib_category_fk) values (447,15);
insert into digital_lib_book (digital_lib_book_id, title, description, issue_year) values (448,'Big CPU, Big Data','To study parallel programming with this book, you’ll need the following prerequisite knowledge: Java programming; C programming (for GPU programs); computer organization concepts (CPU, memory, cache, and so on); operating system concepts (threads, thread synchronization).',2015);
insert into digital_lib_book_author (digital_lib_book_fk, digital_lib_author_fk) values (448,1088);
insert into digital_lib_book_tag (digital_lib_book_fk, digital_lib_tag_fk) values (448,876);
insert into digital_lib_book_tag (digital_lib_book_fk, digital_lib_tag_fk) values (448,2446);
insert into digital_lib_book_tag (digital_lib_book_fk, digital_lib_tag_fk) values (448,2043);
insert into digital_lib_book_tag (digital_lib_book_fk, digital_lib_tag_fk) values (448,246);
insert into digital_lib_book_tag (digital_lib_book_fk, digital_lib_tag_fk) values (448,318);
insert into digital_lib_book_tag (digital_lib_book_fk, digital_lib_tag_fk) values (448,2125);
insert into digital_lib_book_tag (digital_lib_book_fk, digital_lib_tag_fk) values (448,1187);
insert into digital_lib_book_publisher (digital_lib_book_fk, digital_lib_publisher_fk) values (448,258);
insert into digital_lib_category_book (digital_lib_book_fk, digital_lib_category_fk) values (448,6);
insert into digital_lib_category_book (digital_lib_book_fk, digital_lib_category_fk) values (448,15);
insert into digital_lib_book (digital_lib_book_id, title, description, issue_year) values (449,'Binary trees','This document studies the basic concepts of binary trees by proposing problems with solutions in the C, C ++ and Java languages.',2010);
insert into digital_lib_book_author (digital_lib_book_fk, digital_lib_author_fk) values (449,118);
insert into digital_lib_book_tag (digital_lib_book_fk, digital_lib_tag_fk) values (449,2446);
insert into digital_lib_book_tag (digital_lib_book_fk, digital_lib_tag_fk) values (449,2230);
insert into digital_lib_book_tag (digital_lib_book_fk, digital_lib_tag_fk) values (449,367);
insert into digital_lib_book_tag (digital_lib_book_fk, digital_lib_tag_fk) values (449,1933);
insert into digital_lib_book_tag (digital_lib_book_fk, digital_lib_tag_fk) values (449,2076);
insert into digital_lib_book_publisher (digital_lib_book_fk, digital_lib_publisher_fk) values (449,217);
insert into digital_lib_category_book (digital_lib_book_fk, digital_lib_category_fk) values (449,6);
insert into digital_lib_category_book (digital_lib_book_fk, digital_lib_category_fk) values (449,15);
insert into digital_lib_book (digital_lib_book_id, title, description, issue_year) values (450,'Clever Algorithms','Clever Algorithms. Nature-Inspired Programming Recipes by Dr. Jason Brownlee is a great work that describes 45 algorithms from the field of Artificial Intelligence in the most complete and coherent way possible to ensure that they are accessible, usable and understandable to a wide audience.',2011);
insert into digital_lib_book_author (digital_lib_book_fk, digital_lib_author_fk) values (450,69);
insert into digital_lib_book_tag (digital_lib_book_fk, digital_lib_tag_fk) values (450,876);
insert into digital_lib_book_tag (digital_lib_book_fk, digital_lib_tag_fk) values (450,2076);
insert into digital_lib_book_tag (digital_lib_book_fk, digital_lib_tag_fk) values (450,71);
insert into digital_lib_book_tag (digital_lib_book_fk, digital_lib_tag_fk) values (450,466);
insert into digital_lib_book_tag (digital_lib_book_fk, digital_lib_tag_fk) values (450,876);
insert into digital_lib_book_tag (digital_lib_book_fk, digital_lib_tag_fk) values (450,744);
insert into digital_lib_book_tag (digital_lib_book_fk, digital_lib_tag_fk) values (450,2440);
insert into digital_lib_book_publisher (digital_lib_book_fk, digital_lib_publisher_fk) values (450,101);
insert into digital_lib_category_book (digital_lib_book_fk, digital_lib_category_fk) values (450,6);
insert into digital_lib_category_book (digital_lib_book_fk, digital_lib_category_fk) values (450,15);
insert into digital_lib_book (digital_lib_book_id, title, description, issue_year) values (451,'Algorithms','These are lecture notes written for algorithms classes at the University of Illinois at UrbanaChampaign, and taught on average once a year since January 1999.',2013);
insert into digital_lib_book_author (digital_lib_book_fk, digital_lib_author_fk) values (451,1154);
insert into digital_lib_book_tag (digital_lib_book_fk, digital_lib_tag_fk) values (451,584);
insert into digital_lib_book_tag (digital_lib_book_fk, digital_lib_tag_fk) values (451,818);
insert into digital_lib_book_tag (digital_lib_book_fk, digital_lib_tag_fk) values (451,1041);
insert into digital_lib_book_tag (digital_lib_book_fk, digital_lib_tag_fk) values (451,2446);
insert into digital_lib_book_tag (digital_lib_book_fk, digital_lib_tag_fk) values (451,876);
insert into digital_lib_book_publisher (digital_lib_book_fk, digital_lib_publisher_fk) values (451,258);
insert into digital_lib_category_book (digital_lib_book_fk, digital_lib_category_fk) values (451,6);
insert into digital_lib_category_book (digital_lib_book_fk, digital_lib_category_fk) values (451,15);
insert into digital_lib_book (digital_lib_book_id, title, description, issue_year) values (452,'Combinatorial Optimization','Combinatorial optimization is a branch of optimization in applied mathematics and computer science, related to operations research, algorithm theory, and computational complexity theory. This book explores the topic in detail.',2011);
insert into digital_lib_book_author (digital_lib_book_fk, digital_lib_author_fk) values (452,984);
insert into digital_lib_book_tag (digital_lib_book_fk, digital_lib_tag_fk) values (452,876);
insert into digital_lib_book_tag (digital_lib_book_fk, digital_lib_tag_fk) values (452,1010);
insert into digital_lib_book_tag (digital_lib_book_fk, digital_lib_tag_fk) values (452,799);
insert into digital_lib_book_tag (digital_lib_book_fk, digital_lib_tag_fk) values (452,2076);
insert into digital_lib_book_tag (digital_lib_book_fk, digital_lib_tag_fk) values (452,1041);
insert into digital_lib_book_tag (digital_lib_book_fk, digital_lib_tag_fk) values (452,2449);
insert into digital_lib_book_publisher (digital_lib_book_fk, digital_lib_publisher_fk) values (452,234);
insert into digital_lib_category_book (digital_lib_book_fk, digital_lib_category_fk) values (452,6);
insert into digital_lib_category_book (digital_lib_book_fk, digital_lib_category_fk) values (452,15);
insert into digital_lib_book (digital_lib_book_id, title, description, issue_year) values (453,'Computer Science III','The fundamental art of Computer Science is problem solving. Computers are not good at problem solving; you are the problem solver. This is the third book in the series.',2016);
insert into digital_lib_book_author (digital_lib_book_fk, digital_lib_author_fk) values (453,384);
insert into digital_lib_book_tag (digital_lib_book_fk, digital_lib_tag_fk) values (453,2076);
insert into digital_lib_book_tag (digital_lib_book_fk, digital_lib_tag_fk) values (453,876);
insert into digital_lib_book_tag (digital_lib_book_fk, digital_lib_tag_fk) values (453,2446);
insert into digital_lib_book_tag (digital_lib_book_fk, digital_lib_tag_fk) values (453,670);
insert into digital_lib_book_tag (digital_lib_book_fk, digital_lib_tag_fk) values (453,2393);
insert into digital_lib_book_tag (digital_lib_book_fk, digital_lib_tag_fk) values (453,1143);
insert into digital_lib_book_tag (digital_lib_book_fk, digital_lib_tag_fk) values (453,1303);
insert into digital_lib_book_tag (digital_lib_book_fk, digital_lib_tag_fk) values (453,489);
insert into digital_lib_book_publisher (digital_lib_book_fk, digital_lib_publisher_fk) values (453,269);
insert into digital_lib_category_book (digital_lib_book_fk, digital_lib_category_fk) values (453,6);
insert into digital_lib_category_book (digital_lib_book_fk, digital_lib_category_fk) values (453,15);
insert into digital_lib_book (digital_lib_book_id, title, description, issue_year) values (454,'Data Structures and Algorithm Analysis. C ++ Version','Themes that mix mathematics with algorithmic problems are addressed in this book. It addresses aspects such as the analysis of both basic and complex data structures, binary trees and ordering to, finally, address the theoretical foundations of this science that is Algorithmy.',2012);
insert into digital_lib_book_author (digital_lib_book_fk, digital_lib_author_fk) values (454,1055);
insert into digital_lib_book_tag (digital_lib_book_fk, digital_lib_tag_fk) values (454,876);
insert into digital_lib_book_tag (digital_lib_book_fk, digital_lib_tag_fk) values (454,2446);
insert into digital_lib_book_tag (digital_lib_book_fk, digital_lib_tag_fk) values (454,367);
insert into digital_lib_book_tag (digital_lib_book_fk, digital_lib_tag_fk) values (454,1041);
insert into digital_lib_book_tag (digital_lib_book_fk, digital_lib_tag_fk) values (454,2076);
insert into digital_lib_book_publisher (digital_lib_book_fk, digital_lib_publisher_fk) values (454,257);
insert into digital_lib_category_book (digital_lib_book_fk, digital_lib_category_fk) values (454,6);
insert into digital_lib_category_book (digital_lib_book_fk, digital_lib_category_fk) values (454,15);
insert into digital_lib_book (digital_lib_book_id, title, description, issue_year) values (455,'Data Structures and Algorithm Analysis. Java Version','Themes that mix mathematics with algorithmic problems are addressed in this book. It addresses aspects such as the analysis of both basic and complex data structures, binary trees and ordering to, finally, address the theoretical foundations of this science that is Algorithmy.',2012);
insert into digital_lib_book_author (digital_lib_book_fk, digital_lib_author_fk) values (455,1055);
insert into digital_lib_book_tag (digital_lib_book_fk, digital_lib_tag_fk) values (455,876);
insert into digital_lib_book_tag (digital_lib_book_fk, digital_lib_tag_fk) values (455,2446);
insert into digital_lib_book_tag (digital_lib_book_fk, digital_lib_tag_fk) values (455,1933);
insert into digital_lib_book_tag (digital_lib_book_fk, digital_lib_tag_fk) values (455,1041);
insert into digital_lib_book_tag (digital_lib_book_fk, digital_lib_tag_fk) values (455,2076);
insert into digital_lib_book_publisher (digital_lib_book_fk, digital_lib_publisher_fk) values (455,240);
insert into digital_lib_category_book (digital_lib_book_fk, digital_lib_category_fk) values (455,6);
insert into digital_lib_category_book (digital_lib_book_fk, digital_lib_category_fk) values (455,15);
insert into digital_lib_book (digital_lib_book_id, title, description, issue_year) values (456,'From Algorithms to Z-Scores: Probabilistic and Statistical Modeling in Computer Science','The materials here form a textbook for a course in mathematical probability and statistics for computer science students.',2016);
insert into digital_lib_book_author (digital_lib_book_fk, digital_lib_author_fk) values (456,736);
insert into digital_lib_book_tag (digital_lib_book_fk, digital_lib_tag_fk) values (456,1041);
insert into digital_lib_book_tag (digital_lib_book_fk, digital_lib_tag_fk) values (456,876);
insert into digital_lib_book_tag (digital_lib_book_fk, digital_lib_tag_fk) values (456,2446);
insert into digital_lib_book_tag (digital_lib_book_fk, digital_lib_tag_fk) values (456,2076);
insert into digital_lib_book_tag (digital_lib_book_fk, digital_lib_tag_fk) values (456,1674);
insert into digital_lib_book_publisher (digital_lib_book_fk, digital_lib_publisher_fk) values (456,276);
insert into digital_lib_category_book (digital_lib_book_fk, digital_lib_category_fk) values (456,6);
insert into digital_lib_category_book (digital_lib_book_fk, digital_lib_category_fk) values (456,15);
insert into digital_lib_book (digital_lib_book_id, title, description, issue_year) values (457,'Fundamental Data Structures','In computer science, an abstract data type (ADT) is a mathematical model for a certain class of data structures that have similar behavior; or for certain data types of one or more programming languages that have similar semantics. This book helps you understand the topic in greater detail.',2014);
insert into digital_lib_book_author (digital_lib_book_fk, digital_lib_author_fk) values (457,325);
insert into digital_lib_book_tag (digital_lib_book_fk, digital_lib_tag_fk) values (457,1041);
insert into digital_lib_book_tag (digital_lib_book_fk, digital_lib_tag_fk) values (457,876);
insert into digital_lib_book_tag (digital_lib_book_fk, digital_lib_tag_fk) values (457,2446);
insert into digital_lib_book_tag (digital_lib_book_fk, digital_lib_tag_fk) values (457,2076);
insert into digital_lib_book_tag (digital_lib_book_fk, digital_lib_tag_fk) values (457,1674);
insert into digital_lib_book_publisher (digital_lib_book_fk, digital_lib_publisher_fk) values (457,244);
insert into digital_lib_category_book (digital_lib_book_fk, digital_lib_category_fk) values (457,6);
insert into digital_lib_category_book (digital_lib_book_fk, digital_lib_category_fk) values (457,15);
insert into digital_lib_book (digital_lib_book_id, title, description, issue_year) values (458,'Global Optimization Algorithms','The objective of this book is to find the most optimal formulas for the global optimization of algorithms through the evolutionary profile.',2009);
insert into digital_lib_book_author (digital_lib_book_fk, digital_lib_author_fk) values (458,531);
insert into digital_lib_book_tag (digital_lib_book_fk, digital_lib_tag_fk) values (458,1041);
insert into digital_lib_book_tag (digital_lib_book_fk, digital_lib_tag_fk) values (458,876);
insert into digital_lib_book_tag (digital_lib_book_fk, digital_lib_tag_fk) values (458,2446);
insert into digital_lib_book_tag (digital_lib_book_fk, digital_lib_tag_fk) values (458,2076);
insert into digital_lib_book_tag (digital_lib_book_fk, digital_lib_tag_fk) values (458,1674);
insert into digital_lib_book_publisher (digital_lib_book_fk, digital_lib_publisher_fk) values (458,258);
insert into digital_lib_category_book (digital_lib_book_fk, digital_lib_category_fk) values (458,6);
insert into digital_lib_category_book (digital_lib_book_fk, digital_lib_category_fk) values (458,15);
insert into digital_lib_book (digital_lib_book_id, title, description, issue_year) values (459,'Information Theory, Inference, and Learning Algorithms','This book is aimed at senior undergraduates and graduate students in Engineering, Science, Mathematics, and Computing. It expects familiarity with calculus, probability theory, and linear algebra as taught in a first- or secondyear undergraduate course on mathematics for scientists and engineers.',2003);
insert into digital_lib_book_author (digital_lib_book_fk, digital_lib_author_fk) values (459,723);
insert into digital_lib_book_tag (digital_lib_book_fk, digital_lib_tag_fk) values (459,2077);
insert into digital_lib_book_tag (digital_lib_book_fk, digital_lib_tag_fk) values (459,2446);
insert into digital_lib_book_tag (digital_lib_book_fk, digital_lib_tag_fk) values (459,1823);
insert into digital_lib_book_tag (digital_lib_book_fk, digital_lib_tag_fk) values (459,1041);
insert into digital_lib_book_tag (digital_lib_book_fk, digital_lib_tag_fk) values (459,2449);
insert into digital_lib_book_publisher (digital_lib_book_fk, digital_lib_publisher_fk) values (459,84);
insert into digital_lib_category_book (digital_lib_book_fk, digital_lib_category_fk) values (459,6);
insert into digital_lib_category_book (digital_lib_book_fk, digital_lib_category_fk) values (459,15);
insert into digital_lib_book (digital_lib_book_id, title, description, issue_year) values (460,'Introduction to Design & Analysis of Algorithms - In Simple Way','This book provides a complete information to the modern study of computer algorithms. It presents many algorithms and covers every concept in a considerable depth, so that it can be understand by all levels of readers.',2015);
insert into digital_lib_book_author (digital_lib_book_fk, digital_lib_author_fk) values (460,313);
insert into digital_lib_book_tag (digital_lib_book_fk, digital_lib_tag_fk) values (460,1143);
insert into digital_lib_book_tag (digital_lib_book_fk, digital_lib_tag_fk) values (460,1149);
insert into digital_lib_book_tag (digital_lib_book_fk, digital_lib_tag_fk) values (460,2446);
insert into digital_lib_book_tag (digital_lib_book_fk, digital_lib_tag_fk) values (460,1506);
insert into digital_lib_book_tag (digital_lib_book_fk, digital_lib_tag_fk) values (460,876);
insert into digital_lib_book_publisher (digital_lib_book_fk, digital_lib_publisher_fk) values (460,65);
insert into digital_lib_category_book (digital_lib_book_fk, digital_lib_category_fk) values (460,6);
insert into digital_lib_category_book (digital_lib_book_fk, digital_lib_category_fk) values (460,15);
insert into digital_lib_book (digital_lib_book_id, title, description, issue_year) values (461,'Open Data Structures (in pseudocode)','The book allows you to go even deeper into the topic  of data structures.',2014);
insert into digital_lib_book_author (digital_lib_book_fk, digital_lib_author_fk) values (461,975);
insert into digital_lib_book_tag (digital_lib_book_fk, digital_lib_tag_fk) values (461,584);
insert into digital_lib_book_tag (digital_lib_book_fk, digital_lib_tag_fk) values (461,2446);
insert into digital_lib_book_tag (digital_lib_book_fk, digital_lib_tag_fk) values (461,977);
insert into digital_lib_book_tag (digital_lib_book_fk, digital_lib_tag_fk) values (461,1303);
insert into digital_lib_book_tag (digital_lib_book_fk, digital_lib_tag_fk) values (461,1793);
insert into digital_lib_book_tag (digital_lib_book_fk, digital_lib_tag_fk) values (461,1041);
insert into digital_lib_book_tag (digital_lib_book_fk, digital_lib_tag_fk) values (461,2035);
insert into digital_lib_book_publisher (digital_lib_book_fk, digital_lib_publisher_fk) values (461,258);
insert into digital_lib_category_book (digital_lib_book_fk, digital_lib_category_fk) values (461,6);
insert into digital_lib_category_book (digital_lib_book_fk, digital_lib_category_fk) values (461,15);
insert into digital_lib_book (digital_lib_book_id, title, description, issue_year) values (462,'Open Data Structures: An Introduction','The book allows you to go even deeper into the topic  of data structures.',2013);
insert into digital_lib_book_author (digital_lib_book_fk, digital_lib_author_fk) values (462,975);
insert into digital_lib_book_tag (digital_lib_book_fk, digital_lib_tag_fk) values (462,584);
insert into digital_lib_book_tag (digital_lib_book_fk, digital_lib_tag_fk) values (462,2446);
insert into digital_lib_book_tag (digital_lib_book_fk, digital_lib_tag_fk) values (462,977);
insert into digital_lib_book_tag (digital_lib_book_fk, digital_lib_tag_fk) values (462,1303);
insert into digital_lib_book_tag (digital_lib_book_fk, digital_lib_tag_fk) values (462,1793);
insert into digital_lib_book_tag (digital_lib_book_fk, digital_lib_tag_fk) values (462,1041);
insert into digital_lib_book_publisher (digital_lib_book_fk, digital_lib_publisher_fk) values (462,133);
insert into digital_lib_category_book (digital_lib_book_fk, digital_lib_category_fk) values (462,6);
insert into digital_lib_category_book (digital_lib_book_fk, digital_lib_category_fk) values (462,15);
insert into digital_lib_book (digital_lib_book_id, title, description, issue_year) values (463,'Open Data Structures in Java','The book allows you to go even deeper into the topic  of data structures.',2014);
insert into digital_lib_book_author (digital_lib_book_fk, digital_lib_author_fk) values (463,975);
insert into digital_lib_book_tag (digital_lib_book_fk, digital_lib_tag_fk) values (463,584);
insert into digital_lib_book_tag (digital_lib_book_fk, digital_lib_tag_fk) values (463,2446);
insert into digital_lib_book_tag (digital_lib_book_fk, digital_lib_tag_fk) values (463,977);
insert into digital_lib_book_tag (digital_lib_book_fk, digital_lib_tag_fk) values (463,1303);
insert into digital_lib_book_tag (digital_lib_book_fk, digital_lib_tag_fk) values (463,1793);
insert into digital_lib_book_tag (digital_lib_book_fk, digital_lib_tag_fk) values (463,1041);
insert into digital_lib_book_publisher (digital_lib_book_fk, digital_lib_publisher_fk) values (463,258);
insert into digital_lib_category_book (digital_lib_book_fk, digital_lib_category_fk) values (463,6);
insert into digital_lib_category_book (digital_lib_book_fk, digital_lib_category_fk) values (463,15);
insert into digital_lib_book (digital_lib_book_id, title, description, issue_year) values (464,'Java Structures - Data Structures in Java for the Principled Programmer','Java Structures, -Java structures-, is a free textbook developed to assist teachers in teaching data structures (sometimes called CS2).',2007);
insert into digital_lib_book_author (digital_lib_book_fk, digital_lib_author_fk) values (464,254);
insert into digital_lib_book_tag (digital_lib_book_fk, digital_lib_tag_fk) values (464,977);
insert into digital_lib_book_tag (digital_lib_book_fk, digital_lib_tag_fk) values (464,2076);
insert into digital_lib_book_tag (digital_lib_book_fk, digital_lib_tag_fk) values (464,2079);
insert into digital_lib_book_publisher (digital_lib_book_fk, digital_lib_publisher_fk) values (464,140);
insert into digital_lib_category_book (digital_lib_book_fk, digital_lib_category_fk) values (464,6);
insert into digital_lib_category_book (digital_lib_book_fk, digital_lib_category_fk) values (464,15);
insert into digital_lib_book (digital_lib_book_id, title, description, issue_year) values (465,'Planning Algorithms','Written for developers and engineers with interests in artificial intelligence, robotics, or control theory, this is the only book in its category that integrates resources from numerous sources to teach all things related to computational biology, digital graphics, manufacturing, aerospace applications, and medicine. One of the classic manuals in Computer Science published by the prestigious University of Cambridge.',2006);
insert into digital_lib_book_author (digital_lib_book_fk, digital_lib_author_fk) values (465,1188);
insert into digital_lib_book_tag (digital_lib_book_fk, digital_lib_tag_fk) values (465,744);
insert into digital_lib_book_tag (digital_lib_book_fk, digital_lib_tag_fk) values (465,2446);
insert into digital_lib_book_tag (digital_lib_book_fk, digital_lib_tag_fk) values (465,876);
insert into digital_lib_book_tag (digital_lib_book_fk, digital_lib_tag_fk) values (465,1183);
insert into digital_lib_book_tag (digital_lib_book_fk, digital_lib_tag_fk) values (465,2211);
insert into digital_lib_book_tag (digital_lib_book_fk, digital_lib_tag_fk) values (465,2367);
insert into digital_lib_book_tag (digital_lib_book_fk, digital_lib_tag_fk) values (465,1867);
insert into digital_lib_book_publisher (digital_lib_book_fk, digital_lib_publisher_fk) values (465,124);
insert into digital_lib_category_book (digital_lib_book_fk, digital_lib_category_fk) values (465,6);
insert into digital_lib_category_book (digital_lib_book_fk, digital_lib_category_fk) values (465,15);
insert into digital_lib_book (digital_lib_book_id, title, description, issue_year) values (466,'Purely Functional Data Structures','This book describes several techniques for designing functional data structures, and numerous original data structures based on these techniques, including multiple variations of lists, queues, double-ended queues, and heaps, many supporting more exotic features such as random access or efficient catenation.',1996);
insert into digital_lib_book_author (digital_lib_book_fk, digital_lib_author_fk) values (466,593);
insert into digital_lib_book_tag (digital_lib_book_fk, digital_lib_tag_fk) values (466,977);
insert into digital_lib_book_tag (digital_lib_book_fk, digital_lib_tag_fk) values (466,1293);
insert into digital_lib_book_tag (digital_lib_book_fk, digital_lib_tag_fk) values (466,1268);
insert into digital_lib_book_tag (digital_lib_book_fk, digital_lib_tag_fk) values (466,1954);
insert into digital_lib_book_tag (digital_lib_book_fk, digital_lib_tag_fk) values (466,876);
insert into digital_lib_book_tag (digital_lib_book_fk, digital_lib_tag_fk) values (466,2048);
insert into digital_lib_book_publisher (digital_lib_book_fk, digital_lib_publisher_fk) values (466,16);
insert into digital_lib_category_book (digital_lib_book_fk, digital_lib_category_fk) values (466,6);
insert into digital_lib_category_book (digital_lib_book_fk, digital_lib_category_fk) values (466,15);
insert into digital_lib_book (digital_lib_book_id, title, description, issue_year) values (467,'Real-Time Optimization','This Special Issue on Real-Time Optimization includes both methodological and practical contributions. The methods covered include modifier adaptation, economic MPC and the two-step approach of parameter identification and numerical optimization.',2017);
insert into digital_lib_book_author (digital_lib_book_fk, digital_lib_author_fk) values (467,649);
insert into digital_lib_book_tag (digital_lib_book_fk, digital_lib_tag_fk) values (467,2446);
insert into digital_lib_book_tag (digital_lib_book_fk, digital_lib_tag_fk) values (467,1506);
insert into digital_lib_book_tag (digital_lib_book_fk, digital_lib_tag_fk) values (467,341);
insert into digital_lib_book_tag (digital_lib_book_fk, digital_lib_tag_fk) values (467,799);
insert into digital_lib_book_publisher (digital_lib_book_fk, digital_lib_publisher_fk) values (467,57);
insert into digital_lib_category_book (digital_lib_book_fk, digital_lib_category_fk) values (467,6);
insert into digital_lib_category_book (digital_lib_book_fk, digital_lib_category_fk) values (467,15);
insert into digital_lib_book (digital_lib_book_id, title, description, issue_year) values (468,'Handbook Statistical foundations of machine learning','For all those interested in the study of machine learning, this book represents an introduction into the fundamentals of this area.',2013);
insert into digital_lib_book_author (digital_lib_book_fk, digital_lib_author_fk) values (468,732);
insert into digital_lib_book_tag (digital_lib_book_fk, digital_lib_tag_fk) values (468,2043);
insert into digital_lib_book_tag (digital_lib_book_fk, digital_lib_tag_fk) values (468,1502);
insert into digital_lib_book_tag (digital_lib_book_fk, digital_lib_tag_fk) values (468,1041);
insert into digital_lib_book_tag (digital_lib_book_fk, digital_lib_tag_fk) values (468,651);
insert into digital_lib_book_tag (digital_lib_book_fk, digital_lib_tag_fk) values (468,13);
insert into digital_lib_book_tag (digital_lib_book_fk, digital_lib_tag_fk) values (468,876);
insert into digital_lib_book_publisher (digital_lib_book_fk, digital_lib_publisher_fk) values (468,99);
insert into digital_lib_category_book (digital_lib_book_fk, digital_lib_category_fk) values (468,6);
insert into digital_lib_category_book (digital_lib_book_fk, digital_lib_category_fk) values (468,15);
insert into digital_lib_book (digital_lib_book_id, title, description, issue_year) values (469,'The Big Data Agenda: Data Ethics and Critical Data Studies','This book highlights that the capacity for gathering, analysing, and utilising vast amounts of digital (user) data raises significant ethical issues. The book assesses in detail one big data research area: biomedical studies, focused on epidemiological surveillance.',2018);
insert into digital_lib_book_author (digital_lib_book_fk, digital_lib_author_fk) values (469,1073);
insert into digital_lib_book_tag (digital_lib_book_fk, digital_lib_tag_fk) values (469,2449);
insert into digital_lib_book_tag (digital_lib_book_fk, digital_lib_tag_fk) values (469,876);
insert into digital_lib_book_tag (digital_lib_book_fk, digital_lib_tag_fk) values (469,2043);
insert into digital_lib_book_publisher (digital_lib_book_fk, digital_lib_publisher_fk) values (469,3);
insert into digital_lib_category_book (digital_lib_book_fk, digital_lib_category_fk) values (469,6);
insert into digital_lib_category_book (digital_lib_book_fk, digital_lib_category_fk) values (469,15);
insert into digital_lib_book (digital_lib_book_id, title, description, issue_year) values (470,'Text Algorithms','From a theoretical point of view, this book is extremely valuable in terms of focusing on efficient algorithm development paradigms, providing the necessary foundation for creating practical software that is tailored to the circumstances. A crucial point in the authors\` approach is the development of a methodology for presenting text algorithms so that they can be fully understood.',1997);
insert into digital_lib_book_author (digital_lib_book_fk, digital_lib_author_fk) values (470,426);
insert into digital_lib_book_tag (digital_lib_book_fk, digital_lib_tag_fk) values (470,876);
insert into digital_lib_book_tag (digital_lib_book_fk, digital_lib_tag_fk) values (470,481);
insert into digital_lib_book_tag (digital_lib_book_fk, digital_lib_tag_fk) values (470,2076);
insert into digital_lib_book_publisher (digital_lib_book_fk, digital_lib_publisher_fk) values (470,240);
insert into digital_lib_category_book (digital_lib_book_fk, digital_lib_category_fk) values (470,6);
insert into digital_lib_category_book (digital_lib_book_fk, digital_lib_category_fk) values (470,15);
insert into digital_lib_book (digital_lib_book_id, title, description, issue_year) values (471,'The Design of Approximation Algorithms','This book is designed to be a textbook for graduate-level courses in approximation algorithms.',2010);
insert into digital_lib_book_author (digital_lib_book_fk, digital_lib_author_fk) values (471,402);
insert into digital_lib_book_author (digital_lib_book_fk, digital_lib_author_fk) values (471,754);
insert into digital_lib_book_tag (digital_lib_book_fk, digital_lib_tag_fk) values (471,876);
insert into digital_lib_book_tag (digital_lib_book_fk, digital_lib_tag_fk) values (471,2446);
insert into digital_lib_book_tag (digital_lib_book_fk, digital_lib_tag_fk) values (471,839);
insert into digital_lib_book_tag (digital_lib_book_fk, digital_lib_tag_fk) values (471,2076);
insert into digital_lib_book_publisher (digital_lib_book_fk, digital_lib_publisher_fk) values (471,84);
insert into digital_lib_category_book (digital_lib_book_fk, digital_lib_category_fk) values (471,6);
insert into digital_lib_category_book (digital_lib_book_fk, digital_lib_category_fk) values (471,15);
insert into digital_lib_book (digital_lib_book_id, title, description, issue_year) values (472,'Tree Graphs and Orthogonal Spanning Tree Decompositions','The book allows you to go even deeper into the topic  of tree graphs and explore the topic in detail.',2016);
insert into digital_lib_book_author (digital_lib_book_fk, digital_lib_author_fk) values (472,689);
insert into digital_lib_book_tag (digital_lib_book_fk, digital_lib_tag_fk) values (472,2446);
insert into digital_lib_book_tag (digital_lib_book_fk, digital_lib_tag_fk) values (472,2393);
insert into digital_lib_book_tag (digital_lib_book_fk, digital_lib_tag_fk) values (472,1303);
insert into digital_lib_book_tag (digital_lib_book_fk, digital_lib_tag_fk) values (472,1041);
insert into digital_lib_book_tag (digital_lib_book_fk, digital_lib_tag_fk) values (472,915);
insert into digital_lib_book_tag (digital_lib_book_fk, digital_lib_tag_fk) values (472,2449);
insert into digital_lib_book_tag (digital_lib_book_fk, digital_lib_tag_fk) values (472,876);
insert into digital_lib_book_publisher (digital_lib_book_fk, digital_lib_publisher_fk) values (472,94);
insert into digital_lib_category_book (digital_lib_book_fk, digital_lib_category_fk) values (472,6);
insert into digital_lib_category_book (digital_lib_book_fk, digital_lib_category_fk) values (472,15);
insert into digital_lib_book (digital_lib_book_id, title, description, issue_year) values (473,'The Great Tree-List Recursion Problem','In this little essay, Professor Nick Talking shows us how to solve a complex problem: taking an ordered binary tree and rearranging its internal pointers to produce a circular list doubly connected to it. The examples with the solution are given in both C and Java languages.',2000);
insert into digital_lib_book_author (digital_lib_book_fk, digital_lib_author_fk) values (473,959);
insert into digital_lib_book_tag (digital_lib_book_fk, digital_lib_tag_fk) values (473,2446);
insert into digital_lib_book_tag (digital_lib_book_fk, digital_lib_tag_fk) values (473,2393);
insert into digital_lib_book_tag (digital_lib_book_fk, digital_lib_tag_fk) values (473,1303);
insert into digital_lib_book_tag (digital_lib_book_fk, digital_lib_tag_fk) values (473,1041);
insert into digital_lib_book_tag (digital_lib_book_fk, digital_lib_tag_fk) values (473,915);
insert into digital_lib_book_tag (digital_lib_book_fk, digital_lib_tag_fk) values (473,2449);
insert into digital_lib_book_tag (digital_lib_book_fk, digital_lib_tag_fk) values (473,876);
insert into digital_lib_book_tag (digital_lib_book_fk, digital_lib_tag_fk) values (473,2120);
insert into digital_lib_book_publisher (digital_lib_book_fk, digital_lib_publisher_fk) values (473,217);
insert into digital_lib_category_book (digital_lib_book_fk, digital_lib_category_fk) values (473,6);
insert into digital_lib_category_book (digital_lib_book_fk, digital_lib_category_fk) values (473,15);
insert into digital_lib_book (digital_lib_book_id, title, description, issue_year) values (474,'Computer Vision Algorithms and Applications','Computer Vision: Algorithms and Applications explores the variety of techniques commonly used to analyze and interpret images. It also describes challenging real-world applications where vision is being successfully used, both for specialized applications such as medical imaging, and for fun, consumer-level tasks such as image editing and stitching, which students can apply to their own personal photos and videos.',2011);
insert into digital_lib_book_author (digital_lib_book_fk, digital_lib_author_fk) values (474,330);
insert into digital_lib_book_tag (digital_lib_book_fk, digital_lib_tag_fk) values (474,876);
insert into digital_lib_book_tag (digital_lib_book_fk, digital_lib_tag_fk) values (474,2019);
insert into digital_lib_book_tag (digital_lib_book_fk, digital_lib_tag_fk) values (474,1935);
insert into digital_lib_book_tag (digital_lib_book_fk, digital_lib_tag_fk) values (474,1950);
insert into digital_lib_book_tag (digital_lib_book_fk, digital_lib_tag_fk) values (474,965);
insert into digital_lib_book_publisher (digital_lib_book_fk, digital_lib_publisher_fk) values (474,14);
insert into digital_lib_book_publisher (digital_lib_book_fk, digital_lib_publisher_fk) values (474,190);
insert into digital_lib_category_book (digital_lib_book_fk, digital_lib_category_fk) values (474,6);
insert into digital_lib_category_book (digital_lib_book_fk, digital_lib_category_fk) values (474,18);
insert into digital_lib_book (digital_lib_book_id, title, description, issue_year) values (475,'Computer Vision Metrics Survey, Taxonomy, and Analysis','Computer Vision Metrics provides necessary background to develop intuition about why interest point detectors and feature descriptors actually work, how they are designed, with observations about tuning the methods for achieving robustness and invariance targets for specific applications.',2014);
insert into digital_lib_book_author (digital_lib_book_fk, digital_lib_author_fk) values (475,858);
insert into digital_lib_book_tag (digital_lib_book_fk, digital_lib_tag_fk) values (475,876);
insert into digital_lib_book_tag (digital_lib_book_fk, digital_lib_tag_fk) values (475,2019);
insert into digital_lib_book_tag (digital_lib_book_fk, digital_lib_tag_fk) values (475,1935);
insert into digital_lib_book_tag (digital_lib_book_fk, digital_lib_tag_fk) values (475,1950);
insert into digital_lib_book_tag (digital_lib_book_fk, digital_lib_tag_fk) values (475,965);
insert into digital_lib_book_publisher (digital_lib_book_fk, digital_lib_publisher_fk) values (475,19);
insert into digital_lib_book_publisher (digital_lib_book_fk, digital_lib_publisher_fk) values (475,1);
insert into digital_lib_book_publisher (digital_lib_book_fk, digital_lib_publisher_fk) values (475,189);
insert into digital_lib_category_book (digital_lib_book_fk, digital_lib_category_fk) values (475,6);
insert into digital_lib_category_book (digital_lib_book_fk, digital_lib_category_fk) values (475,18);
insert into digital_lib_book (digital_lib_book_id, title, description, issue_year) values (476,'Digital Image Processing An Algorithmic Introduction Using Java','This modern, self-contained textbook provides an accessible introduction to the field from the perspective of a practicing programmer, supporting a detailed presentation of the fundamental concepts and techniques with practical exercises and fully worked out implementation examples.',2016);
insert into digital_lib_book_author (digital_lib_book_fk, digital_lib_author_fk) values (476,144);
insert into digital_lib_book_author (digital_lib_book_fk, digital_lib_author_fk) values (476,335);
insert into digital_lib_book_tag (digital_lib_book_fk, digital_lib_tag_fk) values (476,1588);
insert into digital_lib_book_tag (digital_lib_book_fk, digital_lib_tag_fk) values (476,1491);
insert into digital_lib_book_tag (digital_lib_book_fk, digital_lib_tag_fk) values (476,1240);
insert into digital_lib_book_tag (digital_lib_book_fk, digital_lib_tag_fk) values (476,238);
insert into digital_lib_book_tag (digital_lib_book_fk, digital_lib_tag_fk) values (476,1597);
insert into digital_lib_book_tag (digital_lib_book_fk, digital_lib_tag_fk) values (476,2038);
insert into digital_lib_book_tag (digital_lib_book_fk, digital_lib_tag_fk) values (476,1933);
insert into digital_lib_book_tag (digital_lib_book_fk, digital_lib_tag_fk) values (476,99);
insert into digital_lib_book_publisher (digital_lib_book_fk, digital_lib_publisher_fk) values (476,14);
insert into digital_lib_book_publisher (digital_lib_book_fk, digital_lib_publisher_fk) values (476,190);
insert into digital_lib_category_book (digital_lib_book_fk, digital_lib_category_fk) values (476,6);
insert into digital_lib_category_book (digital_lib_book_fk, digital_lib_category_fk) values (476,18);
insert into digital_lib_book (digital_lib_book_id, title, description, issue_year) values (477,'Medical Imaging Systems An Introductory Guide','This open access book gives a complete and comprehensive introduction to the fields of medical imaging systems, as designed for a broad range of applications. The authors of the book first explain the foundations of system theory and image processing, before highlighting several modalities in a dedicated chapter.',2018);
insert into digital_lib_book_author (digital_lib_book_fk, digital_lib_author_fk) values (477,524);
insert into digital_lib_book_author (digital_lib_book_fk, digital_lib_author_fk) values (477,403);
insert into digital_lib_book_author (digital_lib_book_fk, digital_lib_author_fk) values (477,884);
insert into digital_lib_book_author (digital_lib_book_fk, digital_lib_author_fk) values (477,660);
insert into digital_lib_book_tag (digital_lib_book_fk, digital_lib_tag_fk) values (477,1189);
insert into digital_lib_book_tag (digital_lib_book_fk, digital_lib_tag_fk) values (477,443);
insert into digital_lib_book_tag (digital_lib_book_fk, digital_lib_tag_fk) values (477,2137);
insert into digital_lib_book_tag (digital_lib_book_fk, digital_lib_tag_fk) values (477,1375);
insert into digital_lib_book_tag (digital_lib_book_fk, digital_lib_tag_fk) values (477,934);
insert into digital_lib_book_tag (digital_lib_book_fk, digital_lib_tag_fk) values (477,711);
insert into digital_lib_book_tag (digital_lib_book_fk, digital_lib_tag_fk) values (477,936);
insert into digital_lib_book_tag (digital_lib_book_fk, digital_lib_tag_fk) values (477,594);
insert into digital_lib_book_tag (digital_lib_book_fk, digital_lib_tag_fk) values (477,2060);
insert into digital_lib_book_tag (digital_lib_book_fk, digital_lib_tag_fk) values (477,2338);
insert into digital_lib_book_tag (digital_lib_book_fk, digital_lib_tag_fk) values (477,322);
insert into digital_lib_book_publisher (digital_lib_book_fk, digital_lib_publisher_fk) values (477,14);
insert into digital_lib_book_publisher (digital_lib_book_fk, digital_lib_publisher_fk) values (477,2);
insert into digital_lib_category_book (digital_lib_book_fk, digital_lib_category_fk) values (477,6);
insert into digital_lib_category_book (digital_lib_book_fk, digital_lib_category_fk) values (477,18);
insert into digital_lib_book (digital_lib_book_id, title, description, issue_year) values (478,'mHealth Innovation in Asia Grassroots Challenges and Practical Interventions','This book offers a detailed account of a range of mHealth initiatives across South, Southeast and East Asia. It provides readers with deep insights into the challenges such initiatives face on the ground, and a view of the diverse cultural contexts shaping strategies for overcoming these challenges. The book brings together various discussions on the broader mHealth literature, and demonstrates how a research focus on diverse Asian contexts influences the success and/or failure of current mHealth initiatives. It also highlights the important roles social scientists can play in advancing theoretical approaches, as well as planning, implementing and evaluating mHealth initiatives. The book is a valuable resource for project planners, policy developers in NGOs and government institutions, as well as academics, researchers and students in the fields of public health, communications and development studies.',2018);
insert into digital_lib_book_author (digital_lib_book_fk, digital_lib_author_fk) values (478,212);
insert into digital_lib_book_author (digital_lib_book_fk, digital_lib_author_fk) values (478,329);
insert into digital_lib_book_author (digital_lib_book_fk, digital_lib_author_fk) values (478,823);
insert into digital_lib_book_tag (digital_lib_book_fk, digital_lib_tag_fk) values (478,1504);
insert into digital_lib_book_tag (digital_lib_book_fk, digital_lib_tag_fk) values (478,1862);
insert into digital_lib_book_tag (digital_lib_book_fk, digital_lib_tag_fk) values (478,2091);
insert into digital_lib_book_tag (digital_lib_book_fk, digital_lib_tag_fk) values (478,909);
insert into digital_lib_book_tag (digital_lib_book_fk, digital_lib_tag_fk) values (478,1901);
insert into digital_lib_book_tag (digital_lib_book_fk, digital_lib_tag_fk) values (478,1804);
insert into digital_lib_book_tag (digital_lib_book_fk, digital_lib_tag_fk) values (478,142);
insert into digital_lib_book_tag (digital_lib_book_fk, digital_lib_tag_fk) values (478,15);
insert into digital_lib_book_tag (digital_lib_book_fk, digital_lib_tag_fk) values (478,711);
insert into digital_lib_book_tag (digital_lib_book_fk, digital_lib_tag_fk) values (478,962);
insert into digital_lib_book_publisher (digital_lib_book_fk, digital_lib_publisher_fk) values (478,14);
insert into digital_lib_book_publisher (digital_lib_book_fk, digital_lib_publisher_fk) values (478,77);
insert into digital_lib_category_book (digital_lib_book_fk, digital_lib_category_fk) values (478,6);
insert into digital_lib_category_book (digital_lib_book_fk, digital_lib_category_fk) values (478,18);
insert into digital_lib_book (digital_lib_book_id, title, description, issue_year) values (479,'Computational Conflict Research','This open access book brings together a set of original studies that use cutting-edge computational methods to investigate conflict at various geographic scales and degrees of intensity and violence.',2020);
insert into digital_lib_book_author (digital_lib_book_fk, digital_lib_author_fk) values (479,712);
insert into digital_lib_book_author (digital_lib_book_fk, digital_lib_author_fk) values (479,827);
insert into digital_lib_book_author (digital_lib_book_fk, digital_lib_author_fk) values (479,308);
insert into digital_lib_book_author (digital_lib_book_fk, digital_lib_author_fk) values (479,541);
insert into digital_lib_book_author (digital_lib_book_fk, digital_lib_author_fk) values (479,933);
insert into digital_lib_book_tag (digital_lib_book_fk, digital_lib_tag_fk) values (479,1074);
insert into digital_lib_book_tag (digital_lib_book_fk, digital_lib_tag_fk) values (479,416);
insert into digital_lib_book_tag (digital_lib_book_fk, digital_lib_tag_fk) values (479,1892);
insert into digital_lib_book_tag (digital_lib_book_fk, digital_lib_tag_fk) values (479,141);
insert into digital_lib_book_publisher (digital_lib_book_fk, digital_lib_publisher_fk) values (479,14);
insert into digital_lib_book_publisher (digital_lib_book_fk, digital_lib_publisher_fk) values (479,2);
insert into digital_lib_category_book (digital_lib_book_fk, digital_lib_category_fk) values (479,6);
insert into digital_lib_category_book (digital_lib_book_fk, digital_lib_category_fk) values (479,18);
insert into digital_lib_book (digital_lib_book_id, title, description, issue_year) values (480,'Models of Computation','This course is a broad introduction to theoretical computer science, aimed at third-year computer science and computer engineering majors, that covers both fundamental topics in algorithms, for which I already have copious notes, and fundamental topics on formal languages and automata, for which I wrote the notes you are reading now.',2015);
insert into digital_lib_book_author (digital_lib_book_fk, digital_lib_author_fk) values (480,1154);
insert into digital_lib_book_tag (digital_lib_book_fk, digital_lib_tag_fk) values (480,1965);
insert into digital_lib_book_tag (digital_lib_book_fk, digital_lib_tag_fk) values (480,2211);
insert into digital_lib_book_tag (digital_lib_book_fk, digital_lib_tag_fk) values (480,1037);
insert into digital_lib_book_tag (digital_lib_book_fk, digital_lib_tag_fk) values (480,1771);
insert into digital_lib_book_tag (digital_lib_book_fk, digital_lib_tag_fk) values (480,1309);
insert into digital_lib_book_tag (digital_lib_book_fk, digital_lib_tag_fk) values (480,1852);
insert into digital_lib_book_tag (digital_lib_book_fk, digital_lib_tag_fk) values (480,2211);
insert into digital_lib_book_publisher (digital_lib_book_fk, digital_lib_publisher_fk) values (480,258);
insert into digital_lib_category_book (digital_lib_book_fk, digital_lib_category_fk) values (480,6);
insert into digital_lib_category_book (digital_lib_book_fk, digital_lib_category_fk) values (480,18);
insert into digital_lib_book (digital_lib_book_id, title, description, issue_year) values (481,'The Computer Science Handbook','The Computer Science handbook is a handbook designed to explain algorithms and data structures in a way that anyone can understand. The artists have tried their hardest to simplify all language to make it easy to read without any math or computer science background.',2015);
insert into digital_lib_book_author (digital_lib_book_fk, digital_lib_author_fk) values (481,1186);
insert into digital_lib_book_tag (digital_lib_book_fk, digital_lib_tag_fk) values (481,2446);
insert into digital_lib_book_tag (digital_lib_book_fk, digital_lib_tag_fk) values (481,583);
insert into digital_lib_book_tag (digital_lib_book_fk, digital_lib_tag_fk) values (481,977);
insert into digital_lib_book_tag (digital_lib_book_fk, digital_lib_tag_fk) values (481,1143);
insert into digital_lib_book_tag (digital_lib_book_fk, digital_lib_tag_fk) values (481,1303);
insert into digital_lib_book_tag (digital_lib_book_fk, digital_lib_tag_fk) values (481,1922);
insert into digital_lib_book_publisher (digital_lib_book_fk, digital_lib_publisher_fk) values (481,258);
insert into digital_lib_category_book (digital_lib_book_fk, digital_lib_category_fk) values (481,6);
insert into digital_lib_category_book (digital_lib_book_fk, digital_lib_category_fk) values (481,18);
insert into digital_lib_book (digital_lib_book_id, title, description, issue_year) values (482,'Introduction to Theory of Computation','This course is on the Theory of Computation. Purpose of the Theory of Computation is to develop formal mathematical models of computation that reflect real-world computers.',2014);
insert into digital_lib_book_author (digital_lib_book_fk, digital_lib_author_fk) values (482,263);
insert into digital_lib_book_author (digital_lib_book_fk, digital_lib_author_fk) values (482,353);
insert into digital_lib_book_tag (digital_lib_book_fk, digital_lib_tag_fk) values (482,2446);
insert into digital_lib_book_tag (digital_lib_book_fk, digital_lib_tag_fk) values (482,1965);
insert into digital_lib_book_tag (digital_lib_book_fk, digital_lib_tag_fk) values (482,37);
insert into digital_lib_book_tag (digital_lib_book_fk, digital_lib_tag_fk) values (482,1740);
insert into digital_lib_book_tag (digital_lib_book_fk, digital_lib_tag_fk) values (482,1041);
insert into digital_lib_book_tag (digital_lib_book_fk, digital_lib_tag_fk) values (482,1852);
insert into digital_lib_book_publisher (digital_lib_book_fk, digital_lib_publisher_fk) values (482,90);
insert into digital_lib_category_book (digital_lib_book_fk, digital_lib_category_fk) values (482,6);
insert into digital_lib_category_book (digital_lib_book_fk, digital_lib_category_fk) values (482,18);
insert into digital_lib_book (digital_lib_book_id, title, description, issue_year) values (483,'Advanced biometric technologies','This book shows the latest advancements in this field for the implementation of robust and high-performance authentication systems.',2011);
insert into digital_lib_book_author (digital_lib_book_fk, digital_lib_author_fk) values (483,1040);
insert into digital_lib_book_author (digital_lib_book_fk, digital_lib_author_fk) values (483,546);
insert into digital_lib_book_tag (digital_lib_book_fk, digital_lib_tag_fk) values (483,2016);
insert into digital_lib_book_tag (digital_lib_book_fk, digital_lib_tag_fk) values (483,535);
insert into digital_lib_book_tag (digital_lib_book_fk, digital_lib_tag_fk) values (483,1632);
insert into digital_lib_book_tag (digital_lib_book_fk, digital_lib_tag_fk) values (483,1867);
insert into digital_lib_book_tag (digital_lib_book_fk, digital_lib_tag_fk) values (483,2089);
insert into digital_lib_book_tag (digital_lib_book_fk, digital_lib_tag_fk) values (483,743);
insert into digital_lib_book_tag (digital_lib_book_fk, digital_lib_tag_fk) values (483,876);
insert into digital_lib_book_tag (digital_lib_book_fk, digital_lib_tag_fk) values (483,1867);
insert into digital_lib_book_publisher (digital_lib_book_fk, digital_lib_publisher_fk) values (483,243);
insert into digital_lib_category_book (digital_lib_book_fk, digital_lib_category_fk) values (483,6);
insert into digital_lib_category_book (digital_lib_book_fk, digital_lib_category_fk) values (483,18);
insert into digital_lib_book (digital_lib_book_id, title, description, issue_year) values (484,'Basics of Compiler Design','In order to reduce the complexity of designing and building computers a program for a computer must be built by combining very simple commands into a program in what is called machine language. This language can be very different from the machine language that the computer can execute, so some means of bridging the gap is required. This is where this book comes in.',2010);
insert into digital_lib_book_author (digital_lib_book_fk, digital_lib_author_fk) values (484,302);
insert into digital_lib_book_tag (digital_lib_book_fk, digital_lib_tag_fk) values (484,532);
insert into digital_lib_book_tag (digital_lib_book_fk, digital_lib_tag_fk) values (484,574);
insert into digital_lib_book_tag (digital_lib_book_fk, digital_lib_tag_fk) values (484,2269);
insert into digital_lib_book_tag (digital_lib_book_fk, digital_lib_tag_fk) values (484,1434);
insert into digital_lib_book_tag (digital_lib_book_fk, digital_lib_tag_fk) values (484,799);
insert into digital_lib_book_tag (digital_lib_book_fk, digital_lib_tag_fk) values (484,2076);
insert into digital_lib_book_publisher (digital_lib_book_fk, digital_lib_publisher_fk) values (484,206);
insert into digital_lib_category_book (digital_lib_book_fk, digital_lib_category_fk) values (484,6);
insert into digital_lib_category_book (digital_lib_book_fk, digital_lib_category_fk) values (484,18);
insert into digital_lib_book (digital_lib_book_id, title, description, issue_year) values (485,'Building Blocks for Theoretical Computer Science','This book teaches two different sorts of things, woven together. It teaches you how to read and write mathematical proofs. It provides a survey of basic mathematical objects, notation, and techniques which will be useful in later computer science courses. And, finally, it gives a brief introduction to some key topics in theoretical computer science: algorithm analysis and complexity, automata theory, and computability.',2013);
insert into digital_lib_book_author (digital_lib_book_fk, digital_lib_author_fk) values (485,735);
insert into digital_lib_book_tag (digital_lib_book_fk, digital_lib_tag_fk) values (485,876);
insert into digital_lib_book_tag (digital_lib_book_fk, digital_lib_tag_fk) values (485,1681);
insert into digital_lib_book_tag (digital_lib_book_fk, digital_lib_tag_fk) values (485,1883);
insert into digital_lib_book_tag (digital_lib_book_fk, digital_lib_tag_fk) values (485,1303);
insert into digital_lib_book_tag (digital_lib_book_fk, digital_lib_tag_fk) values (485,1041);
insert into digital_lib_book_tag (digital_lib_book_fk, digital_lib_tag_fk) values (485,2076);
insert into digital_lib_book_tag (digital_lib_book_fk, digital_lib_tag_fk) values (485,2449);
insert into digital_lib_book_tag (digital_lib_book_fk, digital_lib_tag_fk) values (485,18);
insert into digital_lib_book_publisher (digital_lib_book_fk, digital_lib_publisher_fk) values (485,258);
insert into digital_lib_category_book (digital_lib_book_fk, digital_lib_category_fk) values (485,6);
insert into digital_lib_category_book (digital_lib_book_fk, digital_lib_category_fk) values (485,18);
insert into digital_lib_book (digital_lib_book_id, title, description, issue_year) values (486,'Computational and Inferential Thinking','Data Science is about drawing useful conclusions from large and diverse data sets through exploration, prediction, and inference. Exploration involves identifying patterns in information. Prediction involves using information we know to make informed guesses about values we wish we knew. This book explains these in detail.',2017);
insert into digital_lib_book_author (digital_lib_book_fk, digital_lib_author_fk) values (486,700);
insert into digital_lib_book_author (digital_lib_book_fk, digital_lib_author_fk) values (486,304);
insert into digital_lib_book_tag (digital_lib_book_fk, digital_lib_tag_fk) values (486,876);
insert into digital_lib_book_tag (digital_lib_book_fk, digital_lib_tag_fk) values (486,2446);
insert into digital_lib_book_tag (digital_lib_book_fk, digital_lib_tag_fk) values (486,2076);
insert into digital_lib_book_tag (digital_lib_book_fk, digital_lib_tag_fk) values (486,1229);
insert into digital_lib_book_publisher (digital_lib_book_fk, digital_lib_publisher_fk) values (486,265);
insert into digital_lib_category_book (digital_lib_book_fk, digital_lib_category_fk) values (486,6);
insert into digital_lib_category_book (digital_lib_book_fk, digital_lib_category_fk) values (486,18);
insert into digital_lib_book (digital_lib_book_id, title, description, issue_year) values (487,'Computer Science I','Computer Science is not programming. Programming is a necessary skill, but it is only the beginning. This book is intended to get you started on your journey.',2015);
insert into digital_lib_book_author (digital_lib_book_fk, digital_lib_author_fk) values (487,384);
insert into digital_lib_book_tag (digital_lib_book_fk, digital_lib_tag_fk) values (487,583);
insert into digital_lib_book_tag (digital_lib_book_fk, digital_lib_tag_fk) values (487,1933);
insert into digital_lib_book_tag (digital_lib_book_fk, digital_lib_tag_fk) values (487,1619);
insert into digital_lib_book_tag (digital_lib_book_fk, digital_lib_tag_fk) values (487,2076);
insert into digital_lib_book_publisher (digital_lib_book_fk, digital_lib_publisher_fk) values (487,269);
insert into digital_lib_category_book (digital_lib_book_fk, digital_lib_category_fk) values (487,6);
insert into digital_lib_category_book (digital_lib_book_fk, digital_lib_category_fk) values (487,18);
insert into digital_lib_book (digital_lib_book_id, title, description, issue_year) values (488,'Curves and Surfaces In Geometric Modeling: Theory And Algorithms','This book is primarily an introduction to geometric concepts and tools needed for solving problems of a geometric nature with a computer. Our main goal is to provide an introduction to the mathematical concepts needed in tackling problems arising notably in computer graphics, geometric modeling, computer vision, and motion planning, just to mention some key areas.',2013);
insert into digital_lib_book_author (digital_lib_book_fk, digital_lib_author_fk) values (488,1014);
insert into digital_lib_book_tag (digital_lib_book_fk, digital_lib_tag_fk) values (488,2446);
insert into digital_lib_book_tag (digital_lib_book_fk, digital_lib_tag_fk) values (488,426);
insert into digital_lib_book_tag (digital_lib_book_fk, digital_lib_tag_fk) values (488,1041);
insert into digital_lib_book_tag (digital_lib_book_fk, digital_lib_tag_fk) values (488,2449);
insert into digital_lib_book_publisher (digital_lib_book_fk, digital_lib_publisher_fk) values (488,186);
insert into digital_lib_category_book (digital_lib_book_fk, digital_lib_category_fk) values (488,6);
insert into digital_lib_category_book (digital_lib_book_fk, digital_lib_category_fk) values (488,18);
insert into digital_lib_book (digital_lib_book_id, title, description, issue_year) values (489,'Data-Intensive Text Processing with MapReduce','This book focuses on MapReduce algorithm design, with an emphasis on text processing algorithms common in natural language processing, information retrieval, and machine learning. This book not only intends to help the reader "think in MapReduce", but also discusses limitations of the programming model as well.',2010);
insert into digital_lib_book_author (digital_lib_book_fk, digital_lib_author_fk) values (489,20);
insert into digital_lib_book_author (digital_lib_book_fk, digital_lib_author_fk) values (489,21);
insert into digital_lib_book_tag (digital_lib_book_fk, digital_lib_tag_fk) values (489,2446);
insert into digital_lib_book_tag (digital_lib_book_fk, digital_lib_tag_fk) values (489,139);
insert into digital_lib_book_tag (digital_lib_book_fk, digital_lib_tag_fk) values (489,1395);
insert into digital_lib_book_tag (digital_lib_book_fk, digital_lib_tag_fk) values (489,318);
insert into digital_lib_book_tag (digital_lib_book_fk, digital_lib_tag_fk) values (489,2076);
insert into digital_lib_book_tag (digital_lib_book_fk, digital_lib_tag_fk) values (489,876);
insert into digital_lib_book_publisher (digital_lib_book_fk, digital_lib_publisher_fk) values (489,105);
insert into digital_lib_book_publisher (digital_lib_book_fk, digital_lib_publisher_fk) values (489,159);
insert into digital_lib_category_book (digital_lib_book_fk, digital_lib_category_fk) values (489,6);
insert into digital_lib_category_book (digital_lib_book_fk, digital_lib_category_fk) values (489,18);
insert into digital_lib_book (digital_lib_book_id, title, description, issue_year) values (490,'Fundamentals of Computer Graphics','These notes represent an attempt to develop a comprehensive manual on computer graphics, focusing on three-dimensional environments.',2010);
insert into digital_lib_book_author (digital_lib_book_fk, digital_lib_author_fk) values (490,328);
insert into digital_lib_book_tag (digital_lib_book_fk, digital_lib_tag_fk) values (490,2367);
insert into digital_lib_book_tag (digital_lib_book_fk, digital_lib_tag_fk) values (490,1933);
insert into digital_lib_book_tag (digital_lib_book_fk, digital_lib_tag_fk) values (490,2419);
insert into digital_lib_book_tag (digital_lib_book_fk, digital_lib_tag_fk) values (490,2072);
insert into digital_lib_book_tag (digital_lib_book_fk, digital_lib_tag_fk) values (490,561);
insert into digital_lib_book_tag (digital_lib_book_fk, digital_lib_tag_fk) values (490,1839);
insert into digital_lib_book_publisher (digital_lib_book_fk, digital_lib_publisher_fk) values (490,8);
insert into digital_lib_book_publisher (digital_lib_book_fk, digital_lib_publisher_fk) values (490,108);
insert into digital_lib_category_book (digital_lib_book_fk, digital_lib_category_fk) values (490,6);
insert into digital_lib_category_book (digital_lib_book_fk, digital_lib_category_fk) values (490,18);
insert into digital_lib_book (digital_lib_book_id, title, description, issue_year) values (491,'High performance computing and numerical modelling','The written notes presented here quite closely follow the lectures as held in Villars-sur-Ollon. The discussion is often at an introductory level, but hopefully still useful as a general overview for students working on numerical models of galaxy evolution and star formation. Interested readers are referred to some of the references for a more detailed and mathematically sound exposition of the numerical techniques.',2014);
insert into digital_lib_book_author (digital_lib_book_fk, digital_lib_author_fk) values (491,513);
insert into digital_lib_book_tag (digital_lib_book_fk, digital_lib_tag_fk) values (491,2446);
insert into digital_lib_book_tag (digital_lib_book_fk, digital_lib_tag_fk) values (491,2211);
insert into digital_lib_book_tag (digital_lib_book_fk, digital_lib_tag_fk) values (491,691);
insert into digital_lib_book_tag (digital_lib_book_fk, digital_lib_tag_fk) values (491,1041);
insert into digital_lib_book_tag (digital_lib_book_fk, digital_lib_tag_fk) values (491,1599);
insert into digital_lib_book_tag (digital_lib_book_fk, digital_lib_tag_fk) values (491,876);
insert into digital_lib_book_tag (digital_lib_book_fk, digital_lib_tag_fk) values (491,2449);
insert into digital_lib_book_publisher (digital_lib_book_fk, digital_lib_publisher_fk) values (491,167);
insert into digital_lib_category_book (digital_lib_book_fk, digital_lib_category_fk) values (491,6);
insert into digital_lib_category_book (digital_lib_book_fk, digital_lib_category_fk) values (491,18);
insert into digital_lib_book (digital_lib_book_id, title, description, issue_year) values (492,'Introduction to Computer Graphics','This textbook represents my attempt to develop a modern first course in computer graphics, which would typically be taken by a computer science student in the third or fourth year of college. A reader should have substantial experience with at least one programming language, including some knowledge of object-oriented programming and data structures.',2016);
insert into digital_lib_book_author (digital_lib_book_fk, digital_lib_author_fk) values (492,328);
insert into digital_lib_book_tag (digital_lib_book_fk, digital_lib_tag_fk) values (492,2350);
insert into digital_lib_book_tag (digital_lib_book_fk, digital_lib_tag_fk) values (492,1994);
insert into digital_lib_book_tag (digital_lib_book_fk, digital_lib_tag_fk) values (492,2367);
insert into digital_lib_book_tag (digital_lib_book_fk, digital_lib_tag_fk) values (492,1520);
insert into digital_lib_book_tag (digital_lib_book_fk, digital_lib_tag_fk) values (492,820);
insert into digital_lib_book_tag (digital_lib_book_fk, digital_lib_tag_fk) values (492,459);
insert into digital_lib_book_publisher (digital_lib_book_fk, digital_lib_publisher_fk) values (492,258);
insert into digital_lib_category_book (digital_lib_book_fk, digital_lib_category_fk) values (492,6);
insert into digital_lib_category_book (digital_lib_book_fk, digital_lib_category_fk) values (492,18);
insert into digital_lib_book (digital_lib_book_id, title, description, issue_year) values (493,'Introduction to Computational Physics and Monte Carlo Simulations of Matrix Field Theory','This book is divided into two parts. In the first part we give an elementary introduction to computational physics consisting of 21 simulations which originated from a formal course of lectures and laboratory simulations delivered since 2010 to physics students at Annaba University. The second part is much more advanced and deals with the problem of how to set up working Monte Carlo simulations of matrix field theories which involve finite dimensional matrix regularizations of noncommutative and fuzzy field theories, fuzzy spaces and matrix geometry.',2015);
insert into digital_lib_book_author (digital_lib_book_fk, digital_lib_author_fk) values (493,960);
insert into digital_lib_book_tag (digital_lib_book_fk, digital_lib_tag_fk) values (493,2446);
insert into digital_lib_book_tag (digital_lib_book_fk, digital_lib_tag_fk) values (493,2211);
insert into digital_lib_book_tag (digital_lib_book_fk, digital_lib_tag_fk) values (493,691);
insert into digital_lib_book_tag (digital_lib_book_fk, digital_lib_tag_fk) values (493,1041);
insert into digital_lib_book_tag (digital_lib_book_fk, digital_lib_tag_fk) values (493,803);
insert into digital_lib_book_tag (digital_lib_book_fk, digital_lib_tag_fk) values (493,13);
insert into digital_lib_book_tag (digital_lib_book_fk, digital_lib_tag_fk) values (493,304);
insert into digital_lib_book_tag (digital_lib_book_fk, digital_lib_tag_fk) values (493,2449);
insert into digital_lib_book_tag (digital_lib_book_fk, digital_lib_tag_fk) values (493,876);
insert into digital_lib_book_publisher (digital_lib_book_fk, digital_lib_publisher_fk) values (493,277);
insert into digital_lib_category_book (digital_lib_book_fk, digital_lib_category_fk) values (493,6);
insert into digital_lib_category_book (digital_lib_book_fk, digital_lib_category_fk) values (493,18);
insert into digital_lib_book (digital_lib_book_id, title, description, issue_year) values (494,'Introduction to High Performance Scientific Computing','This book aims to cover the basics of this gamut of knowledge that a successful computational scientist needs to master. It is set up as a textbook for graduate students or advanced undergraduate students; others can use it as a reference text, reading the exercises for their information content.',2014);
insert into digital_lib_book_author (digital_lib_book_fk, digital_lib_author_fk) values (494,748);
insert into digital_lib_book_tag (digital_lib_book_fk, digital_lib_tag_fk) values (494,1091);
insert into digital_lib_book_tag (digital_lib_book_fk, digital_lib_tag_fk) values (494,1839);
insert into digital_lib_book_tag (digital_lib_book_fk, digital_lib_tag_fk) values (494,1041);
insert into digital_lib_book_tag (digital_lib_book_fk, digital_lib_tag_fk) values (494,2449);
insert into digital_lib_book_tag (digital_lib_book_fk, digital_lib_tag_fk) values (494,876);
insert into digital_lib_book_tag (digital_lib_book_fk, digital_lib_tag_fk) values (494,358);
insert into digital_lib_book_tag (digital_lib_book_fk, digital_lib_tag_fk) values (494,2043);
insert into digital_lib_book_tag (digital_lib_book_fk, digital_lib_tag_fk) values (494,2211);
insert into digital_lib_book_tag (digital_lib_book_fk, digital_lib_tag_fk) values (494,2019);
insert into digital_lib_book_tag (digital_lib_book_fk, digital_lib_tag_fk) values (494,1187);
insert into digital_lib_book_tag (digital_lib_book_fk, digital_lib_tag_fk) values (494,31);
insert into digital_lib_book_publisher (digital_lib_book_fk, digital_lib_publisher_fk) values (494,258);
insert into digital_lib_category_book (digital_lib_book_fk, digital_lib_category_fk) values (494,6);
insert into digital_lib_category_book (digital_lib_book_fk, digital_lib_category_fk) values (494,18);
insert into digital_lib_book (digital_lib_book_id, title, description, issue_year) values (495,'Introduction to the Modeling and Analysis of Complex Systems','Introduction to the Modeling and Analysis of Complex Systems introduces students to mathematical/computational modeling and analysis developed in the emerging interdisciplinary field of Complex Systems Science.',2015);
insert into digital_lib_book_author (digital_lib_book_fk, digital_lib_author_fk) values (495,1126);
insert into digital_lib_book_tag (digital_lib_book_fk, digital_lib_tag_fk) values (495,1506);
insert into digital_lib_book_tag (digital_lib_book_fk, digital_lib_tag_fk) values (495,1965);
insert into digital_lib_book_tag (digital_lib_book_fk, digital_lib_tag_fk) values (495,2389);
insert into digital_lib_book_tag (digital_lib_book_fk, digital_lib_tag_fk) values (495,904);
insert into digital_lib_book_tag (digital_lib_book_fk, digital_lib_tag_fk) values (495,2076);
insert into digital_lib_book_tag (digital_lib_book_fk, digital_lib_tag_fk) values (495,1229);
insert into digital_lib_book_tag (digital_lib_book_fk, digital_lib_tag_fk) values (495,1041);
insert into digital_lib_book_publisher (digital_lib_book_fk, digital_lib_publisher_fk) values (495,120);
insert into digital_lib_category_book (digital_lib_book_fk, digital_lib_category_fk) values (495,6);
insert into digital_lib_category_book (digital_lib_book_fk, digital_lib_category_fk) values (495,18);
insert into digital_lib_book (digital_lib_book_id, title, description, issue_year) values (496,'Language strategies for the domain of colour','In this book, I show how the current models in artificial language evolution can be extended to allow for richer descriptions of colour samples. In order to do so, I deploy two powerful formalisms that have been developed to support this kind of experiments: Incremental Recruitment Language (IRL) to represent the semantics, or meaning, of linguistic utterances and Fluid Construction Grammar (FCG) to transform these meanings into linguistic utterances and back.',2015);
insert into digital_lib_book_author (digital_lib_book_fk, digital_lib_author_fk) values (496,1164);
insert into digital_lib_book_tag (digital_lib_book_fk, digital_lib_tag_fk) values (496,744);
insert into digital_lib_book_tag (digital_lib_book_fk, digital_lib_tag_fk) values (496,201);
insert into digital_lib_book_tag (digital_lib_book_fk, digital_lib_tag_fk) values (496,2454);
insert into digital_lib_book_tag (digital_lib_book_fk, digital_lib_tag_fk) values (496,960);
insert into digital_lib_book_tag (digital_lib_book_fk, digital_lib_tag_fk) values (496,2350);
insert into digital_lib_book_tag (digital_lib_book_fk, digital_lib_tag_fk) values (496,1994);
insert into digital_lib_book_tag (digital_lib_book_fk, digital_lib_tag_fk) values (496,71);
insert into digital_lib_book_publisher (digital_lib_book_fk, digital_lib_publisher_fk) values (496,241);
insert into digital_lib_category_book (digital_lib_book_fk, digital_lib_category_fk) values (496,6);
insert into digital_lib_category_book (digital_lib_book_fk, digital_lib_category_fk) values (496,18);
insert into digital_lib_book (digital_lib_book_id, title, description, issue_year) values (497,'Matters Computational','This book is written for any developer interested in computing methods. Many of the concepts discussed here do not usually appear in textbooks or those dedicated to algorithms, so finding them together in a single volume can be of great help to both the student and the professional.',2011);
insert into digital_lib_book_author (digital_lib_book_fk, digital_lib_author_fk) values (497,1000);
insert into digital_lib_book_tag (digital_lib_book_fk, digital_lib_tag_fk) values (497,876);
insert into digital_lib_book_tag (digital_lib_book_fk, digital_lib_tag_fk) values (497,782);
insert into digital_lib_book_tag (digital_lib_book_fk, digital_lib_tag_fk) values (497,2076);
insert into digital_lib_book_tag (digital_lib_book_fk, digital_lib_tag_fk) values (497,2048);
insert into digital_lib_book_publisher (digital_lib_book_fk, digital_lib_publisher_fk) values (497,14);
insert into digital_lib_category_book (digital_lib_book_fk, digital_lib_category_fk) values (497,6);
insert into digital_lib_category_book (digital_lib_book_fk, digital_lib_category_fk) values (497,18);
insert into digital_lib_book (digital_lib_book_id, title, description, issue_year) values (498,'Computer Architecture and System Programming','This short essay collects the annotations made by its authors during their computer programming and architecture courses held in 2009. In it, through the C language, both basic aspects of development and those that can be extrapolated to other environments are covered. A simple and quick manual that can be a good starting point for a solid introduction to programming.',2010);
insert into digital_lib_book_author (digital_lib_book_fk, digital_lib_author_fk) values (498,479);
insert into digital_lib_book_tag (digital_lib_book_fk, digital_lib_tag_fk) values (498,1091);
insert into digital_lib_book_tag (digital_lib_book_fk, digital_lib_tag_fk) values (498,2055);
insert into digital_lib_book_tag (digital_lib_book_fk, digital_lib_tag_fk) values (498,2076);
insert into digital_lib_book_tag (digital_lib_book_fk, digital_lib_tag_fk) values (498,2048);
insert into digital_lib_book_publisher (digital_lib_book_fk, digital_lib_publisher_fk) values (498,258);
insert into digital_lib_category_book (digital_lib_book_fk, digital_lib_category_fk) values (498,6);
insert into digital_lib_category_book (digital_lib_book_fk, digital_lib_category_fk) values (498,13);
insert into digital_lib_book (digital_lib_book_id, title, description, issue_year) values (499,'Computer Graphics','This book covers more advanced technologies and techniques for computer graphics modeling and rendering.',2012);
insert into digital_lib_book_author (digital_lib_book_fk, digital_lib_author_fk) values (499,957);
insert into digital_lib_book_tag (digital_lib_book_fk, digital_lib_tag_fk) values (499,1211);
insert into digital_lib_book_tag (digital_lib_book_fk, digital_lib_tag_fk) values (499,2350);
insert into digital_lib_book_tag (digital_lib_book_fk, digital_lib_tag_fk) values (499,2454);
insert into digital_lib_book_tag (digital_lib_book_fk, digital_lib_tag_fk) values (499,1994);
insert into digital_lib_book_tag (digital_lib_book_fk, digital_lib_tag_fk) values (499,1991);
insert into digital_lib_book_tag (digital_lib_book_fk, digital_lib_tag_fk) values (499,1214);
insert into digital_lib_book_tag (digital_lib_book_fk, digital_lib_tag_fk) values (499,904);
insert into digital_lib_book_tag (digital_lib_book_fk, digital_lib_tag_fk) values (499,1522);
insert into digital_lib_book_publisher (digital_lib_book_fk, digital_lib_publisher_fk) values (499,233);
insert into digital_lib_category_book (digital_lib_book_fk, digital_lib_category_fk) values (499,6);
insert into digital_lib_category_book (digital_lib_book_fk, digital_lib_category_fk) values (499,13);
insert into digital_lib_book (digital_lib_book_id, title, description, issue_year) values (500,'A Computer Science Tapestry','This book is a textbook, not a reference book: while textbooks teach, the rest provide content where it is easy to find a quick answer to a specific problem.',1999);
insert into digital_lib_book_author (digital_lib_book_fk, digital_lib_author_fk) values (500,715);
insert into digital_lib_book_tag (digital_lib_book_fk, digital_lib_tag_fk) values (500,367);
insert into digital_lib_book_tag (digital_lib_book_fk, digital_lib_tag_fk) values (500,2211);
insert into digital_lib_book_tag (digital_lib_book_fk, digital_lib_tag_fk) values (500,2079);
insert into digital_lib_book_tag (digital_lib_book_fk, digital_lib_tag_fk) values (500,2076);
insert into digital_lib_book_tag (digital_lib_book_fk, digital_lib_tag_fk) values (500,876);
insert into digital_lib_book_publisher (digital_lib_book_fk, digital_lib_publisher_fk) values (500,270);
insert into digital_lib_category_book (digital_lib_book_fk, digital_lib_category_fk) values (500,6);
insert into digital_lib_category_book (digital_lib_book_fk, digital_lib_category_fk) values (500,13);
insert into digital_lib_book (digital_lib_book_id, title, description, issue_year) values (501,'Computer Systems','This book has been developed as a companion text to the University of the People course CS1104 Computer Systems.',2013);
insert into digital_lib_book_author (digital_lib_book_fk, digital_lib_author_fk) values (501,934);
insert into digital_lib_book_tag (digital_lib_book_fk, digital_lib_tag_fk) values (501,607);
insert into digital_lib_book_tag (digital_lib_book_fk, digital_lib_tag_fk) values (501,2303);
insert into digital_lib_book_tag (digital_lib_book_fk, digital_lib_tag_fk) values (501,1752);
insert into digital_lib_book_tag (digital_lib_book_fk, digital_lib_tag_fk) values (501,1400);
insert into digital_lib_book_tag (digital_lib_book_fk, digital_lib_tag_fk) values (501,2375);
insert into digital_lib_book_publisher (digital_lib_book_fk, digital_lib_publisher_fk) values (501,10);
insert into digital_lib_category_book (digital_lib_book_fk, digital_lib_category_fk) values (501,6);
insert into digital_lib_category_book (digital_lib_book_fk, digital_lib_category_fk) values (501,13);
insert into digital_lib_book (digital_lib_book_id, title, description, issue_year) values (502,'Voice Communication with Computers: Conversational Systems','This book serves as graduate class notes to supplement technical readings from a number of disciplines.',2008);
insert into digital_lib_book_author (digital_lib_book_fk, digital_lib_author_fk) values (502,82);
insert into digital_lib_book_tag (digital_lib_book_fk, digital_lib_tag_fk) values (502,876);
insert into digital_lib_book_tag (digital_lib_book_fk, digital_lib_tag_fk) values (502,2446);
insert into digital_lib_book_tag (digital_lib_book_fk, digital_lib_tag_fk) values (502,1538);
insert into digital_lib_book_tag (digital_lib_book_fk, digital_lib_tag_fk) values (502,1241);
insert into digital_lib_book_tag (digital_lib_book_fk, digital_lib_tag_fk) values (502,2076);
insert into digital_lib_book_tag (digital_lib_book_fk, digital_lib_tag_fk) values (502,1980);
insert into digital_lib_book_tag (digital_lib_book_fk, digital_lib_tag_fk) values (502,136);
insert into digital_lib_book_publisher (digital_lib_book_fk, digital_lib_publisher_fk) values (502,158);
insert into digital_lib_category_book (digital_lib_book_fk, digital_lib_category_fk) values (502,6);
insert into digital_lib_category_book (digital_lib_book_fk, digital_lib_category_fk) values (502,13);
insert into digital_lib_book (digital_lib_book_id, title, description, issue_year) values (503,'Buffer Overflows: Anatomy of an Exploit','The purpose of this document is to review how well-known stack overflows occur. During it, it will be explained how software engineers should consider the stack during a design stage regardless of the language in which they work (assembler, C, C ++, etc). The ultimate goal will be to avoid the vulnerability of a code against attacks.',2012);
insert into digital_lib_book_author (digital_lib_book_fk, digital_lib_author_fk) values (503,853);
insert into digital_lib_book_tag (digital_lib_book_fk, digital_lib_tag_fk) values (503,1091);
insert into digital_lib_book_tag (digital_lib_book_fk, digital_lib_tag_fk) values (503,2048);
insert into digital_lib_book_tag (digital_lib_book_fk, digital_lib_tag_fk) values (503,1839);
insert into digital_lib_book_tag (digital_lib_book_fk, digital_lib_tag_fk) values (503,71);
insert into digital_lib_book_tag (digital_lib_book_fk, digital_lib_tag_fk) values (503,2089);
insert into digital_lib_book_tag (digital_lib_book_fk, digital_lib_tag_fk) values (503,2280);
insert into digital_lib_book_tag (digital_lib_book_fk, digital_lib_tag_fk) values (503,307);
insert into digital_lib_book_tag (digital_lib_book_fk, digital_lib_tag_fk) values (503,2361);
insert into digital_lib_book_publisher (digital_lib_book_fk, digital_lib_publisher_fk) values (503,240);
insert into digital_lib_category_book (digital_lib_book_fk, digital_lib_category_fk) values (503,6);
insert into digital_lib_category_book (digital_lib_book_fk, digital_lib_category_fk) values (503,13);
insert into digital_lib_book (digital_lib_book_id, title, description, issue_year) values (504,'Maven: The Complete Reference','Maven is a Java project management and construction software tool created by Jason van Zyl of Sonatype in 2002. It is similar in functionality to Apache Ant (and to a lesser extent to PEAR of PHP and CPAN of Perl), but has a simpler build configuration model, based on an XML format.',2011);
insert into digital_lib_book_author (digital_lib_book_fk, digital_lib_author_fk) values (504,391);
insert into digital_lib_book_tag (digital_lib_book_fk, digital_lib_tag_fk) values (504,1933);
insert into digital_lib_book_tag (digital_lib_book_fk, digital_lib_tag_fk) values (504,1543);
insert into digital_lib_book_tag (digital_lib_book_fk, digital_lib_tag_fk) values (504,1725);
insert into digital_lib_book_tag (digital_lib_book_fk, digital_lib_tag_fk) values (504,827);
insert into digital_lib_book_tag (digital_lib_book_fk, digital_lib_tag_fk) values (504,1839);
insert into digital_lib_book_publisher (digital_lib_book_fk, digital_lib_publisher_fk) values (504,20);
insert into digital_lib_category_book (digital_lib_book_fk, digital_lib_category_fk) values (504,6);
insert into digital_lib_category_book (digital_lib_book_fk, digital_lib_category_fk) values (504,13);
insert into digital_lib_book (digital_lib_book_id, title, description, issue_year) values (505,'Operating Systems and Middleware: Supporting Controlled Interaction','In this book, you will learn how to bring the levels of interaction to the field of software, in that paradigm that has been called additional layer software, also known as middleware: controlled interaction of calculations that involve several programs allowing them to interact with each other.',2016);
insert into digital_lib_book_author (digital_lib_book_fk, digital_lib_author_fk) values (505,1122);
insert into digital_lib_book_tag (digital_lib_book_fk, digital_lib_tag_fk) values (505,22);
insert into digital_lib_book_tag (digital_lib_book_fk, digital_lib_tag_fk) values (505,1329);
insert into digital_lib_book_tag (digital_lib_book_fk, digital_lib_tag_fk) values (505,55);
insert into digital_lib_book_tag (digital_lib_book_fk, digital_lib_tag_fk) values (505,2466);
insert into digital_lib_book_tag (digital_lib_book_fk, digital_lib_tag_fk) values (505,414);
insert into digital_lib_book_tag (digital_lib_book_fk, digital_lib_tag_fk) values (505,1974);
insert into digital_lib_book_tag (digital_lib_book_fk, digital_lib_tag_fk) values (505,1473);
insert into digital_lib_book_publisher (digital_lib_book_fk, digital_lib_publisher_fk) values (505,24);
insert into digital_lib_category_book (digital_lib_book_fk, digital_lib_category_fk) values (505,6);
insert into digital_lib_category_book (digital_lib_book_fk, digital_lib_category_fk) values (505,13);
insert into digital_lib_book (digital_lib_book_id, title, description, issue_year) values (506,'The Linux Development Platform','The GNU collection of programming utilities is by far the most widely used family of compilers in this operating system. It has the ability to compile C, C ++, Java, Ada, among many other languages. It also supports various architectures through cross-compilation, which makes it a suitable environment for heterogeneous developments.',2003);
insert into digital_lib_book_author (digital_lib_book_fk, digital_lib_author_fk) values (506,661);
insert into digital_lib_book_author (digital_lib_book_fk, digital_lib_author_fk) values (506,420);
insert into digital_lib_book_tag (digital_lib_book_fk, digital_lib_tag_fk) values (506,1497);
insert into digital_lib_book_tag (digital_lib_book_fk, digital_lib_tag_fk) values (506,633);
insert into digital_lib_book_tag (digital_lib_book_fk, digital_lib_tag_fk) values (506,850);
insert into digital_lib_book_tag (digital_lib_book_fk, digital_lib_tag_fk) values (506,1933);
insert into digital_lib_book_tag (digital_lib_book_fk, digital_lib_tag_fk) values (506,1839);
insert into digital_lib_book_tag (digital_lib_book_fk, digital_lib_tag_fk) values (506,1725);
insert into digital_lib_book_tag (digital_lib_book_fk, digital_lib_tag_fk) values (506,2120);
insert into digital_lib_book_publisher (digital_lib_book_fk, digital_lib_publisher_fk) values (506,205);
insert into digital_lib_category_book (digital_lib_book_fk, digital_lib_category_fk) values (506,6);
insert into digital_lib_category_book (digital_lib_book_fk, digital_lib_category_fk) values (506,13);
insert into digital_lib_book (digital_lib_book_id, title, description, issue_year) values (507,'Supercomputing Frontiers 5th Asian Conference, SCFA 2019, Singapore, March 11–14, 2019, Proceedings','This open access book constitutes the refereed proceedings of the 5th Asian Supercomputing Conference, SCFA 2019, held in Singapore in March 2019.  The 6 full papers presented in this book were carefully reviewed and selected from 33 submissions. They cover a range of topics including memory fault handling, linear algebra, image processing, heterogeneous computing, resource usage prediction, and data caching.',2019);
insert into digital_lib_book_author (digital_lib_book_fk, digital_lib_author_fk) values (507,398);
insert into digital_lib_book_author (digital_lib_book_fk, digital_lib_author_fk) values (507,83);
insert into digital_lib_book_tag (digital_lib_book_fk, digital_lib_tag_fk) values (507,1139);
insert into digital_lib_book_tag (digital_lib_book_fk, digital_lib_tag_fk) values (507,133);
insert into digital_lib_book_tag (digital_lib_book_fk, digital_lib_tag_fk) values (507,2019);
insert into digital_lib_book_tag (digital_lib_book_fk, digital_lib_tag_fk) values (507,1201);
insert into digital_lib_book_tag (digital_lib_book_fk, digital_lib_tag_fk) values (507,1338);
insert into digital_lib_book_tag (digital_lib_book_fk, digital_lib_tag_fk) values (507,2440);
insert into digital_lib_book_tag (digital_lib_book_fk, digital_lib_tag_fk) values (507,2209);
insert into digital_lib_book_tag (digital_lib_book_fk, digital_lib_tag_fk) values (507,645);
insert into digital_lib_book_tag (digital_lib_book_fk, digital_lib_tag_fk) values (507,1674);
insert into digital_lib_book_tag (digital_lib_book_fk, digital_lib_tag_fk) values (507,1493);
insert into digital_lib_book_tag (digital_lib_book_fk, digital_lib_tag_fk) values (507,985);
insert into digital_lib_book_tag (digital_lib_book_fk, digital_lib_tag_fk) values (507,1563);
insert into digital_lib_book_publisher (digital_lib_book_fk, digital_lib_publisher_fk) values (507,14);
insert into digital_lib_book_publisher (digital_lib_book_fk, digital_lib_publisher_fk) values (507,2);
insert into digital_lib_category_book (digital_lib_book_fk, digital_lib_category_fk) values (507,6);
insert into digital_lib_category_book (digital_lib_book_fk, digital_lib_category_fk) values (507,13);
insert into digital_lib_book (digital_lib_book_id, title, description, issue_year) values (508,'Building the Infrastructure for Cloud Security A Solutions view','This book provides use cases and solution reference architectures to enable infrastructure integrity and the creation of trusted pools leveraging Intel Trusted Execution Technology (TXT).',2014);
insert into digital_lib_book_author (digital_lib_book_fk, digital_lib_author_fk) values (508,730);
insert into digital_lib_book_author (digital_lib_book_fk, digital_lib_author_fk) values (508,230);
insert into digital_lib_book_tag (digital_lib_book_fk, digital_lib_tag_fk) values (508,1934);
insert into digital_lib_book_tag (digital_lib_book_fk, digital_lib_tag_fk) values (508,2327);
insert into digital_lib_book_tag (digital_lib_book_fk, digital_lib_tag_fk) values (508,454);
insert into digital_lib_book_tag (digital_lib_book_fk, digital_lib_tag_fk) values (508,916);
insert into digital_lib_book_tag (digital_lib_book_fk, digital_lib_tag_fk) values (508,681);
insert into digital_lib_book_publisher (digital_lib_book_fk, digital_lib_publisher_fk) values (508,19);
insert into digital_lib_book_publisher (digital_lib_book_fk, digital_lib_publisher_fk) values (508,1);
insert into digital_lib_book_publisher (digital_lib_book_fk, digital_lib_publisher_fk) values (508,189);
insert into digital_lib_category_book (digital_lib_book_fk, digital_lib_category_fk) values (508,6);
insert into digital_lib_category_book (digital_lib_book_fk, digital_lib_category_fk) values (508,13);
insert into digital_lib_book (digital_lib_book_id, title, description, issue_year) values (509,'Pro Git','Pro Git (Second Edition) is your fully-updated guide to Git and its usage in the modern world. Git has come a long way since it was first developed by Linus Torvalds for Linux kernel development. This book teaches you how to use it like a pro.',2014);
insert into digital_lib_book_author (digital_lib_book_fk, digital_lib_author_fk) values (509,354);
insert into digital_lib_book_author (digital_lib_book_fk, digital_lib_author_fk) values (509,1179);
insert into digital_lib_book_tag (digital_lib_book_fk, digital_lib_tag_fk) values (509,434);
insert into digital_lib_book_tag (digital_lib_book_fk, digital_lib_tag_fk) values (509,1725);
insert into digital_lib_book_tag (digital_lib_book_fk, digital_lib_tag_fk) values (509,394);
insert into digital_lib_book_publisher (digital_lib_book_fk, digital_lib_publisher_fk) values (509,19);
insert into digital_lib_book_publisher (digital_lib_book_fk, digital_lib_publisher_fk) values (509,1);
insert into digital_lib_book_publisher (digital_lib_book_fk, digital_lib_publisher_fk) values (509,189);
insert into digital_lib_category_book (digital_lib_book_fk, digital_lib_category_fk) values (509,6);
insert into digital_lib_category_book (digital_lib_book_fk, digital_lib_category_fk) values (509,13);
insert into digital_lib_book (digital_lib_book_id, title, description, issue_year) values (510,'Cloud-Based Benchmarking of Medical Image Analysis','This book presents the VISCERAL project benchmarks for analysis and retrieval of 3D medical images (CT and MRI) on a large scale, which used an innovative cloud-based evaluation approach where the image data were stored centrally on a cloud infrastructure and participants placed their programs in virtual machines on the cloud. The book presents the points of view of both the organizers of the VISCERAL benchmarks and the participants.',2017);
insert into digital_lib_book_author (digital_lib_book_fk, digital_lib_author_fk) values (510,738);
insert into digital_lib_book_author (digital_lib_book_fk, digital_lib_author_fk) values (510,84);
insert into digital_lib_book_author (digital_lib_book_fk, digital_lib_author_fk) values (510,132);
insert into digital_lib_book_tag (digital_lib_book_fk, digital_lib_tag_fk) values (510,238);
insert into digital_lib_book_tag (digital_lib_book_fk, digital_lib_tag_fk) values (510,1559);
insert into digital_lib_book_tag (digital_lib_book_fk, digital_lib_tag_fk) values (510,292);
insert into digital_lib_book_tag (digital_lib_book_fk, digital_lib_tag_fk) values (510,2118);
insert into digital_lib_book_tag (digital_lib_book_fk, digital_lib_tag_fk) values (510,608);
insert into digital_lib_book_publisher (digital_lib_book_fk, digital_lib_publisher_fk) values (510,14);
insert into digital_lib_book_publisher (digital_lib_book_fk, digital_lib_publisher_fk) values (510,2);
insert into digital_lib_category_book (digital_lib_book_fk, digital_lib_category_fk) values (510,6);
insert into digital_lib_category_book (digital_lib_book_fk, digital_lib_category_fk) values (510,13);
insert into digital_lib_book (digital_lib_book_id, title, description, issue_year) values (511,'Supercomputing Frontiers 4th Asian Conference, SCFA 2018, Singapore, March 26-29, 2018, Proceedings','It constitutes the refereed proceedings of the 4th Asian Supercomputing Conference, SCFA 2018, held in Singapore in March 2018. Supercomputing Frontiers will be rebranded as Supercomputing Frontiers Asia (SCFA), which serves as the technical programme for SCA18. The technical programme for SCA18 consists of four tracks:  Application, Algorithms & Libraries Programming System Software Architecture, Network/Communications & Management Data, Storage & Visualisation',2018);
insert into digital_lib_book_author (digital_lib_book_fk, digital_lib_author_fk) values (511,1155);
insert into digital_lib_book_author (digital_lib_book_fk, digital_lib_author_fk) values (511,1168);
insert into digital_lib_book_tag (digital_lib_book_fk, digital_lib_tag_fk) values (511,2440);
insert into digital_lib_book_tag (digital_lib_book_fk, digital_lib_tag_fk) values (511,2043);
insert into digital_lib_book_tag (digital_lib_book_fk, digital_lib_tag_fk) values (511,2209);
insert into digital_lib_book_tag (digital_lib_book_fk, digital_lib_tag_fk) values (511,1217);
insert into digital_lib_book_tag (digital_lib_book_fk, digital_lib_tag_fk) values (511,808);
insert into digital_lib_book_tag (digital_lib_book_fk, digital_lib_tag_fk) values (511,1674);
insert into digital_lib_book_tag (digital_lib_book_fk, digital_lib_tag_fk) values (511,754);
insert into digital_lib_book_tag (digital_lib_book_fk, digital_lib_tag_fk) values (511,2388);
insert into digital_lib_book_tag (digital_lib_book_fk, digital_lib_tag_fk) values (511,645);
insert into digital_lib_book_tag (digital_lib_book_fk, digital_lib_tag_fk) values (511,732);
insert into digital_lib_book_tag (digital_lib_book_fk, digital_lib_tag_fk) values (511,1694);
insert into digital_lib_book_tag (digital_lib_book_fk, digital_lib_tag_fk) values (511,995);
insert into digital_lib_book_publisher (digital_lib_book_fk, digital_lib_publisher_fk) values (511,14);
insert into digital_lib_book_publisher (digital_lib_book_fk, digital_lib_publisher_fk) values (511,2);
insert into digital_lib_category_book (digital_lib_book_fk, digital_lib_category_fk) values (511,6);
insert into digital_lib_category_book (digital_lib_book_fk, digital_lib_category_fk) values (511,13);
insert into digital_lib_book (digital_lib_book_id, title, description, issue_year) values (512,'Advanced Topics in Multimedia Research','This manual collects your latest advances in cutting-edge research as well as the latest techniques applied to this field. The four sections into which the content of this book can be divided: Efficient flows in terms of Multimedia information Use of Multimedia devices in social networks Multimedia images Distance education through the use of Multimedia technologies',2012);
insert into digital_lib_book_author (digital_lib_book_fk, digital_lib_author_fk) values (512,11);
insert into digital_lib_book_tag (digital_lib_book_fk, digital_lib_tag_fk) values (512,137);
insert into digital_lib_book_tag (digital_lib_book_fk, digital_lib_tag_fk) values (512,155);
insert into digital_lib_book_tag (digital_lib_book_fk, digital_lib_tag_fk) values (512,717);
insert into digital_lib_book_tag (digital_lib_book_fk, digital_lib_tag_fk) values (512,705);
insert into digital_lib_book_tag (digital_lib_book_fk, digital_lib_tag_fk) values (512,1579);
insert into digital_lib_book_publisher (digital_lib_book_fk, digital_lib_publisher_fk) values (512,233);
insert into digital_lib_category_book (digital_lib_book_fk, digital_lib_category_fk) values (512,6);
insert into digital_lib_category_book (digital_lib_book_fk, digital_lib_category_fk) values (512,9);
insert into digital_lib_book (digital_lib_book_id, title, description, issue_year) values (513,'Advanced Video Coding for Next-Generation Multimedia Services','This book aims to bring together recent advances and applications of video coding. All chapters can be useful for researchers, engineers, graduate and postgraduate students, experts in this area, and hopefully also for people who are generally interested in video coding.',2013);
insert into digital_lib_book_author (digital_lib_book_fk, digital_lib_author_fk) values (513,187);
insert into digital_lib_book_tag (digital_lib_book_fk, digital_lib_tag_fk) values (513,220);
insert into digital_lib_book_tag (digital_lib_book_fk, digital_lib_tag_fk) values (513,1699);
insert into digital_lib_book_tag (digital_lib_book_fk, digital_lib_tag_fk) values (513,1018);
insert into digital_lib_book_tag (digital_lib_book_fk, digital_lib_tag_fk) values (513,669);
insert into digital_lib_book_tag (digital_lib_book_fk, digital_lib_tag_fk) values (513,1647);
insert into digital_lib_book_tag (digital_lib_book_fk, digital_lib_tag_fk) values (513,717);
insert into digital_lib_book_tag (digital_lib_book_fk, digital_lib_tag_fk) values (513,820);
insert into digital_lib_book_tag (digital_lib_book_fk, digital_lib_tag_fk) values (513,2235);
insert into digital_lib_book_tag (digital_lib_book_fk, digital_lib_tag_fk) values (513,212);
insert into digital_lib_book_publisher (digital_lib_book_fk, digital_lib_publisher_fk) values (513,233);
insert into digital_lib_category_book (digital_lib_book_fk, digital_lib_category_fk) values (513,6);
insert into digital_lib_category_book (digital_lib_book_fk, digital_lib_category_fk) values (513,9);
insert into digital_lib_book (digital_lib_book_id, title, description, issue_year) values (514,'Cross-Media Communications','This textbook was written with Freshman-level Courses in mind. The overarching goal is to provide an overview of cross-media design and development. It is meant to be interdisciplinary and introductory in concept and implementation.',2010);
insert into digital_lib_book_author (digital_lib_book_fk, digital_lib_author_fk) values (514,865);
insert into digital_lib_book_tag (digital_lib_book_fk, digital_lib_tag_fk) values (514,717);
insert into digital_lib_book_tag (digital_lib_book_fk, digital_lib_tag_fk) values (514,2454);
insert into digital_lib_book_tag (digital_lib_book_fk, digital_lib_tag_fk) values (514,385);
insert into digital_lib_book_publisher (digital_lib_book_fk, digital_lib_publisher_fk) values (514,18);
insert into digital_lib_category_book (digital_lib_book_fk, digital_lib_category_fk) values (514,6);
insert into digital_lib_category_book (digital_lib_book_fk, digital_lib_category_fk) values (514,9);
insert into digital_lib_book (digital_lib_book_id, title, description, issue_year) values (515,'Your Guide to Google Analytics','This concise guide will show you how to take advantage of your web analytics while learning how to measure it correctly.',2012);
insert into digital_lib_book_author (digital_lib_book_fk, digital_lib_author_fk) values (515,999);
insert into digital_lib_book_tag (digital_lib_book_fk, digital_lib_tag_fk) values (515,74);
insert into digital_lib_book_tag (digital_lib_book_fk, digital_lib_tag_fk) values (515,472);
insert into digital_lib_book_tag (digital_lib_book_fk, digital_lib_tag_fk) values (515,675);
insert into digital_lib_book_tag (digital_lib_book_fk, digital_lib_tag_fk) values (515,2187);
insert into digital_lib_book_publisher (digital_lib_book_fk, digital_lib_publisher_fk) values (515,37);
insert into digital_lib_category_book (digital_lib_book_fk, digital_lib_category_fk) values (515,6);
insert into digital_lib_category_book (digital_lib_book_fk, digital_lib_category_fk) values (515,9);
insert into digital_lib_book (digital_lib_book_id, title, description, issue_year) values (516,'Image Restoration - Recent Advances and Applications','This book represents a sample of the recent contributions that researchers are making in the field of image restoration.',2012);
insert into digital_lib_book_author (digital_lib_book_fk, digital_lib_author_fk) values (516,1097);
insert into digital_lib_book_tag (digital_lib_book_fk, digital_lib_tag_fk) values (516,1994);
insert into digital_lib_book_tag (digital_lib_book_fk, digital_lib_tag_fk) values (516,717);
insert into digital_lib_book_tag (digital_lib_book_fk, digital_lib_tag_fk) values (516,2350);
insert into digital_lib_book_tag (digital_lib_book_fk, digital_lib_tag_fk) values (516,137);
insert into digital_lib_book_tag (digital_lib_book_fk, digital_lib_tag_fk) values (516,1184);
insert into digital_lib_book_publisher (digital_lib_book_fk, digital_lib_publisher_fk) values (516,243);
insert into digital_lib_category_book (digital_lib_book_fk, digital_lib_category_fk) values (516,6);
insert into digital_lib_category_book (digital_lib_book_fk, digital_lib_category_fk) values (516,9);
insert into digital_lib_book (digital_lib_book_id, title, description, issue_year) values (517,'Interactive Multimedia','This book presents scientific research, proven methodologies, and interdisciplinary studies related to the field of this so-called new Multimedia revolution.',2012);
insert into digital_lib_book_author (digital_lib_book_fk, digital_lib_author_fk) values (517,662);
insert into digital_lib_book_tag (digital_lib_book_fk, digital_lib_tag_fk) values (517,1538);
insert into digital_lib_book_tag (digital_lib_book_fk, digital_lib_tag_fk) values (517,1833);
insert into digital_lib_book_tag (digital_lib_book_fk, digital_lib_tag_fk) values (517,1502);
insert into digital_lib_book_tag (digital_lib_book_fk, digital_lib_tag_fk) values (517,717);
insert into digital_lib_book_tag (digital_lib_book_fk, digital_lib_tag_fk) values (517,598);
insert into digital_lib_book_tag (digital_lib_book_fk, digital_lib_tag_fk) values (517,1004);
insert into digital_lib_book_tag (digital_lib_book_fk, digital_lib_tag_fk) values (517,975);
insert into digital_lib_book_tag (digital_lib_book_fk, digital_lib_tag_fk) values (517,2235);
insert into digital_lib_book_publisher (digital_lib_book_fk, digital_lib_publisher_fk) values (517,243);
insert into digital_lib_category_book (digital_lib_book_fk, digital_lib_category_fk) values (517,6);
insert into digital_lib_category_book (digital_lib_book_fk, digital_lib_category_fk) values (517,9);
insert into digital_lib_book (digital_lib_book_id, title, description, issue_year) values (518,'Signal Computing: Digital Signals in the Software Domain','As computing professionals, we need to understand how computers can process information from the physical world as digital signals: multimedia (sound, images, video) and other measurements (in medical instruments, cars, cell phones, eyeglasses, etc). This is why this book is named Signal Computing.',2016);
insert into digital_lib_book_author (digital_lib_book_fk, digital_lib_author_fk) values (518,943);
insert into digital_lib_book_author (digital_lib_book_fk, digital_lib_author_fk) values (518,1042);
insert into digital_lib_book_author (digital_lib_book_fk, digital_lib_author_fk) values (518,25);
insert into digital_lib_book_tag (digital_lib_book_fk, digital_lib_tag_fk) values (518,2446);
insert into digital_lib_book_tag (digital_lib_book_fk, digital_lib_tag_fk) values (518,397);
insert into digital_lib_book_tag (digital_lib_book_fk, digital_lib_tag_fk) values (518,1699);
insert into digital_lib_book_tag (digital_lib_book_fk, digital_lib_tag_fk) values (518,1005);
insert into digital_lib_book_tag (digital_lib_book_fk, digital_lib_tag_fk) values (518,1647);
insert into digital_lib_book_tag (digital_lib_book_fk, digital_lib_tag_fk) values (518,717);
insert into digital_lib_book_tag (digital_lib_book_fk, digital_lib_tag_fk) values (518,2076);
insert into digital_lib_book_tag (digital_lib_book_fk, digital_lib_tag_fk) values (518,1428);
insert into digital_lib_book_tag (digital_lib_book_fk, digital_lib_tag_fk) values (518,876);
insert into digital_lib_book_publisher (digital_lib_book_fk, digital_lib_publisher_fk) values (518,74);
insert into digital_lib_category_book (digital_lib_book_fk, digital_lib_category_fk) values (518,6);
insert into digital_lib_category_book (digital_lib_book_fk, digital_lib_category_fk) values (518,9);
insert into digital_lib_book (digital_lib_book_id, title, description, issue_year) values (519,'Sound Souvenirs','This book explores several types of cultural practices involving the remembrance and restoration of past sounds. At the same time, it theorizes the cultural meaning of collecting, recycling, reciting, and remembering sound and music.',2009);
insert into digital_lib_book_author (digital_lib_book_fk, digital_lib_author_fk) values (519,127);
insert into digital_lib_book_author (digital_lib_book_fk, digital_lib_author_fk) values (519,365);
insert into digital_lib_book_tag (digital_lib_book_fk, digital_lib_tag_fk) values (519,155);
insert into digital_lib_book_tag (digital_lib_book_fk, digital_lib_tag_fk) values (519,717);
insert into digital_lib_book_tag (digital_lib_book_fk, digital_lib_tag_fk) values (519,397);
insert into digital_lib_book_publisher (digital_lib_book_fk, digital_lib_publisher_fk) values (519,73);
insert into digital_lib_category_book (digital_lib_book_fk, digital_lib_category_fk) values (519,6);
insert into digital_lib_category_book (digital_lib_book_fk, digital_lib_category_fk) values (519,9);
insert into digital_lib_book (digital_lib_book_id, title, description, issue_year) values (520,'Transmedia Storytelling: Imagery, Shapes and Techniques','Transmedia Storytelling explores the theories and describes the use of the imagery and techniques shared by producers, authors and audiences of the entertainment, information and brand communication industries as they create and develop their stories in this new, interactive ecosystem.',2011);
insert into digital_lib_book_author (digital_lib_book_fk, digital_lib_author_fk) values (520,411);
insert into digital_lib_book_tag (digital_lib_book_fk, digital_lib_tag_fk) values (520,1217);
insert into digital_lib_book_tag (digital_lib_book_fk, digital_lib_tag_fk) values (520,797);
insert into digital_lib_book_tag (digital_lib_book_fk, digital_lib_tag_fk) values (520,155);
insert into digital_lib_book_tag (digital_lib_book_fk, digital_lib_tag_fk) values (520,1897);
insert into digital_lib_book_publisher (digital_lib_book_fk, digital_lib_publisher_fk) values (520,18);
insert into digital_lib_category_book (digital_lib_book_fk, digital_lib_category_fk) values (520,6);
insert into digital_lib_category_book (digital_lib_book_fk, digital_lib_category_fk) values (520,9);
insert into digital_lib_book (digital_lib_book_id, title, description, issue_year) values (521,'Introduction to Time Series and Forecasting','This book is aimed at the reader who wishes to gain a working knowledge of time series and forecasting methods as applied to economics, engineering and the natural and social sciences. It assumes knowledge only of basic calculus, matrix algebra and elementary statistics.  This third edition contains detailed instructions for the use of the professional version of the Windows-based computer package ITSM2000.',2016);
insert into digital_lib_book_author (digital_lib_book_fk, digital_lib_author_fk) values (521,247);
insert into digital_lib_book_author (digital_lib_book_fk, digital_lib_author_fk) values (521,242);
insert into digital_lib_book_tag (digital_lib_book_fk, digital_lib_tag_fk) values (521,408);
insert into digital_lib_book_tag (digital_lib_book_fk, digital_lib_tag_fk) values (521,1723);
insert into digital_lib_book_tag (digital_lib_book_fk, digital_lib_tag_fk) values (521,1741);
insert into digital_lib_book_tag (digital_lib_book_fk, digital_lib_tag_fk) values (521,1998);
insert into digital_lib_book_tag (digital_lib_book_fk, digital_lib_tag_fk) values (521,88);
insert into digital_lib_book_tag (digital_lib_book_fk, digital_lib_tag_fk) values (521,1640);
insert into digital_lib_book_publisher (digital_lib_book_fk, digital_lib_publisher_fk) values (521,14);
insert into digital_lib_book_publisher (digital_lib_book_fk, digital_lib_publisher_fk) values (521,2);
insert into digital_lib_category_book (digital_lib_book_fk, digital_lib_category_fk) values (521,6);
insert into digital_lib_category_book (digital_lib_book_fk, digital_lib_category_fk) values (521,9);
insert into digital_lib_book (digital_lib_book_id, title, description, issue_year) values (522,'Excel Data Analysis Modeling and Simulation','This book offers a comprehensive and readable introduction to modern business and data analytics. It is based on the use of Excel, a tool that virtually all students and professionals have access to.',2019);
insert into digital_lib_book_author (digital_lib_book_fk, digital_lib_author_fk) values (522,1069);
insert into digital_lib_book_tag (digital_lib_book_fk, digital_lib_tag_fk) values (522,361);
insert into digital_lib_book_tag (digital_lib_book_fk, digital_lib_tag_fk) values (522,2403);
insert into digital_lib_book_tag (digital_lib_book_fk, digital_lib_tag_fk) values (522,1239);
insert into digital_lib_book_tag (digital_lib_book_fk, digital_lib_tag_fk) values (522,847);
insert into digital_lib_book_tag (digital_lib_book_fk, digital_lib_tag_fk) values (522,2177);
insert into digital_lib_book_tag (digital_lib_book_fk, digital_lib_tag_fk) values (522,140);
insert into digital_lib_book_tag (digital_lib_book_fk, digital_lib_tag_fk) values (522,2076);
insert into digital_lib_book_tag (digital_lib_book_fk, digital_lib_tag_fk) values (522,187);
insert into digital_lib_book_publisher (digital_lib_book_fk, digital_lib_publisher_fk) values (522,14);
insert into digital_lib_book_publisher (digital_lib_book_fk, digital_lib_publisher_fk) values (522,2);
insert into digital_lib_category_book (digital_lib_book_fk, digital_lib_category_fk) values (522,6);
insert into digital_lib_category_book (digital_lib_book_fk, digital_lib_category_fk) values (522,9);
insert into digital_lib_book (digital_lib_book_id, title, description, issue_year) values (523,'Advances in Intelligent Data Analysis XVIII 18th International Symposium on Intelligent Data Analysis, IDA 2020, Konstanz, Germany, April 27–29, 2020, Proceedings','This open access book constitutes the proceedings of the 18th International Conference on Intelligent Data Analysis, IDA 2020, held in Konstanz, Germany, in April 2020. The 45 full papers presented in this volume were carefully reviewed and selected from 114 submissions. Advancing Intelligent Data Analysis requires novel, potentially game-changing ideas. IDA’s mission is to promote ideas over performance: a solid motivation can be as convincing as exhaustive empirical evaluation.',2020);
insert into digital_lib_book_author (digital_lib_book_fk, digital_lib_author_fk) values (523,334);
insert into digital_lib_book_author (digital_lib_book_fk, digital_lib_author_fk) values (523,792);
insert into digital_lib_book_author (digital_lib_book_fk, digital_lib_author_fk) values (523,996);
insert into digital_lib_book_tag (digital_lib_book_fk, digital_lib_tag_fk) values (523,1891);
insert into digital_lib_book_tag (digital_lib_book_fk, digital_lib_tag_fk) values (523,417);
insert into digital_lib_book_tag (digital_lib_book_fk, digital_lib_tag_fk) values (523,1022);
insert into digital_lib_book_tag (digital_lib_book_fk, digital_lib_tag_fk) values (523,1694);
insert into digital_lib_book_tag (digital_lib_book_fk, digital_lib_tag_fk) values (523,1751);
insert into digital_lib_book_tag (digital_lib_book_fk, digital_lib_tag_fk) values (523,686);
insert into digital_lib_book_tag (digital_lib_book_fk, digital_lib_tag_fk) values (523,1705);
insert into digital_lib_book_tag (digital_lib_book_fk, digital_lib_tag_fk) values (523,362);
insert into digital_lib_book_tag (digital_lib_book_fk, digital_lib_tag_fk) values (523,2440);
insert into digital_lib_book_tag (digital_lib_book_fk, digital_lib_tag_fk) values (523,965);
insert into digital_lib_book_tag (digital_lib_book_fk, digital_lib_tag_fk) values (523,1836);
insert into digital_lib_book_publisher (digital_lib_book_fk, digital_lib_publisher_fk) values (523,14);
insert into digital_lib_book_publisher (digital_lib_book_fk, digital_lib_publisher_fk) values (523,2);
insert into digital_lib_category_book (digital_lib_book_fk, digital_lib_category_fk) values (523,6);
insert into digital_lib_category_book (digital_lib_book_fk, digital_lib_category_fk) values (523,9);
insert into digital_lib_book (digital_lib_book_id, title, description, issue_year) values (524,'Research Assessment in the Humanities Towards Criteria and Procedures','The volume that lays in front of you covers an important topic, namely the search for academic quality in research in the domain of the humanities and, particularly, how to come to terms on how to operationalize that in research assessment contexts.',2016);
insert into digital_lib_book_author (digital_lib_book_fk, digital_lib_author_fk) values (524,829);
insert into digital_lib_book_author (digital_lib_book_fk, digital_lib_author_fk) values (524,727);
insert into digital_lib_book_author (digital_lib_book_fk, digital_lib_author_fk) values (524,701);
insert into digital_lib_book_tag (digital_lib_book_fk, digital_lib_tag_fk) values (524,1275);
insert into digital_lib_book_tag (digital_lib_book_fk, digital_lib_tag_fk) values (524,552);
insert into digital_lib_book_tag (digital_lib_book_fk, digital_lib_tag_fk) values (524,445);
insert into digital_lib_book_tag (digital_lib_book_fk, digital_lib_tag_fk) values (524,711);
insert into digital_lib_book_tag (digital_lib_book_fk, digital_lib_tag_fk) values (524,2007);
insert into digital_lib_book_publisher (digital_lib_book_fk, digital_lib_publisher_fk) values (524,172);
insert into digital_lib_category_book (digital_lib_book_fk, digital_lib_category_fk) values (524,6);
insert into digital_lib_category_book (digital_lib_book_fk, digital_lib_category_fk) values (524,14);
insert into digital_lib_book (digital_lib_book_id, title, description, issue_year) values (525,'Informatics in the Future Proceedings of the 11th European Computer Science Summit (ECSS 2015), Vienna, October 2015','This volume discusses the prospects and evolution of informatics (or computer science), which has become the operating system of our world, and is today seen as the science of the information society. Its artifacts change the world and its methods have an impact on how we think about and perceive the world.',2017);
insert into digital_lib_book_author (digital_lib_book_fk, digital_lib_author_fk) values (525,666);
insert into digital_lib_book_author (digital_lib_book_fk, digital_lib_author_fk) values (525,283);
insert into digital_lib_book_tag (digital_lib_book_fk, digital_lib_tag_fk) values (525,1542);
insert into digital_lib_book_tag (digital_lib_book_fk, digital_lib_tag_fk) values (525,2231);
insert into digital_lib_book_tag (digital_lib_book_fk, digital_lib_tag_fk) values (525,1500);
insert into digital_lib_book_tag (digital_lib_book_fk, digital_lib_tag_fk) values (525,114);
insert into digital_lib_book_tag (digital_lib_book_fk, digital_lib_tag_fk) values (525,715);
insert into digital_lib_book_tag (digital_lib_book_fk, digital_lib_tag_fk) values (525,1479);
insert into digital_lib_book_tag (digital_lib_book_fk, digital_lib_tag_fk) values (525,2439);
insert into digital_lib_book_tag (digital_lib_book_fk, digital_lib_tag_fk) values (525,1040);
insert into digital_lib_book_publisher (digital_lib_book_fk, digital_lib_publisher_fk) values (525,14);
insert into digital_lib_book_publisher (digital_lib_book_fk, digital_lib_publisher_fk) values (525,2);
insert into digital_lib_category_book (digital_lib_book_fk, digital_lib_category_fk) values (525,6);
insert into digital_lib_category_book (digital_lib_book_fk, digital_lib_category_fk) values (525,14);
insert into digital_lib_book (digital_lib_book_id, title, description, issue_year) values (526,'Instructional Scaffolding in STEM Education Strategies and Efficacy Evidence','This book uses meta-analysis to synthesize research on scaffolding and scaffolding-related interventions in STEM (science, technology, engineering, and mathematics) education. Specifically, the volume examines the extent to which study quality, assessment type, and scaffolding characteristics (strategy, intended outcome, fading schedule, scaffolding intervention, and paired intervention) influence cognitive student outcomes.',2017);
insert into digital_lib_book_author (digital_lib_book_fk, digital_lib_author_fk) values (526,596);
insert into digital_lib_book_tag (digital_lib_book_fk, digital_lib_tag_fk) values (526,692);
insert into digital_lib_book_tag (digital_lib_book_fk, digital_lib_tag_fk) values (526,621);
insert into digital_lib_book_tag (digital_lib_book_fk, digital_lib_tag_fk) values (526,1024);
insert into digital_lib_book_tag (digital_lib_book_fk, digital_lib_tag_fk) values (526,984);
insert into digital_lib_book_publisher (digital_lib_book_fk, digital_lib_publisher_fk) values (526,14);
insert into digital_lib_book_publisher (digital_lib_book_fk, digital_lib_publisher_fk) values (526,2);
insert into digital_lib_category_book (digital_lib_book_fk, digital_lib_category_fk) values (526,6);
insert into digital_lib_category_book (digital_lib_book_fk, digital_lib_category_fk) values (526,14);
insert into digital_lib_book (digital_lib_book_id, title, description, issue_year) values (527,'Linked Open Data -- Creating Knowledge Out of Interlinked Data Results of the LOD2 Project','This book presents an overview on the results of the research project “LOD2 -- Creating Knowledge out of Interlinked Data”. LOD2 is a large-scale integrating project co-funded by the European Commission within the FP7 Information and Communication Technologies Work Program.',2014);
insert into digital_lib_book_author (digital_lib_book_fk, digital_lib_author_fk) values (527,1137);
insert into digital_lib_book_author (digital_lib_book_fk, digital_lib_author_fk) values (527,588);
insert into digital_lib_book_author (digital_lib_book_fk, digital_lib_author_fk) values (527,755);
insert into digital_lib_book_tag (digital_lib_book_fk, digital_lib_tag_fk) values (527,381);
insert into digital_lib_book_tag (digital_lib_book_fk, digital_lib_tag_fk) values (527,6);
insert into digital_lib_book_tag (digital_lib_book_fk, digital_lib_tag_fk) values (527,992);
insert into digital_lib_book_tag (digital_lib_book_fk, digital_lib_tag_fk) values (527,241);
insert into digital_lib_book_tag (digital_lib_book_fk, digital_lib_tag_fk) values (527,496);
insert into digital_lib_book_tag (digital_lib_book_fk, digital_lib_tag_fk) values (527,806);
insert into digital_lib_book_tag (digital_lib_book_fk, digital_lib_tag_fk) values (527,2438);
insert into digital_lib_book_tag (digital_lib_book_fk, digital_lib_tag_fk) values (527,106);
insert into digital_lib_book_tag (digital_lib_book_fk, digital_lib_tag_fk) values (527,189);
insert into digital_lib_book_tag (digital_lib_book_fk, digital_lib_tag_fk) values (527,707);
insert into digital_lib_book_publisher (digital_lib_book_fk, digital_lib_publisher_fk) values (527,14);
insert into digital_lib_book_publisher (digital_lib_book_fk, digital_lib_publisher_fk) values (527,2);
insert into digital_lib_category_book (digital_lib_book_fk, digital_lib_category_fk) values (527,6);
insert into digital_lib_category_book (digital_lib_book_fk, digital_lib_category_fk) values (527,14);
insert into digital_lib_book (digital_lib_book_id, title, description, issue_year) values (528,'Protecting the Rights of People with Autism in the Fields of Education and Employment International, European and National Perspectives','The book contains the scientific results of the European Project “Promoting equal rights of people with autism in the field of employment and education” aimed at supporting the implementation of the UN Convention in the fields of inclusive education and employment.',2015);
insert into digital_lib_book_author (digital_lib_book_fk, digital_lib_author_fk) values (528,190);
insert into digital_lib_book_author (digital_lib_book_fk, digital_lib_author_fk) values (528,74);
insert into digital_lib_book_tag (digital_lib_book_fk, digital_lib_tag_fk) values (528,1878);
insert into digital_lib_book_tag (digital_lib_book_fk, digital_lib_tag_fk) values (528,2166);
insert into digital_lib_book_tag (digital_lib_book_fk, digital_lib_tag_fk) values (528,1315);
insert into digital_lib_book_tag (digital_lib_book_fk, digital_lib_tag_fk) values (528,1281);
insert into digital_lib_book_tag (digital_lib_book_fk, digital_lib_tag_fk) values (528,1734);
insert into digital_lib_book_publisher (digital_lib_book_fk, digital_lib_publisher_fk) values (528,14);
insert into digital_lib_book_publisher (digital_lib_book_fk, digital_lib_publisher_fk) values (528,2);
insert into digital_lib_category_book (digital_lib_book_fk, digital_lib_category_fk) values (528,6);
insert into digital_lib_category_book (digital_lib_book_fk, digital_lib_category_fk) values (528,14);
insert into digital_lib_book (digital_lib_book_id, title, description, issue_year) values (529,'Re-engineering the Uptake of ICT in Schools','This book reports on a novel and comprehensive approach to the uptake of ICT in Schools. It focuses on key questions, pedagogically sound ways of introducing ICT, new technical artifacts supporting the approach, the evaluation in a large-scale validator, and future work.',2015);
insert into digital_lib_book_author (digital_lib_book_fk, digital_lib_author_fk) values (529,1089);
insert into digital_lib_book_author (digital_lib_book_fk, digital_lib_author_fk) values (529,236);
insert into digital_lib_book_author (digital_lib_book_fk, digital_lib_author_fk) values (529,702);
insert into digital_lib_book_author (digital_lib_book_fk, digital_lib_author_fk) values (529,1015);
insert into digital_lib_book_author (digital_lib_book_fk, digital_lib_author_fk) values (529,415);
insert into digital_lib_book_tag (digital_lib_book_fk, digital_lib_tag_fk) values (529,592);
insert into digital_lib_book_tag (digital_lib_book_fk, digital_lib_tag_fk) values (529,410);
insert into digital_lib_book_tag (digital_lib_book_fk, digital_lib_tag_fk) values (529,1418);
insert into digital_lib_book_tag (digital_lib_book_fk, digital_lib_tag_fk) values (529,2271);
insert into digital_lib_book_tag (digital_lib_book_fk, digital_lib_tag_fk) values (529,680);
insert into digital_lib_book_tag (digital_lib_book_fk, digital_lib_tag_fk) values (529,1269);
insert into digital_lib_book_tag (digital_lib_book_fk, digital_lib_tag_fk) values (529,230);
insert into digital_lib_book_publisher (digital_lib_book_fk, digital_lib_publisher_fk) values (529,14);
insert into digital_lib_book_publisher (digital_lib_book_fk, digital_lib_publisher_fk) values (529,2);
insert into digital_lib_category_book (digital_lib_book_fk, digital_lib_category_fk) values (529,6);
insert into digital_lib_category_book (digital_lib_book_fk, digital_lib_category_fk) values (529,14);
insert into digital_lib_book (digital_lib_book_id, title, description, issue_year) values (530,'Science and Technology Governance and Ethics A Global Perspective from Europe, India and China','This book analyzes the possibilities for effective global governance of science in Europe, India and China. The book introduces a common analytical framework for the comparative discussion of ethics at the international level. The authors offer policy recommendations for effective collaboration among the three regions, to promote responsible governance in science and technology and a common analytical perspective in ethics.',2015);
insert into digital_lib_book_author (digital_lib_book_fk, digital_lib_author_fk) values (530,741);
insert into digital_lib_book_author (digital_lib_book_fk, digital_lib_author_fk) values (530,188);
insert into digital_lib_book_author (digital_lib_book_fk, digital_lib_author_fk) values (530,464);
insert into digital_lib_book_author (digital_lib_book_fk, digital_lib_author_fk) values (530,1200);
insert into digital_lib_book_tag (digital_lib_book_fk, digital_lib_tag_fk) values (530,276);
insert into digital_lib_book_tag (digital_lib_book_fk, digital_lib_tag_fk) values (530,1171);
insert into digital_lib_book_tag (digital_lib_book_fk, digital_lib_tag_fk) values (530,1702);
insert into digital_lib_book_tag (digital_lib_book_fk, digital_lib_tag_fk) values (530,1593);
insert into digital_lib_book_tag (digital_lib_book_fk, digital_lib_tag_fk) values (530,1837);
insert into digital_lib_book_tag (digital_lib_book_fk, digital_lib_tag_fk) values (530,711);
insert into digital_lib_book_tag (digital_lib_book_fk, digital_lib_tag_fk) values (530,528);
insert into digital_lib_book_publisher (digital_lib_book_fk, digital_lib_publisher_fk) values (530,14);
insert into digital_lib_book_publisher (digital_lib_book_fk, digital_lib_publisher_fk) values (530,2);
insert into digital_lib_category_book (digital_lib_book_fk, digital_lib_category_fk) values (530,6);
insert into digital_lib_category_book (digital_lib_book_fk, digital_lib_category_fk) values (530,14);
insert into digital_lib_book (digital_lib_book_id, title, description, issue_year) values (531,'Teaching Tolerance in a Globalized World','This open access thematic report identifies factors and conditions that can help schools and education systems promote tolerance in a globalized world. T',2018);
insert into digital_lib_book_author (digital_lib_book_fk, digital_lib_author_fk) values (531,811);
insert into digital_lib_book_author (digital_lib_book_fk, digital_lib_author_fk) values (531,88);
insert into digital_lib_book_author (digital_lib_book_fk, digital_lib_author_fk) values (531,907);
insert into digital_lib_book_tag (digital_lib_book_fk, digital_lib_tag_fk) values (531,251);
insert into digital_lib_book_tag (digital_lib_book_fk, digital_lib_tag_fk) values (531,1957);
insert into digital_lib_book_tag (digital_lib_book_fk, digital_lib_tag_fk) values (531,431);
insert into digital_lib_book_tag (digital_lib_book_fk, digital_lib_tag_fk) values (531,2180);
insert into digital_lib_book_tag (digital_lib_book_fk, digital_lib_tag_fk) values (531,711);
insert into digital_lib_book_tag (digital_lib_book_fk, digital_lib_tag_fk) values (531,1778);
insert into digital_lib_book_tag (digital_lib_book_fk, digital_lib_tag_fk) values (531,32);
insert into digital_lib_book_tag (digital_lib_book_fk, digital_lib_tag_fk) values (531,711);
insert into digital_lib_book_tag (digital_lib_book_fk, digital_lib_tag_fk) values (531,914);
insert into digital_lib_book_tag (digital_lib_book_fk, digital_lib_tag_fk) values (531,648);
insert into digital_lib_book_tag (digital_lib_book_fk, digital_lib_tag_fk) values (531,2344);
insert into digital_lib_book_tag (digital_lib_book_fk, digital_lib_tag_fk) values (531,300);
insert into digital_lib_book_publisher (digital_lib_book_fk, digital_lib_publisher_fk) values (531,14);
insert into digital_lib_book_publisher (digital_lib_book_fk, digital_lib_publisher_fk) values (531,2);
insert into digital_lib_category_book (digital_lib_book_fk, digital_lib_category_fk) values (531,6);
insert into digital_lib_category_book (digital_lib_book_fk, digital_lib_category_fk) values (531,14);
insert into digital_lib_book (digital_lib_book_id, title, description, issue_year) values (532,'Open and Distance Education in Australia, Europe and the Americas National Perspectives in a Digital Age','This book describes the history, structure and institutions of open and distance education in six countries: Australia, Brazil, Canada, Germany, the UK and the US. It discusses how open and distance education is evolving in a digital age to reflect the needs and circumstances of national higher education systems in these countries, and explores the similarities and differences between the ways in which they are organized and structured.',2018);
insert into digital_lib_book_author (digital_lib_book_fk, digital_lib_author_fk) values (532,469);
insert into digital_lib_book_author (digital_lib_book_fk, digital_lib_author_fk) values (532,70);
insert into digital_lib_book_tag (digital_lib_book_fk, digital_lib_tag_fk) values (532,1127);
insert into digital_lib_book_tag (digital_lib_book_fk, digital_lib_tag_fk) values (532,2190);
insert into digital_lib_book_tag (digital_lib_book_fk, digital_lib_tag_fk) values (532,480);
insert into digital_lib_book_tag (digital_lib_book_fk, digital_lib_tag_fk) values (532,1396);
insert into digital_lib_book_tag (digital_lib_book_fk, digital_lib_tag_fk) values (532,1654);
insert into digital_lib_book_tag (digital_lib_book_fk, digital_lib_tag_fk) values (532,1165);
insert into digital_lib_book_tag (digital_lib_book_fk, digital_lib_tag_fk) values (532,2427);
insert into digital_lib_book_tag (digital_lib_book_fk, digital_lib_tag_fk) values (532,2433);
insert into digital_lib_book_tag (digital_lib_book_fk, digital_lib_tag_fk) values (532,987);
insert into digital_lib_book_tag (digital_lib_book_fk, digital_lib_tag_fk) values (532,1502);
insert into digital_lib_book_tag (digital_lib_book_fk, digital_lib_tag_fk) values (532,711);
insert into digital_lib_book_tag (digital_lib_book_fk, digital_lib_tag_fk) values (532,654);
insert into digital_lib_book_publisher (digital_lib_book_fk, digital_lib_publisher_fk) values (532,14);
insert into digital_lib_book_publisher (digital_lib_book_fk, digital_lib_publisher_fk) values (532,175);
insert into digital_lib_category_book (digital_lib_book_fk, digital_lib_category_fk) values (532,6);
insert into digital_lib_category_book (digital_lib_book_fk, digital_lib_category_fk) values (532,14);
insert into digital_lib_book (digital_lib_book_id, title, description, issue_year) values (533,'Becoming Citizens in a Changing World IEA International Civic and Citizenship Education Study 2016 International Report','This open access book presents the results from the second cycle of the IEA International Civic and Citizenship Education Study (ICCS 2016). Using data from 24 countries in Asia, Europe and Latin America, the study investigates the ways in which young people are prepared to undertake their roles as citizens in a range of countries in the second decade of the 21st century.',2018);
insert into digital_lib_book_author (digital_lib_book_fk, digital_lib_author_fk) values (533,515);
insert into digital_lib_book_author (digital_lib_book_fk, digital_lib_author_fk) values (533,300);
insert into digital_lib_book_author (digital_lib_book_fk, digital_lib_author_fk) values (533,53);
insert into digital_lib_book_author (digital_lib_book_fk, digital_lib_author_fk) values (533,1094);
insert into digital_lib_book_author (digital_lib_book_fk, digital_lib_author_fk) values (533,1050);
insert into digital_lib_book_author (digital_lib_book_fk, digital_lib_author_fk) values (533,390);
insert into digital_lib_book_tag (digital_lib_book_fk, digital_lib_tag_fk) values (533,1083);
insert into digital_lib_book_tag (digital_lib_book_fk, digital_lib_tag_fk) values (533,851);
insert into digital_lib_book_tag (digital_lib_book_fk, digital_lib_tag_fk) values (533,1889);
insert into digital_lib_book_tag (digital_lib_book_fk, digital_lib_tag_fk) values (533,628);
insert into digital_lib_book_tag (digital_lib_book_fk, digital_lib_tag_fk) values (533,2199);
insert into digital_lib_book_tag (digital_lib_book_fk, digital_lib_tag_fk) values (533,711);
insert into digital_lib_book_tag (digital_lib_book_fk, digital_lib_tag_fk) values (533,440);
insert into digital_lib_book_tag (digital_lib_book_fk, digital_lib_tag_fk) values (533,1743);
insert into digital_lib_book_publisher (digital_lib_book_fk, digital_lib_publisher_fk) values (533,14);
insert into digital_lib_book_publisher (digital_lib_book_fk, digital_lib_publisher_fk) values (533,2);
insert into digital_lib_category_book (digital_lib_book_fk, digital_lib_category_fk) values (533,6);
insert into digital_lib_category_book (digital_lib_book_fk, digital_lib_category_fk) values (533,14);
insert into digital_lib_book (digital_lib_book_id, title, description, issue_year) values (534,'Curriculum Reform in the European Schools Towards a 21st Century Vision','This open access book examines the modern role of the European School system within the European Union, at a time when the global economy demands a new vision for contemporary education.',2018);
insert into digital_lib_book_author (digital_lib_book_fk, digital_lib_author_fk) values (534,114);
insert into digital_lib_book_author (digital_lib_book_fk, digital_lib_author_fk) values (534,991);
insert into digital_lib_book_author (digital_lib_book_fk, digital_lib_author_fk) values (534,430);
insert into digital_lib_book_tag (digital_lib_book_fk, digital_lib_tag_fk) values (534,1174);
insert into digital_lib_book_tag (digital_lib_book_fk, digital_lib_tag_fk) values (534,1784);
insert into digital_lib_book_tag (digital_lib_book_fk, digital_lib_tag_fk) values (534,2405);
insert into digital_lib_book_tag (digital_lib_book_fk, digital_lib_tag_fk) values (534,2136);
insert into digital_lib_book_tag (digital_lib_book_fk, digital_lib_tag_fk) values (534,520);
insert into digital_lib_book_tag (digital_lib_book_fk, digital_lib_tag_fk) values (534,1446);
insert into digital_lib_book_publisher (digital_lib_book_fk, digital_lib_publisher_fk) values (534,109);
insert into digital_lib_book_publisher (digital_lib_book_fk, digital_lib_publisher_fk) values (534,2);
insert into digital_lib_category_book (digital_lib_book_fk, digital_lib_category_fk) values (534,6);
insert into digital_lib_category_book (digital_lib_book_fk, digital_lib_category_fk) values (534,14);
insert into digital_lib_book (digital_lib_book_id, title, description, issue_year) values (535,'The European Higher Education Area The Impact of Past and Future Policies','Bridging the gap between higher education research and policy making was always a challenge, but the recent calls for more evidence-based policies have opened a window of unprecedented opportunity for researchers to bring more contributions to shaping the future of the European Higher Education Area (EHEA). The research volumes offer unique insights regarding the state of affairs of European higher education and research, as well as forward-looking policy proposals.',2018);
insert into digital_lib_book_author (digital_lib_book_fk, digital_lib_author_fk) values (535,779);
insert into digital_lib_book_author (digital_lib_book_fk, digital_lib_author_fk) values (535,1007);
insert into digital_lib_book_author (digital_lib_book_fk, digital_lib_author_fk) values (535,726);
insert into digital_lib_book_tag (digital_lib_book_fk, digital_lib_tag_fk) values (535,1785);
insert into digital_lib_book_tag (digital_lib_book_fk, digital_lib_tag_fk) values (535,1410);
insert into digital_lib_book_tag (digital_lib_book_fk, digital_lib_tag_fk) values (535,2128);
insert into digital_lib_book_tag (digital_lib_book_fk, digital_lib_tag_fk) values (535,591);
insert into digital_lib_book_tag (digital_lib_book_fk, digital_lib_tag_fk) values (535,711);
insert into digital_lib_book_tag (digital_lib_book_fk, digital_lib_tag_fk) values (535,242);
insert into digital_lib_book_tag (digital_lib_book_fk, digital_lib_tag_fk) values (535,2182);
insert into digital_lib_book_tag (digital_lib_book_fk, digital_lib_tag_fk) values (535,957);
insert into digital_lib_book_tag (digital_lib_book_fk, digital_lib_tag_fk) values (535,711);
insert into digital_lib_book_tag (digital_lib_book_fk, digital_lib_tag_fk) values (535,190);
insert into digital_lib_book_tag (digital_lib_book_fk, digital_lib_tag_fk) values (535,1440);
insert into digital_lib_book_tag (digital_lib_book_fk, digital_lib_tag_fk) values (535,512);
insert into digital_lib_book_publisher (digital_lib_book_fk, digital_lib_publisher_fk) values (535,14);
insert into digital_lib_book_publisher (digital_lib_book_fk, digital_lib_publisher_fk) values (535,2);
insert into digital_lib_category_book (digital_lib_book_fk, digital_lib_category_fk) values (535,6);
insert into digital_lib_category_book (digital_lib_book_fk, digital_lib_category_fk) values (535,14);
insert into digital_lib_book (digital_lib_book_id, title, description, issue_year) values (536,'A Philosophy of Israel Education A Relational Approach','This book develops a new philosophy of Israel education. “Person-centered” Israel education is concerned with developing in individual learners the ability to understand and make rational, emotional, and ethical decisions about Israel, and about the challenges Israel regularly faces, whether they be existential, spiritual, democratic, humanitarian, national.',2016);
insert into digital_lib_book_author (digital_lib_book_fk, digital_lib_author_fk) values (536,1027);
insert into digital_lib_book_tag (digital_lib_book_fk, digital_lib_tag_fk) values (536,2460);
insert into digital_lib_book_tag (digital_lib_book_fk, digital_lib_tag_fk) values (536,175);
insert into digital_lib_book_tag (digital_lib_book_fk, digital_lib_tag_fk) values (536,1100);
insert into digital_lib_book_tag (digital_lib_book_fk, digital_lib_tag_fk) values (536,34);
insert into digital_lib_book_tag (digital_lib_book_fk, digital_lib_tag_fk) values (536,149);
insert into digital_lib_book_tag (digital_lib_book_fk, digital_lib_tag_fk) values (536,52);
insert into digital_lib_book_tag (digital_lib_book_fk, digital_lib_tag_fk) values (536,711);
insert into digital_lib_book_tag (digital_lib_book_fk, digital_lib_tag_fk) values (536,2459);
insert into digital_lib_book_publisher (digital_lib_book_fk, digital_lib_publisher_fk) values (536,109);
insert into digital_lib_book_publisher (digital_lib_book_fk, digital_lib_publisher_fk) values (536,2);
insert into digital_lib_category_book (digital_lib_book_fk, digital_lib_category_fk) values (536,6);
insert into digital_lib_category_book (digital_lib_book_fk, digital_lib_category_fk) values (536,14);
insert into digital_lib_book (digital_lib_book_id, title, description, issue_year) values (537,'Assessment in Mathematics Education Large-Scale Assessment and Classroom Assessment','This book provides an overview of current research on a variety of topics related to both large-scale and classroom assessment. The book concludes by discussing the challenges that teachers currently face, as well as ways to support them.',2016);
insert into digital_lib_book_author (digital_lib_book_fk, digital_lib_author_fk) values (537,1119);
insert into digital_lib_book_author (digital_lib_book_fk, digital_lib_author_fk) values (537,158);
insert into digital_lib_book_author (digital_lib_book_fk, digital_lib_author_fk) values (537,935);
insert into digital_lib_book_author (digital_lib_book_fk, digital_lib_author_fk) values (537,255);
insert into digital_lib_book_author (digital_lib_book_fk, digital_lib_author_fk) values (537,536);
insert into digital_lib_book_author (digital_lib_book_fk, digital_lib_author_fk) values (537,895);
insert into digital_lib_book_author (digital_lib_book_fk, digital_lib_author_fk) values (537,1101);
insert into digital_lib_book_author (digital_lib_book_fk, digital_lib_author_fk) values (537,494);
insert into digital_lib_book_author (digital_lib_book_fk, digital_lib_author_fk) values (537,447);
insert into digital_lib_book_tag (digital_lib_book_fk, digital_lib_tag_fk) values (537,2383);
insert into digital_lib_book_tag (digital_lib_book_fk, digital_lib_tag_fk) values (537,1484);
insert into digital_lib_book_tag (digital_lib_book_fk, digital_lib_tag_fk) values (537,1512);
insert into digital_lib_book_tag (digital_lib_book_fk, digital_lib_tag_fk) values (537,2411);
insert into digital_lib_book_tag (digital_lib_book_fk, digital_lib_tag_fk) values (537,711);
insert into digital_lib_book_tag (digital_lib_book_fk, digital_lib_tag_fk) values (537,654);
insert into digital_lib_book_publisher (digital_lib_book_fk, digital_lib_publisher_fk) values (537,14);
insert into digital_lib_book_publisher (digital_lib_book_fk, digital_lib_publisher_fk) values (537,2);
insert into digital_lib_category_book (digital_lib_book_fk, digital_lib_category_fk) values (537,6);
insert into digital_lib_category_book (digital_lib_book_fk, digital_lib_category_fk) values (537,14);
insert into digital_lib_book (digital_lib_book_id, title, description, issue_year) values (538,'Problem Solving in Mathematics Education','This survey book reviews what ways of reasoning learners construct when they rely on the use of digital technologies, and how technology and technology approaches can be reconciled in the studz of Mathematics.',2016);
insert into digital_lib_book_author (digital_lib_book_fk, digital_lib_author_fk) values (538,1);
insert into digital_lib_book_author (digital_lib_book_fk, digital_lib_author_fk) values (538,1086);
insert into digital_lib_book_author (digital_lib_book_fk, digital_lib_author_fk) values (538,839);
insert into digital_lib_book_author (digital_lib_book_fk, digital_lib_author_fk) values (538,1191);
insert into digital_lib_book_tag (digital_lib_book_fk, digital_lib_tag_fk) values (538,919);
insert into digital_lib_book_tag (digital_lib_book_fk, digital_lib_tag_fk) values (538,286);
insert into digital_lib_book_tag (digital_lib_book_fk, digital_lib_tag_fk) values (538,2117);
insert into digital_lib_book_tag (digital_lib_book_fk, digital_lib_tag_fk) values (538,266);
insert into digital_lib_book_tag (digital_lib_book_fk, digital_lib_tag_fk) values (538,2464);
insert into digital_lib_book_tag (digital_lib_book_fk, digital_lib_tag_fk) values (538,102);
insert into digital_lib_book_publisher (digital_lib_book_fk, digital_lib_publisher_fk) values (538,14);
insert into digital_lib_book_publisher (digital_lib_book_fk, digital_lib_publisher_fk) values (538,2);
insert into digital_lib_category_book (digital_lib_book_fk, digital_lib_category_fk) values (538,6);
insert into digital_lib_category_book (digital_lib_book_fk, digital_lib_category_fk) values (538,14);
insert into digital_lib_book (digital_lib_book_id, title, description, issue_year) values (539,'Research on Teaching and Learning Mathematics at the Tertiary Level State-of-the-art and Looking Ahead','This topical survey focuses on research in tertiary mathematics education, a field that has experienced considerable growth over the last 10 years. Drawing on the most recent journal publications as well as the latest advances from recent high-quality conference proceedings, this book provides a complete overview of the topic.',2016);
insert into digital_lib_book_author (digital_lib_book_fk, digital_lib_author_fk) values (539,883);
insert into digital_lib_book_author (digital_lib_book_fk, digital_lib_author_fk) values (539,94);
insert into digital_lib_book_author (digital_lib_book_fk, digital_lib_author_fk) values (539,520);
insert into digital_lib_book_author (digital_lib_book_fk, digital_lib_author_fk) values (539,282);
insert into digital_lib_book_author (digital_lib_book_fk, digital_lib_author_fk) values (539,1085);
insert into digital_lib_book_tag (digital_lib_book_fk, digital_lib_tag_fk) values (539,2464);
insert into digital_lib_book_tag (digital_lib_book_fk, digital_lib_tag_fk) values (539,484);
insert into digital_lib_book_tag (digital_lib_book_fk, digital_lib_tag_fk) values (539,1717);
insert into digital_lib_book_tag (digital_lib_book_fk, digital_lib_tag_fk) values (539,1700);
insert into digital_lib_book_tag (digital_lib_book_fk, digital_lib_tag_fk) values (539,1367);
insert into digital_lib_book_tag (digital_lib_book_fk, digital_lib_tag_fk) values (539,1743);
insert into digital_lib_book_tag (digital_lib_book_fk, digital_lib_tag_fk) values (539,495);
insert into digital_lib_book_publisher (digital_lib_book_fk, digital_lib_publisher_fk) values (539,14);
insert into digital_lib_book_publisher (digital_lib_book_fk, digital_lib_publisher_fk) values (539,2);
insert into digital_lib_category_book (digital_lib_book_fk, digital_lib_category_fk) values (539,6);
insert into digital_lib_category_book (digital_lib_book_fk, digital_lib_category_fk) values (539,14);
insert into digital_lib_book (digital_lib_book_id, title, description, issue_year) values (540,'The Globalization of Science Curricula','This open access book provides a significant and timely investigation into the impacts that globalization has exerted on science curricula in a diverse range of countries using extensive data sets collected by the IEA between 1995 and 2015.',2018);
insert into digital_lib_book_author (digital_lib_book_fk, digital_lib_author_fk) values (540,745);
insert into digital_lib_book_author (digital_lib_book_fk, digital_lib_author_fk) values (540,439);
insert into digital_lib_book_author (digital_lib_book_fk, digital_lib_author_fk) values (540,859);
insert into digital_lib_book_author (digital_lib_book_fk, digital_lib_author_fk) values (540,1185);
insert into digital_lib_book_author (digital_lib_book_fk, digital_lib_author_fk) values (540,644);
insert into digital_lib_book_author (digital_lib_book_fk, digital_lib_author_fk) values (540,234);
insert into digital_lib_book_author (digital_lib_book_fk, digital_lib_author_fk) values (540,1109);
insert into digital_lib_book_tag (digital_lib_book_fk, digital_lib_tag_fk) values (540,2425);
insert into digital_lib_book_tag (digital_lib_book_fk, digital_lib_tag_fk) values (540,1030);
insert into digital_lib_book_tag (digital_lib_book_fk, digital_lib_tag_fk) values (540,1176);
insert into digital_lib_book_tag (digital_lib_book_fk, digital_lib_tag_fk) values (540,1595);
insert into digital_lib_book_tag (digital_lib_book_fk, digital_lib_tag_fk) values (540,1430);
insert into digital_lib_book_tag (digital_lib_book_fk, digital_lib_tag_fk) values (540,2107);
insert into digital_lib_book_tag (digital_lib_book_fk, digital_lib_tag_fk) values (540,593);
insert into digital_lib_book_publisher (digital_lib_book_fk, digital_lib_publisher_fk) values (540,14);
insert into digital_lib_book_publisher (digital_lib_book_fk, digital_lib_publisher_fk) values (540,2);
insert into digital_lib_category_book (digital_lib_book_fk, digital_lib_category_fk) values (540,6);
insert into digital_lib_category_book (digital_lib_book_fk, digital_lib_category_fk) values (540,14);
insert into digital_lib_book (digital_lib_book_id, title, description, issue_year) values (541,'Computational Thinking Education','This book offers a comprehensive guide, covering every important aspect of computational thinking education. It provides an in-depth discussion of computational thinking, including the notion of perceiving computational thinking practices as ways of mapping models from the abstraction of data and process structures to natural phenomena.',2019);
insert into digital_lib_book_author (digital_lib_book_fk, digital_lib_author_fk) values (541,899);
insert into digital_lib_book_author (digital_lib_book_fk, digital_lib_author_fk) values (541,1131);
insert into digital_lib_book_tag (digital_lib_book_fk, digital_lib_tag_fk) values (541,613);
insert into digital_lib_book_tag (digital_lib_book_fk, digital_lib_tag_fk) values (541,940);
insert into digital_lib_book_tag (digital_lib_book_fk, digital_lib_tag_fk) values (541,865);
insert into digital_lib_book_tag (digital_lib_book_fk, digital_lib_tag_fk) values (541,2410);
insert into digital_lib_book_tag (digital_lib_book_fk, digital_lib_tag_fk) values (541,1070);
insert into digital_lib_book_tag (digital_lib_book_fk, digital_lib_tag_fk) values (541,158);
insert into digital_lib_book_tag (digital_lib_book_fk, digital_lib_tag_fk) values (541,711);
insert into digital_lib_book_tag (digital_lib_book_fk, digital_lib_tag_fk) values (541,1510);
insert into digital_lib_book_tag (digital_lib_book_fk, digital_lib_tag_fk) values (541,1471);
insert into digital_lib_book_publisher (digital_lib_book_fk, digital_lib_publisher_fk) values (541,14);
insert into digital_lib_book_publisher (digital_lib_book_fk, digital_lib_publisher_fk) values (541,175);
insert into digital_lib_category_book (digital_lib_book_fk, digital_lib_category_fk) values (541,6);
insert into digital_lib_category_book (digital_lib_book_fk, digital_lib_category_fk) values (541,14);
insert into digital_lib_book (digital_lib_book_id, title, description, issue_year) values (542,'European Traditions in Didactics of Mathematics','This open access book discusses several didactic traditions in mathematics education in countries across Europe, including France, the Netherlands, Italy, Germany, the Czech and Slovakian Republics, and the Scandinavian states. It shows that while they all share common features both in the practice of learning and teaching at school and in research and development, they each have special features due to specific historical and cultural developments. The book also presents interesting historical facts about these didactic traditions, the theories and examples developed in these countries.',2019);
insert into digital_lib_book_author (digital_lib_book_fk, digital_lib_author_fk) values (542,1110);
insert into digital_lib_book_author (digital_lib_book_fk, digital_lib_author_fk) values (542,87);
insert into digital_lib_book_author (digital_lib_book_fk, digital_lib_author_fk) values (542,161);
insert into digital_lib_book_author (digital_lib_book_fk, digital_lib_author_fk) values (542,103);
insert into digital_lib_book_author (digital_lib_book_fk, digital_lib_author_fk) values (542,99);
insert into digital_lib_book_tag (digital_lib_book_fk, digital_lib_tag_fk) values (542,770);
insert into digital_lib_book_tag (digital_lib_book_fk, digital_lib_tag_fk) values (542,999);
insert into digital_lib_book_tag (digital_lib_book_fk, digital_lib_tag_fk) values (542,711);
insert into digital_lib_book_tag (digital_lib_book_fk, digital_lib_tag_fk) values (542,1502);
insert into digital_lib_book_tag (digital_lib_book_fk, digital_lib_tag_fk) values (542,1523);
insert into digital_lib_book_tag (digital_lib_book_fk, digital_lib_tag_fk) values (542,148);
insert into digital_lib_book_tag (digital_lib_book_fk, digital_lib_tag_fk) values (542,1056);
insert into digital_lib_book_publisher (digital_lib_book_fk, digital_lib_publisher_fk) values (542,14);
insert into digital_lib_book_publisher (digital_lib_book_fk, digital_lib_publisher_fk) values (542,2);
insert into digital_lib_category_book (digital_lib_book_fk, digital_lib_category_fk) values (542,6);
insert into digital_lib_category_book (digital_lib_book_fk, digital_lib_category_fk) values (542,14);
insert into digital_lib_book (digital_lib_book_id, title, description, issue_year) values (543,'Open and Distance Education in Asia, Africa and the Middle East National Perspectives in a Digital Age','This book describes the history, structure and institutions of open and distance education in six countries: China, India, Russia, Turkey, South Africa and South Korea.  It describes how open and distance education is evolving in a digital age to reflect the needs and circumstances of the national higher education systems in these countries.  It also explores the similarities and differences between how their open and distance higher education systems are managed and structured.',2019);
insert into digital_lib_book_author (digital_lib_book_fk, digital_lib_author_fk) values (543,70);
insert into digital_lib_book_author (digital_lib_book_fk, digital_lib_author_fk) values (543,469);
insert into digital_lib_book_tag (digital_lib_book_fk, digital_lib_tag_fk) values (543,1127);
insert into digital_lib_book_tag (digital_lib_book_fk, digital_lib_tag_fk) values (543,2190);
insert into digital_lib_book_tag (digital_lib_book_fk, digital_lib_tag_fk) values (543,480);
insert into digital_lib_book_tag (digital_lib_book_fk, digital_lib_tag_fk) values (543,1396);
insert into digital_lib_book_tag (digital_lib_book_fk, digital_lib_tag_fk) values (543,1654);
insert into digital_lib_book_tag (digital_lib_book_fk, digital_lib_tag_fk) values (543,1165);
insert into digital_lib_book_tag (digital_lib_book_fk, digital_lib_tag_fk) values (543,2427);
insert into digital_lib_book_tag (digital_lib_book_fk, digital_lib_tag_fk) values (543,2433);
insert into digital_lib_book_publisher (digital_lib_book_fk, digital_lib_publisher_fk) values (543,14);
insert into digital_lib_book_publisher (digital_lib_book_fk, digital_lib_publisher_fk) values (543,175);
insert into digital_lib_category_book (digital_lib_book_fk, digital_lib_category_fk) values (543,6);
insert into digital_lib_category_book (digital_lib_book_fk, digital_lib_category_fk) values (543,14);
insert into digital_lib_book (digital_lib_book_id, title, description, issue_year) values (544,'The Change Laboratory for Teacher Training in Entrepreneurship Education A New Skills Agenda for Europe','This open access book illustrates a new type of formative intervention for in-service teacher training in entrepreneurship education. The book describes a Change Laboratory and shows how teachers and workshop assistants develop the idea of a multidisciplinary project entailing the design of a self-service and parking lot in a dismissed area close to the city centre.',2019);
insert into digital_lib_book_author (digital_lib_book_fk, digital_lib_author_fk) values (544,4);
insert into digital_lib_book_tag (digital_lib_book_fk, digital_lib_tag_fk) values (544,186);
insert into digital_lib_book_tag (digital_lib_book_fk, digital_lib_tag_fk) values (544,1743);
insert into digital_lib_book_tag (digital_lib_book_fk, digital_lib_tag_fk) values (544,1334);
insert into digital_lib_book_tag (digital_lib_book_fk, digital_lib_tag_fk) values (544,1437);
insert into digital_lib_book_tag (digital_lib_book_fk, digital_lib_tag_fk) values (544,2326);
insert into digital_lib_book_tag (digital_lib_book_fk, digital_lib_tag_fk) values (544,334);
insert into digital_lib_book_tag (digital_lib_book_fk, digital_lib_tag_fk) values (544,1355);
insert into digital_lib_book_tag (digital_lib_book_fk, digital_lib_tag_fk) values (544,1075);
insert into digital_lib_book_tag (digital_lib_book_fk, digital_lib_tag_fk) values (544,1988);
insert into digital_lib_book_tag (digital_lib_book_fk, digital_lib_tag_fk) values (544,1308);
insert into digital_lib_book_tag (digital_lib_book_fk, digital_lib_tag_fk) values (544,43);
insert into digital_lib_book_publisher (digital_lib_book_fk, digital_lib_publisher_fk) values (544,14);
insert into digital_lib_book_publisher (digital_lib_book_fk, digital_lib_publisher_fk) values (544,2);
insert into digital_lib_category_book (digital_lib_book_fk, digital_lib_category_fk) values (544,6);
insert into digital_lib_category_book (digital_lib_book_fk, digital_lib_category_fk) values (544,14);
insert into digital_lib_book (digital_lib_book_id, title, description, issue_year) values (545,'The Responsible University Exploring the Nordic Context and Beyond','This book explores how the notion of the responsible university manifests itself at various levels within Nordic higher education. This book examines this phenomenon using the Nordic countries as cases in point, given the strong public commitment towards widening participation and public research investments.',2019);
insert into digital_lib_book_author (digital_lib_book_fk, digital_lib_author_fk) values (545,1079);
insert into digital_lib_book_author (digital_lib_book_fk, digital_lib_author_fk) values (545,442);
insert into digital_lib_book_author (digital_lib_book_fk, digital_lib_author_fk) values (545,1132);
insert into digital_lib_book_author (digital_lib_book_fk, digital_lib_author_fk) values (545,486);
insert into digital_lib_book_tag (digital_lib_book_fk, digital_lib_tag_fk) values (545,167);
insert into digital_lib_book_tag (digital_lib_book_fk, digital_lib_tag_fk) values (545,1464);
insert into digital_lib_book_tag (digital_lib_book_fk, digital_lib_tag_fk) values (545,711);
insert into digital_lib_book_tag (digital_lib_book_fk, digital_lib_tag_fk) values (545,110);
insert into digital_lib_book_tag (digital_lib_book_fk, digital_lib_tag_fk) values (545,1353);
insert into digital_lib_book_publisher (digital_lib_book_fk, digital_lib_publisher_fk) values (545,109);
insert into digital_lib_book_publisher (digital_lib_book_fk, digital_lib_publisher_fk) values (545,2);
insert into digital_lib_category_book (digital_lib_book_fk, digital_lib_category_fk) values (545,6);
insert into digital_lib_category_book (digital_lib_book_fk, digital_lib_category_fk) values (545,14);
insert into digital_lib_book (digital_lib_book_id, title, description, issue_year) values (546,'Audacious Education Purposes How Governments Transform the Goals of Education Systems','This open access book offers a comparative study of eight ambitious national reforms that sought to create opportunities for students to gain the necessary breath of skills to thrive in a rapidly changing world. It examines how national governments transform education systems to provide students opportunities to develop such skills. It analyses comprehensive education reforms in Brazil, Finland, Japan, Mexico, Peru, Poland, Portugal and Russia and yields original and important insights on the process of educational change.',2020);
insert into digital_lib_book_author (digital_lib_book_fk, digital_lib_author_fk) values (546,318);
insert into digital_lib_book_tag (digital_lib_book_fk, digital_lib_tag_fk) values (546,830);
insert into digital_lib_book_tag (digital_lib_book_fk, digital_lib_tag_fk) values (546,1176);
insert into digital_lib_book_tag (digital_lib_book_fk, digital_lib_tag_fk) values (546,688);
insert into digital_lib_book_tag (digital_lib_book_fk, digital_lib_tag_fk) values (546,1532);
insert into digital_lib_book_tag (digital_lib_book_fk, digital_lib_tag_fk) values (546,1938);
insert into digital_lib_book_tag (digital_lib_book_fk, digital_lib_tag_fk) values (546,1701);
insert into digital_lib_book_tag (digital_lib_book_fk, digital_lib_tag_fk) values (546,1482);
insert into digital_lib_book_publisher (digital_lib_book_fk, digital_lib_publisher_fk) values (546,14);
insert into digital_lib_book_publisher (digital_lib_book_fk, digital_lib_publisher_fk) values (546,2);
insert into digital_lib_category_book (digital_lib_book_fk, digital_lib_category_fk) values (546,6);
insert into digital_lib_category_book (digital_lib_book_fk, digital_lib_category_fk) values (546,14);
insert into digital_lib_book (digital_lib_book_id, title, description, issue_year) values (547,'Intercultural Dialogue in the European Education Policies A Conceptual Approach','This open access book analyses intercultural dialogue as a concept, policy and ideal in European education policy documentation.  This book will be of interest and value to scholars of intercultural dialogue and European education policies.',2020);
insert into digital_lib_book_author (digital_lib_book_fk, digital_lib_author_fk) values (547,1120);
insert into digital_lib_book_author (digital_lib_book_fk, digital_lib_author_fk) values (547,492);
insert into digital_lib_book_author (digital_lib_book_fk, digital_lib_author_fk) values (547,1092);
insert into digital_lib_book_tag (digital_lib_book_fk, digital_lib_tag_fk) values (547,1547);
insert into digital_lib_book_tag (digital_lib_book_fk, digital_lib_tag_fk) values (547,2161);
insert into digital_lib_book_tag (digital_lib_book_fk, digital_lib_tag_fk) values (547,2115);
insert into digital_lib_book_tag (digital_lib_book_fk, digital_lib_tag_fk) values (547,766);
insert into digital_lib_book_tag (digital_lib_book_fk, digital_lib_tag_fk) values (547,2060);
insert into digital_lib_book_tag (digital_lib_book_fk, digital_lib_tag_fk) values (547,2452);
insert into digital_lib_book_publisher (digital_lib_book_fk, digital_lib_publisher_fk) values (547,109);
insert into digital_lib_book_publisher (digital_lib_book_fk, digital_lib_publisher_fk) values (547,2);
insert into digital_lib_category_book (digital_lib_book_fk, digital_lib_category_fk) values (547,6);
insert into digital_lib_category_book (digital_lib_book_fk, digital_lib_category_fk) values (547,14);
insert into digital_lib_book (digital_lib_book_id, title, description, issue_year) values (548,'Systematic Reviews in Educational Research Methodology, Perspectives and Application','In this open access edited volume, international researchers of the field describe and discuss the systematic review method in its application to research in education. Alongside fundamental methodical considerations, reflections and practice examples are included and provide an introduction and overview on systematic reviews in education research.',2020);
insert into digital_lib_book_author (digital_lib_book_fk, digital_lib_author_fk) values (548,70);
insert into digital_lib_book_author (digital_lib_book_fk, digital_lib_author_fk) values (548,61);
insert into digital_lib_book_author (digital_lib_book_fk, digital_lib_author_fk) values (548,1165);
insert into digital_lib_book_author (digital_lib_book_fk, digital_lib_author_fk) values (548,861);
insert into digital_lib_book_author (digital_lib_book_fk, digital_lib_author_fk) values (548,900);
insert into digital_lib_book_tag (digital_lib_book_fk, digital_lib_tag_fk) values (548,282);
insert into digital_lib_book_tag (digital_lib_book_fk, digital_lib_tag_fk) values (548,1322);
insert into digital_lib_book_tag (digital_lib_book_fk, digital_lib_tag_fk) values (548,102);
insert into digital_lib_book_tag (digital_lib_book_fk, digital_lib_tag_fk) values (548,785);
insert into digital_lib_book_tag (digital_lib_book_fk, digital_lib_tag_fk) values (548,1743);
insert into digital_lib_book_tag (digital_lib_book_fk, digital_lib_tag_fk) values (548,1556);
insert into digital_lib_book_tag (digital_lib_book_fk, digital_lib_tag_fk) values (548,2044);
insert into digital_lib_book_publisher (digital_lib_book_fk, digital_lib_publisher_fk) values (548,104);
insert into digital_lib_book_publisher (digital_lib_book_fk, digital_lib_publisher_fk) values (548,143);
insert into digital_lib_category_book (digital_lib_book_fk, digital_lib_category_fk) values (548,6);
insert into digital_lib_category_book (digital_lib_book_fk, digital_lib_category_fk) values (548,14);
insert into digital_lib_book (digital_lib_book_id, title, description, issue_year) values (549,'The Models of Engaged Learning and Teaching Connecting Sophisticated Thinking from Early Childhood to PhD','This book provides a practical philosophy for promoting students\` sophisticated thinking from Early Childhood to PhD in ways that explicitly interconnect across the years of education. It will help teachers, academics and the broader learning and teaching community to understand and implement these connections by introducing a conceptual framework, the Models of Engaged Learning and Teaching (MELT).',2020);
insert into digital_lib_book_author (digital_lib_book_fk, digital_lib_author_fk) values (549,775);
insert into digital_lib_book_tag (digital_lib_book_fk, digital_lib_tag_fk) values (549,591);
insert into digital_lib_book_tag (digital_lib_book_fk, digital_lib_tag_fk) values (549,288);
insert into digital_lib_book_tag (digital_lib_book_fk, digital_lib_tag_fk) values (549,2212);
insert into digital_lib_book_tag (digital_lib_book_fk, digital_lib_tag_fk) values (549,1667);
insert into digital_lib_book_tag (digital_lib_book_fk, digital_lib_tag_fk) values (549,711);
insert into digital_lib_book_tag (digital_lib_book_fk, digital_lib_tag_fk) values (549,433);
insert into digital_lib_book_tag (digital_lib_book_fk, digital_lib_tag_fk) values (549,1959);
insert into digital_lib_book_tag (digital_lib_book_fk, digital_lib_tag_fk) values (549,614);
insert into digital_lib_book_tag (digital_lib_book_fk, digital_lib_tag_fk) values (549,896);
insert into digital_lib_book_tag (digital_lib_book_fk, digital_lib_tag_fk) values (549,711);
insert into digital_lib_book_tag (digital_lib_book_fk, digital_lib_tag_fk) values (549,2134);
insert into digital_lib_book_tag (digital_lib_book_fk, digital_lib_tag_fk) values (549,27);
insert into digital_lib_book_publisher (digital_lib_book_fk, digital_lib_publisher_fk) values (549,14);
insert into digital_lib_book_publisher (digital_lib_book_fk, digital_lib_publisher_fk) values (549,175);
insert into digital_lib_category_book (digital_lib_book_fk, digital_lib_category_fk) values (549,6);
insert into digital_lib_category_book (digital_lib_book_fk, digital_lib_category_fk) values (549,14);
insert into digital_lib_book (digital_lib_book_id, title, description, issue_year) values (550,'Teaching and Learning Mathematical Modelling Approaches and Developments from German Speaking Countries','This survey provides an overview of the German discussion on modelling and applications in schools. It considers the development from the beginning of the 20th century to the present, and discusses the term “mathematical model” as well as different representations of the modelling process as modelling cycles.',2016);
insert into digital_lib_book_author (digital_lib_book_fk, digital_lib_author_fk) values (550,635);
insert into digital_lib_book_author (digital_lib_book_fk, digital_lib_author_fk) values (550,220);
insert into digital_lib_book_tag (digital_lib_book_fk, digital_lib_tag_fk) values (550,2441);
insert into digital_lib_book_tag (digital_lib_book_fk, digital_lib_tag_fk) values (550,2220);
insert into digital_lib_book_tag (digital_lib_book_fk, digital_lib_tag_fk) values (550,158);
insert into digital_lib_book_tag (digital_lib_book_fk, digital_lib_tag_fk) values (550,112);
insert into digital_lib_book_publisher (digital_lib_book_fk, digital_lib_publisher_fk) values (550,14);
insert into digital_lib_book_publisher (digital_lib_book_fk, digital_lib_publisher_fk) values (550,2);
insert into digital_lib_category_book (digital_lib_book_fk, digital_lib_category_fk) values (550,6);
insert into digital_lib_category_book (digital_lib_book_fk, digital_lib_category_fk) values (550,14);
insert into digital_lib_book (digital_lib_book_id, title, description, issue_year) values (551,'Teaching and Learning of Calculus','This survey focuses on the main trends in the field of calculus education. Despite their variety, the findings reveal a cornerstone issue that is strongly linked to the formalism of calculus concepts and to the difficulties it generates in the learning and teaching process.',2016);
insert into digital_lib_book_author (digital_lib_book_fk, digital_lib_author_fk) values (551,566);
insert into digital_lib_book_author (digital_lib_book_fk, digital_lib_author_fk) values (551,448);
insert into digital_lib_book_author (digital_lib_book_fk, digital_lib_author_fk) values (551,298);
insert into digital_lib_book_tag (digital_lib_book_fk, digital_lib_tag_fk) values (551,188);
insert into digital_lib_book_tag (digital_lib_book_fk, digital_lib_tag_fk) values (551,2299);
insert into digital_lib_book_tag (digital_lib_book_fk, digital_lib_tag_fk) values (551,653);
insert into digital_lib_book_tag (digital_lib_book_fk, digital_lib_tag_fk) values (551,832);
insert into digital_lib_book_tag (digital_lib_book_fk, digital_lib_tag_fk) values (551,1216);
insert into digital_lib_book_tag (digital_lib_book_fk, digital_lib_tag_fk) values (551,796);
insert into digital_lib_book_publisher (digital_lib_book_fk, digital_lib_publisher_fk) values (551,14);
insert into digital_lib_book_publisher (digital_lib_book_fk, digital_lib_publisher_fk) values (551,2);
insert into digital_lib_category_book (digital_lib_book_fk, digital_lib_category_fk) values (551,6);
insert into digital_lib_category_book (digital_lib_book_fk, digital_lib_category_fk) values (551,14);
insert into digital_lib_book (digital_lib_book_id, title, description, issue_year) values (552,'Theories in and of Mathematics Education Theory Strands in German Speaking Countries','This survey provides an overview of German meta-discourse on theories and mathematics education as a scientific discipline, from the 1970s to the 1990s.',2016);
insert into digital_lib_book_author (digital_lib_book_fk, digital_lib_author_fk) values (552,1070);
insert into digital_lib_book_author (digital_lib_book_fk, digital_lib_author_fk) values (552,29);
insert into digital_lib_book_author (digital_lib_book_fk, digital_lib_author_fk) values (552,1031);
insert into digital_lib_book_author (digital_lib_book_fk, digital_lib_author_fk) values (552,1191);
insert into digital_lib_book_author (digital_lib_book_fk, digital_lib_author_fk) values (552,962);
insert into digital_lib_book_tag (digital_lib_book_fk, digital_lib_tag_fk) values (552,1709);
insert into digital_lib_book_tag (digital_lib_book_fk, digital_lib_tag_fk) values (552,1743);
insert into digital_lib_book_tag (digital_lib_book_fk, digital_lib_tag_fk) values (552,2411);
insert into digital_lib_book_tag (digital_lib_book_fk, digital_lib_tag_fk) values (552,1592);
insert into digital_lib_book_tag (digital_lib_book_fk, digital_lib_tag_fk) values (552,9);
insert into digital_lib_book_tag (digital_lib_book_fk, digital_lib_tag_fk) values (552,1136);
insert into digital_lib_book_tag (digital_lib_book_fk, digital_lib_tag_fk) values (552,1761);
insert into digital_lib_book_publisher (digital_lib_book_fk, digital_lib_publisher_fk) values (552,14);
insert into digital_lib_book_publisher (digital_lib_book_fk, digital_lib_publisher_fk) values (552,2);
insert into digital_lib_category_book (digital_lib_book_fk, digital_lib_category_fk) values (552,6);
insert into digital_lib_category_book (digital_lib_book_fk, digital_lib_category_fk) values (552,14);
insert into digital_lib_book (digital_lib_book_id, title, description, issue_year) values (553,'The Philosophy of Mathematics Education','This survey provides a brief and selective overview of research in the philosophy of mathematics education. It asks what makes up the philosophy of mathematics education, what it means, what questions it asks and answers, and what is its overall importance and use?  It provides overviews of critical mathematics education, and the most relevant modern movements in the philosophy of mathematics.',2016);
insert into digital_lib_book_author (digital_lib_book_fk, digital_lib_author_fk) values (553,320);
insert into digital_lib_book_author (digital_lib_book_fk, digital_lib_author_fk) values (553,287);
insert into digital_lib_book_author (digital_lib_book_fk, digital_lib_author_fk) values (553,1117);
insert into digital_lib_book_author (digital_lib_book_fk, digital_lib_author_fk) values (553,276);
insert into digital_lib_book_author (digital_lib_book_fk, digital_lib_author_fk) values (553,1020);
insert into digital_lib_book_author (digital_lib_book_fk, digital_lib_author_fk) values (553,805);
insert into digital_lib_book_author (digital_lib_book_fk, digital_lib_author_fk) values (553,128);
insert into digital_lib_book_tag (digital_lib_book_fk, digital_lib_tag_fk) values (553,1855);
insert into digital_lib_book_tag (digital_lib_book_fk, digital_lib_tag_fk) values (553,1040);
insert into digital_lib_book_tag (digital_lib_book_fk, digital_lib_tag_fk) values (553,573);
insert into digital_lib_book_tag (digital_lib_book_fk, digital_lib_tag_fk) values (553,2086);
insert into digital_lib_book_publisher (digital_lib_book_fk, digital_lib_publisher_fk) values (553,14);
insert into digital_lib_book_publisher (digital_lib_book_fk, digital_lib_publisher_fk) values (553,2);
insert into digital_lib_category_book (digital_lib_book_fk, digital_lib_category_fk) values (553,6);
insert into digital_lib_category_book (digital_lib_book_fk, digital_lib_category_fk) values (553,14);
insert into digital_lib_book (digital_lib_book_id, title, description, issue_year) values (554,'Uses of Technology in Upper Secondary Mathematics Education','This survey addresses the use of technology in upper secondary mathematics education from four points of view: theoretical analysis of epistemological and cognitive aspects of activity in new technology mediated learning environments, the changes brought by technology in the interactions between environment, students and teachers, the interrelations between mathematical activities and technology, skills and competencies that must be developed in teacher education.',2017);
insert into digital_lib_book_author (digital_lib_book_fk, digital_lib_author_fk) values (554,570);
insert into digital_lib_book_author (digital_lib_book_fk, digital_lib_author_fk) values (554,733);
insert into digital_lib_book_author (digital_lib_book_fk, digital_lib_author_fk) values (554,789);
insert into digital_lib_book_author (digital_lib_book_fk, digital_lib_author_fk) values (554,1158);
insert into digital_lib_book_author (digital_lib_book_fk, digital_lib_author_fk) values (554,663);
insert into digital_lib_book_author (digital_lib_book_fk, digital_lib_author_fk) values (554,465);
insert into digital_lib_book_author (digital_lib_book_fk, digital_lib_author_fk) values (554,677);
insert into digital_lib_book_author (digital_lib_book_fk, digital_lib_author_fk) values (554,284);
insert into digital_lib_book_tag (digital_lib_book_fk, digital_lib_tag_fk) values (554,102);
insert into digital_lib_book_tag (digital_lib_book_fk, digital_lib_tag_fk) values (554,619);
insert into digital_lib_book_tag (digital_lib_book_fk, digital_lib_tag_fk) values (554,407);
insert into digital_lib_book_tag (digital_lib_book_fk, digital_lib_tag_fk) values (554,2304);
insert into digital_lib_book_tag (digital_lib_book_fk, digital_lib_tag_fk) values (554,1124);
insert into digital_lib_book_tag (digital_lib_book_fk, digital_lib_tag_fk) values (554,612);
insert into digital_lib_book_tag (digital_lib_book_fk, digital_lib_tag_fk) values (554,778);
insert into digital_lib_book_publisher (digital_lib_book_fk, digital_lib_publisher_fk) values (554,14);
insert into digital_lib_book_publisher (digital_lib_book_fk, digital_lib_publisher_fk) values (554,2);
insert into digital_lib_category_book (digital_lib_book_fk, digital_lib_category_fk) values (554,6);
insert into digital_lib_category_book (digital_lib_book_fk, digital_lib_category_fk) values (554,14);
insert into digital_lib_book (digital_lib_book_id, title, description, issue_year) values (555,'Research on Teaching and Learning Probability','This book summarizes the vast amount of research related to teaching and learning probability that has been conducted for more than 50 years in a variety of disciplines. This book classifies and discusses in detail the three different research periods on students’ and people’s intuitions and difficulties concerning probability: early research focused on cognitive development, a period of heuristics and biases programs, and the current period marked by a multitude of foci, approaches and theoretical frameworks.',2016);
insert into digital_lib_book_author (digital_lib_book_fk, digital_lib_author_fk) values (555,296);
insert into digital_lib_book_author (digital_lib_book_fk, digital_lib_author_fk) values (555,1043);
insert into digital_lib_book_author (digital_lib_book_fk, digital_lib_author_fk) values (555,1082);
insert into digital_lib_book_author (digital_lib_book_fk, digital_lib_author_fk) values (555,1028);
insert into digital_lib_book_author (digital_lib_book_fk, digital_lib_author_fk) values (555,1025);
insert into digital_lib_book_tag (digital_lib_book_fk, digital_lib_tag_fk) values (555,955);
insert into digital_lib_book_tag (digital_lib_book_fk, digital_lib_tag_fk) values (555,1556);
insert into digital_lib_book_tag (digital_lib_book_fk, digital_lib_tag_fk) values (555,639);
insert into digital_lib_book_tag (digital_lib_book_fk, digital_lib_tag_fk) values (555,711);
insert into digital_lib_book_tag (digital_lib_book_fk, digital_lib_tag_fk) values (555,2411);
insert into digital_lib_book_tag (digital_lib_book_fk, digital_lib_tag_fk) values (555,1297);
insert into digital_lib_book_tag (digital_lib_book_fk, digital_lib_tag_fk) values (555,1176);
insert into digital_lib_book_tag (digital_lib_book_fk, digital_lib_tag_fk) values (555,612);
insert into digital_lib_book_tag (digital_lib_book_fk, digital_lib_tag_fk) values (555,266);
insert into digital_lib_book_tag (digital_lib_book_fk, digital_lib_tag_fk) values (555,955);
insert into digital_lib_book_publisher (digital_lib_book_fk, digital_lib_publisher_fk) values (555,14);
insert into digital_lib_book_publisher (digital_lib_book_fk, digital_lib_publisher_fk) values (555,2);
insert into digital_lib_category_book (digital_lib_book_fk, digital_lib_category_fk) values (555,6);
insert into digital_lib_category_book (digital_lib_book_fk, digital_lib_category_fk) values (555,14);
insert into digital_lib_book (digital_lib_book_id, title, description, issue_year) values (556,'Algorithms for Reinforcement Learning','Reinforcement learning is a learning paradigm concerned with learning to control a system so as to maximize a numerical performance measure that expresses a long-term objective. What distinguishes reinforcement learning from supervised learning is that only partial feedback is given to the learner about the learner’s predictions.Thia book gives a fairly comprehensive catalog of learning problems, describe the core ideas together with a large number of state of the art algorithms, followed by the discussion of their theoretical properties and limitations.',2009);
insert into digital_lib_book_author (digital_lib_book_fk, digital_lib_author_fk) values (556,607);
insert into digital_lib_book_tag (digital_lib_book_fk, digital_lib_tag_fk) values (556,2446);
insert into digital_lib_book_tag (digital_lib_book_fk, digital_lib_tag_fk) values (556,1502);
insert into digital_lib_book_tag (digital_lib_book_fk, digital_lib_tag_fk) values (556,1454);
insert into digital_lib_book_tag (digital_lib_book_fk, digital_lib_tag_fk) values (556,803);
insert into digital_lib_book_tag (digital_lib_book_fk, digital_lib_tag_fk) values (556,1475);
insert into digital_lib_book_tag (digital_lib_book_fk, digital_lib_tag_fk) values (556,1128);
insert into digital_lib_book_publisher (digital_lib_book_fk, digital_lib_publisher_fk) values (556,105);
insert into digital_lib_book_publisher (digital_lib_book_fk, digital_lib_publisher_fk) values (556,159);
insert into digital_lib_category_book (digital_lib_book_fk, digital_lib_category_fk) values (556,6);
insert into digital_lib_category_book (digital_lib_book_fk, digital_lib_category_fk) values (556,14);
insert into digital_lib_book (digital_lib_book_id, title, description, issue_year) values (557,'Better Learning in Games','This is a guide to inform next generation learning game designs. It is an introduction to the core approaches used by many learning game designers, including the Learning Games Network and The Education Arcade at MIT.',2015);
insert into digital_lib_book_author (digital_lib_book_fk, digital_lib_author_fk) values (557,325);
insert into digital_lib_book_tag (digital_lib_book_fk, digital_lib_tag_fk) values (557,2454);
insert into digital_lib_book_tag (digital_lib_book_fk, digital_lib_tag_fk) values (557,561);
insert into digital_lib_book_tag (digital_lib_book_fk, digital_lib_tag_fk) values (557,1128);
insert into digital_lib_book_tag (digital_lib_book_fk, digital_lib_tag_fk) values (557,1502);
insert into digital_lib_book_publisher (digital_lib_book_fk, digital_lib_publisher_fk) values (557,87);
insert into digital_lib_category_book (digital_lib_book_fk, digital_lib_category_fk) values (557,6);
insert into digital_lib_category_book (digital_lib_book_fk, digital_lib_category_fk) values (557,14);
insert into digital_lib_book (digital_lib_book_id, title, description, issue_year) values (558,'Evaluation Metrics','In an open access world, much importance has been given in using open source tools, open access resources and open solutions to engage authors and researchers in collaborative research, peer-to-peer sharing of scholarly information and collaborative evaluation of scholars’ works. Many personalized web-based services are now increasingly made available targeting global researchers’ communities, helping them to enhance their social media presence and visibility. This book discusses these topics.',2015);
insert into digital_lib_book_author (digital_lib_book_fk, digital_lib_author_fk) values (558,325);
insert into digital_lib_book_tag (digital_lib_book_fk, digital_lib_tag_fk) values (558,795);
insert into digital_lib_book_tag (digital_lib_book_fk, digital_lib_tag_fk) values (558,1128);
insert into digital_lib_book_tag (digital_lib_book_fk, digital_lib_tag_fk) values (558,1742);
insert into digital_lib_book_publisher (digital_lib_book_fk, digital_lib_publisher_fk) values (558,230);
insert into digital_lib_category_book (digital_lib_book_fk, digital_lib_category_fk) values (558,6);
insert into digital_lib_category_book (digital_lib_book_fk, digital_lib_category_fk) values (558,14);
insert into digital_lib_book (digital_lib_book_id, title, description, issue_year) values (559,'Game Changers: Education and Information Technologies','Game Changers: Education and Information Technologies explores the tools and processes that can improve the quality, flexibility, and scalability of postsecondary education. The book takes a hard look at the education landscape today and asks what that landscape might look like tomorrow. It asks important questions and pushes us to open our minds about how technology will shape the universe of possibility for tomorrow’s students.',2012);
insert into digital_lib_book_author (digital_lib_book_fk, digital_lib_author_fk) values (559,325);
insert into digital_lib_book_tag (digital_lib_book_fk, digital_lib_tag_fk) values (559,1128);
insert into digital_lib_book_tag (digital_lib_book_fk, digital_lib_tag_fk) values (559,155);
insert into digital_lib_book_tag (digital_lib_book_fk, digital_lib_tag_fk) values (559,680);
insert into digital_lib_book_tag (digital_lib_book_fk, digital_lib_tag_fk) values (559,2261);
insert into digital_lib_book_publisher (digital_lib_book_fk, digital_lib_publisher_fk) values (559,156);
insert into digital_lib_category_book (digital_lib_book_fk, digital_lib_category_fk) values (559,6);
insert into digital_lib_category_book (digital_lib_book_fk, digital_lib_category_fk) values (559,14);
insert into digital_lib_book (digital_lib_book_id, title, description, issue_year) values (560,'Innovating Pedagogy 2012','Innovating in Pedagogy, 2012 edition, explores new ways of teaching, learning and values. A guide for educators and those responsible for all educational policy.',2012);
insert into digital_lib_book_author (digital_lib_book_fk, digital_lib_author_fk) values (560,325);
insert into digital_lib_book_tag (digital_lib_book_fk, digital_lib_tag_fk) values (560,1128);
insert into digital_lib_book_tag (digital_lib_book_fk, digital_lib_tag_fk) values (560,40);
insert into digital_lib_book_tag (digital_lib_book_fk, digital_lib_tag_fk) values (560,897);
insert into digital_lib_book_tag (digital_lib_book_fk, digital_lib_tag_fk) values (560,2075);
insert into digital_lib_book_tag (digital_lib_book_fk, digital_lib_tag_fk) values (560,215);
insert into digital_lib_book_tag (digital_lib_book_fk, digital_lib_tag_fk) values (560,221);
insert into digital_lib_book_tag (digital_lib_book_fk, digital_lib_tag_fk) values (560,1782);
insert into digital_lib_book_tag (digital_lib_book_fk, digital_lib_tag_fk) values (560,2460);
insert into digital_lib_book_publisher (digital_lib_book_fk, digital_lib_publisher_fk) values (560,62);
insert into digital_lib_category_book (digital_lib_book_fk, digital_lib_category_fk) values (560,6);
insert into digital_lib_category_book (digital_lib_book_fk, digital_lib_category_fk) values (560,14);
insert into digital_lib_book (digital_lib_book_id, title, description, issue_year) values (561,'Introduction to Open Access','This book allows the readers to gain greater knowledge of Open Access and its wide\`spread impact on teaching, technology, the world.',2015);
insert into digital_lib_book_author (digital_lib_book_fk, digital_lib_author_fk) values (561,325);
insert into digital_lib_book_tag (digital_lib_book_fk, digital_lib_tag_fk) values (561,1743);
insert into digital_lib_book_tag (digital_lib_book_fk, digital_lib_tag_fk) values (561,2044);
insert into digital_lib_book_tag (digital_lib_book_fk, digital_lib_tag_fk) values (561,2460);
insert into digital_lib_book_publisher (digital_lib_book_fk, digital_lib_publisher_fk) values (561,230);
insert into digital_lib_category_book (digital_lib_book_fk, digital_lib_category_fk) values (561,6);
insert into digital_lib_category_book (digital_lib_book_fk, digital_lib_category_fk) values (561,14);
insert into digital_lib_book (digital_lib_book_id, title, description, issue_year) values (562,'Supporting Individuals with Intellectual Disabilities & Mental Illness','This multidisciplinary resource develops topics of interest to all those who care about and for individuals with co-occurring intellectual disabilities and mental illness. Each chapter presents current evidence informed practice knowledge. Each topic is also presented with audio enabled text boxes emphasizing \`Key Points for Caregivers.\` For those who are interested in background knowledge, we provided the comprehensive literature base. And, for those interested mainly in \`what to do,\` we provided text box summaries for reading and listening.',2015);
insert into digital_lib_book_author (digital_lib_book_fk, digital_lib_author_fk) values (562,449);
insert into digital_lib_book_tag (digital_lib_book_fk, digital_lib_tag_fk) values (562,1906);
insert into digital_lib_book_tag (digital_lib_book_fk, digital_lib_tag_fk) values (562,1128);
insert into digital_lib_book_tag (digital_lib_book_fk, digital_lib_tag_fk) values (562,572);
insert into digital_lib_book_tag (digital_lib_book_fk, digital_lib_tag_fk) values (562,2459);
insert into digital_lib_book_publisher (digital_lib_book_fk, digital_lib_publisher_fk) values (562,7);
insert into digital_lib_category_book (digital_lib_book_fk, digital_lib_category_fk) values (562,6);
insert into digital_lib_category_book (digital_lib_book_fk, digital_lib_category_fk) values (562,14);
insert into digital_lib_book (digital_lib_book_id, title, description, issue_year) values (563,'Resource Optimization','The concept of open access got momentum since 2000 due to growth in number of scholarly communication, particularly journals, increase in the cost of journals , shrinking budget of libraries and other problems on one hand and the need to access scholarly communications particularly the research out put of public funded research on the other. The access to scholarly communications particularly the journals has been of much concern for a long time. This book tries to explain some of the issues related to these topics.',2015);
insert into digital_lib_book_author (digital_lib_book_fk, digital_lib_author_fk) values (563,325);
insert into digital_lib_book_tag (digital_lib_book_fk, digital_lib_tag_fk) values (563,987);
insert into digital_lib_book_tag (digital_lib_book_fk, digital_lib_tag_fk) values (563,2460);
insert into digital_lib_book_tag (digital_lib_book_fk, digital_lib_tag_fk) values (563,1128);
insert into digital_lib_book_tag (digital_lib_book_fk, digital_lib_tag_fk) values (563,155);
insert into digital_lib_book_publisher (digital_lib_book_fk, digital_lib_publisher_fk) values (563,230);
insert into digital_lib_category_book (digital_lib_book_fk, digital_lib_category_fk) values (563,6);
insert into digital_lib_category_book (digital_lib_book_fk, digital_lib_category_fk) values (563,14);
insert into digital_lib_book (digital_lib_book_id, title, description, issue_year) values (564,'Teaching Crowds: Learning and Social Media','In Teaching Crowds, Dron and Anderson introduce a new model for understanding and exploiting the pedagogical potential of Web-based technologies, one that rests on connections — on networks and collectives — rather than on separations. Recognizing that online learning both demands and affords new models of teaching and learning, the authors show how learners can engage with social media platforms to create an unbounded field of emergent connections.',2014);
insert into digital_lib_book_author (digital_lib_book_fk, digital_lib_author_fk) values (564,1173);
insert into digital_lib_book_author (digital_lib_book_fk, digital_lib_author_fk) values (564,454);
insert into digital_lib_book_tag (digital_lib_book_fk, digital_lib_tag_fk) values (564,1128);
insert into digital_lib_book_tag (digital_lib_book_fk, digital_lib_tag_fk) values (564,1502);
insert into digital_lib_book_tag (digital_lib_book_fk, digital_lib_tag_fk) values (564,2460);
insert into digital_lib_book_tag (digital_lib_book_fk, digital_lib_tag_fk) values (564,1705);
insert into digital_lib_book_publisher (digital_lib_book_fk, digital_lib_publisher_fk) values (564,254);
insert into digital_lib_category_book (digital_lib_book_fk, digital_lib_category_fk) values (564,6);
insert into digital_lib_category_book (digital_lib_book_fk, digital_lib_category_fk) values (564,14);
insert into digital_lib_book (digital_lib_book_id, title, description, issue_year) values (565,'THE OPEN BOOK is a publication on open knowledge','This book is a collective publication designed to contextualize the international open knowledge movement, in the words of those who are helping to build it.',2013);
insert into digital_lib_book_author (digital_lib_book_fk, digital_lib_author_fk) values (565,769);
insert into digital_lib_book_author (digital_lib_book_fk, digital_lib_author_fk) values (565,818);
insert into digital_lib_book_author (digital_lib_book_fk, digital_lib_author_fk) values (565,163);
insert into digital_lib_book_tag (digital_lib_book_fk, digital_lib_tag_fk) values (565,2075);
insert into digital_lib_book_tag (digital_lib_book_fk, digital_lib_tag_fk) values (565,1128);
insert into digital_lib_book_tag (digital_lib_book_fk, digital_lib_tag_fk) values (565,1782);
insert into digital_lib_book_tag (digital_lib_book_fk, digital_lib_tag_fk) values (565,2459);
insert into digital_lib_book_tag (digital_lib_book_fk, digital_lib_tag_fk) values (565,155);
insert into digital_lib_book_publisher (digital_lib_book_fk, digital_lib_publisher_fk) values (565,38);
insert into digital_lib_category_book (digital_lib_book_fk, digital_lib_category_fk) values (565,6);
insert into digital_lib_category_book (digital_lib_book_fk, digital_lib_category_fk) values (565,14);
insert into digital_lib_book (digital_lib_book_id, title, description, issue_year) values (566,'The Theory and Practice of online learning','Theory and Practice of Online Learning is concerned with assisting providers of online education with useful tools to carry out the teaching and learning transactions online. It presents, in an easily readable form, the theory, administration, tools, and methods of designing and delivering learning online.',2011);
insert into digital_lib_book_author (digital_lib_book_fk, digital_lib_author_fk) values (566,454);
insert into digital_lib_book_tag (digital_lib_book_fk, digital_lib_tag_fk) values (566,998);
insert into digital_lib_book_tag (digital_lib_book_fk, digital_lib_tag_fk) values (566,328);
insert into digital_lib_book_tag (digital_lib_book_fk, digital_lib_tag_fk) values (566,1502);
insert into digital_lib_book_tag (digital_lib_book_fk, digital_lib_tag_fk) values (566,680);
insert into digital_lib_book_tag (digital_lib_book_fk, digital_lib_tag_fk) values (566,1128);
insert into digital_lib_book_publisher (digital_lib_book_fk, digital_lib_publisher_fk) values (566,21);
insert into digital_lib_category_book (digital_lib_book_fk, digital_lib_category_fk) values (566,6);
insert into digital_lib_category_book (digital_lib_book_fk, digital_lib_category_fk) values (566,14);
insert into digital_lib_book (digital_lib_book_id, title, description, issue_year) values (567,'Using Moodle','Moodle (pronunciation AFI / ˈmuːd (ə) l /) is a web application of the Virtual Educational Environment type, a course management system, freely distributed, that helps educators create online learning communities. This book allows the readers to get to know this paltform and use it in their professional and private endavours.',2008);
insert into digital_lib_book_author (digital_lib_book_fk, digital_lib_author_fk) values (567,664);
insert into digital_lib_book_author (digital_lib_book_fk, digital_lib_author_fk) values (567,581);
insert into digital_lib_book_tag (digital_lib_book_fk, digital_lib_tag_fk) values (567,2316);
insert into digital_lib_book_tag (digital_lib_book_fk, digital_lib_tag_fk) values (567,1567);
insert into digital_lib_book_tag (digital_lib_book_fk, digital_lib_tag_fk) values (567,1128);
insert into digital_lib_book_tag (digital_lib_book_fk, digital_lib_tag_fk) values (567,2460);
insert into digital_lib_book_tag (digital_lib_book_fk, digital_lib_tag_fk) values (567,1725);
insert into digital_lib_book_tag (digital_lib_book_fk, digital_lib_tag_fk) values (567,827);
insert into digital_lib_book_publisher (digital_lib_book_fk, digital_lib_publisher_fk) values (567,12);
insert into digital_lib_category_book (digital_lib_book_fk, digital_lib_category_fk) values (567,6);
insert into digital_lib_category_book (digital_lib_book_fk, digital_lib_category_fk) values (567,14);
insert into digital_lib_book (digital_lib_book_id, title, description, issue_year) values (568,'Learning, Education and Games','Learning, Education and Games examines the latest research and design techniques for creating and using games for learning. This is the first book in a two-book series, which was written, edited, and reviewed by members of the Learning, Education and Games (LEG) Special Interest Group (SIG), a subset of the International Game Developers Association (IGDA).',2014);
insert into digital_lib_book_author (digital_lib_book_fk, digital_lib_author_fk) values (568,822);
insert into digital_lib_book_tag (digital_lib_book_fk, digital_lib_tag_fk) values (568,1128);
insert into digital_lib_book_tag (digital_lib_book_fk, digital_lib_tag_fk) values (568,1502);
insert into digital_lib_book_tag (digital_lib_book_fk, digital_lib_tag_fk) values (568,351);
insert into digital_lib_book_tag (digital_lib_book_fk, digital_lib_tag_fk) values (568,2071);
insert into digital_lib_book_tag (digital_lib_book_fk, digital_lib_tag_fk) values (568,561);
insert into digital_lib_book_publisher (digital_lib_book_fk, digital_lib_publisher_fk) values (568,18);
insert into digital_lib_category_book (digital_lib_book_fk, digital_lib_category_fk) values (568,6);
insert into digital_lib_category_book (digital_lib_book_fk, digital_lib_category_fk) values (568,14);
insert into digital_lib_book (digital_lib_book_id, title, description, issue_year) values (569,'Learning in Virtual Worlds','This important book provides both a synthesis of current research on virtual worlds as media for engagement and learning as well as an implicit research agenda for the future. As the authors note, at this point in the evolution of immersive interfaces, those making claims about their value should support them with both theoretical and evidence-based justifcations.',2016);
insert into digital_lib_book_author (digital_lib_book_fk, digital_lib_author_fk) values (569,454);
insert into digital_lib_book_tag (digital_lib_book_fk, digital_lib_tag_fk) values (569,168);
insert into digital_lib_book_tag (digital_lib_book_fk, digital_lib_tag_fk) values (569,1502);
insert into digital_lib_book_tag (digital_lib_book_fk, digital_lib_tag_fk) values (569,1579);
insert into digital_lib_book_tag (digital_lib_book_fk, digital_lib_tag_fk) values (569,680);
insert into digital_lib_book_tag (digital_lib_book_fk, digital_lib_tag_fk) values (569,2261);
insert into digital_lib_book_tag (digital_lib_book_fk, digital_lib_tag_fk) values (569,931);
insert into digital_lib_book_tag (digital_lib_book_fk, digital_lib_tag_fk) values (569,1128);
insert into digital_lib_book_publisher (digital_lib_book_fk, digital_lib_publisher_fk) values (569,21);
insert into digital_lib_category_book (digital_lib_book_fk, digital_lib_category_fk) values (569,6);
insert into digital_lib_category_book (digital_lib_book_fk, digital_lib_category_fk) values (569,14);
insert into digital_lib_book (digital_lib_book_id, title, description, issue_year) values (570,'Level up Learning: A national survey on teaching with digital games','This study provides an important snapshot of how far we are along that trajectory. As a single survey, its fndings are necessarily limited by sample size and self-reporting. However, two fundamental fndings should capture the attention of all educators, developers, funders, and policymakers: a majority of teachers are using digital games in their classrooms, and games are increasingly played on mobile devices that travel with their students.',2104);
insert into digital_lib_book_author (digital_lib_book_fk, digital_lib_author_fk) values (570,834);
insert into digital_lib_book_author (digital_lib_book_fk, digital_lib_author_fk) values (570,1074);
insert into digital_lib_book_tag (digital_lib_book_fk, digital_lib_tag_fk) values (570,385);
insert into digital_lib_book_tag (digital_lib_book_fk, digital_lib_tag_fk) values (570,1128);
insert into digital_lib_book_tag (digital_lib_book_fk, digital_lib_tag_fk) values (570,1502);
insert into digital_lib_book_tag (digital_lib_book_fk, digital_lib_tag_fk) values (570,1579);
insert into digital_lib_book_tag (digital_lib_book_fk, digital_lib_tag_fk) values (570,561);
insert into digital_lib_book_publisher (digital_lib_book_fk, digital_lib_publisher_fk) values (570,103);
insert into digital_lib_book_publisher (digital_lib_book_fk, digital_lib_publisher_fk) values (570,93);
insert into digital_lib_category_book (digital_lib_book_fk, digital_lib_category_fk) values (570,6);
insert into digital_lib_category_book (digital_lib_book_fk, digital_lib_category_fk) values (570,14);
insert into digital_lib_book (digital_lib_book_id, title, description, issue_year) values (571,'Learning Through Digital Media. Experiments in Technology and Pedagogy','The simple yet far-reaching ambition of this collection is to discover how to use digital media for learning on campus and off. It offers a rich selection of methodologies, social practices, and hands-on assignments by leading educators who acknowledge the opportunities created by the conﬂuence of mobile technologies, the World Wide Web, film, video games, TV, comics, and software while also acknowledging recurring challenges.',2013);
insert into digital_lib_book_author (digital_lib_book_fk, digital_lib_author_fk) values (571,407);
insert into digital_lib_book_tag (digital_lib_book_fk, digital_lib_tag_fk) values (571,323);
insert into digital_lib_book_tag (digital_lib_book_fk, digital_lib_tag_fk) values (571,674);
insert into digital_lib_book_tag (digital_lib_book_fk, digital_lib_tag_fk) values (571,1128);
insert into digital_lib_book_tag (digital_lib_book_fk, digital_lib_tag_fk) values (571,155);
insert into digital_lib_book_tag (digital_lib_book_fk, digital_lib_tag_fk) values (571,2459);
insert into digital_lib_book_tag (digital_lib_book_fk, digital_lib_tag_fk) values (571,680);
insert into digital_lib_book_tag (digital_lib_book_fk, digital_lib_tag_fk) values (571,2261);
insert into digital_lib_book_publisher (digital_lib_book_fk, digital_lib_publisher_fk) values (571,107);
insert into digital_lib_category_book (digital_lib_book_fk, digital_lib_category_fk) values (571,6);
insert into digital_lib_category_book (digital_lib_book_fk, digital_lib_category_fk) values (571,14);
insert into digital_lib_book (digital_lib_book_id, title, description, issue_year) values (572,'Mobile Media Learning: innovation and inspiration','The bulk of this book consists of reports from the mobile frontier: students, educators, and researchers who have explored many educational contexts by inventing with mobile technologies. Together, this introductory matter gets at the what, why, where and how of MML.',2015);
insert into digital_lib_book_author (digital_lib_book_fk, digital_lib_author_fk) values (572,1111);
insert into digital_lib_book_author (digital_lib_book_fk, digital_lib_author_fk) values (572,342);
insert into digital_lib_book_author (digital_lib_book_fk, digital_lib_author_fk) values (572,794);
insert into digital_lib_book_tag (digital_lib_book_fk, digital_lib_tag_fk) values (572,1128);
insert into digital_lib_book_tag (digital_lib_book_fk, digital_lib_tag_fk) values (572,242);
insert into digital_lib_book_tag (digital_lib_book_fk, digital_lib_tag_fk) values (572,1502);
insert into digital_lib_book_tag (digital_lib_book_fk, digital_lib_tag_fk) values (572,1650);
insert into digital_lib_book_tag (digital_lib_book_fk, digital_lib_tag_fk) values (572,929);
insert into digital_lib_book_tag (digital_lib_book_fk, digital_lib_tag_fk) values (572,561);
insert into digital_lib_book_publisher (digital_lib_book_fk, digital_lib_publisher_fk) values (572,18);
insert into digital_lib_category_book (digital_lib_book_fk, digital_lib_category_fk) values (572,6);
insert into digital_lib_category_book (digital_lib_book_fk, digital_lib_category_fk) values (572,14);
insert into digital_lib_book (digital_lib_book_id, title, description, issue_year) values (573,'Mobile media learning: amazing uses of mobile devices for learning','This book shares a collection of stories where mobile technologies have been successfully used for learning. We make the claim that these cases represent more than just creative lessons; they represent potential for new ways to design learning environments that can be replicated, refined, and polished for use by you, the reader, this weekend.',2011);
insert into digital_lib_book_author (digital_lib_book_fk, digital_lib_author_fk) values (573,526);
insert into digital_lib_book_author (digital_lib_book_fk, digital_lib_author_fk) values (573,1111);
insert into digital_lib_book_author (digital_lib_book_fk, digital_lib_author_fk) values (573,342);
insert into digital_lib_book_author (digital_lib_book_fk, digital_lib_author_fk) values (573,237);
insert into digital_lib_book_tag (digital_lib_book_fk, digital_lib_tag_fk) values (573,1128);
insert into digital_lib_book_tag (digital_lib_book_fk, digital_lib_tag_fk) values (573,1502);
insert into digital_lib_book_tag (digital_lib_book_fk, digital_lib_tag_fk) values (573,929);
insert into digital_lib_book_tag (digital_lib_book_fk, digital_lib_tag_fk) values (573,356);
insert into digital_lib_book_publisher (digital_lib_book_fk, digital_lib_publisher_fk) values (573,18);
insert into digital_lib_category_book (digital_lib_book_fk, digital_lib_category_fk) values (573,6);
insert into digital_lib_category_book (digital_lib_book_fk, digital_lib_category_fk) values (573,14);
insert into digital_lib_book (digital_lib_book_id, title, description, issue_year) values (574,'Open Access Infrastructure','Open access means free and unhindered access to scholarly research and other publications by anyone who has access to the Internet. This book clears up the doubts and questions one might have about the structure of open access materials.',2015);
insert into digital_lib_book_author (digital_lib_book_fk, digital_lib_author_fk) values (574,391);
insert into digital_lib_book_tag (digital_lib_book_fk, digital_lib_tag_fk) values (574,1128);
insert into digital_lib_book_tag (digital_lib_book_fk, digital_lib_tag_fk) values (574,155);
insert into digital_lib_book_tag (digital_lib_book_fk, digital_lib_tag_fk) values (574,2460);
insert into digital_lib_book_publisher (digital_lib_book_fk, digital_lib_publisher_fk) values (574,230);
insert into digital_lib_category_book (digital_lib_book_fk, digital_lib_category_fk) values (574,6);
insert into digital_lib_category_book (digital_lib_book_fk, digital_lib_category_fk) values (574,14);
insert into digital_lib_book (digital_lib_book_id, title, description, issue_year) values (575,'Linear Algebra Done Right, 3rd','This best-selling textbook for a second course in linear algebra is aimed at undergrad math majors and graduate students. The novel approach taken here banishes determinants to the end of the book. The text focuses on the central goal of linear algebra: understanding the structure of linear operators on finite-dimensional vector spaces.',2015);
insert into digital_lib_book_author (digital_lib_book_fk, digital_lib_author_fk) values (575,1030);
insert into digital_lib_book_tag (digital_lib_book_fk, digital_lib_tag_fk) values (575,1849);
insert into digital_lib_book_tag (digital_lib_book_fk, digital_lib_tag_fk) values (575,2059);
insert into digital_lib_book_tag (digital_lib_book_fk, digital_lib_tag_fk) values (575,1759);
insert into digital_lib_book_tag (digital_lib_book_fk, digital_lib_tag_fk) values (575,1483);
insert into digital_lib_book_tag (digital_lib_book_fk, digital_lib_tag_fk) values (575,2456);
insert into digital_lib_book_tag (digital_lib_book_fk, digital_lib_tag_fk) values (575,1055);
insert into digital_lib_book_publisher (digital_lib_book_fk, digital_lib_publisher_fk) values (575,14);
insert into digital_lib_book_publisher (digital_lib_book_fk, digital_lib_publisher_fk) values (575,2);
insert into digital_lib_category_book (digital_lib_book_fk, digital_lib_category_fk) values (575,6);
insert into digital_lib_category_book (digital_lib_book_fk, digital_lib_category_fk) values (575,29);
insert into digital_lib_book (digital_lib_book_id, title, description, issue_year) values (576,'Regression Modeling Strategies With Applications to Linear Models, Logistic and Ordinal Regression, and Survival Analysis','This highly anticipated second edition features new chapters and sections, 225 new references, and comprehensive R software. In keeping with the previous edition, this book is about the art and science of data analysis and predictive modeling, which entails choosing and using multiple tools.',2015);
insert into digital_lib_book_author (digital_lib_book_fk, digital_lib_author_fk) values (576,22);
insert into digital_lib_book_tag (digital_lib_book_fk, digital_lib_tag_fk) values (576,677);
insert into digital_lib_book_tag (digital_lib_book_fk, digital_lib_tag_fk) values (576,39);
insert into digital_lib_book_tag (digital_lib_book_fk, digital_lib_tag_fk) values (576,1339);
insert into digital_lib_book_tag (digital_lib_book_fk, digital_lib_tag_fk) values (576,1115);
insert into digital_lib_book_tag (digital_lib_book_fk, digital_lib_tag_fk) values (576,1730);
insert into digital_lib_book_tag (digital_lib_book_fk, digital_lib_tag_fk) values (576,719);
insert into digital_lib_book_tag (digital_lib_book_fk, digital_lib_tag_fk) values (576,1611);
insert into digital_lib_book_publisher (digital_lib_book_fk, digital_lib_publisher_fk) values (576,14);
insert into digital_lib_book_publisher (digital_lib_book_fk, digital_lib_publisher_fk) values (576,2);
insert into digital_lib_category_book (digital_lib_book_fk, digital_lib_category_fk) values (576,6);
insert into digital_lib_category_book (digital_lib_book_fk, digital_lib_category_fk) values (576,29);
insert into digital_lib_book (digital_lib_book_id, title, description, issue_year) values (577,'Linear Programming Foundations and Extensions','The book provides a broad introduction to both the theory and the application of optimization with a special emphasis on the elegance, importance, and usefulness of the parametric self-dual simplex method. The main new innovation to the book is the use of clickable links to the (newly updated) online app to help students do the trivial but tedious arithmetic when solving optimization problems.',2014);
insert into digital_lib_book_author (digital_lib_book_fk, digital_lib_author_fk) values (577,117);
insert into digital_lib_book_tag (digital_lib_book_fk, digital_lib_tag_fk) values (577,1326);
insert into digital_lib_book_tag (digital_lib_book_fk, digital_lib_tag_fk) values (577,1527);
insert into digital_lib_book_tag (digital_lib_book_fk, digital_lib_tag_fk) values (577,422);
insert into digital_lib_book_tag (digital_lib_book_fk, digital_lib_tag_fk) values (577,1697);
insert into digital_lib_book_tag (digital_lib_book_fk, digital_lib_tag_fk) values (577,2122);
insert into digital_lib_book_tag (digital_lib_book_fk, digital_lib_tag_fk) values (577,756);
insert into digital_lib_book_publisher (digital_lib_book_fk, digital_lib_publisher_fk) values (577,14);
insert into digital_lib_book_publisher (digital_lib_book_fk, digital_lib_publisher_fk) values (577,2);
insert into digital_lib_category_book (digital_lib_book_fk, digital_lib_category_fk) values (577,6);
insert into digital_lib_category_book (digital_lib_book_fk, digital_lib_category_fk) values (577,29);
insert into digital_lib_book (digital_lib_book_id, title, description, issue_year) values (578,'Multivariate Calculus and Geometry','This textbook has successfully followed this programme. It additionally provides a solid description of the basic concepts, via familiar examples, which are then tested in technically demanding situations.',2014);
insert into digital_lib_book_author (digital_lib_book_fk, digital_lib_author_fk) values (578,110);
insert into digital_lib_book_tag (digital_lib_book_fk, digital_lib_tag_fk) values (578,2323);
insert into digital_lib_book_tag (digital_lib_book_fk, digital_lib_tag_fk) values (578,1617);
insert into digital_lib_book_tag (digital_lib_book_fk, digital_lib_tag_fk) values (578,2322);
insert into digital_lib_book_tag (digital_lib_book_fk, digital_lib_tag_fk) values (578,711);
insert into digital_lib_book_tag (digital_lib_book_fk, digital_lib_tag_fk) values (578,234);
insert into digital_lib_book_tag (digital_lib_book_fk, digital_lib_tag_fk) values (578,436);
insert into digital_lib_book_tag (digital_lib_book_fk, digital_lib_tag_fk) values (578,509);
insert into digital_lib_book_tag (digital_lib_book_fk, digital_lib_tag_fk) values (578,463);
insert into digital_lib_book_tag (digital_lib_book_fk, digital_lib_tag_fk) values (578,1796);
insert into digital_lib_book_tag (digital_lib_book_fk, digital_lib_tag_fk) values (578,1274);
insert into digital_lib_book_tag (digital_lib_book_fk, digital_lib_tag_fk) values (578,500);
insert into digital_lib_book_tag (digital_lib_book_fk, digital_lib_tag_fk) values (578,321);
insert into digital_lib_book_tag (digital_lib_book_fk, digital_lib_tag_fk) values (578,2265);
insert into digital_lib_book_tag (digital_lib_book_fk, digital_lib_tag_fk) values (578,1847);
insert into digital_lib_book_publisher (digital_lib_book_fk, digital_lib_publisher_fk) values (578,172);
insert into digital_lib_category_book (digital_lib_book_fk, digital_lib_category_fk) values (578,6);
insert into digital_lib_category_book (digital_lib_book_fk, digital_lib_category_fk) values (578,29);
insert into digital_lib_book (digital_lib_book_id, title, description, issue_year) values (579,'Applied Partial Differential Equations','This text presents the standard material usually covered in a one-semester, undergraduate course on boundary value problems and PDEs.  The concise treatment of the subject is maintained in this third edition covering all the major ideas: the wave equation, the diffusion equation, the Laplace equation, and the advection equation on bounded and unbounded domains.',2015);
insert into digital_lib_book_author (digital_lib_book_fk, digital_lib_author_fk) values (579,556);
insert into digital_lib_book_tag (digital_lib_book_fk, digital_lib_tag_fk) values (579,1378);
insert into digital_lib_book_tag (digital_lib_book_fk, digital_lib_tag_fk) values (579,2);
insert into digital_lib_book_tag (digital_lib_book_fk, digital_lib_tag_fk) values (579,761);
insert into digital_lib_book_tag (digital_lib_book_fk, digital_lib_tag_fk) values (579,1824);
insert into digital_lib_book_tag (digital_lib_book_fk, digital_lib_tag_fk) values (579,2340);
insert into digital_lib_book_tag (digital_lib_book_fk, digital_lib_tag_fk) values (579,549);
insert into digital_lib_book_tag (digital_lib_book_fk, digital_lib_tag_fk) values (579,1690);
insert into digital_lib_book_tag (digital_lib_book_fk, digital_lib_tag_fk) values (579,2345);
insert into digital_lib_book_tag (digital_lib_book_fk, digital_lib_tag_fk) values (579,218);
insert into digital_lib_book_tag (digital_lib_book_fk, digital_lib_tag_fk) values (579,1317);
insert into digital_lib_book_publisher (digital_lib_book_fk, digital_lib_publisher_fk) values (579,14);
insert into digital_lib_book_publisher (digital_lib_book_fk, digital_lib_publisher_fk) values (579,2);
insert into digital_lib_category_book (digital_lib_book_fk, digital_lib_category_fk) values (579,6);
insert into digital_lib_category_book (digital_lib_book_fk, digital_lib_category_fk) values (579,29);
insert into digital_lib_book (digital_lib_book_id, title, description, issue_year) values (580,'Linear Algebra','This self-contained textbook takes a matrix-oriented approach to linear algebra and presents a complete theory, including all details and proofs, culminating in the Jordan canonical form and its proof. Additionally, the book presents special topics from applied linear algebra including matrix functions, the singular value decomposition, the Kronecker product and linear matrix equations.',2015);
insert into digital_lib_book_author (digital_lib_book_fk, digital_lib_author_fk) values (580,386);
insert into digital_lib_book_author (digital_lib_book_fk, digital_lib_author_fk) values (580,589);
insert into digital_lib_book_tag (digital_lib_book_fk, digital_lib_tag_fk) values (580,1815);
insert into digital_lib_book_tag (digital_lib_book_fk, digital_lib_tag_fk) values (580,1142);
insert into digital_lib_book_tag (digital_lib_book_fk, digital_lib_tag_fk) values (580,937);
insert into digital_lib_book_tag (digital_lib_book_fk, digital_lib_tag_fk) values (580,483);
insert into digital_lib_book_tag (digital_lib_book_fk, digital_lib_tag_fk) values (580,1695);
insert into digital_lib_book_tag (digital_lib_book_fk, digital_lib_tag_fk) values (580,678);
insert into digital_lib_book_tag (digital_lib_book_fk, digital_lib_tag_fk) values (580,835);
insert into digital_lib_book_tag (digital_lib_book_fk, digital_lib_tag_fk) values (580,834);
insert into digital_lib_book_tag (digital_lib_book_fk, digital_lib_tag_fk) values (580,1780);
insert into digital_lib_book_tag (digital_lib_book_fk, digital_lib_tag_fk) values (580,456);
insert into digital_lib_book_tag (digital_lib_book_fk, digital_lib_tag_fk) values (580,1109);
insert into digital_lib_book_tag (digital_lib_book_fk, digital_lib_tag_fk) values (580,2217);
insert into digital_lib_book_tag (digital_lib_book_fk, digital_lib_tag_fk) values (580,2368);
insert into digital_lib_book_tag (digital_lib_book_fk, digital_lib_tag_fk) values (580,1055);
insert into digital_lib_book_publisher (digital_lib_book_fk, digital_lib_publisher_fk) values (580,14);
insert into digital_lib_book_publisher (digital_lib_book_fk, digital_lib_publisher_fk) values (580,2);
insert into digital_lib_category_book (digital_lib_book_fk, digital_lib_category_fk) values (580,6);
insert into digital_lib_category_book (digital_lib_book_fk, digital_lib_category_fk) values (580,29);
insert into digital_lib_book (digital_lib_book_id, title, description, issue_year) values (581,'A Beginner’s Guide to R','The text covers how to download and install R, import and manage data, elementary plotting, an introduction to functions, advanced plotting, and common beginner mistakes. This book contains everything you need to know to get started with R.',2009);
insert into digital_lib_book_author (digital_lib_book_fk, digital_lib_author_fk) values (581,619);
insert into digital_lib_book_author (digital_lib_book_fk, digital_lib_author_fk) values (581,267);
insert into digital_lib_book_author (digital_lib_book_fk, digital_lib_author_fk) values (581,1033);
insert into digital_lib_book_tag (digital_lib_book_fk, digital_lib_tag_fk) values (581,1284);
insert into digital_lib_book_tag (digital_lib_book_fk, digital_lib_tag_fk) values (581,545);
insert into digital_lib_book_tag (digital_lib_book_fk, digital_lib_tag_fk) values (581,1634);
insert into digital_lib_book_tag (digital_lib_book_fk, digital_lib_tag_fk) values (581,2457);
insert into digital_lib_book_tag (digital_lib_book_fk, digital_lib_tag_fk) values (581,1967);
insert into digital_lib_book_tag (digital_lib_book_fk, digital_lib_tag_fk) values (581,2233);
insert into digital_lib_book_publisher (digital_lib_book_fk, digital_lib_publisher_fk) values (581,14);
insert into digital_lib_book_publisher (digital_lib_book_fk, digital_lib_publisher_fk) values (581,114);
insert into digital_lib_book_publisher (digital_lib_book_fk, digital_lib_publisher_fk) values (581,113);
insert into digital_lib_category_book (digital_lib_book_fk, digital_lib_category_fk) values (581,6);
insert into digital_lib_category_book (digital_lib_book_fk, digital_lib_category_fk) values (581,29);
insert into digital_lib_book (digital_lib_book_id, title, description, issue_year) values (582,'The Elements of Statistical Learning Data Mining, Inference, and Prediction','This book describes the important ideas in these areas in a common conceptual framework. The book\`s coverage is broad, from supervised learning (prediction) to unsupervised learning. The many topics include neural networks, support vector machines, classification trees and boosting---the first comprehensive treatment of this topic in any book.',2001);
insert into digital_lib_book_author (digital_lib_book_fk, digital_lib_author_fk) values (582,166);
insert into digital_lib_book_author (digital_lib_book_fk, digital_lib_author_fk) values (582,1187);
insert into digital_lib_book_author (digital_lib_book_fk, digital_lib_author_fk) values (582,77);
insert into digital_lib_book_tag (digital_lib_book_fk, digital_lib_tag_fk) values (582,1948);
insert into digital_lib_book_tag (digital_lib_book_fk, digital_lib_tag_fk) values (582,810);
insert into digital_lib_book_tag (digital_lib_book_fk, digital_lib_tag_fk) values (582,1307);
insert into digital_lib_book_tag (digital_lib_book_fk, digital_lib_tag_fk) values (582,876);
insert into digital_lib_book_tag (digital_lib_book_fk, digital_lib_tag_fk) values (582,2099);
insert into digital_lib_book_tag (digital_lib_book_fk, digital_lib_tag_fk) values (582,1613);
insert into digital_lib_book_tag (digital_lib_book_fk, digital_lib_tag_fk) values (582,1022);
insert into digital_lib_book_tag (digital_lib_book_fk, digital_lib_tag_fk) values (582,1891);
insert into digital_lib_book_tag (digital_lib_book_fk, digital_lib_tag_fk) values (582,1823);
insert into digital_lib_book_tag (digital_lib_book_fk, digital_lib_tag_fk) values (582,362);
insert into digital_lib_book_tag (digital_lib_book_fk, digital_lib_tag_fk) values (582,1967);
insert into digital_lib_book_tag (digital_lib_book_fk, digital_lib_tag_fk) values (582,686);
insert into digital_lib_book_tag (digital_lib_book_fk, digital_lib_tag_fk) values (582,1941);
insert into digital_lib_book_publisher (digital_lib_book_fk, digital_lib_publisher_fk) values (582,195);
insert into digital_lib_category_book (digital_lib_book_fk, digital_lib_category_fk) values (582,6);
insert into digital_lib_category_book (digital_lib_book_fk, digital_lib_category_fk) values (582,29);
insert into digital_lib_book (digital_lib_book_id, title, description, issue_year) values (583,'Introduction to Partial Differential Equations','This modern take on partial differential equations does not require knowledge beyond vector calculus and linear algebra. The author focuses on the most important classical partial differential equations, including conservation equations and their characteristics, the wave equation, the heat equation, function spaces, and Fourier series, drawing on tools from analysis only as they arise.',2016);
insert into digital_lib_book_author (digital_lib_book_fk, digital_lib_author_fk) values (583,7);
insert into digital_lib_book_tag (digital_lib_book_fk, digital_lib_tag_fk) values (583,1511);
insert into digital_lib_book_tag (digital_lib_book_fk, digital_lib_tag_fk) values (583,1317);
insert into digital_lib_book_tag (digital_lib_book_fk, digital_lib_tag_fk) values (583,1032);
insert into digital_lib_book_tag (digital_lib_book_fk, digital_lib_tag_fk) values (583,1033);
insert into digital_lib_book_tag (digital_lib_book_fk, digital_lib_tag_fk) values (583,1384);
insert into digital_lib_book_tag (digital_lib_book_fk, digital_lib_tag_fk) values (583,2116);
insert into digital_lib_book_publisher (digital_lib_book_fk, digital_lib_publisher_fk) values (583,14);
insert into digital_lib_book_publisher (digital_lib_book_fk, digital_lib_publisher_fk) values (583,2);
insert into digital_lib_category_book (digital_lib_book_fk, digital_lib_category_fk) values (583,6);
insert into digital_lib_category_book (digital_lib_book_fk, digital_lib_category_fk) values (583,29);
insert into digital_lib_book (digital_lib_book_id, title, description, issue_year) values (584,'An Introduction to Statistical Learning with Applications in R','An Introduction to Statistical Learning provides an accessible overview of the field of statistical learning, an essential toolset for making sense of the vast and complex data sets that have emerged in fields ranging from biology to finance to marketing to astrophysics in the past twenty years. This book presents some of the most important modeling and prediction techniques, along with relevant applications.',2013);
insert into digital_lib_book_author (digital_lib_book_fk, digital_lib_author_fk) values (584,505);
insert into digital_lib_book_author (digital_lib_book_fk, digital_lib_author_fk) values (584,44);
insert into digital_lib_book_author (digital_lib_book_fk, digital_lib_author_fk) values (584,166);
insert into digital_lib_book_author (digital_lib_book_fk, digital_lib_author_fk) values (584,77);
insert into digital_lib_book_tag (digital_lib_book_fk, digital_lib_tag_fk) values (584,1953);
insert into digital_lib_book_tag (digital_lib_book_fk, digital_lib_tag_fk) values (584,1891);
insert into digital_lib_book_tag (digital_lib_book_fk, digital_lib_tag_fk) values (584,91);
insert into digital_lib_book_tag (digital_lib_book_fk, digital_lib_tag_fk) values (584,890);
insert into digital_lib_book_tag (digital_lib_book_fk, digital_lib_tag_fk) values (584,686);
insert into digital_lib_book_tag (digital_lib_book_fk, digital_lib_tag_fk) values (584,1941);
insert into digital_lib_book_publisher (digital_lib_book_fk, digital_lib_publisher_fk) values (584,14);
insert into digital_lib_book_publisher (digital_lib_book_fk, digital_lib_publisher_fk) values (584,114);
insert into digital_lib_book_publisher (digital_lib_book_fk, digital_lib_publisher_fk) values (584,113);
insert into digital_lib_category_book (digital_lib_book_fk, digital_lib_category_fk) values (584,6);
insert into digital_lib_category_book (digital_lib_book_fk, digital_lib_category_fk) values (584,29);
insert into digital_lib_book (digital_lib_book_id, title, description, issue_year) values (585,'Understanding Statistics Using R','This book was written to provide resource materials for teachers to use in their introductory or intermediate statistics class. The book contains R script programs to demonstrate important topics and concepts covered in a statistics course, including probability, random sampling, population distribution types, role of the Central Limit Theorem, creation of sampling distributions for statistics, and more.',2013);
insert into digital_lib_book_author (digital_lib_book_fk, digital_lib_author_fk) values (585,55);
insert into digital_lib_book_author (digital_lib_book_fk, digital_lib_author_fk) values (585,404);
insert into digital_lib_book_tag (digital_lib_book_fk, digital_lib_tag_fk) values (585,1895);
insert into digital_lib_book_tag (digital_lib_book_fk, digital_lib_tag_fk) values (585,1503);
insert into digital_lib_book_tag (digital_lib_book_fk, digital_lib_tag_fk) values (585,955);
insert into digital_lib_book_tag (digital_lib_book_fk, digital_lib_tag_fk) values (585,2140);
insert into digital_lib_book_tag (digital_lib_book_fk, digital_lib_tag_fk) values (585,1448);
insert into digital_lib_book_tag (digital_lib_book_fk, digital_lib_tag_fk) values (585,1877);
insert into digital_lib_book_tag (digital_lib_book_fk, digital_lib_tag_fk) values (585,1924);
insert into digital_lib_book_publisher (digital_lib_book_fk, digital_lib_publisher_fk) values (585,14);
insert into digital_lib_book_publisher (digital_lib_book_fk, digital_lib_publisher_fk) values (585,114);
insert into digital_lib_book_publisher (digital_lib_book_fk, digital_lib_publisher_fk) values (585,113);
insert into digital_lib_category_book (digital_lib_book_fk, digital_lib_category_fk) values (585,6);
insert into digital_lib_category_book (digital_lib_book_fk, digital_lib_category_fk) values (585,29);
insert into digital_lib_book (digital_lib_book_id, title, description, issue_year) values (586,'Bayesian Essentials with R','Bayesian Essentials with R can be used as a textbook at both undergraduate and graduate levels, as exemplified by courses given at Université Paris Dauphine (France), University of Canterbury (New Zealand), and University of British Columbia (Canada). It is particularly useful with students in professional degree programs and scientists to analyze data the Bayesian way.',2014);
insert into digital_lib_book_author (digital_lib_book_fk, digital_lib_author_fk) values (586,15);
insert into digital_lib_book_author (digital_lib_book_fk, digital_lib_author_fk) values (586,359);
insert into digital_lib_book_tag (digital_lib_book_fk, digital_lib_tag_fk) values (586,343);
insert into digital_lib_book_tag (digital_lib_book_fk, digital_lib_tag_fk) values (586,1940);
insert into digital_lib_book_tag (digital_lib_book_fk, digital_lib_tag_fk) values (586,605);
insert into digital_lib_book_tag (digital_lib_book_fk, digital_lib_tag_fk) values (586,243);
insert into digital_lib_book_tag (digital_lib_book_fk, digital_lib_tag_fk) values (586,1063);
insert into digital_lib_book_tag (digital_lib_book_fk, digital_lib_tag_fk) values (586,2467);
insert into digital_lib_book_publisher (digital_lib_book_fk, digital_lib_publisher_fk) values (586,14);
insert into digital_lib_book_publisher (digital_lib_book_fk, digital_lib_publisher_fk) values (586,114);
insert into digital_lib_book_publisher (digital_lib_book_fk, digital_lib_publisher_fk) values (586,113);
insert into digital_lib_category_book (digital_lib_book_fk, digital_lib_category_fk) values (586,6);
insert into digital_lib_category_book (digital_lib_book_fk, digital_lib_category_fk) values (586,29);
insert into digital_lib_book (digital_lib_book_id, title, description, issue_year) values (587,'Introduction to Partial Differential Equations','This textbook is designed for a one year course covering the fundamentals of partial differential equations, geared towards advanced undergraduates and beginning graduate students in mathematics, science, engineering, and elsewhere.',2014);
insert into digital_lib_book_author (digital_lib_book_fk, digital_lib_author_fk) values (587,917);
insert into digital_lib_book_tag (digital_lib_book_fk, digital_lib_tag_fk) values (587,1488);
insert into digital_lib_book_tag (digital_lib_book_fk, digital_lib_tag_fk) values (587,1129);
insert into digital_lib_book_tag (digital_lib_book_fk, digital_lib_tag_fk) values (587,2073);
insert into digital_lib_book_tag (digital_lib_book_fk, digital_lib_tag_fk) values (587,711);
insert into digital_lib_book_tag (digital_lib_book_fk, digital_lib_tag_fk) values (587,589);
insert into digital_lib_book_tag (digital_lib_book_fk, digital_lib_tag_fk) values (587,1926);
insert into digital_lib_book_tag (digital_lib_book_fk, digital_lib_tag_fk) values (587,711);
insert into digital_lib_book_tag (digital_lib_book_fk, digital_lib_tag_fk) values (587,1803);
insert into digital_lib_book_tag (digital_lib_book_fk, digital_lib_tag_fk) values (587,68);
insert into digital_lib_book_tag (digital_lib_book_fk, digital_lib_tag_fk) values (587,668);
insert into digital_lib_book_tag (digital_lib_book_fk, digital_lib_tag_fk) values (587,711);
insert into digital_lib_book_tag (digital_lib_book_fk, digital_lib_tag_fk) values (587,1875);
insert into digital_lib_book_tag (digital_lib_book_fk, digital_lib_tag_fk) values (587,1317);
insert into digital_lib_book_publisher (digital_lib_book_fk, digital_lib_publisher_fk) values (587,14);
insert into digital_lib_book_publisher (digital_lib_book_fk, digital_lib_publisher_fk) values (587,2);
insert into digital_lib_category_book (digital_lib_book_fk, digital_lib_category_fk) values (587,6);
insert into digital_lib_category_book (digital_lib_book_fk, digital_lib_category_fk) values (587,29);
insert into digital_lib_book (digital_lib_book_id, title, description, issue_year) values (588,'A Modern Introduction to Probability and Statistics Understanding Why and How','A Modern Introduction to Probability and Statistics has numerous quick exercises to give direct feedback to the students. In addition the book contains over 350 exercises, half of which have answers, of which half have full solutions.',2005);
insert into digital_lib_book_author (digital_lib_book_fk, digital_lib_author_fk) values (588,1083);
insert into digital_lib_book_author (digital_lib_book_fk, digital_lib_author_fk) values (588,552);
insert into digital_lib_book_author (digital_lib_book_fk, digital_lib_author_fk) values (588,901);
insert into digital_lib_book_author (digital_lib_book_fk, digital_lib_author_fk) values (588,928);
insert into digital_lib_book_tag (digital_lib_book_fk, digital_lib_tag_fk) values (588,84);
insert into digital_lib_book_tag (digital_lib_book_fk, digital_lib_tag_fk) values (588,1342);
insert into digital_lib_book_tag (digital_lib_book_fk, digital_lib_tag_fk) values (588,1754);
insert into digital_lib_book_tag (digital_lib_book_fk, digital_lib_tag_fk) values (588,2177);
insert into digital_lib_book_tag (digital_lib_book_fk, digital_lib_tag_fk) values (588,1769);
insert into digital_lib_book_tag (digital_lib_book_fk, digital_lib_tag_fk) values (588,304);
insert into digital_lib_book_tag (digital_lib_book_fk, digital_lib_tag_fk) values (588,1967);
insert into digital_lib_book_publisher (digital_lib_book_fk, digital_lib_publisher_fk) values (588,14);
insert into digital_lib_book_publisher (digital_lib_book_fk, digital_lib_publisher_fk) values (588,190);
insert into digital_lib_category_book (digital_lib_book_fk, digital_lib_category_fk) values (588,6);
insert into digital_lib_category_book (digital_lib_book_fk, digital_lib_category_fk) values (588,29);
insert into digital_lib_book (digital_lib_book_id, title, description, issue_year) values (589,'Computational Geometry Algorithms and Applications','The success of computational geometry as a research discipline can on the one hand be explained from the beauty of the problems studied and the solutions obtained, and, on the other hand, by the many application domains—computer graphics, geographic information systems (GIS), robotics, and others—in which geometric algorithms play a fundamental role. The book has been written as a textbook for a course in computational geometry, but it can also be used for self-study.',2008);
insert into digital_lib_book_author (digital_lib_book_fk, digital_lib_author_fk) values (589,205);
insert into digital_lib_book_author (digital_lib_book_fk, digital_lib_author_fk) values (589,113);
insert into digital_lib_book_author (digital_lib_book_fk, digital_lib_author_fk) values (589,73);
insert into digital_lib_book_author (digital_lib_book_fk, digital_lib_author_fk) values (589,1149);
insert into digital_lib_book_tag (digital_lib_book_fk, digital_lib_tag_fk) values (589,1383);
insert into digital_lib_book_tag (digital_lib_book_fk, digital_lib_tag_fk) values (589,876);
insert into digital_lib_book_tag (digital_lib_book_fk, digital_lib_tag_fk) values (589,1674);
insert into digital_lib_book_tag (digital_lib_book_fk, digital_lib_tag_fk) values (589,903);
insert into digital_lib_book_tag (digital_lib_book_fk, digital_lib_tag_fk) values (589,1260);
insert into digital_lib_book_tag (digital_lib_book_fk, digital_lib_tag_fk) values (589,140);
insert into digital_lib_book_tag (digital_lib_book_fk, digital_lib_tag_fk) values (589,2076);
insert into digital_lib_book_tag (digital_lib_book_fk, digital_lib_tag_fk) values (589,1867);
insert into digital_lib_book_tag (digital_lib_book_fk, digital_lib_tag_fk) values (589,1304);
insert into digital_lib_book_tag (digital_lib_book_fk, digital_lib_tag_fk) values (589,711);
insert into digital_lib_book_tag (digital_lib_book_fk, digital_lib_tag_fk) values (589,90);
insert into digital_lib_book_publisher (digital_lib_book_fk, digital_lib_publisher_fk) values (589,14);
insert into digital_lib_book_publisher (digital_lib_book_fk, digital_lib_publisher_fk) values (589,148);
insert into digital_lib_book_publisher (digital_lib_book_fk, digital_lib_publisher_fk) values (589,145);
insert into digital_lib_category_book (digital_lib_book_fk, digital_lib_category_fk) values (589,6);
insert into digital_lib_category_book (digital_lib_book_fk, digital_lib_category_fk) values (589,29);
insert into digital_lib_book (digital_lib_book_id, title, description, issue_year) values (590,'Introduction to Statistics and Data Analysis With Exercises, Solutions and Applications in R','This introductory statistics textbook conveys the essential concepts and tools needed to develop and nurture statistical thinking. It presents descriptive, inductive and explorative statistical methods and guides the reader through the process of quantitative data analysis.',2016);
insert into digital_lib_book_author (digital_lib_book_fk, digital_lib_author_fk) values (590,129);
insert into digital_lib_book_author (digital_lib_book_fk, digital_lib_author_fk) values (590,554);
insert into digital_lib_book_tag (digital_lib_book_fk, digital_lib_tag_fk) values (590,1301);
insert into digital_lib_book_tag (digital_lib_book_fk, digital_lib_tag_fk) values (590,2152);
insert into digital_lib_book_tag (digital_lib_book_fk, digital_lib_tag_fk) values (590,517);
insert into digital_lib_book_tag (digital_lib_book_fk, digital_lib_tag_fk) values (590,2017);
insert into digital_lib_book_tag (digital_lib_book_fk, digital_lib_tag_fk) values (590,2201);
insert into digital_lib_book_tag (digital_lib_book_fk, digital_lib_tag_fk) values (590,235);
insert into digital_lib_book_tag (digital_lib_book_fk, digital_lib_tag_fk) values (590,1476);
insert into digital_lib_book_tag (digital_lib_book_fk, digital_lib_tag_fk) values (590,2155);
insert into digital_lib_book_tag (digital_lib_book_fk, digital_lib_tag_fk) values (590,60);
insert into digital_lib_book_tag (digital_lib_book_fk, digital_lib_tag_fk) values (590,1843);
insert into digital_lib_book_tag (digital_lib_book_fk, digital_lib_tag_fk) values (590,945);
insert into digital_lib_book_tag (digital_lib_book_fk, digital_lib_tag_fk) values (590,2112);
insert into digital_lib_book_tag (digital_lib_book_fk, digital_lib_tag_fk) values (590,2050);
insert into digital_lib_book_publisher (digital_lib_book_fk, digital_lib_publisher_fk) values (590,14);
insert into digital_lib_book_publisher (digital_lib_book_fk, digital_lib_publisher_fk) values (590,2);
insert into digital_lib_category_book (digital_lib_book_fk, digital_lib_category_fk) values (590,6);
insert into digital_lib_category_book (digital_lib_book_fk, digital_lib_category_fk) values (590,29);
insert into digital_lib_book (digital_lib_book_id, title, description, issue_year) values (591,'Linear and Nonlinear Programming, 4th ed','This new edition covers the central concepts of practical optimization techniques, with an emphasis on methods that are both state-of-the-art and popular.  Again a connection between the purely analytical character of an optimization problem and the behavior of algorithms is used to solve the problem. It is possible to go directly into Parts II and III omitting Part I, and, in fact, the book has been used in this way in many universities.',2016);
insert into digital_lib_book_author (digital_lib_book_fk, digital_lib_author_fk) values (591,1037);
insert into digital_lib_book_author (digital_lib_book_fk, digital_lib_author_fk) values (591,57);
insert into digital_lib_book_tag (digital_lib_book_fk, digital_lib_tag_fk) values (591,1326);
insert into digital_lib_book_tag (digital_lib_book_fk, digital_lib_tag_fk) values (591,922);
insert into digital_lib_book_tag (digital_lib_book_fk, digital_lib_tag_fk) values (591,1527);
insert into digital_lib_book_tag (digital_lib_book_fk, digital_lib_tag_fk) values (591,883);
insert into digital_lib_book_tag (digital_lib_book_fk, digital_lib_tag_fk) values (591,26);
insert into digital_lib_book_tag (digital_lib_book_fk, digital_lib_tag_fk) values (591,1697);
insert into digital_lib_book_tag (digital_lib_book_fk, digital_lib_tag_fk) values (591,624);
insert into digital_lib_book_tag (digital_lib_book_fk, digital_lib_tag_fk) values (591,804);
insert into digital_lib_book_publisher (digital_lib_book_fk, digital_lib_publisher_fk) values (591,14);
insert into digital_lib_book_publisher (digital_lib_book_fk, digital_lib_publisher_fk) values (591,2);
insert into digital_lib_category_book (digital_lib_book_fk, digital_lib_category_fk) values (591,6);
insert into digital_lib_category_book (digital_lib_book_fk, digital_lib_category_fk) values (591,29);
insert into digital_lib_book (digital_lib_book_id, title, description, issue_year) values (592,'LaTeX in 24 Hours A Practical Guide for Scientific Writing','This book presents direct and concise explanations and examples to many LaTeX syntax and structures, allowing students and researchers to quickly understand the basics that are required for writing and preparing book manuscripts, journal articles, reports, presentation slides and academic theses and dissertations for publication.',2017);
insert into digital_lib_book_author (digital_lib_book_fk, digital_lib_author_fk) values (592,467);
insert into digital_lib_book_tag (digital_lib_book_fk, digital_lib_tag_fk) values (592,1827);
insert into digital_lib_book_tag (digital_lib_book_fk, digital_lib_tag_fk) values (592,1747);
insert into digital_lib_book_tag (digital_lib_book_fk, digital_lib_tag_fk) values (592,465);
insert into digital_lib_book_tag (digital_lib_book_fk, digital_lib_tag_fk) values (592,2334);
insert into digital_lib_book_tag (digital_lib_book_fk, digital_lib_tag_fk) values (592,1973);
insert into digital_lib_book_publisher (digital_lib_book_fk, digital_lib_publisher_fk) values (592,14);
insert into digital_lib_book_publisher (digital_lib_book_fk, digital_lib_publisher_fk) values (592,2);
insert into digital_lib_category_book (digital_lib_book_fk, digital_lib_category_fk) values (592,6);
insert into digital_lib_category_book (digital_lib_book_fk, digital_lib_category_fk) values (592,29);
insert into digital_lib_book (digital_lib_book_id, title, description, issue_year) values (593,'Statistics and Analysis of Scientific Data','The revised second edition of this textbook provides the reader with a solid foundation in probability theory and statistics as applied to the physical sciences, engineering and related fields. It covers a broad range of numerical and analytical methods that are essential for the correct analysis of scientific data, including probability theory, distribution functions of statistics, fits to two-dimensional data and parameter estimation, Monte Carlo methods and Markov chains.',2017);
insert into digital_lib_book_author (digital_lib_book_fk, digital_lib_author_fk) values (593,1056);
insert into digital_lib_book_tag (digital_lib_book_fk, digital_lib_tag_fk) values (593,366);
insert into digital_lib_book_tag (digital_lib_book_fk, digital_lib_tag_fk) values (593,277);
insert into digital_lib_book_tag (digital_lib_book_fk, digital_lib_tag_fk) values (593,997);
insert into digital_lib_book_tag (digital_lib_book_fk, digital_lib_tag_fk) values (593,38);
insert into digital_lib_book_tag (digital_lib_book_fk, digital_lib_tag_fk) values (593,595);
insert into digital_lib_book_tag (digital_lib_book_fk, digital_lib_tag_fk) values (593,1038);
insert into digital_lib_book_tag (digital_lib_book_fk, digital_lib_tag_fk) values (593,1323);
insert into digital_lib_book_tag (digital_lib_book_fk, digital_lib_tag_fk) values (593,737);
insert into digital_lib_book_tag (digital_lib_book_fk, digital_lib_tag_fk) values (593,1791);
insert into digital_lib_book_tag (digital_lib_book_fk, digital_lib_tag_fk) values (593,838);
insert into digital_lib_book_tag (digital_lib_book_fk, digital_lib_tag_fk) values (593,2372);
insert into digital_lib_book_tag (digital_lib_book_fk, digital_lib_tag_fk) values (593,711);
insert into digital_lib_book_tag (digital_lib_book_fk, digital_lib_tag_fk) values (593,1210);
insert into digital_lib_book_tag (digital_lib_book_fk, digital_lib_tag_fk) values (593,2078);
insert into digital_lib_book_tag (digital_lib_book_fk, digital_lib_tag_fk) values (593,2203);
insert into digital_lib_book_tag (digital_lib_book_fk, digital_lib_tag_fk) values (593,711);
insert into digital_lib_book_tag (digital_lib_book_fk, digital_lib_tag_fk) values (593,2364);
insert into digital_lib_book_tag (digital_lib_book_fk, digital_lib_tag_fk) values (593,615);
insert into digital_lib_book_publisher (digital_lib_book_fk, digital_lib_publisher_fk) values (593,14);
insert into digital_lib_book_publisher (digital_lib_book_fk, digital_lib_publisher_fk) values (593,114);
insert into digital_lib_book_publisher (digital_lib_book_fk, digital_lib_publisher_fk) values (593,113);
insert into digital_lib_category_book (digital_lib_book_fk, digital_lib_category_fk) values (593,6);
insert into digital_lib_category_book (digital_lib_book_fk, digital_lib_category_fk) values (593,29);
insert into digital_lib_book (digital_lib_book_id, title, description, issue_year) values (594,'Empirical Research in Statistics Education','This ICME-13 Topical Survey provides a review of recent research into statistics education, with a focus on empirical research published in established educational journals and on the proceedings of important conferences on statistics education.',2016);
insert into digital_lib_book_author (digital_lib_book_fk, digital_lib_author_fk) values (594,375);
insert into digital_lib_book_author (digital_lib_book_fk, digital_lib_author_fk) values (594,830);
insert into digital_lib_book_tag (digital_lib_book_fk, digital_lib_tag_fk) values (594,1936);
insert into digital_lib_book_tag (digital_lib_book_fk, digital_lib_tag_fk) values (594,1218);
insert into digital_lib_book_tag (digital_lib_book_fk, digital_lib_tag_fk) values (594,2353);
insert into digital_lib_book_tag (digital_lib_book_fk, digital_lib_tag_fk) values (594,1421);
insert into digital_lib_book_tag (digital_lib_book_fk, digital_lib_tag_fk) values (594,2374);
insert into digital_lib_book_tag (digital_lib_book_fk, digital_lib_tag_fk) values (594,2238);
insert into digital_lib_book_tag (digital_lib_book_fk, digital_lib_tag_fk) values (594,2471);
insert into digital_lib_book_tag (digital_lib_book_fk, digital_lib_tag_fk) values (594,1502);
insert into digital_lib_book_tag (digital_lib_book_fk, digital_lib_tag_fk) values (594,711);
insert into digital_lib_book_tag (digital_lib_book_fk, digital_lib_tag_fk) values (594,654);
insert into digital_lib_book_publisher (digital_lib_book_fk, digital_lib_publisher_fk) values (594,203);
insert into digital_lib_book_publisher (digital_lib_book_fk, digital_lib_publisher_fk) values (594,14);
insert into digital_lib_book_publisher (digital_lib_book_fk, digital_lib_publisher_fk) values (594,2);
insert into digital_lib_category_book (digital_lib_book_fk, digital_lib_category_fk) values (594,6);
insert into digital_lib_category_book (digital_lib_book_fk, digital_lib_category_fk) values (594,29);
insert into digital_lib_book (digital_lib_book_id, title, description, issue_year) values (595,'Guide to Discrete Mathematics An Accessible Introduction to the History, Theory, Logic and Applications','This stimulating textbook/reference presents a broad and accessible guide to the fundamentals of discrete mathematics, highlighting how the techniques may be applied to various exciting areas in computing. The text is designed to motivate and inspire the reader, encouraging further study in this important skill.',2016);
insert into digital_lib_book_author (digital_lib_book_fk, digital_lib_author_fk) values (595,838);
insert into digital_lib_book_tag (digital_lib_book_fk, digital_lib_tag_fk) values (595,1606);
insert into digital_lib_book_tag (digital_lib_book_fk, digital_lib_tag_fk) values (595,1585);
insert into digital_lib_book_tag (digital_lib_book_fk, digital_lib_tag_fk) values (595,1513);
insert into digital_lib_book_tag (digital_lib_book_fk, digital_lib_tag_fk) values (595,1167);
insert into digital_lib_book_tag (digital_lib_book_fk, digital_lib_tag_fk) values (595,183);
insert into digital_lib_book_tag (digital_lib_book_fk, digital_lib_tag_fk) values (595,711);
insert into digital_lib_book_tag (digital_lib_book_fk, digital_lib_tag_fk) values (595,2457);
insert into digital_lib_book_publisher (digital_lib_book_fk, digital_lib_publisher_fk) values (595,14);
insert into digital_lib_book_publisher (digital_lib_book_fk, digital_lib_publisher_fk) values (595,2);
insert into digital_lib_category_book (digital_lib_book_fk, digital_lib_category_fk) values (595,6);
insert into digital_lib_category_book (digital_lib_book_fk, digital_lib_category_fk) values (595,29);
insert into digital_lib_book (digital_lib_book_id, title, description, issue_year) values (596,'Implementation of EU Readmission Agreements Identity Determination Dilemmas and the Blurring of Rights','By examining the implementation dynamics of EU Readmission Agreements (EURAs), this book addresses the practical reasons why irregular immigrants cannot be expelled.',2016);
insert into digital_lib_book_author (digital_lib_book_fk, digital_lib_author_fk) values (596,192);
insert into digital_lib_book_tag (digital_lib_book_fk, digital_lib_tag_fk) values (596,1377);
insert into digital_lib_book_tag (digital_lib_book_fk, digital_lib_tag_fk) values (596,1156);
insert into digital_lib_book_tag (digital_lib_book_fk, digital_lib_tag_fk) values (596,273);
insert into digital_lib_book_tag (digital_lib_book_fk, digital_lib_tag_fk) values (596,2387);
insert into digital_lib_book_tag (digital_lib_book_fk, digital_lib_tag_fk) values (596,718);
insert into digital_lib_book_tag (digital_lib_book_fk, digital_lib_tag_fk) values (596,655);
insert into digital_lib_book_tag (digital_lib_book_fk, digital_lib_tag_fk) values (596,345);
insert into digital_lib_book_tag (digital_lib_book_fk, digital_lib_tag_fk) values (596,1379);
insert into digital_lib_book_tag (digital_lib_book_fk, digital_lib_tag_fk) values (596,1173);
insert into digital_lib_book_tag (digital_lib_book_fk, digital_lib_tag_fk) values (596,1664);
insert into digital_lib_book_tag (digital_lib_book_fk, digital_lib_tag_fk) values (596,231);
insert into digital_lib_book_tag (digital_lib_book_fk, digital_lib_tag_fk) values (596,1314);
insert into digital_lib_book_tag (digital_lib_book_fk, digital_lib_tag_fk) values (596,1607);
insert into digital_lib_book_tag (digital_lib_book_fk, digital_lib_tag_fk) values (596,194);
insert into digital_lib_book_tag (digital_lib_book_fk, digital_lib_tag_fk) values (596,588);
insert into digital_lib_book_tag (digital_lib_book_fk, digital_lib_tag_fk) values (596,1436);
insert into digital_lib_book_tag (digital_lib_book_fk, digital_lib_tag_fk) values (596,1357);
insert into digital_lib_book_publisher (digital_lib_book_fk, digital_lib_publisher_fk) values (596,14);
insert into digital_lib_book_publisher (digital_lib_book_fk, digital_lib_publisher_fk) values (596,2);
insert into digital_lib_category_book (digital_lib_book_fk, digital_lib_category_fk) values (596,6);
insert into digital_lib_category_book (digital_lib_book_fk, digital_lib_category_fk) values (596,29);
insert into digital_lib_book (digital_lib_book_id, title, description, issue_year) values (597,'International Comparative Studies in Mathematics Lessons for Improving Students’ Learning','It argues that the main purpose of educational research is to improve student learning, and that international comparative studies are no exception.',2016);
insert into digital_lib_book_author (digital_lib_book_fk, digital_lib_author_fk) values (597,963);
insert into digital_lib_book_author (digital_lib_book_fk, digital_lib_author_fk) values (597,175);
insert into digital_lib_book_author (digital_lib_book_fk, digital_lib_author_fk) values (597,998);
insert into digital_lib_book_tag (digital_lib_book_fk, digital_lib_tag_fk) values (597,469);
insert into digital_lib_book_tag (digital_lib_book_fk, digital_lib_tag_fk) values (597,2310);
insert into digital_lib_book_tag (digital_lib_book_fk, digital_lib_tag_fk) values (597,1009);
insert into digital_lib_book_tag (digital_lib_book_fk, digital_lib_tag_fk) values (597,1802);
insert into digital_lib_book_tag (digital_lib_book_fk, digital_lib_tag_fk) values (597,1512);
insert into digital_lib_book_tag (digital_lib_book_fk, digital_lib_tag_fk) values (597,609);
insert into digital_lib_book_tag (digital_lib_book_fk, digital_lib_tag_fk) values (597,1050);
insert into digital_lib_book_publisher (digital_lib_book_fk, digital_lib_publisher_fk) values (597,14);
insert into digital_lib_book_publisher (digital_lib_book_fk, digital_lib_publisher_fk) values (597,2);
insert into digital_lib_category_book (digital_lib_book_fk, digital_lib_category_fk) values (597,6);
insert into digital_lib_category_book (digital_lib_book_fk, digital_lib_category_fk) values (597,29);
insert into digital_lib_book (digital_lib_book_id, title, description, issue_year) values (598,'Statistical Analysis and Data Display An Intermediate Course with Examples in R','This contemporary presentation of statistical methods features extensive use of graphical displays for exploring data and for displaying the analysis.  The authors demonstrate how to analyze  data—showing code, graphics, and accompanying tabular listings—for all the methods they cover.',2015);
insert into digital_lib_book_author (digital_lib_book_fk, digital_lib_author_fk) values (598,913);
insert into digital_lib_book_author (digital_lib_book_fk, digital_lib_author_fk) values (598,997);
insert into digital_lib_book_tag (digital_lib_book_fk, digital_lib_tag_fk) values (598,1990);
insert into digital_lib_book_tag (digital_lib_book_fk, digital_lib_tag_fk) values (598,1141);
insert into digital_lib_book_tag (digital_lib_book_fk, digital_lib_tag_fk) values (598,2174);
insert into digital_lib_book_tag (digital_lib_book_fk, digital_lib_tag_fk) values (598,651);
insert into digital_lib_book_tag (digital_lib_book_fk, digital_lib_tag_fk) values (598,91);
insert into digital_lib_book_tag (digital_lib_book_fk, digital_lib_tag_fk) values (598,2335);
insert into digital_lib_book_tag (digital_lib_book_fk, digital_lib_tag_fk) values (598,1254);
insert into digital_lib_book_tag (digital_lib_book_fk, digital_lib_tag_fk) values (598,2239);
insert into digital_lib_book_tag (digital_lib_book_fk, digital_lib_tag_fk) values (598,1924);
insert into digital_lib_book_publisher (digital_lib_book_fk, digital_lib_publisher_fk) values (598,14);
insert into digital_lib_book_publisher (digital_lib_book_fk, digital_lib_publisher_fk) values (598,114);
insert into digital_lib_book_publisher (digital_lib_book_fk, digital_lib_publisher_fk) values (598,113);
insert into digital_lib_category_book (digital_lib_book_fk, digital_lib_category_fk) values (598,6);
insert into digital_lib_category_book (digital_lib_book_fk, digital_lib_category_fk) values (598,29);
insert into digital_lib_book (digital_lib_book_id, title, description, issue_year) values (599,'Understanding Analysis','This lively introductory text exposes the student to the rewards of a rigorous study of functions of a real variable. The text turns what could be a daunting cascade of definitions and theorems into a coherent and engaging progression of ideas.',2015);
insert into digital_lib_book_author (digital_lib_book_fk, digital_lib_author_fk) values (599,108);
insert into digital_lib_book_tag (digital_lib_book_fk, digital_lib_tag_fk) values (599,1456);
insert into digital_lib_book_tag (digital_lib_book_fk, digital_lib_tag_fk) values (599,310);
insert into digital_lib_book_tag (digital_lib_book_fk, digital_lib_tag_fk) values (599,2172);
insert into digital_lib_book_tag (digital_lib_book_fk, digital_lib_tag_fk) values (599,1147);
insert into digital_lib_book_tag (digital_lib_book_fk, digital_lib_tag_fk) values (599,115);
insert into digital_lib_book_tag (digital_lib_book_fk, digital_lib_tag_fk) values (599,2157);
insert into digital_lib_book_tag (digital_lib_book_fk, digital_lib_tag_fk) values (599,348);
insert into digital_lib_book_publisher (digital_lib_book_fk, digital_lib_publisher_fk) values (599,14);
insert into digital_lib_book_publisher (digital_lib_book_fk, digital_lib_publisher_fk) values (599,114);
insert into digital_lib_book_publisher (digital_lib_book_fk, digital_lib_publisher_fk) values (599,113);
insert into digital_lib_category_book (digital_lib_book_fk, digital_lib_category_fk) values (599,6);
insert into digital_lib_category_book (digital_lib_book_fk, digital_lib_category_fk) values (599,29);
insert into digital_lib_book (digital_lib_book_id, title, description, issue_year) values (600,'Introduction to Python for Econometrics, Statistics and Data Analysis, 2nd edition','This book represents a guidebook for the use of Python for Econometrics, Statistics and Data Analysis.',2014);
insert into digital_lib_book_author (digital_lib_book_fk, digital_lib_author_fk) values (600,98);
insert into digital_lib_book_tag (digital_lib_book_fk, digital_lib_tag_fk) values (600,1229);
insert into digital_lib_book_tag (digital_lib_book_fk, digital_lib_tag_fk) values (600,196);
insert into digital_lib_book_tag (digital_lib_book_fk, digital_lib_tag_fk) values (600,2057);
insert into digital_lib_book_tag (digital_lib_book_fk, digital_lib_tag_fk) values (600,657);
insert into digital_lib_book_tag (digital_lib_book_fk, digital_lib_tag_fk) values (600,438);
insert into digital_lib_book_tag (digital_lib_book_fk, digital_lib_tag_fk) values (600,2051);
insert into digital_lib_book_tag (digital_lib_book_fk, digital_lib_tag_fk) values (600,2114);
insert into digital_lib_book_tag (digital_lib_book_fk, digital_lib_tag_fk) values (600,316);
insert into digital_lib_book_tag (digital_lib_book_fk, digital_lib_tag_fk) values (600,76);
insert into digital_lib_book_tag (digital_lib_book_fk, digital_lib_tag_fk) values (600,1750);
insert into digital_lib_book_tag (digital_lib_book_fk, digital_lib_tag_fk) values (600,1732);
insert into digital_lib_book_tag (digital_lib_book_fk, digital_lib_tag_fk) values (600,634);
insert into digital_lib_book_tag (digital_lib_book_fk, digital_lib_tag_fk) values (600,663);
insert into digital_lib_book_tag (digital_lib_book_fk, digital_lib_tag_fk) values (600,225);
insert into digital_lib_book_publisher (digital_lib_book_fk, digital_lib_publisher_fk) values (600,75);
insert into digital_lib_category_book (digital_lib_book_fk, digital_lib_category_fk) values (600,6);
insert into digital_lib_category_book (digital_lib_book_fk, digital_lib_category_fk) values (600,29);
insert into digital_lib_book (digital_lib_book_id, title, description, issue_year) values (601,'Math in Society Mathematics for liberal arts majors, 1st edition','This book is a unique resource that connects the study of Maths and Liberal Arts. For this reason, this book represents a valuable resource.',2020);
insert into digital_lib_book_author (digital_lib_book_fk, digital_lib_author_fk) values (601,195);
insert into digital_lib_book_tag (digital_lib_book_fk, digital_lib_tag_fk) values (601,2272);
insert into digital_lib_book_publisher (digital_lib_book_fk, digital_lib_publisher_fk) values (601,154);
insert into digital_lib_category_book (digital_lib_book_fk, digital_lib_category_fk) values (601,6);
insert into digital_lib_category_book (digital_lib_book_fk, digital_lib_category_fk) values (601,29);
insert into digital_lib_book (digital_lib_book_id, title, description, issue_year) values (602,'Interdisciplinary Mathematics Education The State of the Art and Beyond','This open access book is the first major publication on the topic of “Interdisciplinary Mathematics Education” and arose from the work of the first International Topic Study Group of the same name at the ICME-13 conference in Hamburg in 2016. It offers extensive theoretical insights, empirical research, and practitioner accounts of interdisciplinary mathematics work in STEM and beyond (e.g. in music and the arts).',2019);
insert into digital_lib_book_author (digital_lib_book_fk, digital_lib_author_fk) values (602,1140);
insert into digital_lib_book_author (digital_lib_book_fk, digital_lib_author_fk) values (602,764);
insert into digital_lib_book_author (digital_lib_book_fk, digital_lib_author_fk) values (602,1084);
insert into digital_lib_book_author (digital_lib_book_fk, digital_lib_author_fk) values (602,366);
insert into digital_lib_book_author (digital_lib_book_fk, digital_lib_author_fk) values (602,614);
insert into digital_lib_book_tag (digital_lib_book_fk, digital_lib_tag_fk) values (602,2044);
insert into digital_lib_book_tag (digital_lib_book_fk, digital_lib_tag_fk) values (602,1082);
insert into digital_lib_book_tag (digital_lib_book_fk, digital_lib_tag_fk) values (602,1600);
insert into digital_lib_book_tag (digital_lib_book_fk, digital_lib_tag_fk) values (602,866);
insert into digital_lib_book_tag (digital_lib_book_fk, digital_lib_tag_fk) values (602,1103);
insert into digital_lib_book_tag (digital_lib_book_fk, digital_lib_tag_fk) values (602,1070);
insert into digital_lib_book_tag (digital_lib_book_fk, digital_lib_tag_fk) values (602,1614);
insert into digital_lib_book_publisher (digital_lib_book_fk, digital_lib_publisher_fk) values (602,14);
insert into digital_lib_book_publisher (digital_lib_book_fk, digital_lib_publisher_fk) values (602,2);
insert into digital_lib_category_book (digital_lib_book_fk, digital_lib_category_fk) values (602,6);
insert into digital_lib_category_book (digital_lib_book_fk, digital_lib_category_fk) values (602,29);
insert into digital_lib_book (digital_lib_book_id, title, description, issue_year) values (603,'Linear Algebra and Analytic Geometry for Physical Sciences','This book is a self-contained introduction to finite dimensional vector spaces, matrices, systems of linear equations, spectral analysis on euclidean and hermitian spaces, affine euclidean geometry, quadratic forms and conic sections.',2018);
insert into digital_lib_book_author (digital_lib_book_fk, digital_lib_author_fk) values (603,731);
insert into digital_lib_book_author (digital_lib_book_fk, digital_lib_author_fk) values (603,772);
insert into digital_lib_book_tag (digital_lib_book_fk, digital_lib_tag_fk) values (603,1119);
insert into digital_lib_book_tag (digital_lib_book_fk, digital_lib_tag_fk) values (603,2019);
insert into digital_lib_book_tag (digital_lib_book_fk, digital_lib_tag_fk) values (603,2153);
insert into digital_lib_book_tag (digital_lib_book_fk, digital_lib_tag_fk) values (603,426);
insert into digital_lib_book_tag (digital_lib_book_fk, digital_lib_tag_fk) values (603,2123);
insert into digital_lib_book_tag (digital_lib_book_fk, digital_lib_tag_fk) values (603,1055);
insert into digital_lib_book_publisher (digital_lib_book_fk, digital_lib_publisher_fk) values (603,14);
insert into digital_lib_book_publisher (digital_lib_book_fk, digital_lib_publisher_fk) values (603,2);
insert into digital_lib_category_book (digital_lib_book_fk, digital_lib_category_fk) values (603,6);
insert into digital_lib_category_book (digital_lib_book_fk, digital_lib_category_fk) values (603,29);
insert into digital_lib_book (digital_lib_book_id, title, description, issue_year) values (604,'Modern Mathematics Education for Engineering Curricula in Europe A Comparative Analysis of EU, Russia, Georgia and Armenia','This open access book provides a comprehensive overview of the core subjects comprising mathematical curricula for engineering studies in five European countries and identifies differences between two strong traditions of teaching mathematics to engineers.',2018);
insert into digital_lib_book_author (digital_lib_book_fk, digital_lib_author_fk) values (604,542);
insert into digital_lib_book_author (digital_lib_book_fk, digital_lib_author_fk) values (604,802);
insert into digital_lib_book_author (digital_lib_book_fk, digital_lib_author_fk) values (604,336);
insert into digital_lib_book_author (digital_lib_book_fk, digital_lib_author_fk) values (604,527);
insert into digital_lib_book_tag (digital_lib_book_fk, digital_lib_tag_fk) values (604,1638);
insert into digital_lib_book_tag (digital_lib_book_fk, digital_lib_tag_fk) values (604,1128);
insert into digital_lib_book_tag (digital_lib_book_fk, digital_lib_tag_fk) values (604,1902);
insert into digital_lib_book_tag (digital_lib_book_fk, digital_lib_tag_fk) values (604,721);
insert into digital_lib_book_tag (digital_lib_book_fk, digital_lib_tag_fk) values (604,1246);
insert into digital_lib_book_tag (digital_lib_book_fk, digital_lib_tag_fk) values (604,2431);
insert into digital_lib_book_tag (digital_lib_book_fk, digital_lib_tag_fk) values (604,1678);
insert into digital_lib_book_tag (digital_lib_book_fk, digital_lib_tag_fk) values (604,2060);
insert into digital_lib_book_publisher (digital_lib_book_fk, digital_lib_publisher_fk) values (604,170);
insert into digital_lib_book_publisher (digital_lib_book_fk, digital_lib_publisher_fk) values (604,2);
insert into digital_lib_category_book (digital_lib_book_fk, digital_lib_category_fk) values (604,6);
insert into digital_lib_category_book (digital_lib_book_fk, digital_lib_category_fk) values (604,29);
insert into digital_lib_book (digital_lib_book_id, title, description, issue_year) values (605,'Affect and Mathematics Education Fresh Perspectives on Motivation, Engagement, and Identity','This open access book, inspired by the ICME 13 topic study group “Affect, beliefs and identity in mathematics education”, presents the latest trends in research in the area.',2019);
insert into digital_lib_book_author (digital_lib_book_fk, digital_lib_author_fk) values (605,964);
insert into digital_lib_book_author (digital_lib_book_fk, digital_lib_author_fk) values (605,291);
insert into digital_lib_book_author (digital_lib_book_fk, digital_lib_author_fk) values (605,918);
insert into digital_lib_book_author (digital_lib_book_fk, digital_lib_author_fk) values (605,608);
insert into digital_lib_book_author (digital_lib_book_fk, digital_lib_author_fk) values (605,603);
insert into digital_lib_book_tag (digital_lib_book_fk, digital_lib_tag_fk) values (605,2464);
insert into digital_lib_book_tag (digital_lib_book_fk, digital_lib_tag_fk) values (605,1128);
insert into digital_lib_book_tag (digital_lib_book_fk, digital_lib_tag_fk) values (605,1512);
insert into digital_lib_book_tag (digital_lib_book_fk, digital_lib_tag_fk) values (605,629);
insert into digital_lib_book_tag (digital_lib_book_fk, digital_lib_tag_fk) values (605,2172);
insert into digital_lib_book_publisher (digital_lib_book_fk, digital_lib_publisher_fk) values (605,14);
insert into digital_lib_book_publisher (digital_lib_book_fk, digital_lib_publisher_fk) values (605,2);
insert into digital_lib_category_book (digital_lib_book_fk, digital_lib_category_fk) values (605,6);
insert into digital_lib_category_book (digital_lib_book_fk, digital_lib_category_fk) values (605,29);
insert into digital_lib_book (digital_lib_book_id, title, description, issue_year) values (606,'Introduction to Statistical Thinking','This book uses the basic structure of generic introduction to statistics course.',2010);
insert into digital_lib_book_author (digital_lib_book_fk, digital_lib_author_fk) values (606,182);
insert into digital_lib_book_tag (digital_lib_book_fk, digital_lib_tag_fk) values (606,60);
insert into digital_lib_book_tag (digital_lib_book_fk, digital_lib_tag_fk) values (606,1179);
insert into digital_lib_book_tag (digital_lib_book_fk, digital_lib_tag_fk) values (606,894);
insert into digital_lib_book_tag (digital_lib_book_fk, digital_lib_tag_fk) values (606,977);
insert into digital_lib_book_tag (digital_lib_book_fk, digital_lib_tag_fk) values (606,2112);
insert into digital_lib_book_tag (digital_lib_book_fk, digital_lib_tag_fk) values (606,651);
insert into digital_lib_book_publisher (digital_lib_book_fk, digital_lib_publisher_fk) values (606,134);
insert into digital_lib_category_book (digital_lib_book_fk, digital_lib_category_fk) values (606,6);
insert into digital_lib_category_book (digital_lib_book_fk, digital_lib_category_fk) values (606,29);
insert into digital_lib_book (digital_lib_book_id, title, description, issue_year) values (607,'Informal Calculus with Applications to Biological and Environmental Sciences','This book is an approachable introduction to calculus with applications to biology and environmental science. The text focuses on intuitive understanding of concepts, but still covers most of the algebra and calculations common in a survey of calculus course.',2021);
insert into digital_lib_book_author (digital_lib_book_fk, digital_lib_author_fk) values (607,457);
insert into digital_lib_book_author (digital_lib_book_fk, digital_lib_author_fk) values (607,149);
insert into digital_lib_book_author (digital_lib_book_fk, digital_lib_author_fk) values (607,774);
insert into digital_lib_book_author (digital_lib_book_fk, digital_lib_author_fk) values (607,1133);
insert into digital_lib_book_tag (digital_lib_book_fk, digital_lib_tag_fk) values (607,1117);
insert into digital_lib_book_tag (digital_lib_book_fk, digital_lib_tag_fk) values (607,711);
insert into digital_lib_book_tag (digital_lib_book_fk, digital_lib_tag_fk) values (607,1884);
insert into digital_lib_book_tag (digital_lib_book_fk, digital_lib_tag_fk) values (607,2390);
insert into digital_lib_book_tag (digital_lib_book_fk, digital_lib_tag_fk) values (607,879);
insert into digital_lib_book_tag (digital_lib_book_fk, digital_lib_tag_fk) values (607,867);
insert into digital_lib_book_tag (digital_lib_book_fk, digital_lib_tag_fk) values (607,312);
insert into digital_lib_book_tag (digital_lib_book_fk, digital_lib_tag_fk) values (607,350);
insert into digital_lib_book_tag (digital_lib_book_fk, digital_lib_tag_fk) values (607,1540);
insert into digital_lib_book_publisher (digital_lib_book_fk, digital_lib_publisher_fk) values (607,168);
insert into digital_lib_category_book (digital_lib_book_fk, digital_lib_category_fk) values (607,6);
insert into digital_lib_category_book (digital_lib_book_fk, digital_lib_category_fk) values (607,29);
insert into digital_lib_book (digital_lib_book_id, title, description, issue_year) values (608,'Introductory Business Statistics with Interactive Spreadsheets - 1st Canadian Edition','This book is an adaptation of Thomas K. Tiemann\`s book, Introductory Business Statistics. This new edition still contains the basic ideas behind statistics, such as populations, samples, the difference between data and information, and sampling distributions as well as information on descriptive statistics and frequency distributions, normal and t-distributions, hypothesis testing, t-tests, f-tests, analysis of variance, non-parametric tests, and regression basics.',2010);
insert into digital_lib_book_author (digital_lib_book_fk, digital_lib_author_fk) values (608,930);
insert into digital_lib_book_author (digital_lib_book_fk, digital_lib_author_fk) values (608,655);
insert into digital_lib_book_tag (digital_lib_book_fk, digital_lib_tag_fk) values (608,2219);
insert into digital_lib_book_tag (digital_lib_book_fk, digital_lib_tag_fk) values (608,146);
insert into digital_lib_book_tag (digital_lib_book_fk, digital_lib_tag_fk) values (608,299);
insert into digital_lib_book_tag (digital_lib_book_fk, digital_lib_tag_fk) values (608,1120);
insert into digital_lib_book_tag (digital_lib_book_fk, digital_lib_tag_fk) values (608,672);
insert into digital_lib_book_tag (digital_lib_book_fk, digital_lib_tag_fk) values (608,1645);
insert into digital_lib_book_tag (digital_lib_book_fk, digital_lib_tag_fk) values (608,482);
insert into digital_lib_book_tag (digital_lib_book_fk, digital_lib_tag_fk) values (608,1768);
insert into digital_lib_book_publisher (digital_lib_book_fk, digital_lib_publisher_fk) values (608,7);
insert into digital_lib_category_book (digital_lib_book_fk, digital_lib_category_fk) values (608,6);
insert into digital_lib_category_book (digital_lib_book_fk, digital_lib_category_fk) values (608,29);
insert into digital_lib_book (digital_lib_book_id, title, description, issue_year) values (609,'Introductory Business Statistics','Introductory Business Statistics is designed to meet the scope and sequence requirements of the one-semester statistics course for business, economics, and related majors.',2017);
insert into digital_lib_book_author (digital_lib_book_fk, digital_lib_author_fk) values (609,143);
insert into digital_lib_book_author (digital_lib_book_fk, digital_lib_author_fk) values (609,216);
insert into digital_lib_book_author (digital_lib_book_fk, digital_lib_author_fk) values (609,238);
insert into digital_lib_book_tag (digital_lib_book_fk, digital_lib_tag_fk) values (609,894);
insert into digital_lib_book_tag (digital_lib_book_fk, digital_lib_tag_fk) values (609,1331);
insert into digital_lib_book_tag (digital_lib_book_fk, digital_lib_tag_fk) values (609,1967);
insert into digital_lib_book_tag (digital_lib_book_fk, digital_lib_tag_fk) values (609,2218);
insert into digital_lib_book_tag (digital_lib_book_fk, digital_lib_tag_fk) values (609,386);
insert into digital_lib_book_tag (digital_lib_book_fk, digital_lib_tag_fk) values (609,2112);
insert into digital_lib_book_tag (digital_lib_book_fk, digital_lib_tag_fk) values (609,1946);
insert into digital_lib_book_tag (digital_lib_book_fk, digital_lib_tag_fk) values (609,833);
insert into digital_lib_book_tag (digital_lib_book_fk, digital_lib_tag_fk) values (609,945);
insert into digital_lib_book_tag (digital_lib_book_fk, digital_lib_tag_fk) values (609,1319);
insert into digital_lib_book_publisher (digital_lib_book_fk, digital_lib_publisher_fk) values (609,166);
insert into digital_lib_category_book (digital_lib_book_fk, digital_lib_category_fk) values (609,6);
insert into digital_lib_category_book (digital_lib_book_fk, digital_lib_category_fk) values (609,29);
insert into digital_lib_book (digital_lib_book_id, title, description, issue_year) values (610,'Introduction to Game Theory: a Discovery Approach','Game theory is an excellent topic for a non-majors quantitative course as it develops mathematical models to understand human behavior in social, political, and economic settings.',2017);
insert into digital_lib_book_author (digital_lib_book_fk, digital_lib_author_fk) values (610,630);
insert into digital_lib_book_tag (digital_lib_book_fk, digital_lib_tag_fk) values (610,1340);
insert into digital_lib_book_tag (digital_lib_book_fk, digital_lib_tag_fk) values (610,159);
insert into digital_lib_book_tag (digital_lib_book_fk, digital_lib_tag_fk) values (610,2267);
insert into digital_lib_book_publisher (digital_lib_book_fk, digital_lib_publisher_fk) values (610,274);
insert into digital_lib_category_book (digital_lib_book_fk, digital_lib_category_fk) values (610,6);
insert into digital_lib_category_book (digital_lib_book_fk, digital_lib_category_fk) values (610,29);
insert into digital_lib_book (digital_lib_book_id, title, description, issue_year) values (611,'Mostly Harmless Statistics, 2nd edition','This text is for an introductory level probability and statistics course with an intermediate algebra prerequisite. The focus of the text follows the American Statistical Association’s Guidelines for Assessment and Instruction in Statistics Education (GAISE).',2021);
insert into digital_lib_book_author (digital_lib_book_fk, digital_lib_author_fk) values (611,978);
insert into digital_lib_book_tag (digital_lib_book_fk, digital_lib_tag_fk) values (611,651);
insert into digital_lib_book_tag (digital_lib_book_fk, digital_lib_tag_fk) values (611,2219);
insert into digital_lib_book_tag (digital_lib_book_fk, digital_lib_tag_fk) values (611,1331);
insert into digital_lib_book_tag (digital_lib_book_fk, digital_lib_tag_fk) values (611,1162);
insert into digital_lib_book_tag (digital_lib_book_fk, digital_lib_tag_fk) values (611,2413);
insert into digital_lib_book_tag (digital_lib_book_fk, digital_lib_tag_fk) values (611,1976);
insert into digital_lib_book_publisher (digital_lib_book_fk, digital_lib_publisher_fk) values (611,76);
insert into digital_lib_category_book (digital_lib_book_fk, digital_lib_category_fk) values (611,6);
insert into digital_lib_category_book (digital_lib_book_fk, digital_lib_category_fk) values (611,29);
insert into digital_lib_book (digital_lib_book_id, title, description, issue_year) values (612,'Quantitative Problem Solving in Natural Resources','This text is intended to support courses that bridge the divide between mathematics typically encountered in U.S. high school curricula and the practical problems that natural resource students might engage with in their disciplinary coursework and professional internships.',2018);
insert into digital_lib_book_author (digital_lib_book_fk, digital_lib_author_fk) values (612,528);
insert into digital_lib_book_tag (digital_lib_book_fk, digital_lib_tag_fk) values (612,1959);
insert into digital_lib_book_tag (digital_lib_book_fk, digital_lib_tag_fk) values (612,2068);
insert into digital_lib_book_tag (digital_lib_book_fk, digital_lib_tag_fk) values (612,1975);
insert into digital_lib_book_tag (digital_lib_book_fk, digital_lib_tag_fk) values (612,904);
insert into digital_lib_book_publisher (digital_lib_book_fk, digital_lib_publisher_fk) values (612,235);
insert into digital_lib_category_book (digital_lib_book_fk, digital_lib_category_fk) values (612,6);
insert into digital_lib_category_book (digital_lib_book_fk, digital_lib_category_fk) values (612,29);
insert into digital_lib_book (digital_lib_book_id, title, description, issue_year) values (613,'Think Stats: Probability and Statistics for Programmers - 2e','Think Stats is an introduction to Probability and Statistics for Python programmers. Think Stats emphasizes simple techniques you can use to explore real data sets and answer interesting questions. The book presents a case study using data from the National Institutes of Health.',2014);
insert into digital_lib_book_author (digital_lib_book_fk, digital_lib_author_fk) values (613,470);
insert into digital_lib_book_tag (digital_lib_book_fk, digital_lib_tag_fk) values (613,116);
insert into digital_lib_book_tag (digital_lib_book_fk, digital_lib_tag_fk) values (613,651);
insert into digital_lib_book_tag (digital_lib_book_fk, digital_lib_tag_fk) values (613,801);
insert into digital_lib_book_tag (digital_lib_book_fk, digital_lib_tag_fk) values (613,1320);
insert into digital_lib_book_tag (digital_lib_book_fk, digital_lib_tag_fk) values (613,1976);
insert into digital_lib_book_tag (digital_lib_book_fk, digital_lib_tag_fk) values (613,2218);
insert into digital_lib_book_publisher (digital_lib_book_fk, digital_lib_publisher_fk) values (613,246);
insert into digital_lib_category_book (digital_lib_book_fk, digital_lib_category_fk) values (613,6);
insert into digital_lib_category_book (digital_lib_book_fk, digital_lib_category_fk) values (613,29);
insert into digital_lib_book (digital_lib_book_id, title, description, issue_year) values (614,'Semantics - Advances in Theories and Mathematical Models','This book is a good mix of many great ideas, theories, mathematical models and practical systems in the field of semantics, both in its area of ​​programming and in web content and interface design.',2012);
insert into digital_lib_book_author (digital_lib_book_fk, digital_lib_author_fk) values (614,1105);
insert into digital_lib_book_tag (digital_lib_book_fk, digital_lib_tag_fk) values (614,2350);
insert into digital_lib_book_tag (digital_lib_book_fk, digital_lib_tag_fk) values (614,876);
insert into digital_lib_book_tag (digital_lib_book_fk, digital_lib_tag_fk) values (614,1833);
insert into digital_lib_book_tag (digital_lib_book_fk, digital_lib_tag_fk) values (614,1620);
insert into digital_lib_book_tag (digital_lib_book_fk, digital_lib_tag_fk) values (614,1041);
insert into digital_lib_book_tag (digital_lib_book_fk, digital_lib_tag_fk) values (614,1694);
insert into digital_lib_book_tag (digital_lib_book_fk, digital_lib_tag_fk) values (614,1433);
insert into digital_lib_book_publisher (digital_lib_book_fk, digital_lib_publisher_fk) values (614,233);
insert into digital_lib_category_book (digital_lib_book_fk, digital_lib_category_fk) values (614,6);
insert into digital_lib_category_book (digital_lib_book_fk, digital_lib_category_fk) values (614,29);
insert into digital_lib_book (digital_lib_book_id, title, description, issue_year) values (615,'Statistical Learning and Sequential Prediction','This course will focus on theoretical aspects of Statistical Learning and Sequential Prediction. The course will follow a unified approach to analyzing learning in both scenarios. To make this happen, we shall bring together ideas from probability and statistics, game theory, algorithms, and optimization.',2014);
insert into digital_lib_book_author (digital_lib_book_fk, digital_lib_author_fk) values (615,311);
insert into digital_lib_book_author (digital_lib_book_fk, digital_lib_author_fk) values (615,597);
insert into digital_lib_book_tag (digital_lib_book_fk, digital_lib_tag_fk) values (615,2446);
insert into digital_lib_book_tag (digital_lib_book_fk, digital_lib_tag_fk) values (615,1883);
insert into digital_lib_book_tag (digital_lib_book_fk, digital_lib_tag_fk) values (615,1502);
insert into digital_lib_book_tag (digital_lib_book_fk, digital_lib_tag_fk) values (615,945);
insert into digital_lib_book_tag (digital_lib_book_fk, digital_lib_tag_fk) values (615,816);
insert into digital_lib_book_tag (digital_lib_book_fk, digital_lib_tag_fk) values (615,757);
insert into digital_lib_book_tag (digital_lib_book_fk, digital_lib_tag_fk) values (615,2076);
insert into digital_lib_book_publisher (digital_lib_book_fk, digital_lib_publisher_fk) values (615,258);
insert into digital_lib_category_book (digital_lib_book_fk, digital_lib_category_fk) values (615,6);
insert into digital_lib_category_book (digital_lib_book_fk, digital_lib_category_fk) values (615,29);
insert into digital_lib_book (digital_lib_book_id, title, description, issue_year) values (616,'Scientific and Engineering Applications Using MATLAB','The purpose of this book is to present 10 scientific and engineering papers whose numerical and graphical analyzes were built using the power of MATLAB tools.',2011);
insert into digital_lib_book_author (digital_lib_book_fk, digital_lib_author_fk) values (616,2);
insert into digital_lib_book_tag (digital_lib_book_fk, digital_lib_tag_fk) values (616,1725);
insert into digital_lib_book_tag (digital_lib_book_fk, digital_lib_tag_fk) values (616,827);
insert into digital_lib_book_tag (digital_lib_book_fk, digital_lib_tag_fk) values (616,826);
insert into digital_lib_book_tag (digital_lib_book_fk, digital_lib_tag_fk) values (616,842);
insert into digital_lib_book_tag (digital_lib_book_fk, digital_lib_tag_fk) values (616,1902);
insert into digital_lib_book_tag (digital_lib_book_fk, digital_lib_tag_fk) values (616,2080);
insert into digital_lib_book_publisher (digital_lib_book_fk, digital_lib_publisher_fk) values (616,243);
insert into digital_lib_category_book (digital_lib_book_fk, digital_lib_category_fk) values (616,6);
insert into digital_lib_category_book (digital_lib_book_fk, digital_lib_category_fk) values (616,29);
insert into digital_lib_book (digital_lib_book_id, title, description, issue_year) values (617,'MATLAB Notes for Professionals','This MATLAB Notes for Professionals book is compiled from Stack Overflow Documentation, the content is written by the beautiful people at Stack Overflow.',2018);
insert into digital_lib_book_author (digital_lib_book_fk, digital_lib_author_fk) values (617,325);
insert into digital_lib_book_tag (digital_lib_book_fk, digital_lib_tag_fk) values (617,1041);
insert into digital_lib_book_tag (digital_lib_book_fk, digital_lib_tag_fk) values (617,2080);
insert into digital_lib_book_tag (digital_lib_book_fk, digital_lib_tag_fk) values (617,2076);
insert into digital_lib_book_tag (digital_lib_book_fk, digital_lib_tag_fk) values (617,827);
insert into digital_lib_book_tag (digital_lib_book_fk, digital_lib_tag_fk) values (617,1725);
insert into digital_lib_book_tag (digital_lib_book_fk, digital_lib_tag_fk) values (617,1771);
insert into digital_lib_book_publisher (digital_lib_book_fk, digital_lib_publisher_fk) values (617,22);
insert into digital_lib_category_book (digital_lib_book_fk, digital_lib_category_fk) values (617,6);
insert into digital_lib_category_book (digital_lib_book_fk, digital_lib_category_fk) values (617,29);
insert into digital_lib_book (digital_lib_book_id, title, description, issue_year) values (618,'OpenIntro Statistics. Second Edition','OpenIntro Statistics was written to allow flexibility in choosing and ordering course topics. The material is divided into two pieces: main text and special topics.',2014);
insert into digital_lib_book_author (digital_lib_book_fk, digital_lib_author_fk) values (618,305);
insert into digital_lib_book_author (digital_lib_book_fk, digital_lib_author_fk) values (618,130);
insert into digital_lib_book_author (digital_lib_book_fk, digital_lib_author_fk) values (618,1195);
insert into digital_lib_book_tag (digital_lib_book_fk, digital_lib_tag_fk) values (618,876);
insert into digital_lib_book_tag (digital_lib_book_fk, digital_lib_tag_fk) values (618,1280);
insert into digital_lib_book_tag (digital_lib_book_fk, digital_lib_tag_fk) values (618,91);
insert into digital_lib_book_tag (digital_lib_book_fk, digital_lib_tag_fk) values (618,945);
insert into digital_lib_book_tag (digital_lib_book_fk, digital_lib_tag_fk) values (618,651);
insert into digital_lib_book_tag (digital_lib_book_fk, digital_lib_tag_fk) values (618,1839);
insert into digital_lib_book_publisher (digital_lib_book_fk, digital_lib_publisher_fk) values (618,258);
insert into digital_lib_category_book (digital_lib_book_fk, digital_lib_category_fk) values (618,6);
insert into digital_lib_category_book (digital_lib_book_fk, digital_lib_category_fk) values (618,29);
insert into digital_lib_book (digital_lib_book_id, title, description, issue_year) values (619,'Introductory Business Statistics','There are two common definitions of statistics. The first is "turning data into information", the second is "making inferences about populations from samples". These two definitions are quite different, but between them they capture most of what you will learn in most introductory statistics courses.',2010);
insert into digital_lib_book_author (digital_lib_book_fk, digital_lib_author_fk) values (619,655);
insert into digital_lib_book_tag (digital_lib_book_fk, digital_lib_tag_fk) values (619,2320);
insert into digital_lib_book_tag (digital_lib_book_fk, digital_lib_tag_fk) values (619,1680);
insert into digital_lib_book_tag (digital_lib_book_fk, digital_lib_tag_fk) values (619,1041);
insert into digital_lib_book_tag (digital_lib_book_fk, digital_lib_tag_fk) values (619,2177);
insert into digital_lib_book_tag (digital_lib_book_fk, digital_lib_tag_fk) values (619,1280);
insert into digital_lib_book_tag (digital_lib_book_fk, digital_lib_tag_fk) values (619,2173);
insert into digital_lib_book_tag (digital_lib_book_fk, digital_lib_tag_fk) values (619,1967);
insert into digital_lib_book_publisher (digital_lib_book_fk, digital_lib_publisher_fk) values (619,41);
insert into digital_lib_category_book (digital_lib_book_fk, digital_lib_category_fk) values (619,6);
insert into digital_lib_category_book (digital_lib_book_fk, digital_lib_category_fk) values (619,29);
insert into digital_lib_book (digital_lib_book_id, title, description, issue_year) values (620,'Labs for Foundations of Applied Mathematics Volume II: Algorithm Design and Optimization','This lab manual is designed to accompany the textbook Foundations of Applied Mathematics by Humpherys and Jarvis.',2016);
insert into digital_lib_book_author (digital_lib_book_fk, digital_lib_author_fk) values (620,325);
insert into digital_lib_book_tag (digital_lib_book_fk, digital_lib_tag_fk) values (620,2446);
insert into digital_lib_book_tag (digital_lib_book_fk, digital_lib_tag_fk) values (620,876);
insert into digital_lib_book_tag (digital_lib_book_fk, digital_lib_tag_fk) values (620,1041);
insert into digital_lib_book_tag (digital_lib_book_fk, digital_lib_tag_fk) values (620,2076);
insert into digital_lib_book_tag (digital_lib_book_fk, digital_lib_tag_fk) values (620,560);
insert into digital_lib_book_tag (digital_lib_book_fk, digital_lib_tag_fk) values (620,799);
insert into digital_lib_book_publisher (digital_lib_book_fk, digital_lib_publisher_fk) values (620,258);
insert into digital_lib_category_book (digital_lib_book_fk, digital_lib_category_fk) values (620,6);
insert into digital_lib_category_book (digital_lib_book_fk, digital_lib_category_fk) values (620,29);
insert into digital_lib_book (digital_lib_book_id, title, description, issue_year) values (621,'Labs for Foundations of Applied Mathematics Volume III: Algorithm Design and Optimization','This lab manual is designed to accompany the textbook Foundations of Applied Mathematics by Humpherys and Jarvis.',2016);
insert into digital_lib_book_author (digital_lib_book_fk, digital_lib_author_fk) values (621,325);
insert into digital_lib_book_tag (digital_lib_book_fk, digital_lib_tag_fk) values (621,2446);
insert into digital_lib_book_tag (digital_lib_book_fk, digital_lib_tag_fk) values (621,876);
insert into digital_lib_book_tag (digital_lib_book_fk, digital_lib_tag_fk) values (621,1041);
insert into digital_lib_book_tag (digital_lib_book_fk, digital_lib_tag_fk) values (621,2076);
insert into digital_lib_book_tag (digital_lib_book_fk, digital_lib_tag_fk) values (621,560);
insert into digital_lib_book_tag (digital_lib_book_fk, digital_lib_tag_fk) values (621,799);
insert into digital_lib_book_publisher (digital_lib_book_fk, digital_lib_publisher_fk) values (621,258);
insert into digital_lib_category_book (digital_lib_book_fk, digital_lib_category_fk) values (621,6);
insert into digital_lib_category_book (digital_lib_book_fk, digital_lib_category_fk) values (621,29);
insert into digital_lib_book (digital_lib_book_id, title, description, issue_year) values (622,'LaTeX Notes for Professionals','This LaTeX Notes for Professionals book is compiled from Stack Overflow Documentation, the content is written by the beautiful people at Stack Overflow.',2018);
insert into digital_lib_book_author (digital_lib_book_fk, digital_lib_author_fk) values (622,325);
insert into digital_lib_book_tag (digital_lib_book_fk, digital_lib_tag_fk) values (622,1827);
insert into digital_lib_book_tag (digital_lib_book_fk, digital_lib_tag_fk) values (622,2076);
insert into digital_lib_book_tag (digital_lib_book_fk, digital_lib_tag_fk) values (622,827);
insert into digital_lib_book_tag (digital_lib_book_fk, digital_lib_tag_fk) values (622,1725);
insert into digital_lib_book_publisher (digital_lib_book_fk, digital_lib_publisher_fk) values (622,22);
insert into digital_lib_category_book (digital_lib_book_fk, digital_lib_category_fk) values (622,6);
insert into digital_lib_category_book (digital_lib_book_fk, digital_lib_category_fk) values (622,29);
insert into digital_lib_book (digital_lib_book_id, title, description, issue_year) values (623,'MATLAB - A Ubiquitous Tool for the Practical Engineer','This book is written for students of both engineering, as well as for their professionals. The wide range of applications in which MATLAB is the framework demonstrates that it is a powerful, comprehensive, and easy-to-use environment for performing technical calculations.',2011);
insert into digital_lib_book_author (digital_lib_book_fk, digital_lib_author_fk) values (623,620);
insert into digital_lib_book_tag (digital_lib_book_fk, digital_lib_tag_fk) values (623,1827);
insert into digital_lib_book_tag (digital_lib_book_fk, digital_lib_tag_fk) values (623,2076);
insert into digital_lib_book_tag (digital_lib_book_fk, digital_lib_tag_fk) values (623,827);
insert into digital_lib_book_tag (digital_lib_book_fk, digital_lib_tag_fk) values (623,1725);
insert into digital_lib_book_tag (digital_lib_book_fk, digital_lib_tag_fk) values (623,2446);
insert into digital_lib_book_tag (digital_lib_book_fk, digital_lib_tag_fk) values (623,2263);
insert into digital_lib_book_tag (digital_lib_book_fk, digital_lib_tag_fk) values (623,826);
insert into digital_lib_book_tag (digital_lib_book_fk, digital_lib_tag_fk) values (623,1902);
insert into digital_lib_book_tag (digital_lib_book_fk, digital_lib_tag_fk) values (623,1994);
insert into digital_lib_book_tag (digital_lib_book_fk, digital_lib_tag_fk) values (623,458);
insert into digital_lib_book_tag (digital_lib_book_fk, digital_lib_tag_fk) values (623,1833);
insert into digital_lib_book_tag (digital_lib_book_fk, digital_lib_tag_fk) values (623,2080);
insert into digital_lib_book_publisher (digital_lib_book_fk, digital_lib_publisher_fk) values (623,275);
insert into digital_lib_category_book (digital_lib_book_fk, digital_lib_category_fk) values (623,6);
insert into digital_lib_category_book (digital_lib_book_fk, digital_lib_category_fk) values (623,29);
insert into digital_lib_book (digital_lib_book_id, title, description, issue_year) values (624,'Programming for Computations - Python A Gentle Introduction to Numerical Simulations with Python 3.6','This book presents computer programming as a key method for solving mathematical problems. This second edition of the well-received book has been extensively revised: All code is now written in Python version 3.6 (no longer version 2.7).',2020);
insert into digital_lib_book_author (digital_lib_book_fk, digital_lib_author_fk) values (624,249);
insert into digital_lib_book_author (digital_lib_book_fk, digital_lib_author_fk) values (624,436);
insert into digital_lib_book_tag (digital_lib_book_fk, digital_lib_tag_fk) values (624,2076);
insert into digital_lib_book_tag (digital_lib_book_fk, digital_lib_tag_fk) values (624,1229);
insert into digital_lib_book_tag (digital_lib_book_fk, digital_lib_tag_fk) values (624,2432);
insert into digital_lib_book_tag (digital_lib_book_fk, digital_lib_tag_fk) values (624,132);
insert into digital_lib_book_tag (digital_lib_book_fk, digital_lib_tag_fk) values (624,100);
insert into digital_lib_book_tag (digital_lib_book_fk, digital_lib_tag_fk) values (624,987);
insert into digital_lib_book_publisher (digital_lib_book_fk, digital_lib_publisher_fk) values (624,14);
insert into digital_lib_book_publisher (digital_lib_book_fk, digital_lib_publisher_fk) values (624,2);
insert into digital_lib_category_book (digital_lib_book_fk, digital_lib_category_fk) values (624,6);
insert into digital_lib_category_book (digital_lib_book_fk, digital_lib_category_fk) values (624,34);
insert into digital_lib_book (digital_lib_book_id, title, description, issue_year) values (625,'Programming Languages and Systems','This open access book constitutes the proceedings of the 29th European Symposium on Programming, ESOP 2020, which took place in Dublin, Ireland, in April 2020, and was held as Part of the European Joint Conferences on Theory and Practice of Software, ETAPS 2020. The papers deal with fundamental issues in the specification, design, analysis, and implementation of programming languages and systems.',2020);
insert into digital_lib_book_author (digital_lib_book_fk, digital_lib_author_fk) values (625,264);
insert into digital_lib_book_tag (digital_lib_book_fk, digital_lib_tag_fk) values (625,2440);
insert into digital_lib_book_tag (digital_lib_book_fk, digital_lib_tag_fk) values (625,309);
insert into digital_lib_book_tag (digital_lib_book_fk, digital_lib_tag_fk) values (625,1839);
insert into digital_lib_book_tag (digital_lib_book_fk, digital_lib_tag_fk) values (625,2113);
insert into digital_lib_book_tag (digital_lib_book_fk, digital_lib_tag_fk) values (625,683);
insert into digital_lib_book_tag (digital_lib_book_fk, digital_lib_tag_fk) values (625,1687);
insert into digital_lib_book_tag (digital_lib_book_fk, digital_lib_tag_fk) values (625,783);
insert into digital_lib_book_tag (digital_lib_book_fk, digital_lib_tag_fk) values (625,1729);
insert into digital_lib_book_tag (digital_lib_book_fk, digital_lib_tag_fk) values (625,205);
insert into digital_lib_book_tag (digital_lib_book_fk, digital_lib_tag_fk) values (625,1638);
insert into digital_lib_book_tag (digital_lib_book_fk, digital_lib_tag_fk) values (625,444);
insert into digital_lib_book_tag (digital_lib_book_fk, digital_lib_tag_fk) values (625,887);
insert into digital_lib_book_tag (digital_lib_book_fk, digital_lib_tag_fk) values (625,1694);
insert into digital_lib_book_tag (digital_lib_book_fk, digital_lib_tag_fk) values (625,31);
insert into digital_lib_book_tag (digital_lib_book_fk, digital_lib_tag_fk) values (625,2454);
insert into digital_lib_book_tag (digital_lib_book_fk, digital_lib_tag_fk) values (625,1581);
insert into digital_lib_book_tag (digital_lib_book_fk, digital_lib_tag_fk) values (625,938);
insert into digital_lib_book_tag (digital_lib_book_fk, digital_lib_tag_fk) values (625,2432);
insert into digital_lib_book_tag (digital_lib_book_fk, digital_lib_tag_fk) values (625,711);
insert into digital_lib_book_tag (digital_lib_book_fk, digital_lib_tag_fk) values (625,104);
insert into digital_lib_book_publisher (digital_lib_book_fk, digital_lib_publisher_fk) values (625,14);
insert into digital_lib_book_publisher (digital_lib_book_fk, digital_lib_publisher_fk) values (625,2);
insert into digital_lib_category_book (digital_lib_book_fk, digital_lib_category_fk) values (625,6);
insert into digital_lib_category_book (digital_lib_book_fk, digital_lib_category_fk) values (625,34);
insert into digital_lib_book (digital_lib_book_id, title, description, issue_year) values (626,'A Beginners Guide to Python 3 Programming','This textbook on Python 3 explains concepts such as variables and what they represent, how data is held in memory, how a for loop works and what a string is. It also introduces key concepts such as functions, modules and packages as well as object orientation and functional programming.',2019);
insert into digital_lib_book_author (digital_lib_book_fk, digital_lib_author_fk) values (626,126);
insert into digital_lib_book_tag (digital_lib_book_fk, digital_lib_tag_fk) values (626,2276);
insert into digital_lib_book_tag (digital_lib_book_fk, digital_lib_tag_fk) values (626,956);
insert into digital_lib_book_tag (digital_lib_book_fk, digital_lib_tag_fk) values (626,2065);
insert into digital_lib_book_tag (digital_lib_book_fk, digital_lib_tag_fk) values (626,1859);
insert into digital_lib_book_tag (digital_lib_book_fk, digital_lib_tag_fk) values (626,2317);
insert into digital_lib_book_publisher (digital_lib_book_fk, digital_lib_publisher_fk) values (626,14);
insert into digital_lib_book_publisher (digital_lib_book_fk, digital_lib_publisher_fk) values (626,2);
insert into digital_lib_category_book (digital_lib_book_fk, digital_lib_category_fk) values (626,6);
insert into digital_lib_category_book (digital_lib_book_fk, digital_lib_category_fk) values (626,34);
insert into digital_lib_book (digital_lib_book_id, title, description, issue_year) values (627,'Programming Languages and Systems','This open access book constitutes the proceedings of the 27th European Symposium on Programming, ESOP 2020, which took place in Dublin, Ireland, in April 2020, and was held as Part of the European Joint Conferences on Theory and Practice of Software, ETAPS 2020.',2018);
insert into digital_lib_book_author (digital_lib_book_fk, digital_lib_author_fk) values (627,1181);
insert into digital_lib_book_tag (digital_lib_book_fk, digital_lib_tag_fk) values (627,2440);
insert into digital_lib_book_tag (digital_lib_book_fk, digital_lib_tag_fk) values (627,808);
insert into digital_lib_book_tag (digital_lib_book_fk, digital_lib_tag_fk) values (627,80);
insert into digital_lib_book_tag (digital_lib_book_fk, digital_lib_tag_fk) values (627,711);
insert into digital_lib_book_tag (digital_lib_book_fk, digital_lib_tag_fk) values (627,795);
insert into digital_lib_book_tag (digital_lib_book_fk, digital_lib_tag_fk) values (627,683);
insert into digital_lib_book_tag (digital_lib_book_fk, digital_lib_tag_fk) values (627,1729);
insert into digital_lib_book_tag (digital_lib_book_fk, digital_lib_tag_fk) values (627,1693);
insert into digital_lib_book_tag (digital_lib_book_fk, digital_lib_tag_fk) values (627,1245);
insert into digital_lib_book_tag (digital_lib_book_fk, digital_lib_tag_fk) values (627,378);
insert into digital_lib_book_tag (digital_lib_book_fk, digital_lib_tag_fk) values (627,954);
insert into digital_lib_book_tag (digital_lib_book_fk, digital_lib_tag_fk) values (627,1656);
insert into digital_lib_book_tag (digital_lib_book_fk, digital_lib_tag_fk) values (627,1253);
insert into digital_lib_book_tag (digital_lib_book_fk, digital_lib_tag_fk) values (627,1694);
insert into digital_lib_book_tag (digital_lib_book_fk, digital_lib_tag_fk) values (627,150);
insert into digital_lib_book_tag (digital_lib_book_fk, digital_lib_tag_fk) values (627,328);
insert into digital_lib_book_tag (digital_lib_book_fk, digital_lib_tag_fk) values (627,513);
insert into digital_lib_book_tag (digital_lib_book_fk, digital_lib_tag_fk) values (627,2432);
insert into digital_lib_book_publisher (digital_lib_book_fk, digital_lib_publisher_fk) values (627,14);
insert into digital_lib_book_publisher (digital_lib_book_fk, digital_lib_publisher_fk) values (627,2);
insert into digital_lib_category_book (digital_lib_book_fk, digital_lib_category_fk) values (627,6);
insert into digital_lib_category_book (digital_lib_book_fk, digital_lib_category_fk) values (627,34);
insert into digital_lib_book (digital_lib_book_id, title, description, issue_year) values (628,'Foundations of Programming Languages','This clearly written and simple to follow textbook introduces the reader to the three styles of programming, examining object-oriented/imperative, functional, and logic programming. The focus of the text moves from highly prescriptive languages to very descriptive languages, demonstrating the many and varied ways in which we can think about programming.',2014);
insert into digital_lib_book_author (digital_lib_book_fk, digital_lib_author_fk) values (628,246);
insert into digital_lib_book_tag (digital_lib_book_fk, digital_lib_tag_fk) values (628,2039);
insert into digital_lib_book_tag (digital_lib_book_fk, digital_lib_tag_fk) values (628,1720);
insert into digital_lib_book_tag (digital_lib_book_fk, digital_lib_tag_fk) values (628,2351);
insert into digital_lib_book_tag (digital_lib_book_fk, digital_lib_tag_fk) values (628,1131);
insert into digital_lib_book_tag (digital_lib_book_fk, digital_lib_tag_fk) values (628,553);
insert into digital_lib_book_tag (digital_lib_book_fk, digital_lib_tag_fk) values (628,1413);
insert into digital_lib_book_publisher (digital_lib_book_fk, digital_lib_publisher_fk) values (628,14);
insert into digital_lib_book_publisher (digital_lib_book_fk, digital_lib_publisher_fk) values (628,2);
insert into digital_lib_category_book (digital_lib_book_fk, digital_lib_category_fk) values (628,6);
insert into digital_lib_category_book (digital_lib_book_fk, digital_lib_category_fk) values (628,34);
insert into digital_lib_book (digital_lib_book_id, title, description, issue_year) values (629,'Indigenous Pathways, Transitions and Participation in Higher Education From Policy to Practice','This book brings together contributions by researchers, scholars, policy-makers, practitioners, professionals and citizens who have an interest in or experience of Indigenous pathways and transitions into higher education.',2017);
insert into digital_lib_book_author (digital_lib_book_fk, digital_lib_author_fk) values (629,111);
insert into digital_lib_book_author (digital_lib_book_fk, digital_lib_author_fk) values (629,517);
insert into digital_lib_book_author (digital_lib_book_fk, digital_lib_author_fk) values (629,1138);
insert into digital_lib_book_tag (digital_lib_book_fk, digital_lib_tag_fk) values (629,1177);
insert into digital_lib_book_tag (digital_lib_book_fk, digital_lib_tag_fk) values (629,27);
insert into digital_lib_book_tag (digital_lib_book_fk, digital_lib_tag_fk) values (629,1412);
insert into digital_lib_book_tag (digital_lib_book_fk, digital_lib_tag_fk) values (629,505);
insert into digital_lib_book_tag (digital_lib_book_fk, digital_lib_tag_fk) values (629,591);
insert into digital_lib_book_tag (digital_lib_book_fk, digital_lib_tag_fk) values (629,590);
insert into digital_lib_book_tag (digital_lib_book_fk, digital_lib_tag_fk) values (629,1649);
insert into digital_lib_book_tag (digital_lib_book_fk, digital_lib_tag_fk) values (629,145);
insert into digital_lib_book_tag (digital_lib_book_fk, digital_lib_tag_fk) values (629,2284);
insert into digital_lib_book_tag (digital_lib_book_fk, digital_lib_tag_fk) values (629,1899);
insert into digital_lib_book_tag (digital_lib_book_fk, digital_lib_tag_fk) values (629,103);
insert into digital_lib_book_publisher (digital_lib_book_fk, digital_lib_publisher_fk) values (629,14);
insert into digital_lib_book_publisher (digital_lib_book_fk, digital_lib_publisher_fk) values (629,175);
insert into digital_lib_category_book (digital_lib_book_fk, digital_lib_category_fk) values (629,6);
insert into digital_lib_category_book (digital_lib_book_fk, digital_lib_category_fk) values (629,34);
insert into digital_lib_book (digital_lib_book_id, title, description, issue_year) values (630,'Language Technologies for the Challenges of the Digital Age','This open access volume constitutes the refereed proceedings of the 27th biennial conference of the German Society for Computational Linguistics and Language Technology, GSCL 2017, held in Berlin, Germany, in September 2017, which focused on language technologies for the digital age.',2018);
insert into digital_lib_book_author (digital_lib_book_fk, digital_lib_author_fk) values (630,180);
insert into digital_lib_book_author (digital_lib_book_fk, digital_lib_author_fk) values (630,1197);
insert into digital_lib_book_tag (digital_lib_book_fk, digital_lib_tag_fk) values (630,1694);
insert into digital_lib_book_tag (digital_lib_book_fk, digital_lib_tag_fk) values (630,2440);
insert into digital_lib_book_tag (digital_lib_book_fk, digital_lib_tag_fk) values (630,1133);
insert into digital_lib_book_tag (digital_lib_book_fk, digital_lib_tag_fk) values (630,2110);
insert into digital_lib_book_tag (digital_lib_book_fk, digital_lib_tag_fk) values (630,1823);
insert into digital_lib_book_tag (digital_lib_book_fk, digital_lib_tag_fk) values (630,1722);
insert into digital_lib_book_tag (digital_lib_book_fk, digital_lib_tag_fk) values (630,1864);
insert into digital_lib_book_tag (digital_lib_book_fk, digital_lib_tag_fk) values (630,2250);
insert into digital_lib_book_publisher (digital_lib_book_fk, digital_lib_publisher_fk) values (630,14);
insert into digital_lib_book_publisher (digital_lib_book_fk, digital_lib_publisher_fk) values (630,2);
insert into digital_lib_category_book (digital_lib_book_fk, digital_lib_category_fk) values (630,6);
insert into digital_lib_category_book (digital_lib_book_fk, digital_lib_category_fk) values (630,34);
insert into digital_lib_book (digital_lib_book_id, title, description, issue_year) values (631,'Python For ArcGIS','This book introduces Python scripting for geographic information science (GIS) workflow optimization using ArcGIS. It builds essential programming skills for automating GIS analysis.',2015);
insert into digital_lib_book_author (digital_lib_book_fk, digital_lib_author_fk) values (631,322);
insert into digital_lib_book_tag (digital_lib_book_fk, digital_lib_tag_fk) values (631,486);
insert into digital_lib_book_tag (digital_lib_book_fk, digital_lib_tag_fk) values (631,2066);
insert into digital_lib_book_tag (digital_lib_book_fk, digital_lib_tag_fk) values (631,2288);
insert into digital_lib_book_tag (digital_lib_book_fk, digital_lib_tag_fk) values (631,2000);
insert into digital_lib_book_tag (digital_lib_book_fk, digital_lib_tag_fk) values (631,1102);
insert into digital_lib_book_tag (digital_lib_book_fk, digital_lib_tag_fk) values (631,664);
insert into digital_lib_book_tag (digital_lib_book_fk, digital_lib_tag_fk) values (631,1229);
insert into digital_lib_book_tag (digital_lib_book_fk, digital_lib_tag_fk) values (631,637);
insert into digital_lib_book_tag (digital_lib_book_fk, digital_lib_tag_fk) values (631,635);
insert into digital_lib_book_publisher (digital_lib_book_fk, digital_lib_publisher_fk) values (631,14);
insert into digital_lib_book_publisher (digital_lib_book_fk, digital_lib_publisher_fk) values (631,2);
insert into digital_lib_category_book (digital_lib_book_fk, digital_lib_category_fk) values (631,6);
insert into digital_lib_category_book (digital_lib_book_fk, digital_lib_category_fk) values (631,34);
insert into digital_lib_book (digital_lib_book_id, title, description, issue_year) values (632,'31 Days of Refactoring','Refactoring is an integral part of continually improving code as it moves through time. Without refactoring, technical debt accumulates: it is easy to forget what the different parts of a system do and, even more so, to create code that is resistant to any type of test. It\`s a simple concept, and getting started with it opens the door to better practices like unit testing, shared code ownership, and fewer bugs overall.',2009);
insert into digital_lib_book_author (digital_lib_book_fk, digital_lib_author_fk) values (632,395);
insert into digital_lib_book_author (digital_lib_book_fk, digital_lib_author_fk) values (632,831);
insert into digital_lib_book_tag (digital_lib_book_fk, digital_lib_tag_fk) values (632,451);
insert into digital_lib_book_tag (digital_lib_book_fk, digital_lib_tag_fk) values (632,1610);
insert into digital_lib_book_tag (digital_lib_book_fk, digital_lib_tag_fk) values (632,2048);
insert into digital_lib_book_tag (digital_lib_book_fk, digital_lib_tag_fk) values (632,1839);
insert into digital_lib_book_tag (digital_lib_book_fk, digital_lib_tag_fk) values (632,1933);
insert into digital_lib_book_tag (digital_lib_book_fk, digital_lib_tag_fk) values (632,935);
insert into digital_lib_book_publisher (digital_lib_book_fk, digital_lib_publisher_fk) values (632,258);
insert into digital_lib_category_book (digital_lib_book_fk, digital_lib_category_fk) values (632,6);
insert into digital_lib_category_book (digital_lib_book_fk, digital_lib_category_fk) values (632,34);
insert into digital_lib_book (digital_lib_book_id, title, description, issue_year) values (633,'CLIPS - Code Snippets','Using logic-based languages ​​like PROLOG or CLIPS requires you to change the way you think about programming. This book allows you to approach this issue.',2011);
insert into digital_lib_book_author (digital_lib_book_fk, digital_lib_author_fk) values (633,325);
insert into digital_lib_book_tag (digital_lib_book_fk, digital_lib_tag_fk) values (633,876);
insert into digital_lib_book_tag (digital_lib_book_fk, digital_lib_tag_fk) values (633,354);
insert into digital_lib_book_tag (digital_lib_book_fk, digital_lib_tag_fk) values (633,2462);
insert into digital_lib_book_tag (digital_lib_book_fk, digital_lib_tag_fk) values (633,1856);
insert into digital_lib_book_tag (digital_lib_book_fk, digital_lib_tag_fk) values (633,1771);
insert into digital_lib_book_tag (digital_lib_book_fk, digital_lib_tag_fk) values (633,91);
insert into digital_lib_book_publisher (digital_lib_book_fk, digital_lib_publisher_fk) values (633,42);
insert into digital_lib_category_book (digital_lib_book_fk, digital_lib_category_fk) values (633,6);
insert into digital_lib_category_book (digital_lib_book_fk, digital_lib_category_fk) values (633,34);
insert into digital_lib_book (digital_lib_book_id, title, description, issue_year) values (634,'Build to JavaScript Framework','This book is a guide to building a JavaScript framework: throughout its chapters, you will be taught how to program a framework for real-world use such as jQuery.',2010);
insert into digital_lib_book_author (digital_lib_book_fk, digital_lib_author_fk) values (634,325);
insert into digital_lib_book_tag (digital_lib_book_fk, digital_lib_tag_fk) values (634,2240);
insert into digital_lib_book_tag (digital_lib_book_fk, digital_lib_tag_fk) values (634,2360);
insert into digital_lib_book_tag (digital_lib_book_fk, digital_lib_tag_fk) values (634,154);
insert into digital_lib_book_tag (digital_lib_book_fk, digital_lib_tag_fk) values (634,1921);
insert into digital_lib_book_tag (digital_lib_book_fk, digital_lib_tag_fk) values (634,840);
insert into digital_lib_book_tag (digital_lib_book_fk, digital_lib_tag_fk) values (634,1890);
insert into digital_lib_book_tag (digital_lib_book_fk, digital_lib_tag_fk) values (634,989);
insert into digital_lib_book_tag (digital_lib_book_fk, digital_lib_tag_fk) values (634,1635);
insert into digital_lib_book_tag (digital_lib_book_fk, digital_lib_tag_fk) values (634,759);
insert into digital_lib_book_tag (digital_lib_book_fk, digital_lib_tag_fk) values (634,1086);
insert into digital_lib_book_tag (digital_lib_book_fk, digital_lib_tag_fk) values (634,1839);
insert into digital_lib_book_publisher (digital_lib_book_fk, digital_lib_publisher_fk) values (634,151);
insert into digital_lib_category_book (digital_lib_book_fk, digital_lib_category_fk) values (634,6);
insert into digital_lib_category_book (digital_lib_book_fk, digital_lib_category_fk) values (634,34);
insert into digital_lib_book (digital_lib_book_id, title, description, issue_year) values (635,'A byte of Python v1.92 (for Python 3.0)','A byte of Python is a book about programming with Python. Its idea is to serve as a manual or guide for anyone who wants to get started in the fascinating world of this language.',2010);
insert into digital_lib_book_author (digital_lib_book_fk, digital_lib_author_fk) values (635,571);
insert into digital_lib_book_tag (digital_lib_book_fk, digital_lib_tag_fk) values (635,1839);
insert into digital_lib_book_tag (digital_lib_book_fk, digital_lib_tag_fk) values (635,1519);
insert into digital_lib_book_publisher (digital_lib_book_fk, digital_lib_publisher_fk) values (635,258);
insert into digital_lib_category_book (digital_lib_book_fk, digital_lib_category_fk) values (635,6);
insert into digital_lib_category_book (digital_lib_book_fk, digital_lib_category_fk) values (635,34);
insert into digital_lib_book (digital_lib_book_id, title, description, issue_year) values (636,'C++ Annotations','This manual, updated in 2012, represents a huge knowledge base for users of C (or any other language that uses a C-family grammar such as Perl or Java) who want to start the transition to C++.',2012);
insert into digital_lib_book_author (digital_lib_book_fk, digital_lib_author_fk) values (636,297);
insert into digital_lib_book_tag (digital_lib_book_fk, digital_lib_tag_fk) values (636,367);
insert into digital_lib_book_tag (digital_lib_book_fk, digital_lib_tag_fk) values (636,1839);
insert into digital_lib_book_publisher (digital_lib_book_fk, digital_lib_publisher_fk) values (636,118);
insert into digital_lib_category_book (digital_lib_book_fk, digital_lib_category_fk) values (636,6);
insert into digital_lib_category_book (digital_lib_book_fk, digital_lib_category_fk) values (636,34);
insert into digital_lib_book (digital_lib_book_id, title, description, issue_year) values (637,'C / C++ programming language notes','Today, if one wants to write as fast program as possible; or as compact as possible for embedded systems or low-cost microcontrollers, the choice is very limited: C, C++ or assembly language. And as it seems in the near future, there are no alternative to these old but popular programming languages. This book provides notes on this programming language.',2013);
insert into digital_lib_book_author (digital_lib_book_fk, digital_lib_author_fk) values (637,484);
insert into digital_lib_book_tag (digital_lib_book_fk, digital_lib_tag_fk) values (637,367);
insert into digital_lib_book_tag (digital_lib_book_fk, digital_lib_tag_fk) values (637,1839);
insert into digital_lib_book_publisher (digital_lib_book_fk, digital_lib_publisher_fk) values (637,258);
insert into digital_lib_category_book (digital_lib_book_fk, digital_lib_category_fk) values (637,6);
insert into digital_lib_category_book (digital_lib_book_fk, digital_lib_category_fk) values (637,34);
insert into digital_lib_book (digital_lib_book_id, title, description, issue_year) values (638,'The theory of parsing, translation, and compiling','This book is intended for the first or second semester of a compiler theory course at the graduate or master\`s level. It is theoretically oriented by a practical issue.',1972);
insert into digital_lib_book_author (digital_lib_book_fk, digital_lib_author_fk) values (638,866);
insert into digital_lib_book_author (digital_lib_book_fk, digital_lib_author_fk) values (638,737);
insert into digital_lib_book_tag (digital_lib_book_fk, digital_lib_tag_fk) values (638,823);
insert into digital_lib_book_tag (digital_lib_book_fk, digital_lib_tag_fk) values (638,1922);
insert into digital_lib_book_tag (digital_lib_book_fk, digital_lib_tag_fk) values (638,2076);
insert into digital_lib_book_tag (digital_lib_book_fk, digital_lib_tag_fk) values (638,1091);
insert into digital_lib_book_publisher (digital_lib_book_fk, digital_lib_publisher_fk) values (638,260);
insert into digital_lib_category_book (digital_lib_book_fk, digital_lib_category_fk) values (638,6);
insert into digital_lib_category_book (digital_lib_book_fk, digital_lib_category_fk) values (638,34);
insert into digital_lib_book (digital_lib_book_id, title, description, issue_year) values (639,'Certified Programming with Dependent Types','The purpose of this book is to convince you that the technology of program verification is mature enough today that it makes sense to use it in a support role in many kinds of research projects in computer science.',2014);
insert into digital_lib_book_author (digital_lib_book_fk, digital_lib_author_fk) values (639,43);
insert into digital_lib_book_tag (digital_lib_book_fk, digital_lib_tag_fk) values (639,1839);
insert into digital_lib_book_tag (digital_lib_book_fk, digital_lib_tag_fk) values (639,782);
insert into digital_lib_book_tag (digital_lib_book_fk, digital_lib_tag_fk) values (639,2092);
insert into digital_lib_book_tag (digital_lib_book_fk, digital_lib_tag_fk) values (639,2451);
insert into digital_lib_book_tag (digital_lib_book_fk, digital_lib_tag_fk) values (639,1293);
insert into digital_lib_book_tag (digital_lib_book_fk, digital_lib_tag_fk) values (639,2058);
insert into digital_lib_book_tag (digital_lib_book_fk, digital_lib_tag_fk) values (639,923);
insert into digital_lib_book_publisher (digital_lib_book_fk, digital_lib_publisher_fk) values (639,258);
insert into digital_lib_category_book (digital_lib_book_fk, digital_lib_category_fk) values (639,6);
insert into digital_lib_category_book (digital_lib_book_fk, digital_lib_category_fk) values (639,34);
insert into digital_lib_book (digital_lib_book_id, title, description, issue_year) values (640,'Classical Object-Oriented Programming with ECMAScript','ECMAScript (more popularly known by the name “JavaScript”) is the language of the web. In the decades past, it has been used to augment web pages with trivial features and obnoxious gimmicks. This book allows you to research the topic further.',2014);
insert into digital_lib_book_author (digital_lib_book_fk, digital_lib_author_fk) values (640,847);
insert into digital_lib_book_tag (digital_lib_book_fk, digital_lib_tag_fk) values (640,1921);
insert into digital_lib_book_tag (digital_lib_book_fk, digital_lib_tag_fk) values (640,2076);
insert into digital_lib_book_tag (digital_lib_book_fk, digital_lib_tag_fk) values (640,2079);
insert into digital_lib_book_tag (digital_lib_book_fk, digital_lib_tag_fk) values (640,759);
insert into digital_lib_book_publisher (digital_lib_book_fk, digital_lib_publisher_fk) values (640,258);
insert into digital_lib_category_book (digital_lib_book_fk, digital_lib_category_fk) values (640,6);
insert into digital_lib_category_book (digital_lib_book_fk, digital_lib_category_fk) values (640,34);
insert into digital_lib_book (digital_lib_book_id, title, description, issue_year) values (641,'A Field Guide to Genetic Programming','Genetic Programming (GP) is an automated methodology inspired by biological evolution to find computer programs that best perform a user-defined task. This book represents a guide to this topic.',2008);
insert into digital_lib_book_author (digital_lib_book_fk, digital_lib_author_fk) values (641,133);
insert into digital_lib_book_tag (digital_lib_book_fk, digital_lib_tag_fk) values (641,744);
insert into digital_lib_book_tag (digital_lib_book_fk, digital_lib_tag_fk) values (641,876);
insert into digital_lib_book_tag (digital_lib_book_fk, digital_lib_tag_fk) values (641,1839);
insert into digital_lib_book_tag (digital_lib_book_fk, digital_lib_tag_fk) values (641,782);
insert into digital_lib_book_tag (digital_lib_book_fk, digital_lib_tag_fk) values (641,1771);
insert into digital_lib_book_publisher (digital_lib_book_fk, digital_lib_publisher_fk) values (641,52);
insert into digital_lib_category_book (digital_lib_book_fk, digital_lib_category_fk) values (641,6);
insert into digital_lib_category_book (digital_lib_book_fk, digital_lib_category_fk) values (641,34);
insert into digital_lib_book (digital_lib_book_id, title, description, issue_year) values (642,'A Practical Introduction to Python Programming','This manual has been prepared trying to reconcile the two most important sources of information that we can find today when we want to learn to program: that which comes from tutorials on the Internet and that which we can find in specialized reference books.',2012);
insert into digital_lib_book_author (digital_lib_book_fk, digital_lib_author_fk) values (642,1174);
insert into digital_lib_book_tag (digital_lib_book_fk, digital_lib_tag_fk) values (642,306);
insert into digital_lib_book_tag (digital_lib_book_fk, digital_lib_tag_fk) values (642,2076);
insert into digital_lib_book_tag (digital_lib_book_fk, digital_lib_tag_fk) values (642,1229);
insert into digital_lib_book_publisher (digital_lib_book_fk, digital_lib_publisher_fk) values (642,218);
insert into digital_lib_category_book (digital_lib_book_fk, digital_lib_category_fk) values (642,6);
insert into digital_lib_category_book (digital_lib_book_fk, digital_lib_category_fk) values (642,34);
insert into digital_lib_book (digital_lib_book_id, title, description, issue_year) values (643,'A Primer on Java (2nd Edition)','Welcome to the second edition of A Primer on Java, a short (e)book meant as a gentle introduction to the basics of Java.',2014);
insert into digital_lib_book_author (digital_lib_book_fk, digital_lib_author_fk) values (643,495);
insert into digital_lib_book_tag (digital_lib_book_fk, digital_lib_tag_fk) values (643,2120);
insert into digital_lib_book_tag (digital_lib_book_fk, digital_lib_tag_fk) values (643,2076);
insert into digital_lib_book_publisher (digital_lib_book_fk, digital_lib_publisher_fk) values (643,135);
insert into digital_lib_category_book (digital_lib_book_fk, digital_lib_category_fk) values (643,6);
insert into digital_lib_category_book (digital_lib_book_fk, digital_lib_category_fk) values (643,34);
insert into digital_lib_book (digital_lib_book_id, title, description, issue_year) values (644,'A Programming Model and Language for Concurrent and Distributed Object-Oriented Systems','This thesis proposes a novel programming model for concurrent and distributed, object-oriented systems. The so-called cobox model generalizes the concept of active objects to concurrent, object-oriented runtime components, called coboxes.',2010);
insert into digital_lib_book_author (digital_lib_book_fk, digital_lib_author_fk) values (644,621);
insert into digital_lib_book_tag (digital_lib_book_fk, digital_lib_tag_fk) values (644,562);
insert into digital_lib_book_tag (digital_lib_book_fk, digital_lib_tag_fk) values (644,1933);
insert into digital_lib_book_tag (digital_lib_book_fk, digital_lib_tag_fk) values (644,1689);
insert into digital_lib_book_tag (digital_lib_book_fk, digital_lib_tag_fk) values (644,2079);
insert into digital_lib_book_tag (digital_lib_book_fk, digital_lib_tag_fk) values (644,1762);
insert into digital_lib_book_tag (digital_lib_book_fk, digital_lib_tag_fk) values (644,1091);
insert into digital_lib_book_publisher (digital_lib_book_fk, digital_lib_publisher_fk) values (644,258);
insert into digital_lib_category_book (digital_lib_book_fk, digital_lib_category_fk) values (644,6);
insert into digital_lib_category_book (digital_lib_book_fk, digital_lib_category_fk) values (644,34);
insert into digital_lib_book (digital_lib_book_id, title, description, issue_year) values (645,'Accessible Objected-Oriented Programming Concepts for Blind Students using Java','This module is one in a series of modules designed to teach you about the essence of Object-Oriented Programming (OOP) using Java with particular emphasis on accessibility for blind students.',2014);
insert into digital_lib_book_author (digital_lib_book_fk, digital_lib_author_fk) values (645,186);
insert into digital_lib_book_tag (digital_lib_book_fk, digital_lib_tag_fk) values (645,990);
insert into digital_lib_book_tag (digital_lib_book_fk, digital_lib_tag_fk) values (645,1839);
insert into digital_lib_book_tag (digital_lib_book_fk, digital_lib_tag_fk) values (645,1933);
insert into digital_lib_book_tag (digital_lib_book_fk, digital_lib_tag_fk) values (645,2079);
insert into digital_lib_book_tag (digital_lib_book_fk, digital_lib_tag_fk) values (645,2268);
insert into digital_lib_book_publisher (digital_lib_book_fk, digital_lib_publisher_fk) values (645,212);
insert into digital_lib_category_book (digital_lib_book_fk, digital_lib_category_fk) values (645,6);
insert into digital_lib_category_book (digital_lib_book_fk, digital_lib_category_fk) values (645,34);
insert into digital_lib_book (digital_lib_book_id, title, description, issue_year) values (646,'Advanced Linux Programming','Advanced Linux Programming is intended for the programmer already familiar with the C programming language. Authors take a tutorial approach and teach the most important concepts and power features of the GNU/Linux system in application programs.',2001);
insert into digital_lib_book_author (digital_lib_book_fk, digital_lib_author_fk) values (646,785);
insert into digital_lib_book_author (digital_lib_book_fk, digital_lib_author_fk) values (646,876);
insert into digital_lib_book_author (digital_lib_book_fk, digital_lib_author_fk) values (646,348);
insert into digital_lib_book_tag (digital_lib_book_fk, digital_lib_tag_fk) values (646,2308);
insert into digital_lib_book_tag (digital_lib_book_fk, digital_lib_tag_fk) values (646,971);
insert into digital_lib_book_tag (digital_lib_book_fk, digital_lib_tag_fk) values (646,2015);
insert into digital_lib_book_tag (digital_lib_book_fk, digital_lib_tag_fk) values (646,71);
insert into digital_lib_book_publisher (digital_lib_book_fk, digital_lib_publisher_fk) values (646,56);
insert into digital_lib_category_book (digital_lib_book_fk, digital_lib_category_fk) values (646,6);
insert into digital_lib_category_book (digital_lib_book_fk, digital_lib_category_fk) values (646,34);
insert into digital_lib_book (digital_lib_book_id, title, description, issue_year) values (647,'Angular 2 Notes for Professionals','This Angular 2 Notes for Professionals book is compiled from Stack Overflow Documentation, the content is written by the beautiful people at Stack Overflow.',2018);
insert into digital_lib_book_author (digital_lib_book_fk, digital_lib_author_fk) values (647,325);
insert into digital_lib_book_tag (digital_lib_book_fk, digital_lib_tag_fk) values (647,1097);
insert into digital_lib_book_tag (digital_lib_book_fk, digital_lib_tag_fk) values (647,1921);
insert into digital_lib_book_tag (digital_lib_book_fk, digital_lib_tag_fk) values (647,2076);
insert into digital_lib_book_tag (digital_lib_book_fk, digital_lib_tag_fk) values (647,1086);
insert into digital_lib_book_tag (digital_lib_book_fk, digital_lib_tag_fk) values (647,908);
insert into digital_lib_book_publisher (digital_lib_book_fk, digital_lib_publisher_fk) values (647,22);
insert into digital_lib_category_book (digital_lib_book_fk, digital_lib_category_fk) values (647,6);
insert into digital_lib_category_book (digital_lib_book_fk, digital_lib_category_fk) values (647,34);
insert into digital_lib_book (digital_lib_book_id, title, description, issue_year) values (648,'AngularJS Notes for Professionals','This Angular 2 Notes for Professionals book is compiled from Stack Overflow Documentation, the content is written by the beautiful people at Stack Overflow.',2018);
insert into digital_lib_book_author (digital_lib_book_fk, digital_lib_author_fk) values (648,325);
insert into digital_lib_book_tag (digital_lib_book_fk, digital_lib_tag_fk) values (648,1097);
insert into digital_lib_book_tag (digital_lib_book_fk, digital_lib_tag_fk) values (648,1921);
insert into digital_lib_book_tag (digital_lib_book_fk, digital_lib_tag_fk) values (648,2076);
insert into digital_lib_book_tag (digital_lib_book_fk, digital_lib_tag_fk) values (648,1086);
insert into digital_lib_book_tag (digital_lib_book_fk, digital_lib_tag_fk) values (648,908);
insert into digital_lib_book_publisher (digital_lib_book_fk, digital_lib_publisher_fk) values (648,22);
insert into digital_lib_category_book (digital_lib_book_fk, digital_lib_category_fk) values (648,6);
insert into digital_lib_category_book (digital_lib_book_fk, digital_lib_category_fk) values (648,34);
insert into digital_lib_book (digital_lib_book_id, title, description, issue_year) values (649,'Backbone Tutorials','Backbone.js is a Javascript library that allows you to implement MVC (Model-View-Controller) on the client side. This book provides you with tutorials on how to use this library.',2012);
insert into digital_lib_book_author (digital_lib_book_fk, digital_lib_author_fk) values (649,412);
insert into digital_lib_book_tag (digital_lib_book_fk, digital_lib_tag_fk) values (649,1516);
insert into digital_lib_book_tag (digital_lib_book_fk, digital_lib_tag_fk) values (649,169);
insert into digital_lib_book_tag (digital_lib_book_fk, digital_lib_tag_fk) values (649,1839);
insert into digital_lib_book_tag (digital_lib_book_fk, digital_lib_tag_fk) values (649,759);
insert into digital_lib_book_publisher (digital_lib_book_fk, digital_lib_publisher_fk) values (649,135);
insert into digital_lib_category_book (digital_lib_book_fk, digital_lib_category_fk) values (649,6);
insert into digital_lib_category_book (digital_lib_book_fk, digital_lib_category_fk) values (649,34);
insert into digital_lib_book (digital_lib_book_id, title, description, issue_year) values (650,'Practical Guide to Bare Metal C++','The primary intended audience of this document is professional C++ developers who want to understand bare metal development a little bit better, get to know how to use their favourite programming language in an embedded environment, and probably bring their C++ skills to an “expert” level.',2017);
insert into digital_lib_book_author (digital_lib_book_fk, digital_lib_author_fk) values (650,1152);
insert into digital_lib_book_tag (digital_lib_book_fk, digital_lib_tag_fk) values (650,367);
insert into digital_lib_book_tag (digital_lib_book_fk, digital_lib_tag_fk) values (650,1839);
insert into digital_lib_book_publisher (digital_lib_book_fk, digital_lib_publisher_fk) values (650,123);
insert into digital_lib_category_book (digital_lib_book_fk, digital_lib_category_fk) values (650,6);
insert into digital_lib_category_book (digital_lib_book_fk, digital_lib_category_fk) values (650,34);
insert into digital_lib_book (digital_lib_book_id, title, description, issue_year) values (651,'Building Skills in Object-Oriented Design in Java','This book, divided into 49 chapters, is an exceptional learning guide to improve our OO design skills through the creation of a relatively complex application: a video game. This is a step by step guide on how to design and implement an OO design.',2009);
insert into digital_lib_book_author (digital_lib_book_fk, digital_lib_author_fk) values (651,632);
insert into digital_lib_book_tag (digital_lib_book_fk, digital_lib_tag_fk) values (651,1933);
insert into digital_lib_book_tag (digital_lib_book_fk, digital_lib_tag_fk) values (651,561);
insert into digital_lib_book_tag (digital_lib_book_fk, digital_lib_tag_fk) values (651,1839);
insert into digital_lib_book_tag (digital_lib_book_fk, digital_lib_tag_fk) values (651,2079);
insert into digital_lib_book_publisher (digital_lib_book_fk, digital_lib_publisher_fk) values (651,151);
insert into digital_lib_category_book (digital_lib_book_fk, digital_lib_category_fk) values (651,6);
insert into digital_lib_category_book (digital_lib_book_fk, digital_lib_category_fk) values (651,34);
insert into digital_lib_book (digital_lib_book_id, title, description, issue_year) values (652,'Computational Physics with Python','It is simple and easy to learn; it’s also easy to read what another programmer has written in Python and figure out what it does. The connection between computational physics and Python is explored here.',2013);
insert into digital_lib_book_author (digital_lib_book_fk, digital_lib_author_fk) values (652,86);
insert into digital_lib_book_tag (digital_lib_book_fk, digital_lib_tag_fk) values (652,2076);
insert into digital_lib_book_tag (digital_lib_book_fk, digital_lib_tag_fk) values (652,1229);
insert into digital_lib_book_tag (digital_lib_book_fk, digital_lib_tag_fk) values (652,2420);
insert into digital_lib_book_publisher (digital_lib_book_fk, digital_lib_publisher_fk) values (652,171);
insert into digital_lib_category_book (digital_lib_book_fk, digital_lib_category_fk) values (652,6);
insert into digital_lib_category_book (digital_lib_book_fk, digital_lib_category_fk) values (652,34);
insert into digital_lib_book (digital_lib_book_id, title, description, issue_year) values (653,'Computing in C ++. An introduction to C','This course will give an intro duction to the programming language C.',2014);
insert into digital_lib_book_author (digital_lib_book_fk, digital_lib_author_fk) values (653,312);
insert into digital_lib_book_tag (digital_lib_book_fk, digital_lib_tag_fk) values (653,367);
insert into digital_lib_book_tag (digital_lib_book_fk, digital_lib_tag_fk) values (653,1839);
insert into digital_lib_book_publisher (digital_lib_book_fk, digital_lib_publisher_fk) values (653,278);
insert into digital_lib_category_book (digital_lib_book_fk, digital_lib_category_fk) values (653,6);
insert into digital_lib_category_book (digital_lib_book_fk, digital_lib_category_fk) values (653,34);
insert into digital_lib_book (digital_lib_book_id, title, description, issue_year) values (654,'C++ Hacker\`s Guide','This book contains a collection of hacks born out of over forty years of programming experience. Here you\`ll find all sorts of hacks to make your programs more reliable, more readable, and easier to debug.',2008);
insert into digital_lib_book_author (digital_lib_book_fk, digital_lib_author_fk) values (654,529);
insert into digital_lib_book_tag (digital_lib_book_fk, digital_lib_tag_fk) values (654,367);
insert into digital_lib_book_tag (digital_lib_book_fk, digital_lib_tag_fk) values (654,1839);
insert into digital_lib_book_publisher (digital_lib_book_fk, digital_lib_publisher_fk) values (654,258);
insert into digital_lib_category_book (digital_lib_book_fk, digital_lib_category_fk) values (654,6);
insert into digital_lib_category_book (digital_lib_book_fk, digital_lib_category_fk) values (654,34);
insert into digital_lib_book (digital_lib_book_id, title, description, issue_year) values (655,'Financial Numerical Recipes in C++','This book is a a discussion of the calculation of specific formulas in finance. The field of finance has seen a rapid development in recent years, with increasing mathematical sophistication.',2014);
insert into digital_lib_book_author (digital_lib_book_fk, digital_lib_author_fk) values (655,1003);
insert into digital_lib_book_tag (digital_lib_book_fk, digital_lib_tag_fk) values (655,367);
insert into digital_lib_book_tag (digital_lib_book_fk, digital_lib_tag_fk) values (655,1839);
insert into digital_lib_book_tag (digital_lib_book_fk, digital_lib_tag_fk) values (655,329);
insert into digital_lib_book_tag (digital_lib_book_fk, digital_lib_tag_fk) values (655,1041);
insert into digital_lib_book_publisher (digital_lib_book_fk, digital_lib_publisher_fk) values (655,258);
insert into digital_lib_category_book (digital_lib_book_fk, digital_lib_category_fk) values (655,6);
insert into digital_lib_category_book (digital_lib_book_fk, digital_lib_category_fk) values (655,34);
insert into digital_lib_book (digital_lib_book_id, title, description, issue_year) values (656,'C++ Notes for Professionals','This C++ Notes for Professionals book is compiled from Stack Overflow Documentation, the content is written by the beautiful people at Stack Overflow.',2018);
insert into digital_lib_book_author (digital_lib_book_fk, digital_lib_author_fk) values (656,391);
insert into digital_lib_book_tag (digital_lib_book_fk, digital_lib_tag_fk) values (656,367);
insert into digital_lib_book_tag (digital_lib_book_fk, digital_lib_tag_fk) values (656,1839);
insert into digital_lib_book_tag (digital_lib_book_fk, digital_lib_tag_fk) values (656,1041);
insert into digital_lib_book_publisher (digital_lib_book_fk, digital_lib_publisher_fk) values (656,22);
insert into digital_lib_category_book (digital_lib_book_fk, digital_lib_category_fk) values (656,6);
insert into digital_lib_category_book (digital_lib_book_fk, digital_lib_category_fk) values (656,34);
insert into digital_lib_book (digital_lib_book_id, title, description, issue_year) values (657,'GNU Coding Standards','The GNU Coding Standard is a project written by Richard Stallman and other GNU project volunteers with the goal of making the GNU system cleaner, more consistent, and easier to install.',2008);
insert into digital_lib_book_author (digital_lib_book_fk, digital_lib_author_fk) values (657,814);
insert into digital_lib_book_tag (digital_lib_book_fk, digital_lib_tag_fk) values (657,367);
insert into digital_lib_book_tag (digital_lib_book_fk, digital_lib_tag_fk) values (657,1497);
insert into digital_lib_book_tag (digital_lib_book_fk, digital_lib_tag_fk) values (657,1521);
insert into digital_lib_book_tag (digital_lib_book_fk, digital_lib_tag_fk) values (657,2076);
insert into digital_lib_book_tag (digital_lib_book_fk, digital_lib_tag_fk) values (657,71);
insert into digital_lib_book_publisher (digital_lib_book_fk, digital_lib_publisher_fk) values (657,146);
insert into digital_lib_category_book (digital_lib_book_fk, digital_lib_category_fk) values (657,6);
insert into digital_lib_category_book (digital_lib_book_fk, digital_lib_category_fk) values (657,34);
insert into digital_lib_book (digital_lib_book_id, title, description, issue_year) values (658,'DATA + DESIGN','The book’s chapters follow pretty closely the actual set of steps that need to be accomplished before data can be visualized, from the design of the survey to the collection of the data to ultimately its visualization.',2014);
insert into digital_lib_book_author (digital_lib_book_fk, digital_lib_author_fk) values (658,303);
insert into digital_lib_book_author (digital_lib_book_fk, digital_lib_author_fk) values (658,206);
insert into digital_lib_book_tag (digital_lib_book_fk, digital_lib_tag_fk) values (658,2350);
insert into digital_lib_book_tag (digital_lib_book_fk, digital_lib_tag_fk) values (658,1994);
insert into digital_lib_book_tag (digital_lib_book_fk, digital_lib_tag_fk) values (658,842);
insert into digital_lib_book_tag (digital_lib_book_fk, digital_lib_tag_fk) values (658,2418);
insert into digital_lib_book_tag (digital_lib_book_fk, digital_lib_tag_fk) values (658,496);
insert into digital_lib_book_publisher (digital_lib_book_fk, digital_lib_publisher_fk) values (658,258);
insert into digital_lib_category_book (digital_lib_book_fk, digital_lib_category_fk) values (658,6);
insert into digital_lib_category_book (digital_lib_book_fk, digital_lib_category_fk) values (658,34);
insert into digital_lib_book (digital_lib_book_id, title, description, issue_year) values (659,'Dive Into HTML5','This book has been written to introduce the new features of HTML5 within a real development environment. In this guide you will not only find a reference to the new elements and attributes in use, but you will also learn how to handle them in a real context as needed.',2007);
insert into digital_lib_book_author (digital_lib_book_fk, digital_lib_author_fk) values (659,670);
insert into digital_lib_book_tag (digital_lib_book_fk, digital_lib_tag_fk) values (659,1921);
insert into digital_lib_book_tag (digital_lib_book_fk, digital_lib_tag_fk) values (659,759);
insert into digital_lib_book_tag (digital_lib_book_fk, digital_lib_tag_fk) values (659,1086);
insert into digital_lib_book_tag (digital_lib_book_fk, digital_lib_tag_fk) values (659,1283);
insert into digital_lib_book_publisher (digital_lib_book_fk, digital_lib_publisher_fk) values (659,151);
insert into digital_lib_category_book (digital_lib_book_fk, digital_lib_category_fk) values (659,6);
insert into digital_lib_category_book (digital_lib_book_fk, digital_lib_category_fk) values (659,34);
insert into digital_lib_book (digital_lib_book_id, title, description, issue_year) values (660,'Eloquent Javascript 3rd Edition A Modern Introduction to Programming','This is a book about instructing computers. Computers are about as common as screwdrivers today. But they are quite a bit more complex than screwdrivers, and making them do the precise thing you want them to do isn’t always easy.',2018);
insert into digital_lib_book_author (digital_lib_book_fk, digital_lib_author_fk) values (660,116);
insert into digital_lib_book_tag (digital_lib_book_fk, digital_lib_tag_fk) values (660,1839);
insert into digital_lib_book_tag (digital_lib_book_fk, digital_lib_tag_fk) values (660,1921);
insert into digital_lib_book_tag (digital_lib_book_fk, digital_lib_tag_fk) values (660,759);
insert into digital_lib_book_publisher (digital_lib_book_fk, digital_lib_publisher_fk) values (660,258);
insert into digital_lib_category_book (digital_lib_book_fk, digital_lib_category_fk) values (660,6);
insert into digital_lib_category_book (digital_lib_book_fk, digital_lib_category_fk) values (660,34);
insert into digital_lib_book (digital_lib_book_id, title, description, issue_year) values (661,'Eloquent Javascript 2nd Edition A Modern Introduction to Programming','This is a book about instructing computers. Computers are about as common as screwdrivers today. But they are quite a bit more complex than screwdrivers, and making them do the precise thing you want them to do isn’t always easy.',2014);
insert into digital_lib_book_author (digital_lib_book_fk, digital_lib_author_fk) values (661,116);
insert into digital_lib_book_tag (digital_lib_book_fk, digital_lib_tag_fk) values (661,1839);
insert into digital_lib_book_tag (digital_lib_book_fk, digital_lib_tag_fk) values (661,1921);
insert into digital_lib_book_tag (digital_lib_book_fk, digital_lib_tag_fk) values (661,759);
insert into digital_lib_book_publisher (digital_lib_book_fk, digital_lib_publisher_fk) values (661,258);
insert into digital_lib_category_book (digital_lib_book_fk, digital_lib_category_fk) values (661,6);
insert into digital_lib_category_book (digital_lib_book_fk, digital_lib_category_fk) values (661,34);
insert into digital_lib_book (digital_lib_book_id, title, description, issue_year) values (662,'An Introduction to Programming in Emacs Lisp','Emacs Lisp is a dialect of the Lisp programming language that is used in the GNU Emacs and XEmacs editors. This book serves as an introduction to the dialect.',2009);
insert into digital_lib_book_author (digital_lib_book_fk, digital_lib_author_fk) values (662,777);
insert into digital_lib_book_tag (digital_lib_book_fk, digital_lib_tag_fk) values (662,1497);
insert into digital_lib_book_tag (digital_lib_book_fk, digital_lib_tag_fk) values (662,2076);
insert into digital_lib_book_tag (digital_lib_book_fk, digital_lib_tag_fk) values (662,71);
insert into digital_lib_book_tag (digital_lib_book_fk, digital_lib_tag_fk) values (662,1725);
insert into digital_lib_book_publisher (digital_lib_book_fk, digital_lib_publisher_fk) values (662,258);
insert into digital_lib_category_book (digital_lib_book_fk, digital_lib_category_fk) values (662,6);
insert into digital_lib_category_book (digital_lib_book_fk, digital_lib_category_fk) values (662,34);
insert into digital_lib_book (digital_lib_book_id, title, description, issue_year) values (663,'Conquer the Command Line','For getting instructions from user to computer – in a clear, quick and unambiguous form – the command line is often the best way. Now – thanks to Raspbian on the Raspberry Pi – a new generation are discovering the power of the command line to simplify complex tasks, or instantly carry out simple ones.',2015);
insert into digital_lib_book_author (digital_lib_book_fk, digital_lib_author_fk) values (663,894);
insert into digital_lib_book_tag (digital_lib_book_fk, digital_lib_tag_fk) values (663,384);
insert into digital_lib_book_tag (digital_lib_book_fk, digital_lib_tag_fk) values (663,1707);
insert into digital_lib_book_tag (digital_lib_book_fk, digital_lib_tag_fk) values (663,2308);
insert into digital_lib_book_tag (digital_lib_book_fk, digital_lib_tag_fk) values (663,2076);
insert into digital_lib_book_tag (digital_lib_book_fk, digital_lib_tag_fk) values (663,546);
insert into digital_lib_book_tag (digital_lib_book_fk, digital_lib_tag_fk) values (663,2015);
insert into digital_lib_book_tag (digital_lib_book_fk, digital_lib_tag_fk) values (663,599);
insert into digital_lib_book_tag (digital_lib_book_fk, digital_lib_tag_fk) values (663,71);
insert into digital_lib_book_publisher (digital_lib_book_fk, digital_lib_publisher_fk) values (663,258);
insert into digital_lib_category_book (digital_lib_book_fk, digital_lib_category_fk) values (663,6);
insert into digital_lib_category_book (digital_lib_book_fk, digital_lib_category_fk) values (663,34);
insert into digital_lib_book (digital_lib_book_id, title, description, issue_year) values (664,'Learn to Code with Scratch','In this book, we\`ll help you start coding with Scratch, guiding you step by step through the process of creating all sorts of projects: games, animations, quizzes, electronics circuits, and more. It\`ll be educational and also a lot of fun.',2016);
insert into digital_lib_book_author (digital_lib_book_fk, digital_lib_author_fk) values (664,391);
insert into digital_lib_book_tag (digital_lib_book_fk, digital_lib_tag_fk) values (664,1444);
insert into digital_lib_book_tag (digital_lib_book_fk, digital_lib_tag_fk) values (664,2076);
insert into digital_lib_book_tag (digital_lib_book_fk, digital_lib_tag_fk) values (664,1417);
insert into digital_lib_book_tag (digital_lib_book_fk, digital_lib_tag_fk) values (664,1203);
insert into digital_lib_book_tag (digital_lib_book_fk, digital_lib_tag_fk) values (664,1725);
insert into digital_lib_book_tag (digital_lib_book_fk, digital_lib_tag_fk) values (664,71);
insert into digital_lib_book_publisher (digital_lib_book_fk, digital_lib_publisher_fk) values (664,179);
insert into digital_lib_category_book (digital_lib_book_fk, digital_lib_category_fk) values (664,6);
insert into digital_lib_category_book (digital_lib_book_fk, digital_lib_category_fk) values (664,34);
insert into digital_lib_book (digital_lib_book_id, title, description, issue_year) values (665,'Excel VBA Notes for Professionals','This Excel VBA Notes for Professionals book is compiled from Stack Overflow Documentation, the content is written by the beautiful people at Stack Overflow.',2018);
insert into digital_lib_book_author (digital_lib_book_fk, digital_lib_author_fk) values (665,391);
insert into digital_lib_book_tag (digital_lib_book_fk, digital_lib_tag_fk) values (665,1839);
insert into digital_lib_book_tag (digital_lib_book_fk, digital_lib_tag_fk) values (665,71);
insert into digital_lib_book_tag (digital_lib_book_fk, digital_lib_tag_fk) values (665,689);
insert into digital_lib_book_tag (digital_lib_book_fk, digital_lib_tag_fk) values (665,2126);
insert into digital_lib_book_tag (digital_lib_book_fk, digital_lib_tag_fk) values (665,699);
insert into digital_lib_book_publisher (digital_lib_book_fk, digital_lib_publisher_fk) values (665,22);
insert into digital_lib_category_book (digital_lib_book_fk, digital_lib_category_fk) values (665,6);
insert into digital_lib_category_book (digital_lib_book_fk, digital_lib_category_fk) values (665,34);
insert into digital_lib_book (digital_lib_book_id, title, description, issue_year) values (666,'Java Persistence','The goal of this book is to cover Java persistence, that is, the storage of media generated by the language on a persistent storage medium. To do this, the Java Persistence API (JPA) is used to store these objects in relational databases, but the intention is to aim for a broader scope and focus on general persistence patterns and their main use cases.',2013);
insert into digital_lib_book_author (digital_lib_book_fk, digital_lib_author_fk) values (666,391);
insert into digital_lib_book_tag (digital_lib_book_fk, digital_lib_tag_fk) values (666,2388);
insert into digital_lib_book_tag (digital_lib_book_fk, digital_lib_tag_fk) values (666,1933);
insert into digital_lib_book_tag (digital_lib_book_fk, digital_lib_tag_fk) values (666,2356);
insert into digital_lib_book_tag (digital_lib_book_fk, digital_lib_tag_fk) values (666,2213);
insert into digital_lib_book_tag (digital_lib_book_fk, digital_lib_tag_fk) values (666,2318);
insert into digital_lib_book_tag (digital_lib_book_fk, digital_lib_tag_fk) values (666,2210);
insert into digital_lib_book_tag (digital_lib_book_fk, digital_lib_tag_fk) values (666,2076);
insert into digital_lib_book_publisher (digital_lib_book_fk, digital_lib_publisher_fk) values (666,144);
insert into digital_lib_category_book (digital_lib_book_fk, digital_lib_category_fk) values (666,6);
insert into digital_lib_category_book (digital_lib_book_fk, digital_lib_category_fk) values (666,34);
insert into digital_lib_book (digital_lib_book_id, title, description, issue_year) values (667,'Java Based Real Time Programming','This book will approach the real-time issues via established web-programming and concurrency techniques, which will reveal a few deficiencies of the standard Java platform. The reader should then gain additional understanding and programming skill by studying the remaining chapters about scheduling, processes, and applications.',2016);
insert into digital_lib_book_author (digital_lib_book_fk, digital_lib_author_fk) values (667,844);
insert into digital_lib_book_tag (digital_lib_book_fk, digital_lib_tag_fk) values (667,2120);
insert into digital_lib_book_tag (digital_lib_book_fk, digital_lib_tag_fk) values (667,2076);
insert into digital_lib_book_tag (digital_lib_book_fk, digital_lib_tag_fk) values (667,1187);
insert into digital_lib_book_publisher (digital_lib_book_fk, digital_lib_publisher_fk) values (667,258);
insert into digital_lib_category_book (digital_lib_book_fk, digital_lib_category_fk) values (667,6);
insert into digital_lib_category_book (digital_lib_book_fk, digital_lib_category_fk) values (667,34);
insert into digital_lib_book (digital_lib_book_id, title, description, issue_year) values (668,'Java, Java, Java: Object-Oriented Problem Solving','We have designed this third edition of Java, Java, Java to be suitable for a typical Introduction to Computer Science (CS1) course or for a slightly more advanced Java as a Second Language course. This edition retains the “objects first” approach to programming and problem solving that was characteristic of the first two editions. Throughout the text we emphasize careful coverage of Java language features, introductory programming concepts, and object-oriented design principles.',2016);
insert into digital_lib_book_author (digital_lib_book_fk, digital_lib_author_fk) values (668,1065);
insert into digital_lib_book_author (digital_lib_book_fk, digital_lib_author_fk) values (668,747);
insert into digital_lib_book_tag (digital_lib_book_fk, digital_lib_tag_fk) values (668,2079);
insert into digital_lib_book_tag (digital_lib_book_fk, digital_lib_tag_fk) values (668,2076);
insert into digital_lib_book_publisher (digital_lib_book_fk, digital_lib_publisher_fk) values (668,227);
insert into digital_lib_category_book (digital_lib_book_fk, digital_lib_category_fk) values (668,6);
insert into digital_lib_category_book (digital_lib_book_fk, digital_lib_category_fk) values (668,34);
insert into digital_lib_book (digital_lib_book_id, title, description, issue_year) values (669,'Java, Java, Java: Object-Oriented Problem Solving','Welcome to Java, Java, Java, a book that introduces you to object-oriented programming using the Java language. When considering the purpose of this text, three important questions might come to mind: Why study programming? Why study Java? What is object-oriented programming?',2012);
insert into digital_lib_book_author (digital_lib_book_fk, digital_lib_author_fk) values (669,1065);
insert into digital_lib_book_author (digital_lib_book_fk, digital_lib_author_fk) values (669,747);
insert into digital_lib_book_tag (digital_lib_book_fk, digital_lib_tag_fk) values (669,2079);
insert into digital_lib_book_tag (digital_lib_book_fk, digital_lib_tag_fk) values (669,2076);
insert into digital_lib_book_publisher (digital_lib_book_fk, digital_lib_publisher_fk) values (669,227);
insert into digital_lib_category_book (digital_lib_book_fk, digital_lib_category_fk) values (669,6);
insert into digital_lib_category_book (digital_lib_book_fk, digital_lib_category_fk) values (669,34);
insert into digital_lib_book (digital_lib_book_id, title, description, issue_year) values (670,'Exploring Programming Language Architecture in Perl','This book presents an informal and entertaining introduction to several of the basic ideas that make up modern computing using the Perl programming language as a vehicle.',2010);
insert into digital_lib_book_author (digital_lib_book_fk, digital_lib_author_fk) values (670,1128);
insert into digital_lib_book_tag (digital_lib_book_fk, digital_lib_tag_fk) values (670,2446);
insert into digital_lib_book_tag (digital_lib_book_fk, digital_lib_tag_fk) values (670,1091);
insert into digital_lib_book_tag (digital_lib_book_fk, digital_lib_tag_fk) values (670,2058);
insert into digital_lib_book_tag (digital_lib_book_fk, digital_lib_tag_fk) values (670,2076);
insert into digital_lib_book_tag (digital_lib_book_fk, digital_lib_tag_fk) values (670,1596);
insert into digital_lib_book_tag (digital_lib_book_fk, digital_lib_tag_fk) values (670,2382);
insert into digital_lib_book_tag (digital_lib_book_fk, digital_lib_tag_fk) values (670,1574);
insert into digital_lib_book_publisher (digital_lib_book_fk, digital_lib_publisher_fk) values (670,258);
insert into digital_lib_category_book (digital_lib_book_fk, digital_lib_category_fk) values (670,6);
insert into digital_lib_category_book (digital_lib_book_fk, digital_lib_category_fk) values (670,34);
insert into digital_lib_book (digital_lib_book_id, title, description, issue_year) values (671,'Fast Lane to Python','This book provides you with essentials of Python, even if you have never tried it yourself.',2010);
insert into digital_lib_book_author (digital_lib_book_fk, digital_lib_author_fk) values (671,736);
insert into digital_lib_book_tag (digital_lib_book_fk, digital_lib_tag_fk) values (671,1839);
insert into digital_lib_book_tag (digital_lib_book_fk, digital_lib_tag_fk) values (671,71);
insert into digital_lib_book_tag (digital_lib_book_fk, digital_lib_tag_fk) values (671,1229);
insert into digital_lib_book_publisher (digital_lib_book_fk, digital_lib_publisher_fk) values (671,276);
insert into digital_lib_category_book (digital_lib_book_fk, digital_lib_category_fk) values (671,6);
insert into digital_lib_category_book (digital_lib_book_fk, digital_lib_category_fk) values (671,34);
insert into digital_lib_book (digital_lib_book_id, title, description, issue_year) values (672,'Functional Programming in Python','This book provides you with the introduction of functional programming in Python, even if you have never tried it yourself.',2015);
insert into digital_lib_book_author (digital_lib_book_fk, digital_lib_author_fk) values (672,841);
insert into digital_lib_book_tag (digital_lib_book_fk, digital_lib_tag_fk) values (672,1839);
insert into digital_lib_book_tag (digital_lib_book_fk, digital_lib_tag_fk) values (672,71);
insert into digital_lib_book_tag (digital_lib_book_fk, digital_lib_tag_fk) values (672,1229);
insert into digital_lib_book_publisher (digital_lib_book_fk, digital_lib_publisher_fk) values (672,12);
insert into digital_lib_category_book (digital_lib_book_fk, digital_lib_category_fk) values (672,6);
insert into digital_lib_category_book (digital_lib_book_fk, digital_lib_category_fk) values (672,34);
insert into digital_lib_book (digital_lib_book_id, title, description, issue_year) values (673,'Functional Programming in Scheme','This book provides you with the introduction of functional programming in Scheme, even if you have never tried it yourself.',2003);
insert into digital_lib_book_author (digital_lib_book_fk, digital_lib_author_fk) values (673,594);
insert into digital_lib_book_tag (digital_lib_book_fk, digital_lib_tag_fk) values (673,1840);
insert into digital_lib_book_tag (digital_lib_book_fk, digital_lib_tag_fk) values (673,1771);
insert into digital_lib_book_tag (digital_lib_book_fk, digital_lib_tag_fk) values (673,1086);
insert into digital_lib_book_tag (digital_lib_book_fk, digital_lib_tag_fk) values (673,1293);
insert into digital_lib_book_tag (digital_lib_book_fk, digital_lib_tag_fk) values (673,2100);
insert into digital_lib_book_tag (digital_lib_book_fk, digital_lib_tag_fk) values (673,1035);
insert into digital_lib_book_publisher (digital_lib_book_fk, digital_lib_publisher_fk) values (673,184);
insert into digital_lib_category_book (digital_lib_book_fk, digital_lib_category_fk) values (673,6);
insert into digital_lib_category_book (digital_lib_book_fk, digital_lib_category_fk) values (673,34);
insert into digital_lib_book (digital_lib_book_id, title, description, issue_year) values (674,'Fundamentals of C++ Programming','A computer program, from one perspective, is a sequence of instructions that dictate the flow of electrical impulses within a computer system.',2018);
insert into digital_lib_book_author (digital_lib_book_fk, digital_lib_author_fk) values (674,487);
insert into digital_lib_book_tag (digital_lib_book_fk, digital_lib_tag_fk) values (674,367);
insert into digital_lib_book_tag (digital_lib_book_fk, digital_lib_tag_fk) values (674,2076);
insert into digital_lib_book_tag (digital_lib_book_fk, digital_lib_tag_fk) values (674,2079);
insert into digital_lib_book_publisher (digital_lib_book_fk, digital_lib_publisher_fk) values (674,219);
insert into digital_lib_category_book (digital_lib_book_fk, digital_lib_category_fk) values (674,6);
insert into digital_lib_category_book (digital_lib_book_fk, digital_lib_category_fk) values (674,34);
insert into digital_lib_book (digital_lib_book_id, title, description, issue_year) values (675,'jQuery Fundamentals','This book is an excellent resource for learning the basics of jQuery. The material is constantly evolving and in addition to the text we can find examples and exercises.',2010);
insert into digital_lib_book_author (digital_lib_book_fk, digital_lib_author_fk) values (675,299);
insert into digital_lib_book_tag (digital_lib_book_fk, digital_lib_tag_fk) values (675,759);
insert into digital_lib_book_tag (digital_lib_book_fk, digital_lib_tag_fk) values (675,1921);
insert into digital_lib_book_tag (digital_lib_book_fk, digital_lib_tag_fk) values (675,840);
insert into digital_lib_book_tag (digital_lib_book_fk, digital_lib_tag_fk) values (675,2076);
insert into digital_lib_book_publisher (digital_lib_book_fk, digital_lib_publisher_fk) values (675,151);
insert into digital_lib_category_book (digital_lib_book_fk, digital_lib_category_fk) values (675,6);
insert into digital_lib_category_book (digital_lib_book_fk, digital_lib_category_fk) values (675,34);
insert into digital_lib_book (digital_lib_book_id, title, description, issue_year) values (676,'Fuzzy Logic Tools','This reference manual is intended as a reference work for those developers wishing to use the tools provided by the Fuzzy Logic Tools (FLT). Therefore, the text is structured following the typical pattern of reference manuals. Firstly, a general description of the variables, functions, classes, methods and attributes included in the software is presented.',2012);
insert into digital_lib_book_author (digital_lib_book_fk, digital_lib_author_fk) values (676,803);
insert into digital_lib_book_author (digital_lib_book_fk, digital_lib_author_fk) values (676,973);
insert into digital_lib_book_tag (digital_lib_book_fk, digital_lib_tag_fk) values (676,367);
insert into digital_lib_book_tag (digital_lib_book_fk, digital_lib_tag_fk) values (676,1839);
insert into digital_lib_book_tag (digital_lib_book_fk, digital_lib_tag_fk) values (676,1258);
insert into digital_lib_book_tag (digital_lib_book_fk, digital_lib_tag_fk) values (676,1517);
insert into digital_lib_book_publisher (digital_lib_book_fk, digital_lib_publisher_fk) values (676,116);
insert into digital_lib_category_book (digital_lib_book_fk, digital_lib_category_fk) values (676,6);
insert into digital_lib_category_book (digital_lib_book_fk, digital_lib_category_fk) values (676,34);
insert into digital_lib_book (digital_lib_book_id, title, description, issue_year) values (677,'GNU Emacs Lisp Reference Manual','This manual attempts to be a full description of Emacs Lisp. This manual presumes considerable familiarity with the use of Emacs for editing; see The GNU Emacs Manual for this basic information.',2015);
insert into digital_lib_book_author (digital_lib_book_fk, digital_lib_author_fk) values (677,422);
insert into digital_lib_book_author (digital_lib_book_fk, digital_lib_author_fk) values (677,96);
insert into digital_lib_book_author (digital_lib_book_fk, digital_lib_author_fk) values (677,814);
insert into digital_lib_book_tag (digital_lib_book_fk, digital_lib_tag_fk) values (677,2165);
insert into digital_lib_book_tag (digital_lib_book_fk, digital_lib_tag_fk) values (677,1839);
insert into digital_lib_book_tag (digital_lib_book_fk, digital_lib_tag_fk) values (677,71);
insert into digital_lib_book_publisher (digital_lib_book_fk, digital_lib_publisher_fk) values (677,146);
insert into digital_lib_category_book (digital_lib_book_fk, digital_lib_category_fk) values (677,6);
insert into digital_lib_category_book (digital_lib_book_fk, digital_lib_category_fk) values (677,34);
insert into digital_lib_book (digital_lib_book_id, title, description, issue_year) values (678,'Guide to NumPy','NumPy (PyLab) is a free alternative to MATLAB. Both are interpreted libraries and both allow the rapid writing of programs based on arrays or matrices. This book allows you to explore the topic in depth.',2007);
insert into digital_lib_book_author (digital_lib_book_fk, digital_lib_author_fk) values (678,489);
insert into digital_lib_book_tag (digital_lib_book_fk, digital_lib_tag_fk) values (678,1229);
insert into digital_lib_book_tag (digital_lib_book_fk, digital_lib_tag_fk) values (678,1041);
insert into digital_lib_book_tag (digital_lib_book_fk, digital_lib_tag_fk) values (678,2076);
insert into digital_lib_book_publisher (digital_lib_book_fk, digital_lib_publisher_fk) values (678,240);
insert into digital_lib_category_book (digital_lib_book_fk, digital_lib_category_fk) values (678,6);
insert into digital_lib_category_book (digital_lib_book_fk, digital_lib_category_fk) values (678,34);
insert into digital_lib_book (digital_lib_book_id, title, description, issue_year) values (679,'Hands-on Python Tutorial','Python is a widely used general-purpose, high-level programming language. In this set of tutorials you will learn to write your own computer programs, so you can give the computer instructions to react in the way you want.',2015);
insert into digital_lib_book_author (digital_lib_book_fk, digital_lib_author_fk) values (679,432);
insert into digital_lib_book_tag (digital_lib_book_fk, digital_lib_tag_fk) values (679,1229);
insert into digital_lib_book_tag (digital_lib_book_fk, digital_lib_tag_fk) values (679,1041);
insert into digital_lib_book_tag (digital_lib_book_fk, digital_lib_tag_fk) values (679,2076);
insert into digital_lib_book_tag (digital_lib_book_fk, digital_lib_tag_fk) values (679,2187);
insert into digital_lib_book_publisher (digital_lib_book_fk, digital_lib_publisher_fk) values (679,51);
insert into digital_lib_category_book (digital_lib_book_fk, digital_lib_category_fk) values (679,6);
insert into digital_lib_category_book (digital_lib_book_fk, digital_lib_category_fk) values (679,34);
insert into digital_lib_book (digital_lib_book_id, title, description, issue_year) values (680,'Hibernate Notes for Professionals','This Hibernate Notes for Professionals book is compiled from Stack Overflow Documentation, the content is written by the beautiful people at Stack Overflow.',2018);
insert into digital_lib_book_author (digital_lib_book_fk, digital_lib_author_fk) values (680,325);
insert into digital_lib_book_tag (digital_lib_book_fk, digital_lib_tag_fk) values (680,106);
insert into digital_lib_book_tag (digital_lib_book_fk, digital_lib_tag_fk) values (680,1933);
insert into digital_lib_book_tag (digital_lib_book_fk, digital_lib_tag_fk) values (680,1839);
insert into digital_lib_book_tag (digital_lib_book_fk, digital_lib_tag_fk) values (680,1945);
insert into digital_lib_book_publisher (digital_lib_book_fk, digital_lib_publisher_fk) values (680,130);
insert into digital_lib_category_book (digital_lib_book_fk, digital_lib_category_fk) values (680,6);
insert into digital_lib_category_book (digital_lib_book_fk, digital_lib_category_fk) values (680,34);
insert into digital_lib_book (digital_lib_book_id, title, description, issue_year) values (681,'HTML 5 Shootem Up in an Afternoon','All you need to know about HTML5 is that it allows you to do stuff in your browser, regardless if it’s on a desktop PC or a mobile phone, without the need for extra plugins. And that includes making games.',2014);
insert into digital_lib_book_author (digital_lib_book_fk, digital_lib_author_fk) values (681,23);
insert into digital_lib_book_tag (digital_lib_book_fk, digital_lib_tag_fk) values (681,1283);
insert into digital_lib_book_tag (digital_lib_book_fk, digital_lib_tag_fk) values (681,893);
insert into digital_lib_book_tag (digital_lib_book_fk, digital_lib_tag_fk) values (681,2076);
insert into digital_lib_book_tag (digital_lib_book_fk, digital_lib_tag_fk) values (681,759);
insert into digital_lib_book_publisher (digital_lib_book_fk, digital_lib_publisher_fk) values (681,135);
insert into digital_lib_category_book (digital_lib_book_fk, digital_lib_category_fk) values (681,6);
insert into digital_lib_category_book (digital_lib_book_fk, digital_lib_category_fk) values (681,34);
insert into digital_lib_book (digital_lib_book_id, title, description, issue_year) values (682,'Improving JavaScript Performance by Deconstructing the Type System','The book discusses how to approach JavaScript and its performance.',2014);
insert into digital_lib_book_author (digital_lib_book_fk, digital_lib_author_fk) values (682,321);
insert into digital_lib_book_author (digital_lib_book_fk, digital_lib_author_fk) values (682,1134);
insert into digital_lib_book_author (digital_lib_book_fk, digital_lib_author_fk) values (682,189);
insert into digital_lib_book_author (digital_lib_book_fk, digital_lib_author_fk) values (682,892);
insert into digital_lib_book_author (digital_lib_book_fk, digital_lib_author_fk) values (682,1044);
insert into digital_lib_book_tag (digital_lib_book_fk, digital_lib_tag_fk) values (682,1921);
insert into digital_lib_book_tag (digital_lib_book_fk, digital_lib_tag_fk) values (682,1839);
insert into digital_lib_book_tag (digital_lib_book_fk, digital_lib_tag_fk) values (682,759);
insert into digital_lib_book_tag (digital_lib_book_fk, digital_lib_tag_fk) values (682,2055);
insert into digital_lib_book_tag (digital_lib_book_fk, digital_lib_tag_fk) values (682,989);
insert into digital_lib_book_tag (digital_lib_book_fk, digital_lib_tag_fk) values (682,1295);
insert into digital_lib_book_publisher (digital_lib_book_fk, digital_lib_publisher_fk) values (682,121);
insert into digital_lib_category_book (digital_lib_book_fk, digital_lib_category_fk) values (682,6);
insert into digital_lib_category_book (digital_lib_book_fk, digital_lib_category_fk) values (682,34);
insert into digital_lib_book (digital_lib_book_id, title, description, issue_year) values (683,'Industrial Strength C++','This is a manual on how to apply the programming language within a business environment for the development of highly demanding and performance software.',1997);
insert into digital_lib_book_author (digital_lib_book_fk, digital_lib_author_fk) values (683,1047);
insert into digital_lib_book_author (digital_lib_book_fk, digital_lib_author_fk) values (683,138);
insert into digital_lib_book_tag (digital_lib_book_fk, digital_lib_tag_fk) values (683,367);
insert into digital_lib_book_tag (digital_lib_book_fk, digital_lib_tag_fk) values (683,2079);
insert into digital_lib_book_tag (digital_lib_book_fk, digital_lib_tag_fk) values (683,2076);
insert into digital_lib_book_publisher (digital_lib_book_fk, digital_lib_publisher_fk) values (683,205);
insert into digital_lib_category_book (digital_lib_book_fk, digital_lib_category_fk) values (683,6);
insert into digital_lib_category_book (digital_lib_book_fk, digital_lib_category_fk) values (683,34);
insert into digital_lib_book (digital_lib_book_id, title, description, issue_year) values (684,'Intermediate Python','The topics which are discussed in this book open up your mind towards some nice corners of Python language. This book is not a tutorial and does not teach you Python. The topics are not explained in depth, instead only the minimum required information is given.',2016);
insert into digital_lib_book_author (digital_lib_book_fk, digital_lib_author_fk) values (684,791);
insert into digital_lib_book_tag (digital_lib_book_fk, digital_lib_tag_fk) values (684,2076);
insert into digital_lib_book_tag (digital_lib_book_fk, digital_lib_tag_fk) values (684,1229);
insert into digital_lib_book_publisher (digital_lib_book_fk, digital_lib_publisher_fk) values (684,258);
insert into digital_lib_category_book (digital_lib_book_fk, digital_lib_category_fk) values (684,6);
insert into digital_lib_category_book (digital_lib_book_fk, digital_lib_category_fk) values (684,34);
insert into digital_lib_book (digital_lib_book_id, title, description, issue_year) values (685,'Introduction to Programming Using Java','Java is an object-oriented programming language, developed by Sun Microsystems in the early 1990s. The language itself borrows much of its syntax from C and C++, but has a simpler object model and removes low-level tools. This book provides introduction to it.',2010);
insert into digital_lib_book_author (digital_lib_book_fk, digital_lib_author_fk) values (685,328);
insert into digital_lib_book_tag (digital_lib_book_fk, digital_lib_tag_fk) values (685,306);
insert into digital_lib_book_tag (digital_lib_book_fk, digital_lib_tag_fk) values (685,1933);
insert into digital_lib_book_tag (digital_lib_book_fk, digital_lib_tag_fk) values (685,1839);
insert into digital_lib_book_publisher (digital_lib_book_fk, digital_lib_publisher_fk) values (685,8);
insert into digital_lib_book_publisher (digital_lib_book_fk, digital_lib_publisher_fk) values (685,108);
insert into digital_lib_category_book (digital_lib_book_fk, digital_lib_category_fk) values (685,6);
insert into digital_lib_category_book (digital_lib_book_fk, digital_lib_category_fk) values (685,34);
insert into digital_lib_book (digital_lib_book_id, title, description, issue_year) values (686,'An Introduction to Python','This book, written by the professor of Computer Science at the University of Alabama, deals with all topics related to language in a clear and didactic way, with many examples that make this book an excellent resource for those who do not They have extensive experience in the field of programming.',2011);
insert into digital_lib_book_author (digital_lib_book_fk, digital_lib_author_fk) values (686,611);
insert into digital_lib_book_tag (digital_lib_book_fk, digital_lib_tag_fk) values (686,2076);
insert into digital_lib_book_tag (digital_lib_book_fk, digital_lib_tag_fk) values (686,1229);
insert into digital_lib_book_publisher (digital_lib_book_fk, digital_lib_publisher_fk) values (686,258);
insert into digital_lib_category_book (digital_lib_book_fk, digital_lib_category_fk) values (686,6);
insert into digital_lib_category_book (digital_lib_book_fk, digital_lib_category_fk) values (686,34);
insert into digital_lib_book (digital_lib_book_id, title, description, issue_year) values (687,'Java with BlueJ Part I','This book is Part I of a two-part set that introduces the Java programming language. The text assumes the student will be using the BlueJ development environment and provides some introductory BlueJ material.',2015);
insert into digital_lib_book_author (digital_lib_book_fk, digital_lib_author_fk) values (687,372);
insert into digital_lib_book_tag (digital_lib_book_fk, digital_lib_tag_fk) values (687,2150);
insert into digital_lib_book_tag (digital_lib_book_fk, digital_lib_tag_fk) values (687,2120);
insert into digital_lib_book_tag (digital_lib_book_fk, digital_lib_tag_fk) values (687,2076);
insert into digital_lib_book_publisher (digital_lib_book_fk, digital_lib_publisher_fk) values (687,245);
insert into digital_lib_category_book (digital_lib_book_fk, digital_lib_category_fk) values (687,6);
insert into digital_lib_category_book (digital_lib_book_fk, digital_lib_category_fk) values (687,34);
insert into digital_lib_book (digital_lib_book_id, title, description, issue_year) values (688,'Java Notes for Professionals','This Java Notes for Professionals book is compiled from Stack Overflow Documentation, the content is written by the beautiful people at Stack Overflow.',2018);
insert into digital_lib_book_author (digital_lib_book_fk, digital_lib_author_fk) values (688,325);
insert into digital_lib_book_tag (digital_lib_book_fk, digital_lib_tag_fk) values (688,1933);
insert into digital_lib_book_tag (digital_lib_book_fk, digital_lib_tag_fk) values (688,2076);
insert into digital_lib_book_publisher (digital_lib_book_fk, digital_lib_publisher_fk) values (688,22);
insert into digital_lib_category_book (digital_lib_book_fk, digital_lib_category_fk) values (688,6);
insert into digital_lib_category_book (digital_lib_book_fk, digital_lib_category_fk) values (688,34);
insert into digital_lib_book (digital_lib_book_id, title, description, issue_year) values (689,'Javascript Enlightenment','This book is not about design patterns in JavaScript, or about the object-oriented programming paradigm in this language. It has not been written to point out the salient features or highlight the less fortunate parts. The goal was not to create a comprehensive reference guide. This book is not written for those new to programming or relatively new to Javascript. It is not a cookbook for the developer. All those books have already been written before.',2011);
insert into digital_lib_book_author (digital_lib_book_fk, digital_lib_author_fk) values (689,807);
insert into digital_lib_book_tag (digital_lib_book_fk, digital_lib_tag_fk) values (689,1933);
insert into digital_lib_book_tag (digital_lib_book_fk, digital_lib_tag_fk) values (689,2076);
insert into digital_lib_book_tag (digital_lib_book_fk, digital_lib_tag_fk) values (689,1086);
insert into digital_lib_book_tag (digital_lib_book_fk, digital_lib_tag_fk) values (689,2248);
insert into digital_lib_book_publisher (digital_lib_book_fk, digital_lib_publisher_fk) values (689,258);
insert into digital_lib_category_book (digital_lib_book_fk, digital_lib_category_fk) values (689,6);
insert into digital_lib_category_book (digital_lib_book_fk, digital_lib_category_fk) values (689,34);
insert into digital_lib_book (digital_lib_book_id, title, description, issue_year) values (690,'JavaScript Allongé','This JavaScript book serves as a basics course on JavaScript.',2014);
insert into digital_lib_book_author (digital_lib_book_fk, digital_lib_author_fk) values (690,152);
insert into digital_lib_book_tag (digital_lib_book_fk, digital_lib_tag_fk) values (690,1921);
insert into digital_lib_book_tag (digital_lib_book_fk, digital_lib_tag_fk) values (690,1839);
insert into digital_lib_book_tag (digital_lib_book_fk, digital_lib_tag_fk) values (690,759);
insert into digital_lib_book_publisher (digital_lib_book_fk, digital_lib_publisher_fk) values (690,135);
insert into digital_lib_category_book (digital_lib_book_fk, digital_lib_category_fk) values (690,6);
insert into digital_lib_category_book (digital_lib_book_fk, digital_lib_category_fk) values (690,34);
insert into digital_lib_book (digital_lib_book_id, title, description, issue_year) values (691,'JavaScript Notes for Professional','This JavaScript Notes for Professionals book is compiled from Stack Overflow Documentation, the content is written by the beautiful people at Stack Overflow.',2018);
insert into digital_lib_book_author (digital_lib_book_fk, digital_lib_author_fk) values (691,325);
insert into digital_lib_book_tag (digital_lib_book_fk, digital_lib_tag_fk) values (691,1921);
insert into digital_lib_book_tag (digital_lib_book_fk, digital_lib_tag_fk) values (691,1839);
insert into digital_lib_book_tag (digital_lib_book_fk, digital_lib_tag_fk) values (691,759);
insert into digital_lib_book_publisher (digital_lib_book_fk, digital_lib_publisher_fk) values (691,22);
insert into digital_lib_category_book (digital_lib_book_fk, digital_lib_category_fk) values (691,6);
insert into digital_lib_category_book (digital_lib_book_fk, digital_lib_category_fk) values (691,34);
insert into digital_lib_book (digital_lib_book_id, title, description, issue_year) values (692,'Javascript in Ten Minutes','This guide is for anyone who wants to learn about Javascript in a quick but comprehensive way. The main functionalities of the language are thus covered, resulting in an easy read for developers with a minimum knowledge of other functional languages ​​such as Ruby, Perl, Python, Scheme, etc.',2013);
insert into digital_lib_book_author (digital_lib_book_fk, digital_lib_author_fk) values (692,381);
insert into digital_lib_book_tag (digital_lib_book_fk, digital_lib_tag_fk) values (692,2349);
insert into digital_lib_book_tag (digital_lib_book_fk, digital_lib_tag_fk) values (692,1839);
insert into digital_lib_book_tag (digital_lib_book_fk, digital_lib_tag_fk) values (692,759);
insert into digital_lib_book_publisher (digital_lib_book_fk, digital_lib_publisher_fk) values (692,258);
insert into digital_lib_category_book (digital_lib_book_fk, digital_lib_category_fk) values (692,6);
insert into digital_lib_category_book (digital_lib_book_fk, digital_lib_category_fk) values (692,34);
insert into digital_lib_book (digital_lib_book_id, title, description, issue_year) values (693,'jQuery Notes for Professionals','This jQuery Notes for Professionals book is compiled from Stack Overflow Documentation, the content is written by the beautiful people at Stack Overflow.',2018);
insert into digital_lib_book_author (digital_lib_book_fk, digital_lib_author_fk) values (693,325);
insert into digital_lib_book_tag (digital_lib_book_fk, digital_lib_tag_fk) values (693,1839);
insert into digital_lib_book_tag (digital_lib_book_fk, digital_lib_tag_fk) values (693,1043);
insert into digital_lib_book_tag (digital_lib_book_fk, digital_lib_tag_fk) values (693,1921);
insert into digital_lib_book_tag (digital_lib_book_fk, digital_lib_tag_fk) values (693,908);
insert into digital_lib_book_tag (digital_lib_book_fk, digital_lib_tag_fk) values (693,1097);
insert into digital_lib_book_publisher (digital_lib_book_fk, digital_lib_publisher_fk) values (693,130);
insert into digital_lib_category_book (digital_lib_book_fk, digital_lib_category_fk) values (693,6);
insert into digital_lib_category_book (digital_lib_book_fk, digital_lib_category_fk) values (693,34);
insert into digital_lib_book (digital_lib_book_id, title, description, issue_year) values (694,'Labs for Foundations of Applied Mathematics Volume I: Matemathical Analysis','This lab manual is designed to accompany the textbook Foundations of Applied Mathematics by Humpherys and Jarvis.',2016);
insert into digital_lib_book_author (digital_lib_book_fk, digital_lib_author_fk) values (694,325);
insert into digital_lib_book_tag (digital_lib_book_fk, digital_lib_tag_fk) values (694,2446);
insert into digital_lib_book_tag (digital_lib_book_fk, digital_lib_tag_fk) values (694,876);
insert into digital_lib_book_tag (digital_lib_book_fk, digital_lib_tag_fk) values (694,1041);
insert into digital_lib_book_tag (digital_lib_book_fk, digital_lib_tag_fk) values (694,2076);
insert into digital_lib_book_tag (digital_lib_book_fk, digital_lib_tag_fk) values (694,560);
insert into digital_lib_book_tag (digital_lib_book_fk, digital_lib_tag_fk) values (694,799);
insert into digital_lib_book_publisher (digital_lib_book_fk, digital_lib_publisher_fk) values (694,258);
insert into digital_lib_category_book (digital_lib_book_fk, digital_lib_category_fk) values (694,6);
insert into digital_lib_category_book (digital_lib_book_fk, digital_lib_category_fk) values (694,34);
insert into digital_lib_book (digital_lib_book_id, title, description, issue_year) values (695,'OASIS OpenDocument Essentials: Using OASIS OpenDocument XML','OASIS OpenDocument Essentials is an introduction to XML that serves as an internal format for office applications. This book provides introduction to the topic.',2005);
insert into digital_lib_book_author (digital_lib_book_fk, digital_lib_author_fk) values (695,183);
insert into digital_lib_book_tag (digital_lib_book_fk, digital_lib_tag_fk) values (695,2341);
insert into digital_lib_book_tag (digital_lib_book_fk, digital_lib_tag_fk) values (695,1306);
insert into digital_lib_book_tag (digital_lib_book_fk, digital_lib_tag_fk) values (695,1969);
insert into digital_lib_book_tag (digital_lib_book_fk, digital_lib_tag_fk) values (695,368);
insert into digital_lib_book_tag (digital_lib_book_fk, digital_lib_tag_fk) values (695,228);
insert into digital_lib_book_tag (digital_lib_book_fk, digital_lib_tag_fk) values (695,1771);
insert into digital_lib_book_publisher (digital_lib_book_fk, digital_lib_publisher_fk) values (695,12);
insert into digital_lib_category_book (digital_lib_book_fk, digital_lib_category_fk) values (695,6);
insert into digital_lib_category_book (digital_lib_book_fk, digital_lib_category_fk) values (695,34);
insert into digital_lib_book (digital_lib_book_id, title, description, issue_year) values (696,'Object Oriented Reengineering Patterns','This book speaks with propriety. It gives you the foundation to come up with a plan to tackle a difficult code architecture within the context of techniques like refactoring.',2008);
insert into digital_lib_book_author (digital_lib_book_fk, digital_lib_author_fk) values (696,8);
insert into digital_lib_book_author (digital_lib_book_fk, digital_lib_author_fk) values (696,416);
insert into digital_lib_book_author (digital_lib_book_fk, digital_lib_author_fk) values (696,1180);
insert into digital_lib_book_tag (digital_lib_book_fk, digital_lib_tag_fk) values (696,2281);
insert into digital_lib_book_tag (digital_lib_book_fk, digital_lib_tag_fk) values (696,782);
insert into digital_lib_book_tag (digital_lib_book_fk, digital_lib_tag_fk) values (696,2079);
insert into digital_lib_book_tag (digital_lib_book_fk, digital_lib_tag_fk) values (696,935);
insert into digital_lib_book_tag (digital_lib_book_fk, digital_lib_tag_fk) values (696,876);
insert into digital_lib_book_tag (digital_lib_book_fk, digital_lib_tag_fk) values (696,1839);
insert into digital_lib_book_publisher (digital_lib_book_fk, digital_lib_publisher_fk) values (696,61);
insert into digital_lib_category_book (digital_lib_book_fk, digital_lib_category_fk) values (696,6);
insert into digital_lib_category_book (digital_lib_book_fk, digital_lib_category_fk) values (696,34);
insert into digital_lib_book (digital_lib_book_id, title, description, issue_year) values (697,'Object-Oriented Programming in C++, Fourth Edition','This book teaches you how to write programs in a the C++ programming language. This book teaches C++ in the context of these new developments.',2002);
insert into digital_lib_book_author (digital_lib_book_fk, digital_lib_author_fk) values (697,135);
insert into digital_lib_book_tag (digital_lib_book_fk, digital_lib_tag_fk) values (697,367);
insert into digital_lib_book_tag (digital_lib_book_fk, digital_lib_tag_fk) values (697,1839);
insert into digital_lib_book_publisher (digital_lib_book_fk, digital_lib_publisher_fk) values (697,225);
insert into digital_lib_category_book (digital_lib_book_fk, digital_lib_category_fk) values (697,6);
insert into digital_lib_category_book (digital_lib_book_fk, digital_lib_category_fk) values (697,34);
insert into digital_lib_book (digital_lib_book_id, title, description, issue_year) values (698,'Object-Oriented Programming (OOP) with Java','This collection titled Object-Oriented Programming (OOP) with Java. It provides the programming tutorials on a variety of diferent topics as well as the teaching materials for several diferent college-level programming courses in Java/OOP.',2015);
insert into digital_lib_book_author (digital_lib_book_fk, digital_lib_author_fk) values (698,186);
insert into digital_lib_book_tag (digital_lib_book_fk, digital_lib_tag_fk) values (698,1933);
insert into digital_lib_book_tag (digital_lib_book_fk, digital_lib_tag_fk) values (698,2079);
insert into digital_lib_book_tag (digital_lib_book_fk, digital_lib_tag_fk) values (698,2076);
insert into digital_lib_book_publisher (digital_lib_book_fk, digital_lib_publisher_fk) values (698,212);
insert into digital_lib_category_book (digital_lib_book_fk, digital_lib_category_fk) values (698,6);
insert into digital_lib_category_book (digital_lib_book_fk, digital_lib_category_fk) values (698,34);
insert into digital_lib_book (digital_lib_book_id, title, description, issue_year) values (699,'Open Data Structures (in C++)','This book is intended to teach the design and analysis of basic data structures and their implementation in an object-oriented language. In this edition, the language happens to be C++. This book is not intended to act as an introduction to the C++ programming language.',2014);
insert into digital_lib_book_author (digital_lib_book_fk, digital_lib_author_fk) values (699,975);
insert into digital_lib_book_tag (digital_lib_book_fk, digital_lib_tag_fk) values (699,2446);
insert into digital_lib_book_tag (digital_lib_book_fk, digital_lib_tag_fk) values (699,584);
insert into digital_lib_book_tag (digital_lib_book_fk, digital_lib_tag_fk) values (699,367);
insert into digital_lib_book_tag (digital_lib_book_fk, digital_lib_tag_fk) values (699,1793);
insert into digital_lib_book_tag (digital_lib_book_fk, digital_lib_tag_fk) values (699,2076);
insert into digital_lib_book_publisher (digital_lib_book_fk, digital_lib_publisher_fk) values (699,258);
insert into digital_lib_category_book (digital_lib_book_fk, digital_lib_category_fk) values (699,6);
insert into digital_lib_category_book (digital_lib_book_fk, digital_lib_category_fk) values (699,34);
insert into digital_lib_book (digital_lib_book_id, title, description, issue_year) values (700,'Open XML. The markup explained','Office Open XML (also called OOXML or OpenXML) is a standard, open file format with the most common extensions being .docx, .xlsx, and .pptx. It is used to represent and store spreadsheets, graphs, presentations, and text documents. This book explains the topic further.',2007);
insert into digital_lib_book_author (digital_lib_book_fk, digital_lib_author_fk) values (700,622);
insert into digital_lib_book_tag (digital_lib_book_fk, digital_lib_tag_fk) values (700,1685);
insert into digital_lib_book_tag (digital_lib_book_fk, digital_lib_tag_fk) values (700,1839);
insert into digital_lib_book_tag (digital_lib_book_fk, digital_lib_tag_fk) values (700,71);
insert into digital_lib_book_publisher (digital_lib_book_fk, digital_lib_publisher_fk) values (700,258);
insert into digital_lib_category_book (digital_lib_book_fk, digital_lib_category_fk) values (700,6);
insert into digital_lib_category_book (digital_lib_book_fk, digital_lib_category_fk) values (700,34);
insert into digital_lib_book (digital_lib_book_id, title, description, issue_year) values (701,'Laboratory Manual for Computer Programming','This manual has been prepared as an introduction to a programming course aimed at technical and/or electrical engineering students.',2016);
insert into digital_lib_book_author (digital_lib_book_fk, digital_lib_author_fk) values (701,358);
insert into digital_lib_book_tag (digital_lib_book_fk, digital_lib_tag_fk) values (701,753);
insert into digital_lib_book_tag (digital_lib_book_fk, digital_lib_tag_fk) values (701,1902);
insert into digital_lib_book_tag (digital_lib_book_fk, digital_lib_tag_fk) values (701,1857);
insert into digital_lib_book_tag (digital_lib_book_fk, digital_lib_tag_fk) values (701,2076);
insert into digital_lib_book_tag (digital_lib_book_fk, digital_lib_tag_fk) values (701,1229);
insert into digital_lib_book_publisher (digital_lib_book_fk, digital_lib_publisher_fk) values (701,258);
insert into digital_lib_category_book (digital_lib_book_fk, digital_lib_category_fk) values (701,6);
insert into digital_lib_category_book (digital_lib_book_fk, digital_lib_category_fk) values (701,34);
insert into digital_lib_book (digital_lib_book_id, title, description, issue_year) values (702,'Language strategies for the domain of colour','This book shows the current models in artificial language evolution and how it can be extended to allow for richer descriptions of colour samples.',2015);
insert into digital_lib_book_author (digital_lib_book_fk, digital_lib_author_fk) values (702,1164);
insert into digital_lib_book_tag (digital_lib_book_fk, digital_lib_tag_fk) values (702,744);
insert into digital_lib_book_tag (digital_lib_book_fk, digital_lib_tag_fk) values (702,2454);
insert into digital_lib_book_tag (digital_lib_book_fk, digital_lib_tag_fk) values (702,1771);
insert into digital_lib_book_tag (digital_lib_book_fk, digital_lib_tag_fk) values (702,2350);
insert into digital_lib_book_tag (digital_lib_book_fk, digital_lib_tag_fk) values (702,233);
insert into digital_lib_book_publisher (digital_lib_book_fk, digital_lib_publisher_fk) values (702,241);
insert into digital_lib_category_book (digital_lib_book_fk, digital_lib_category_fk) values (702,6);
insert into digital_lib_category_book (digital_lib_book_fk, digital_lib_category_fk) values (702,34);
insert into digital_lib_book (digital_lib_book_id, title, description, issue_year) values (703,'Learning to Program Using Python','This book provides the foundations of programming in Python.',2011);
insert into digital_lib_book_author (digital_lib_book_fk, digital_lib_author_fk) values (703,604);
insert into digital_lib_book_tag (digital_lib_book_fk, digital_lib_tag_fk) values (703,367);
insert into digital_lib_book_tag (digital_lib_book_fk, digital_lib_tag_fk) values (703,2079);
insert into digital_lib_book_tag (digital_lib_book_fk, digital_lib_tag_fk) values (703,1839);
insert into digital_lib_book_tag (digital_lib_book_fk, digital_lib_tag_fk) values (703,561);
insert into digital_lib_book_publisher (digital_lib_book_fk, digital_lib_publisher_fk) values (703,258);
insert into digital_lib_category_book (digital_lib_book_fk, digital_lib_category_fk) values (703,6);
insert into digital_lib_category_book (digital_lib_book_fk, digital_lib_category_fk) values (703,34);
insert into digital_lib_book (digital_lib_book_id, title, description, issue_year) values (704,'Lecture Notes on Static Analysis','These notes present principles and applications of static analysis of programs. We cover type analysis, lattice theory, control flow graphs, dataflow analysis, fixed-point algorithms, narrowing and widening, interprocedural analysis, control flow analysis, and pointer analysis.',2015);
insert into digital_lib_book_author (digital_lib_book_fk, digital_lib_author_fk) values (704,288);
insert into digital_lib_book_tag (digital_lib_book_fk, digital_lib_tag_fk) values (704,2446);
insert into digital_lib_book_tag (digital_lib_book_fk, digital_lib_tag_fk) values (704,1506);
insert into digital_lib_book_tag (digital_lib_book_fk, digital_lib_tag_fk) values (704,1303);
insert into digital_lib_book_tag (digital_lib_book_fk, digital_lib_tag_fk) values (704,1839);
insert into digital_lib_book_publisher (digital_lib_book_fk, digital_lib_publisher_fk) values (704,231);
insert into digital_lib_category_book (digital_lib_book_fk, digital_lib_category_fk) values (704,6);
insert into digital_lib_category_book (digital_lib_book_fk, digital_lib_category_fk) values (704,34);
insert into digital_lib_book (digital_lib_book_id, title, description, issue_year) values (705,'Logic, Programming and Prolog, 2Ed','The main goal of this book is to provide the reader with a uniform understanding of the fundamentals of logic programming and the simplest and easiest techniques of programming in Prolog. While the fundamentals are discussed, a systematic study of variants of logic programming such as constraint programming, deductive databases, or concurrent logic programming is also provided.',2000);
insert into digital_lib_book_author (digital_lib_book_fk, digital_lib_author_fk) values (705,491);
insert into digital_lib_book_author (digital_lib_book_fk, digital_lib_author_fk) values (705,245);
insert into digital_lib_book_tag (digital_lib_book_fk, digital_lib_tag_fk) values (705,782);
insert into digital_lib_book_tag (digital_lib_book_fk, digital_lib_tag_fk) values (705,876);
insert into digital_lib_book_tag (digital_lib_book_fk, digital_lib_tag_fk) values (705,2034);
insert into digital_lib_book_tag (digital_lib_book_fk, digital_lib_tag_fk) values (705,1856);
insert into digital_lib_book_publisher (digital_lib_book_fk, digital_lib_publisher_fk) values (705,53);
insert into digital_lib_category_book (digital_lib_book_fk, digital_lib_category_fk) values (705,6);
insert into digital_lib_category_book (digital_lib_book_fk, digital_lib_category_fk) values (705,34);
insert into digital_lib_book (digital_lib_book_id, title, description, issue_year) values (706,'Logic Programming in Scheme','In this book, functional programming is exemplified by Scheme, a dialect of Lisp.',2007);
insert into digital_lib_book_author (digital_lib_book_fk, digital_lib_author_fk) values (706,969);
insert into digital_lib_book_tag (digital_lib_book_fk, digital_lib_tag_fk) values (706,1858);
insert into digital_lib_book_tag (digital_lib_book_fk, digital_lib_tag_fk) values (706,1035);
insert into digital_lib_book_tag (digital_lib_book_fk, digital_lib_tag_fk) values (706,71);
insert into digital_lib_book_publisher (digital_lib_book_fk, digital_lib_publisher_fk) values (706,101);
insert into digital_lib_category_book (digital_lib_book_fk, digital_lib_category_fk) values (706,6);
insert into digital_lib_category_book (digital_lib_book_fk, digital_lib_category_fk) values (706,34);
insert into digital_lib_book (digital_lib_book_id, title, description, issue_year) values (707,'Master Space and Time With JavaScript. The Basics','Master Space and Time With JavaScript is a project divided into four books.This first block contains an introduction to creating tests with Jasmine and jQuery as well as an analysis of the object model in Javascript.',2012);
insert into digital_lib_book_author (digital_lib_book_fk, digital_lib_author_fk) values (707,1169);
insert into digital_lib_book_tag (digital_lib_book_fk, digital_lib_tag_fk) values (707,2076);
insert into digital_lib_book_tag (digital_lib_book_fk, digital_lib_tag_fk) values (707,71);
insert into digital_lib_book_tag (digital_lib_book_fk, digital_lib_tag_fk) values (707,119);
insert into digital_lib_book_tag (digital_lib_book_fk, digital_lib_tag_fk) values (707,1151);
insert into digital_lib_book_tag (digital_lib_book_fk, digital_lib_tag_fk) values (707,2129);
insert into digital_lib_book_tag (digital_lib_book_fk, digital_lib_tag_fk) values (707,840);
insert into digital_lib_book_publisher (digital_lib_book_fk, digital_lib_publisher_fk) values (707,258);
insert into digital_lib_category_book (digital_lib_book_fk, digital_lib_category_fk) values (707,6);
insert into digital_lib_category_book (digital_lib_book_fk, digital_lib_category_fk) values (707,34);
insert into digital_lib_book (digital_lib_book_id, title, description, issue_year) values (708,'Mastering NodeJS','This work of documentation, still incomplete, will serve as a guide in this exciting world that has meant the consolidation of Javascript as the technology of the future, both for the Internet and for the desktop.',2011);
insert into digital_lib_book_author (digital_lib_book_fk, digital_lib_author_fk) values (708,325);
insert into digital_lib_book_tag (digital_lib_book_fk, digital_lib_tag_fk) values (708,575);
insert into digital_lib_book_tag (digital_lib_book_fk, digital_lib_tag_fk) values (708,1921);
insert into digital_lib_book_tag (digital_lib_book_fk, digital_lib_tag_fk) values (708,759);
insert into digital_lib_book_tag (digital_lib_book_fk, digital_lib_tag_fk) values (708,1086);
insert into digital_lib_book_tag (digital_lib_book_fk, digital_lib_tag_fk) values (708,1839);
insert into digital_lib_book_publisher (digital_lib_book_fk, digital_lib_publisher_fk) values (708,258);
insert into digital_lib_category_book (digital_lib_book_fk, digital_lib_category_fk) values (708,6);
insert into digital_lib_category_book (digital_lib_book_fk, digital_lib_category_fk) values (708,34);
insert into digital_lib_book (digital_lib_book_id, title, description, issue_year) values (709,'Maven by Example','Maven is a Java project management and build software tool created by Sonatype\`s Jason van Zyl in 2002. This book provides the explanation of it.',2010);
insert into digital_lib_book_author (digital_lib_book_fk, digital_lib_author_fk) values (709,325);
insert into digital_lib_book_tag (digital_lib_book_fk, digital_lib_tag_fk) values (709,1860);
insert into digital_lib_book_tag (digital_lib_book_fk, digital_lib_tag_fk) values (709,1933);
insert into digital_lib_book_tag (digital_lib_book_fk, digital_lib_tag_fk) values (709,1900);
insert into digital_lib_book_tag (digital_lib_book_fk, digital_lib_tag_fk) values (709,1839);
insert into digital_lib_book_tag (digital_lib_book_fk, digital_lib_tag_fk) values (709,71);
insert into digital_lib_book_publisher (digital_lib_book_fk, digital_lib_publisher_fk) values (709,20);
insert into digital_lib_category_book (digital_lib_book_fk, digital_lib_category_fk) values (709,6);
insert into digital_lib_category_book (digital_lib_book_fk, digital_lib_category_fk) values (709,34);
insert into digital_lib_book (digital_lib_book_id, title, description, issue_year) values (710,'Programming Windows 8 Apps with HTML, CSS and Javascript','This guide shows you how to get started developing applications for Windows 8 using the most common web technologies: HTML, CSS, and Javascript.',2012);
insert into digital_lib_book_author (digital_lib_book_fk, digital_lib_author_fk) values (710,1116);
insert into digital_lib_book_tag (digital_lib_book_fk, digital_lib_tag_fk) values (710,1635);
insert into digital_lib_book_tag (digital_lib_book_fk, digital_lib_tag_fk) values (710,1026);
insert into digital_lib_book_tag (digital_lib_book_fk, digital_lib_tag_fk) values (710,1839);
insert into digital_lib_book_tag (digital_lib_book_fk, digital_lib_tag_fk) values (710,759);
insert into digital_lib_book_tag (digital_lib_book_fk, digital_lib_tag_fk) values (710,893);
insert into digital_lib_book_publisher (digital_lib_book_fk, digital_lib_publisher_fk) values (710,88);
insert into digital_lib_category_book (digital_lib_book_fk, digital_lib_category_fk) values (710,6);
insert into digital_lib_category_book (digital_lib_book_fk, digital_lib_category_fk) values (710,34);
insert into digital_lib_book (digital_lib_book_id, title, description, issue_year) values (711,'Multiobjective Analysis and Inference of Phylogenetic Hypotheses by Means of Parallel and Bioinspired Computing','This PhD Thesis aims to apply bioinspired computing to perform real phylogenetic analyses according to the maximum parsimony and maximum likelihood criteria.',2015);
insert into digital_lib_book_author (digital_lib_book_fk, digital_lib_author_fk) values (711,946);
insert into digital_lib_book_tag (digital_lib_book_fk, digital_lib_tag_fk) values (711,876);
insert into digital_lib_book_tag (digital_lib_book_fk, digital_lib_tag_fk) values (711,2446);
insert into digital_lib_book_tag (digital_lib_book_fk, digital_lib_tag_fk) values (711,2034);
insert into digital_lib_book_tag (digital_lib_book_fk, digital_lib_tag_fk) values (711,91);
insert into digital_lib_book_tag (digital_lib_book_fk, digital_lib_tag_fk) values (711,2453);
insert into digital_lib_book_tag (digital_lib_book_fk, digital_lib_tag_fk) values (711,2099);
insert into digital_lib_book_tag (digital_lib_book_fk, digital_lib_tag_fk) values (711,2211);
insert into digital_lib_book_tag (digital_lib_book_fk, digital_lib_tag_fk) values (711,1187);
insert into digital_lib_book_publisher (digital_lib_book_fk, digital_lib_publisher_fk) values (711,81);
insert into digital_lib_category_book (digital_lib_book_fk, digital_lib_category_fk) values (711,6);
insert into digital_lib_category_book (digital_lib_book_fk, digital_lib_category_fk) values (711,34);
insert into digital_lib_book (digital_lib_book_id, title, description, issue_year) values (712,'Node.js Notes for Professionals','This Node.js Notes for Professionals book is compiled from Stack Overflow Documentation, the content is written by the beautiful people at Stack Overflow.',2018);
insert into digital_lib_book_author (digital_lib_book_fk, digital_lib_author_fk) values (712,391);
insert into digital_lib_book_tag (digital_lib_book_fk, digital_lib_tag_fk) values (712,1839);
insert into digital_lib_book_tag (digital_lib_book_fk, digital_lib_tag_fk) values (712,1921);
insert into digital_lib_book_tag (digital_lib_book_fk, digital_lib_tag_fk) values (712,759);
insert into digital_lib_book_tag (digital_lib_book_fk, digital_lib_tag_fk) values (712,1097);
insert into digital_lib_book_tag (digital_lib_book_fk, digital_lib_tag_fk) values (712,1086);
insert into digital_lib_book_tag (digital_lib_book_fk, digital_lib_tag_fk) values (712,908);
insert into digital_lib_book_publisher (digital_lib_book_fk, digital_lib_publisher_fk) values (712,22);
insert into digital_lib_category_book (digital_lib_book_fk, digital_lib_category_fk) values (712,6);
insert into digital_lib_category_book (digital_lib_book_fk, digital_lib_category_fk) values (712,34);
insert into digital_lib_book (digital_lib_book_id, title, description, issue_year) values (713,'Non-Programmers Tutorial For Python','Python Tutorial for Non-Programmers is a tutorial designed as an introduction to the Python programming language. This guide is for anyone who has no programming experience at all.',2002);
insert into digital_lib_book_author (digital_lib_book_fk, digital_lib_author_fk) values (713,765);
insert into digital_lib_book_tag (digital_lib_book_fk, digital_lib_tag_fk) values (713,2076);
insert into digital_lib_book_tag (digital_lib_book_fk, digital_lib_tag_fk) values (713,1229);
insert into digital_lib_book_publisher (digital_lib_book_fk, digital_lib_publisher_fk) values (713,151);
insert into digital_lib_category_book (digital_lib_book_fk, digital_lib_category_fk) values (713,6);
insert into digital_lib_category_book (digital_lib_book_fk, digital_lib_category_fk) values (713,34);
insert into digital_lib_book (digital_lib_book_id, title, description, issue_year) values (714,'Programming Forth','Programming Forth introduces you to modern Forth systems.',2011);
insert into digital_lib_book_author (digital_lib_book_fk, digital_lib_author_fk) values (714,67);
insert into digital_lib_book_tag (digital_lib_book_fk, digital_lib_tag_fk) values (714,1839);
insert into digital_lib_book_tag (digital_lib_book_fk, digital_lib_tag_fk) values (714,71);
insert into digital_lib_book_publisher (digital_lib_book_fk, digital_lib_publisher_fk) values (714,31);
insert into digital_lib_category_book (digital_lib_book_fk, digital_lib_category_fk) values (714,6);
insert into digital_lib_category_book (digital_lib_book_fk, digital_lib_category_fk) values (714,34);
insert into digital_lib_book (digital_lib_book_id, title, description, issue_year) values (715,'Programming in C++','C++ is a general purpose programming language. It has imperative, object-oriented and generic programming features, while also providing the facilities for low level memory manipulation. This book provides explanation of the C++ langauge.',2014);
insert into digital_lib_book_author (digital_lib_book_fk, digital_lib_author_fk) values (715,1057);
insert into digital_lib_book_tag (digital_lib_book_fk, digital_lib_tag_fk) values (715,367);
insert into digital_lib_book_tag (digital_lib_book_fk, digital_lib_tag_fk) values (715,1839);
insert into digital_lib_book_publisher (digital_lib_book_fk, digital_lib_publisher_fk) values (715,258);
insert into digital_lib_category_book (digital_lib_book_fk, digital_lib_category_fk) values (715,6);
insert into digital_lib_category_book (digital_lib_book_fk, digital_lib_category_fk) values (715,34);
insert into digital_lib_book (digital_lib_book_id, title, description, issue_year) values (716,'Programming for Non-Programmers','This book provides you with essentials of programming, even if you have never tried it yourself.',2009);
insert into digital_lib_book_author (digital_lib_book_fk, digital_lib_author_fk) values (716,265);
insert into digital_lib_book_tag (digital_lib_book_fk, digital_lib_tag_fk) values (716,1229);
insert into digital_lib_book_tag (digital_lib_book_fk, digital_lib_tag_fk) values (716,449);
insert into digital_lib_book_tag (digital_lib_book_fk, digital_lib_tag_fk) values (716,1839);
insert into digital_lib_book_publisher (digital_lib_book_fk, digital_lib_publisher_fk) values (716,172);
insert into digital_lib_category_book (digital_lib_book_fk, digital_lib_category_fk) values (716,6);
insert into digital_lib_category_book (digital_lib_book_fk, digital_lib_category_fk) values (716,34);
insert into digital_lib_book (digital_lib_book_id, title, description, issue_year) values (717,'Probabilistic Programming for Procedural Modeling and Design','In this dissertation, we use probabilistic programming languages to express such Bayesian procedural models. A probabilistic programming language (PPL) provides random choice and Bayesian conditioning operators as primitives, and inference corresponds to searching the space of program executions for high-probability execution traces.',2016);
insert into digital_lib_book_author (digital_lib_book_fk, digital_lib_author_fk) values (717,878);
insert into digital_lib_book_tag (digital_lib_book_fk, digital_lib_tag_fk) values (717,2446);
insert into digital_lib_book_tag (digital_lib_book_fk, digital_lib_tag_fk) values (717,1161);
insert into digital_lib_book_tag (digital_lib_book_fk, digital_lib_tag_fk) values (717,904);
insert into digital_lib_book_tag (digital_lib_book_fk, digital_lib_tag_fk) values (717,803);
insert into digital_lib_book_tag (digital_lib_book_fk, digital_lib_tag_fk) values (717,2337);
insert into digital_lib_book_tag (digital_lib_book_fk, digital_lib_tag_fk) values (717,651);
insert into digital_lib_book_tag (digital_lib_book_fk, digital_lib_tag_fk) values (717,2076);
insert into digital_lib_book_tag (digital_lib_book_fk, digital_lib_tag_fk) values (717,876);
insert into digital_lib_book_publisher (digital_lib_book_fk, digital_lib_publisher_fk) values (717,200);
insert into digital_lib_category_book (digital_lib_book_fk, digital_lib_category_fk) values (717,6);
insert into digital_lib_category_book (digital_lib_book_fk, digital_lib_category_fk) values (717,34);
insert into digital_lib_book (digital_lib_book_id, title, description, issue_year) values (718,'Programming and Mathematical Thinking A Gentle Introduction to Discrete Math Featuring Pythn','The mission in this book is to encourage programmers to think mathematically as they develop programs. This idea is nothing new to programmers in science and engineering fields, because much of their work is inherently based on numerical mathematics and the mathematics of real numbers.',2014);
insert into digital_lib_book_author (digital_lib_book_fk, digital_lib_author_fk) values (718,323);
insert into digital_lib_book_tag (digital_lib_book_fk, digital_lib_tag_fk) values (718,1041);
insert into digital_lib_book_tag (digital_lib_book_fk, digital_lib_tag_fk) values (718,2076);
insert into digital_lib_book_tag (digital_lib_book_fk, digital_lib_tag_fk) values (718,1229);
insert into digital_lib_book_publisher (digital_lib_book_fk, digital_lib_publisher_fk) values (718,177);
insert into digital_lib_category_book (digital_lib_book_fk, digital_lib_category_fk) values (718,6);
insert into digital_lib_category_book (digital_lib_book_fk, digital_lib_category_fk) values (718,34);
insert into digital_lib_book (digital_lib_book_id, title, description, issue_year) values (719,'Programming Computer Vision with Python','The idea behind this book is to give an easily accessible entry point to hands-on computer vision with enough understanding of the underlying theory and algorithms to be a foundation for students, researchers and enthusiasts.',2012);
insert into digital_lib_book_author (digital_lib_book_fk, digital_lib_author_fk) values (719,49);
insert into digital_lib_book_tag (digital_lib_book_fk, digital_lib_tag_fk) values (719,2454);
insert into digital_lib_book_tag (digital_lib_book_fk, digital_lib_tag_fk) values (719,567);
insert into digital_lib_book_tag (digital_lib_book_fk, digital_lib_tag_fk) values (719,2076);
insert into digital_lib_book_tag (digital_lib_book_fk, digital_lib_tag_fk) values (719,1229);
insert into digital_lib_book_publisher (digital_lib_book_fk, digital_lib_publisher_fk) values (719,258);
insert into digital_lib_category_book (digital_lib_book_fk, digital_lib_category_fk) values (719,6);
insert into digital_lib_category_book (digital_lib_book_fk, digital_lib_category_fk) values (719,34);
insert into digital_lib_book (digital_lib_book_id, title, description, issue_year) values (720,'Programming for Computations – MATLAB/Octave','This book is about the combination of programming and computing, because computing today becomes so much more powerful when combined with programming.',2016);
insert into digital_lib_book_author (digital_lib_book_fk, digital_lib_author_fk) values (720,249);
insert into digital_lib_book_author (digital_lib_book_fk, digital_lib_author_fk) values (720,436);
insert into digital_lib_book_tag (digital_lib_book_fk, digital_lib_tag_fk) values (720,2263);
insert into digital_lib_book_tag (digital_lib_book_fk, digital_lib_tag_fk) values (720,100);
insert into digital_lib_book_tag (digital_lib_book_fk, digital_lib_tag_fk) values (720,1041);
insert into digital_lib_book_tag (digital_lib_book_fk, digital_lib_tag_fk) values (720,2080);
insert into digital_lib_book_tag (digital_lib_book_fk, digital_lib_tag_fk) values (720,2076);
insert into digital_lib_book_tag (digital_lib_book_fk, digital_lib_tag_fk) values (720,71);
insert into digital_lib_book_publisher (digital_lib_book_fk, digital_lib_publisher_fk) values (720,14);
insert into digital_lib_category_book (digital_lib_book_fk, digital_lib_category_fk) values (720,6);
insert into digital_lib_category_book (digital_lib_book_fk, digital_lib_category_fk) values (720,34);
insert into digital_lib_book (digital_lib_book_id, title, description, issue_year) values (721,'Programming on Parallel Machines','Parallel computing is a programming technique in which many instructions are executed simultaneously. It is based on the principle that large problems can be broken down into smaller parts that can be solved concurrently ("in parallel"). This book delves deeper into the topic.',2011);
insert into digital_lib_book_author (digital_lib_book_fk, digital_lib_author_fk) values (721,926);
insert into digital_lib_book_tag (digital_lib_book_fk, digital_lib_tag_fk) values (721,217);
insert into digital_lib_book_tag (digital_lib_book_fk, digital_lib_tag_fk) values (721,246);
insert into digital_lib_book_tag (digital_lib_book_fk, digital_lib_tag_fk) values (721,1800);
insert into digital_lib_book_tag (digital_lib_book_fk, digital_lib_tag_fk) values (721,415);
insert into digital_lib_book_tag (digital_lib_book_fk, digital_lib_tag_fk) values (721,985);
insert into digital_lib_book_tag (digital_lib_book_fk, digital_lib_tag_fk) values (721,782);
insert into digital_lib_book_tag (digital_lib_book_fk, digital_lib_tag_fk) values (721,1839);
insert into digital_lib_book_publisher (digital_lib_book_fk, digital_lib_publisher_fk) values (721,276);
insert into digital_lib_category_book (digital_lib_book_fk, digital_lib_category_fk) values (721,6);
insert into digital_lib_category_book (digital_lib_book_fk, digital_lib_category_fk) values (721,34);
insert into digital_lib_book (digital_lib_book_id, title, description, issue_year) values (722,'Programming with Threads: Synchronization and Communication','In operating systems, a thread of execution, thread, or thread is the smallest processing unit that can be scheduled by an operating system. This book will provide you with information on the topics to a greater detail.',2011);
insert into digital_lib_book_author (digital_lib_book_fk, digital_lib_author_fk) values (722,146);
insert into digital_lib_book_tag (digital_lib_book_fk, digital_lib_tag_fk) values (722,1091);
insert into digital_lib_book_tag (digital_lib_book_fk, digital_lib_tag_fk) values (722,1839);
insert into digital_lib_book_tag (digital_lib_book_fk, digital_lib_tag_fk) values (722,1933);
insert into digital_lib_book_tag (digital_lib_book_fk, digital_lib_tag_fk) values (722,1125);
insert into digital_lib_book_tag (digital_lib_book_fk, digital_lib_tag_fk) values (722,1974);
insert into digital_lib_book_tag (digital_lib_book_fk, digital_lib_tag_fk) values (722,1381);
insert into digital_lib_book_publisher (digital_lib_book_fk, digital_lib_publisher_fk) values (722,151);
insert into digital_lib_category_book (digital_lib_book_fk, digital_lib_category_fk) values (722,6);
insert into digital_lib_category_book (digital_lib_book_fk, digital_lib_category_fk) values (722,34);
insert into digital_lib_book (digital_lib_book_id, title, description, issue_year) values (723,'The Pyramid Web Application Development Framework','This book describes the web application development process following the Pyramid concept through a narrative form, written as if it were a long conversation.',2011);
insert into digital_lib_book_author (digital_lib_book_fk, digital_lib_author_fk) values (723,971);
insert into digital_lib_book_tag (digital_lib_book_fk, digital_lib_tag_fk) values (723,101);
insert into digital_lib_book_tag (digital_lib_book_fk, digital_lib_tag_fk) values (723,606);
insert into digital_lib_book_tag (digital_lib_book_fk, digital_lib_tag_fk) values (723,263);
insert into digital_lib_book_tag (digital_lib_book_fk, digital_lib_tag_fk) values (723,1229);
insert into digital_lib_book_tag (digital_lib_book_fk, digital_lib_tag_fk) values (723,836);
insert into digital_lib_book_tag (digital_lib_book_fk, digital_lib_tag_fk) values (723,1839);
insert into digital_lib_book_publisher (digital_lib_book_fk, digital_lib_publisher_fk) values (723,100);
insert into digital_lib_category_book (digital_lib_book_fk, digital_lib_category_fk) values (723,6);
insert into digital_lib_category_book (digital_lib_book_fk, digital_lib_category_fk) values (723,34);
insert into digital_lib_book (digital_lib_book_id, title, description, issue_year) values (724,'Optimization Coaching for Javascript','The performance of dynamic object-oriented programming languages such as JavaScript depends heavily on highly optimizing just-in-time compilers.  This book will provide explanation of the topic even further.',2015);
insert into digital_lib_book_author (digital_lib_book_fk, digital_lib_author_fk) values (724,671);
insert into digital_lib_book_author (digital_lib_book_fk, digital_lib_author_fk) values (724,947);
insert into digital_lib_book_tag (digital_lib_book_fk, digital_lib_tag_fk) values (724,1921);
insert into digital_lib_book_tag (digital_lib_book_fk, digital_lib_tag_fk) values (724,2079);
insert into digital_lib_book_tag (digital_lib_book_fk, digital_lib_tag_fk) values (724,759);
insert into digital_lib_book_tag (digital_lib_book_fk, digital_lib_tag_fk) values (724,1839);
insert into digital_lib_book_publisher (digital_lib_book_fk, digital_lib_publisher_fk) values (724,169);
insert into digital_lib_category_book (digital_lib_book_fk, digital_lib_category_fk) values (724,6);
insert into digital_lib_category_book (digital_lib_book_fk, digital_lib_category_fk) values (724,34);
insert into digital_lib_book (digital_lib_book_id, title, description, issue_year) values (725,'Parsing Techniques. A Practical Guide','Parsing, also known as parsing, has been and continues to be an essential part of computer science and linguistics. This book provides explanation of the topic.',1990);
insert into digital_lib_book_author (digital_lib_book_fk, digital_lib_author_fk) values (725,1001);
insert into digital_lib_book_author (digital_lib_book_fk, digital_lib_author_fk) values (725,980);
insert into digital_lib_book_tag (digital_lib_book_fk, digital_lib_tag_fk) values (725,876);
insert into digital_lib_book_tag (digital_lib_book_fk, digital_lib_tag_fk) values (725,2446);
insert into digital_lib_book_tag (digital_lib_book_fk, digital_lib_tag_fk) values (725,81);
insert into digital_lib_book_tag (digital_lib_book_fk, digital_lib_tag_fk) values (725,1084);
insert into digital_lib_book_publisher (digital_lib_book_fk, digital_lib_publisher_fk) values (725,229);
insert into digital_lib_category_book (digital_lib_book_fk, digital_lib_category_fk) values (725,6);
insert into digital_lib_category_book (digital_lib_book_fk, digital_lib_category_fk) values (725,34);
insert into digital_lib_book (digital_lib_book_id, title, description, issue_year) values (726,'PC Assembly Language','The purpose of this book is to give the reader a better understanding of how computers really work at a lower level than in programming languages like Pascal. By gaining a deeper understanding of how computers work, the reader can often be much more productive developing software in higher level languages such as C and C++.',2006);
insert into digital_lib_book_author (digital_lib_book_fk, digital_lib_author_fk) values (726,1017);
insert into digital_lib_book_tag (digital_lib_book_fk, digital_lib_tag_fk) values (726,367);
insert into digital_lib_book_tag (digital_lib_book_fk, digital_lib_tag_fk) values (726,1839);
insert into digital_lib_book_tag (digital_lib_book_fk, digital_lib_tag_fk) values (726,71);
insert into digital_lib_book_publisher (digital_lib_book_fk, digital_lib_publisher_fk) values (726,258);
insert into digital_lib_category_book (digital_lib_book_fk, digital_lib_category_fk) values (726,6);
insert into digital_lib_category_book (digital_lib_book_fk, digital_lib_category_fk) values (726,34);
insert into digital_lib_book (digital_lib_book_id, title, description, issue_year) values (727,'Performance and Evaluation of Lisp Systems','This book is the final result of the Stanford Lisp Performance Study, a study through which the power of the Lisp language was sought to be specified within a systems architecture. The study was carried out during the period from February 1981 to October 1984.',1985);
insert into digital_lib_book_author (digital_lib_book_fk, digital_lib_author_fk) values (727,667);
insert into digital_lib_book_tag (digital_lib_book_fk, digital_lib_tag_fk) values (727,1839);
insert into digital_lib_book_tag (digital_lib_book_fk, digital_lib_tag_fk) values (727,1091);
insert into digital_lib_book_tag (digital_lib_book_fk, digital_lib_tag_fk) values (727,1506);
insert into digital_lib_book_tag (digital_lib_book_fk, digital_lib_tag_fk) values (727,1360);
insert into digital_lib_book_tag (digital_lib_book_fk, digital_lib_tag_fk) values (727,2055);
insert into digital_lib_book_publisher (digital_lib_book_fk, digital_lib_publisher_fk) values (727,194);
insert into digital_lib_category_book (digital_lib_book_fk, digital_lib_category_fk) values (727,6);
insert into digital_lib_category_book (digital_lib_book_fk, digital_lib_category_fk) values (727,34);
insert into digital_lib_book (digital_lib_book_id, title, description, issue_year) values (728,'PHP5 Power Programming','The book PHP 5 Power Programming, co-authored by none other than Andi Gutmans (one of the creators of the Zend Engine and designer of PHP5) is considered one of the best manuals on PHP5. It covers everything from its most fundamental to advanced concepts (such as OOP and Design Patterns).',2005);
insert into digital_lib_book_author (digital_lib_book_fk, digital_lib_author_fk) values (728,159);
insert into digital_lib_book_author (digital_lib_book_fk, digital_lib_author_fk) values (728,797);
insert into digital_lib_book_author (digital_lib_book_fk, digital_lib_author_fk) values (728,582);
insert into digital_lib_book_tag (digital_lib_book_fk, digital_lib_tag_fk) values (728,782);
insert into digital_lib_book_tag (digital_lib_book_fk, digital_lib_tag_fk) values (728,1839);
insert into digital_lib_book_tag (digital_lib_book_fk, digital_lib_tag_fk) values (728,2079);
insert into digital_lib_book_tag (digital_lib_book_fk, digital_lib_tag_fk) values (728,1263);
insert into digital_lib_book_tag (digital_lib_book_fk, digital_lib_tag_fk) values (728,1619);
insert into digital_lib_book_tag (digital_lib_book_fk, digital_lib_tag_fk) values (728,1575);
insert into digital_lib_book_tag (digital_lib_book_fk, digital_lib_tag_fk) values (728,228);
insert into digital_lib_book_publisher (digital_lib_book_fk, digital_lib_publisher_fk) values (728,205);
insert into digital_lib_category_book (digital_lib_book_fk, digital_lib_category_fk) values (728,6);
insert into digital_lib_category_book (digital_lib_book_fk, digital_lib_category_fk) values (728,34);
insert into digital_lib_book (digital_lib_book_id, title, description, issue_year) values (729,'PHPUnit 3.7 Manual','PHPUnit is an environment for unit testing in the PHP programming language. This book is a manual that will guide you through PHPUnit 3.7',2013);
insert into digital_lib_book_author (digital_lib_book_fk, digital_lib_author_fk) values (729,641);
insert into digital_lib_book_tag (digital_lib_book_fk, digital_lib_tag_fk) values (729,1619);
insert into digital_lib_book_tag (digital_lib_book_fk, digital_lib_tag_fk) values (729,1839);
insert into digital_lib_book_tag (digital_lib_book_fk, digital_lib_tag_fk) values (729,119);
insert into digital_lib_book_tag (digital_lib_book_fk, digital_lib_tag_fk) values (729,1163);
insert into digital_lib_book_tag (digital_lib_book_fk, digital_lib_tag_fk) values (729,1610);
insert into digital_lib_book_publisher (digital_lib_book_fk, digital_lib_publisher_fk) values (729,258);
insert into digital_lib_category_book (digital_lib_book_fk, digital_lib_category_fk) values (729,6);
insert into digital_lib_category_book (digital_lib_book_fk, digital_lib_category_fk) values (729,34);
insert into digital_lib_book (digital_lib_book_id, title, description, issue_year) values (730,'PlugIn Tapestry','This book explains PlugIns in detail and provides you with information on the topic.',2016);
insert into digital_lib_book_author (digital_lib_book_fk, digital_lib_author_fk) values (730,58);
insert into digital_lib_book_tag (digital_lib_book_fk, digital_lib_tag_fk) values (730,44);
insert into digital_lib_book_tag (digital_lib_book_fk, digital_lib_tag_fk) values (730,600);
insert into digital_lib_book_tag (digital_lib_book_fk, digital_lib_tag_fk) values (730,1261);
insert into digital_lib_book_tag (digital_lib_book_fk, digital_lib_tag_fk) values (730,1224);
insert into digital_lib_book_tag (digital_lib_book_fk, digital_lib_tag_fk) values (730,2108);
insert into digital_lib_book_tag (digital_lib_book_fk, digital_lib_tag_fk) values (730,859);
insert into digital_lib_book_tag (digital_lib_book_fk, digital_lib_tag_fk) values (730,497);
insert into digital_lib_book_tag (digital_lib_book_fk, digital_lib_tag_fk) values (730,1917);
insert into digital_lib_book_tag (digital_lib_book_fk, digital_lib_tag_fk) values (730,2076);
insert into digital_lib_book_tag (digital_lib_book_fk, digital_lib_tag_fk) values (730,523);
insert into digital_lib_book_tag (digital_lib_book_fk, digital_lib_tag_fk) values (730,1086);
insert into digital_lib_book_tag (digital_lib_book_fk, digital_lib_tag_fk) values (730,1933);
insert into digital_lib_book_tag (digital_lib_book_fk, digital_lib_tag_fk) values (730,1635);
insert into digital_lib_book_tag (digital_lib_book_fk, digital_lib_tag_fk) values (730,1590);
insert into digital_lib_book_tag (digital_lib_book_fk, digital_lib_tag_fk) values (730,2076);
insert into digital_lib_book_publisher (digital_lib_book_fk, digital_lib_publisher_fk) values (730,240);
insert into digital_lib_category_book (digital_lib_book_fk, digital_lib_category_fk) values (730,6);
insert into digital_lib_category_book (digital_lib_book_fk, digital_lib_category_fk) values (730,34);
insert into digital_lib_book (digital_lib_book_id, title, description, issue_year) values (731,'Practical Foundations for Programming Languages. 2nd Ed','The book is divided into parts that are, in the main, independent of one another. Parts I and II, however, provide the foundation for the rest of the book, and must therefore be considered prior to all other parts.',2014);
insert into digital_lib_book_author (digital_lib_book_fk, digital_lib_author_fk) values (731,17);
insert into digital_lib_book_tag (digital_lib_book_fk, digital_lib_tag_fk) values (731,389);
insert into digital_lib_book_tag (digital_lib_book_fk, digital_lib_tag_fk) values (731,455);
insert into digital_lib_book_tag (digital_lib_book_fk, digital_lib_tag_fk) values (731,939);
insert into digital_lib_book_tag (digital_lib_book_fk, digital_lib_tag_fk) values (731,2076);
insert into digital_lib_book_tag (digital_lib_book_fk, digital_lib_tag_fk) values (731,71);
insert into digital_lib_book_tag (digital_lib_book_fk, digital_lib_tag_fk) values (731,876);
insert into digital_lib_book_tag (digital_lib_book_fk, digital_lib_tag_fk) values (731,782);
insert into digital_lib_book_publisher (digital_lib_book_fk, digital_lib_publisher_fk) values (731,16);
insert into digital_lib_category_book (digital_lib_book_fk, digital_lib_category_fk) values (731,6);
insert into digital_lib_category_book (digital_lib_book_fk, digital_lib_category_fk) values (731,34);
insert into digital_lib_book (digital_lib_book_id, title, description, issue_year) values (732,'Practical Foundations for Programming Languages','This book is written as a rough draft on the basics of programming. The central body of this work is based on the fact that the characteristics of programming languages ​​can be seen as manifestations of an underlying structure that governs their syntax and semantics.',2011);
insert into digital_lib_book_author (digital_lib_book_fk, digital_lib_author_fk) values (732,17);
insert into digital_lib_book_tag (digital_lib_book_fk, digital_lib_tag_fk) values (732,389);
insert into digital_lib_book_tag (digital_lib_book_fk, digital_lib_tag_fk) values (732,455);
insert into digital_lib_book_tag (digital_lib_book_fk, digital_lib_tag_fk) values (732,939);
insert into digital_lib_book_tag (digital_lib_book_fk, digital_lib_tag_fk) values (732,2076);
insert into digital_lib_book_tag (digital_lib_book_fk, digital_lib_tag_fk) values (732,71);
insert into digital_lib_book_tag (digital_lib_book_fk, digital_lib_tag_fk) values (732,876);
insert into digital_lib_book_tag (digital_lib_book_fk, digital_lib_tag_fk) values (732,782);
insert into digital_lib_book_publisher (digital_lib_book_fk, digital_lib_publisher_fk) values (732,16);
insert into digital_lib_category_book (digital_lib_book_fk, digital_lib_category_fk) values (732,6);
insert into digital_lib_category_book (digital_lib_book_fk, digital_lib_category_fk) values (732,34);
insert into digital_lib_book (digital_lib_book_id, title, description, issue_year) values (733,'SWI-Prolog 5.10','SWI-Prolog is a Prolog implementation based on a subset of the WAM (Warren Ab- stract Machine). This document gives an overview of the features, system limits and built-in predicates.',2010);
insert into digital_lib_book_author (digital_lib_book_fk, digital_lib_author_fk) values (733,986);
insert into digital_lib_book_tag (digital_lib_book_fk, digital_lib_tag_fk) values (733,2272);
insert into digital_lib_book_publisher (digital_lib_book_fk, digital_lib_publisher_fk) values (733,149);
insert into digital_lib_category_book (digital_lib_book_fk, digital_lib_category_fk) values (733,6);
insert into digital_lib_category_book (digital_lib_book_fk, digital_lib_category_fk) values (733,34);
insert into digital_lib_book (digital_lib_book_id, title, description, issue_year) values (734,'Python Guide Documentation','This book provides a guide to Python.',2013);
insert into digital_lib_book_author (digital_lib_book_fk, digital_lib_author_fk) values (734,756);
insert into digital_lib_book_tag (digital_lib_book_fk, digital_lib_tag_fk) values (734,2076);
insert into digital_lib_book_tag (digital_lib_book_fk, digital_lib_tag_fk) values (734,71);
insert into digital_lib_book_publisher (digital_lib_book_fk, digital_lib_publisher_fk) values (734,258);
insert into digital_lib_category_book (digital_lib_book_fk, digital_lib_category_fk) values (734,6);
insert into digital_lib_category_book (digital_lib_book_fk, digital_lib_category_fk) values (734,34);
insert into digital_lib_book (digital_lib_book_id, title, description, issue_year) values (735,'The Spy in the Sandbox: Practical Cache Attacks in Javascript','We present the first micro-architectural side-channel attack which runs entirely in the browser. In contrast to other works in this genre, this attack does not require the attacker to install any software on the victim’s machine – to facilitate the attack, the victim needs only to browse to an untrusted webpage with attacker-controlled content.',2015);
insert into digital_lib_book_author (digital_lib_book_fk, digital_lib_author_fk) values (735,456);
insert into digital_lib_book_author (digital_lib_book_fk, digital_lib_author_fk) values (735,1066);
insert into digital_lib_book_author (digital_lib_book_fk, digital_lib_author_fk) values (735,719);
insert into digital_lib_book_author (digital_lib_book_fk, digital_lib_author_fk) values (735,924);
insert into digital_lib_book_tag (digital_lib_book_fk, digital_lib_tag_fk) values (735,200);
insert into digital_lib_book_tag (digital_lib_book_fk, digital_lib_tag_fk) values (735,759);
insert into digital_lib_book_tag (digital_lib_book_fk, digital_lib_tag_fk) values (735,2076);
insert into digital_lib_book_tag (digital_lib_book_fk, digital_lib_tag_fk) values (735,2089);
insert into digital_lib_book_publisher (digital_lib_book_fk, digital_lib_publisher_fk) values (735,17);
insert into digital_lib_category_book (digital_lib_book_fk, digital_lib_category_fk) values (735,6);
insert into digital_lib_category_book (digital_lib_book_fk, digital_lib_category_fk) values (735,34);
insert into digital_lib_book (digital_lib_book_id, title, description, issue_year) values (736,'Python Notes for Professionals','This Python® Notes for Professionals book is compiled from Stack Overflow Documentation, the content is written by the beautiful people at Stack Overflow.',2018);
insert into digital_lib_book_author (digital_lib_book_fk, digital_lib_author_fk) values (736,325);
insert into digital_lib_book_tag (digital_lib_book_fk, digital_lib_tag_fk) values (736,2076);
insert into digital_lib_book_tag (digital_lib_book_fk, digital_lib_tag_fk) values (736,1229);
insert into digital_lib_book_publisher (digital_lib_book_fk, digital_lib_publisher_fk) values (736,110);
insert into digital_lib_category_book (digital_lib_book_fk, digital_lib_category_fk) values (736,6);
insert into digital_lib_category_book (digital_lib_book_fk, digital_lib_category_fk) values (736,34);
insert into digital_lib_book (digital_lib_book_id, title, description, issue_year) values (737,'Start Here: Python Programming','This book is designed for those who start their career as developers with the Python language. For this manual, we have opted for an analysis and use of version 3 or later. It is therefore a brief introduction to this language for which, at the time of writing, there are many resources available but for earlier versions.',2010);
insert into digital_lib_book_author (digital_lib_book_fk, digital_lib_author_fk) values (737,567);
insert into digital_lib_book_tag (digital_lib_book_fk, digital_lib_tag_fk) values (737,2076);
insert into digital_lib_book_tag (digital_lib_book_fk, digital_lib_tag_fk) values (737,1229);
insert into digital_lib_book_publisher (digital_lib_book_fk, digital_lib_publisher_fk) values (737,137);
insert into digital_lib_category_book (digital_lib_book_fk, digital_lib_category_fk) values (737,6);
insert into digital_lib_category_book (digital_lib_book_fk, digital_lib_category_fk) values (737,34);
insert into digital_lib_book (digital_lib_book_id, title, description, issue_year) values (738,'Python Programming','This book provides information on programming with Python programming language.',2012);
insert into digital_lib_book_author (digital_lib_book_fk, digital_lib_author_fk) values (738,185);
insert into digital_lib_book_tag (digital_lib_book_fk, digital_lib_tag_fk) values (738,2076);
insert into digital_lib_book_tag (digital_lib_book_fk, digital_lib_tag_fk) values (738,1229);
insert into digital_lib_book_publisher (digital_lib_book_fk, digital_lib_publisher_fk) values (738,139);
insert into digital_lib_category_book (digital_lib_book_fk, digital_lib_category_fk) values (738,6);
insert into digital_lib_category_book (digital_lib_book_fk, digital_lib_category_fk) values (738,34);
insert into digital_lib_book (digital_lib_book_id, title, description, issue_year) values (739,'Python Scripting for Spatial Data Processing','This book provides information on programming with Python programming language. More specifically, the relation between Python scripting and Spatial Data Processing.',2013);
insert into digital_lib_book_author (digital_lib_book_fk, digital_lib_author_fk) values (739,1106);
insert into digital_lib_book_author (digital_lib_book_fk, digital_lib_author_fk) values (739,867);
insert into digital_lib_book_tag (digital_lib_book_fk, digital_lib_tag_fk) values (739,2076);
insert into digital_lib_book_tag (digital_lib_book_fk, digital_lib_tag_fk) values (739,1229);
insert into digital_lib_book_tag (digital_lib_book_fk, digital_lib_tag_fk) values (739,977);
insert into digital_lib_book_tag (digital_lib_book_fk, digital_lib_tag_fk) values (739,2412);
insert into digital_lib_book_publisher (digital_lib_book_fk, digital_lib_publisher_fk) values (739,193);
insert into digital_lib_category_book (digital_lib_book_fk, digital_lib_category_fk) values (739,6);
insert into digital_lib_category_book (digital_lib_book_fk, digital_lib_category_fk) values (739,34);
insert into digital_lib_book (digital_lib_book_id, title, description, issue_year) values (740,'Raspberry Pi Assembler','The self-explanatory title of this book provides insight into how to assemble Raspberry Pi.',2017);
insert into digital_lib_book_author (digital_lib_book_fk, digital_lib_author_fk) values (740,572);
insert into digital_lib_book_author (digital_lib_book_fk, digital_lib_author_fk) values (740,309);
insert into digital_lib_book_tag (digital_lib_book_fk, digital_lib_tag_fk) values (740,2159);
insert into digital_lib_book_tag (digital_lib_book_fk, digital_lib_tag_fk) values (740,2256);
insert into digital_lib_book_tag (digital_lib_book_fk, digital_lib_tag_fk) values (740,2119);
insert into digital_lib_book_tag (digital_lib_book_fk, digital_lib_tag_fk) values (740,1771);
insert into digital_lib_book_publisher (digital_lib_book_fk, digital_lib_publisher_fk) values (740,258);
insert into digital_lib_category_book (digital_lib_book_fk, digital_lib_category_fk) values (740,6);
insert into digital_lib_category_book (digital_lib_book_fk, digital_lib_category_fk) values (740,34);
insert into digital_lib_book (digital_lib_book_id, title, description, issue_year) values (741,'React Native Notes for Professionals','This React Native Notes for Professionals book is compiled from Stack Overflow Documentation, the content is written by the beautiful people at Stack Overflow.',2018);
insert into digital_lib_book_author (digital_lib_book_fk, digital_lib_author_fk) values (741,325);
insert into digital_lib_book_tag (digital_lib_book_fk, digital_lib_tag_fk) values (741,200);
insert into digital_lib_book_tag (digital_lib_book_fk, digital_lib_tag_fk) values (741,536);
insert into digital_lib_book_tag (digital_lib_book_fk, digital_lib_tag_fk) values (741,908);
insert into digital_lib_book_publisher (digital_lib_book_fk, digital_lib_publisher_fk) values (741,192);
insert into digital_lib_category_book (digital_lib_book_fk, digital_lib_category_fk) values (741,6);
insert into digital_lib_category_book (digital_lib_book_fk, digital_lib_category_fk) values (741,34);
insert into digital_lib_book (digital_lib_book_id, title, description, issue_year) values (742,'React JS Notes for Professionals','This React JS Notes for Professionals book is compiled from Stack Overflow Documentation, the content is written by the beautiful people at Stack Overflow.',2018);
insert into digital_lib_book_author (digital_lib_book_fk, digital_lib_author_fk) values (742,325);
insert into digital_lib_book_tag (digital_lib_book_fk, digital_lib_tag_fk) values (742,200);
insert into digital_lib_book_tag (digital_lib_book_fk, digital_lib_tag_fk) values (742,557);
insert into digital_lib_book_tag (digital_lib_book_fk, digital_lib_tag_fk) values (742,908);
insert into digital_lib_book_publisher (digital_lib_book_fk, digital_lib_publisher_fk) values (742,192);
insert into digital_lib_category_book (digital_lib_book_fk, digital_lib_category_fk) values (742,6);
insert into digital_lib_category_book (digital_lib_book_fk, digital_lib_category_fk) values (742,34);
insert into digital_lib_book (digital_lib_book_id, title, description, issue_year) values (743,'Real Time Forth','The book provides information on Forth.',1993);
insert into digital_lib_book_author (digital_lib_book_fk, digital_lib_author_fk) values (743,951);
insert into digital_lib_book_tag (digital_lib_book_fk, digital_lib_tag_fk) values (743,1839);
insert into digital_lib_book_tag (digital_lib_book_fk, digital_lib_tag_fk) values (743,71);
insert into digital_lib_book_publisher (digital_lib_book_fk, digital_lib_publisher_fk) values (743,240);
insert into digital_lib_category_book (digital_lib_book_fk, digital_lib_category_fk) values (743,6);
insert into digital_lib_category_book (digital_lib_book_fk, digital_lib_category_fk) values (743,34);
insert into digital_lib_book (digital_lib_book_id, title, description, issue_year) values (744,'Real World Haskell','As you read this guide, you will be introduced to the functional programming paradigm with Haskell, learning everything from how to approach script development to larger applications.',2008);
insert into digital_lib_book_author (digital_lib_book_fk, digital_lib_author_fk) values (744,724);
insert into digital_lib_book_author (digital_lib_book_fk, digital_lib_author_fk) values (744,373);
insert into digital_lib_book_author (digital_lib_book_fk, digital_lib_author_fk) values (744,1071);
insert into digital_lib_book_tag (digital_lib_book_fk, digital_lib_tag_fk) values (744,1839);
insert into digital_lib_book_tag (digital_lib_book_fk, digital_lib_tag_fk) values (744,71);
insert into digital_lib_book_tag (digital_lib_book_fk, digital_lib_tag_fk) values (744,1005);
insert into digital_lib_book_tag (digital_lib_book_fk, digital_lib_tag_fk) values (744,1917);
insert into digital_lib_book_publisher (digital_lib_book_fk, digital_lib_publisher_fk) values (744,240);
insert into digital_lib_category_book (digital_lib_book_fk, digital_lib_category_fk) values (744,6);
insert into digital_lib_category_book (digital_lib_book_fk, digital_lib_category_fk) values (744,34);
insert into digital_lib_book (digital_lib_book_id, title, description, issue_year) values (745,'Reverse Engineering for Beginners','This book represents notes for beginners about reverse engineering who would like to learn to understand x86 (which accounts for almost all executable software in the world) and ARM code created by C/C++ compilers. Therefore, this book is intended for those who want to understand assembly language rather than to write in it, which is why there are many examples of compiler output.',2016);
insert into digital_lib_book_author (digital_lib_book_fk, digital_lib_author_fk) values (745,484);
insert into digital_lib_book_tag (digital_lib_book_fk, digital_lib_tag_fk) values (745,1091);
insert into digital_lib_book_tag (digital_lib_book_fk, digital_lib_tag_fk) values (745,1839);
insert into digital_lib_book_tag (digital_lib_book_fk, digital_lib_tag_fk) values (745,1221);
insert into digital_lib_book_tag (digital_lib_book_fk, digital_lib_tag_fk) values (745,706);
insert into digital_lib_book_tag (digital_lib_book_fk, digital_lib_tag_fk) values (745,1451);
insert into digital_lib_book_publisher (digital_lib_book_fk, digital_lib_publisher_fk) values (745,258);
insert into digital_lib_category_book (digital_lib_book_fk, digital_lib_category_fk) values (745,6);
insert into digital_lib_category_book (digital_lib_book_fk, digital_lib_category_fk) values (745,34);
insert into digital_lib_book (digital_lib_book_id, title, description, issue_year) values (746,'Reverse Engineering: Recent Advances and Applications','The book can serve as a guide for professionals in reverse engineering techniques, tools and use cases, as well as an overview of the challenges open to reverse engineering researchers.',2012);
insert into digital_lib_book_author (digital_lib_book_fk, digital_lib_author_fk) values (746,540);
insert into digital_lib_book_tag (digital_lib_book_fk, digital_lib_tag_fk) values (746,2076);
insert into digital_lib_book_tag (digital_lib_book_fk, digital_lib_tag_fk) values (746,261);
insert into digital_lib_book_tag (digital_lib_book_fk, digital_lib_tag_fk) values (746,328);
insert into digital_lib_book_publisher (digital_lib_book_fk, digital_lib_publisher_fk) values (746,243);
insert into digital_lib_category_book (digital_lib_book_fk, digital_lib_category_fk) values (746,6);
insert into digital_lib_category_book (digital_lib_book_fk, digital_lib_category_fk) values (746,34);
insert into digital_lib_book (digital_lib_book_id, title, description, issue_year) values (747,'Scientifc Computing with MATLAB','The goal of the bookis to provide you with skills in scientific computing: tools and techniques that you can use in your own scientific research. We will focus on learning to think about experiments and data in a computational framework, and we will learn to implement specific algorithms using a high-level programming language (MATLAB).',2016);
insert into digital_lib_book_author (digital_lib_book_fk, digital_lib_author_fk) values (747,857);
insert into digital_lib_book_tag (digital_lib_book_fk, digital_lib_tag_fk) values (747,1041);
insert into digital_lib_book_tag (digital_lib_book_fk, digital_lib_tag_fk) values (747,2076);
insert into digital_lib_book_tag (digital_lib_book_fk, digital_lib_tag_fk) values (747,2449);
insert into digital_lib_book_tag (digital_lib_book_fk, digital_lib_tag_fk) values (747,71);
insert into digital_lib_book_publisher (digital_lib_book_fk, digital_lib_publisher_fk) values (747,258);
insert into digital_lib_category_book (digital_lib_book_fk, digital_lib_category_fk) values (747,6);
insert into digital_lib_category_book (digital_lib_book_fk, digital_lib_category_fk) values (747,34);
insert into digital_lib_book (digital_lib_book_id, title, description, issue_year) values (748,'Smooth CoffeeScript (with solutions)','CoffeeScript is a natural evolution of the Javascript language created by Jeremy Ashkenas. A new programming language that brings together the best of Python, Ruby and, of course, Javascript, for a powerful hybrid according to the demands of current programming.',2011);
insert into digital_lib_book_author (digital_lib_book_fk, digital_lib_author_fk) values (748,414);
insert into digital_lib_book_tag (digital_lib_book_fk, digital_lib_tag_fk) values (748,1921);
insert into digital_lib_book_tag (digital_lib_book_fk, digital_lib_tag_fk) values (748,2076);
insert into digital_lib_book_tag (digital_lib_book_fk, digital_lib_tag_fk) values (748,759);
insert into digital_lib_book_tag (digital_lib_book_fk, digital_lib_tag_fk) values (748,71);
insert into digital_lib_book_publisher (digital_lib_book_fk, digital_lib_publisher_fk) values (748,258);
insert into digital_lib_category_book (digital_lib_book_fk, digital_lib_category_fk) values (748,6);
insert into digital_lib_category_book (digital_lib_book_fk, digital_lib_category_fk) values (748,34);
insert into digital_lib_book (digital_lib_book_id, title, description, issue_year) values (749,'Spring Framework Notes for Professionals','This Spring Framework Notes for Professionals book is compiled from Stack Overflow Documentation, the content is written by the beautiful people at Stack Overflow.',2018);
insert into digital_lib_book_author (digital_lib_book_fk, digital_lib_author_fk) values (749,325);
insert into digital_lib_book_tag (digital_lib_book_fk, digital_lib_tag_fk) values (749,1097);
insert into digital_lib_book_tag (digital_lib_book_fk, digital_lib_tag_fk) values (749,1933);
insert into digital_lib_book_tag (digital_lib_book_fk, digital_lib_tag_fk) values (749,421);
insert into digital_lib_book_tag (digital_lib_book_fk, digital_lib_tag_fk) values (749,228);
insert into digital_lib_book_tag (digital_lib_book_fk, digital_lib_tag_fk) values (749,2076);
insert into digital_lib_book_publisher (digital_lib_book_fk, digital_lib_publisher_fk) values (749,22);
insert into digital_lib_category_book (digital_lib_book_fk, digital_lib_category_fk) values (749,6);
insert into digital_lib_category_book (digital_lib_book_fk, digital_lib_category_fk) values (749,34);
insert into digital_lib_book (digital_lib_book_id, title, description, issue_year) values (750,'Teaching beginners to code','The information in this collection is intended not only for the beginners themselves, but also for the parents, teachers, and other helpers of those beginners where appropriate.',2013);
insert into digital_lib_book_author (digital_lib_book_fk, digital_lib_author_fk) values (750,186);
insert into digital_lib_book_tag (digital_lib_book_fk, digital_lib_tag_fk) values (750,2191);
insert into digital_lib_book_tag (digital_lib_book_fk, digital_lib_tag_fk) values (750,1128);
insert into digital_lib_book_tag (digital_lib_book_fk, digital_lib_tag_fk) values (750,2076);
insert into digital_lib_book_publisher (digital_lib_book_fk, digital_lib_publisher_fk) values (750,122);
insert into digital_lib_category_book (digital_lib_book_fk, digital_lib_category_fk) values (750,6);
insert into digital_lib_category_book (digital_lib_book_fk, digital_lib_category_fk) values (750,34);
insert into digital_lib_book (digital_lib_book_id, title, description, issue_year) values (751,'The Rook\`s Guide to C++','This book provides a guide to C++, in detail.',2013);
insert into digital_lib_book_author (digital_lib_book_fk, digital_lib_author_fk) values (751,1009);
insert into digital_lib_book_tag (digital_lib_book_fk, digital_lib_tag_fk) values (751,367);
insert into digital_lib_book_tag (digital_lib_book_fk, digital_lib_tag_fk) values (751,2076);
insert into digital_lib_book_publisher (digital_lib_book_fk, digital_lib_publisher_fk) values (751,185);
insert into digital_lib_category_book (digital_lib_book_fk, digital_lib_category_fk) values (751,6);
insert into digital_lib_category_book (digital_lib_book_fk, digital_lib_category_fk) values (751,34);
insert into digital_lib_book (digital_lib_book_id, title, description, issue_year) values (752,'Think Raku How to Think Like a Computer Scientist, 2nd edition','This aim of this book is not primarily to teach Raku, but instead to teach the art of program- ming, using the Raku language. After having completed this book, you should hopefully be able to write programs to solve relatively difficult problems in Raku, but my main aim is to teach computer science, software programming, and problem solving rather than solely to teach the Raku language itself.',2020);
insert into digital_lib_book_author (digital_lib_book_fk, digital_lib_author_fk) values (752,833);
insert into digital_lib_book_author (digital_lib_book_fk, digital_lib_author_fk) values (752,470);
insert into digital_lib_book_tag (digital_lib_book_fk, digital_lib_tag_fk) values (752,2076);
insert into digital_lib_book_publisher (digital_lib_book_fk, digital_lib_publisher_fk) values (752,246);
insert into digital_lib_category_book (digital_lib_book_fk, digital_lib_category_fk) values (752,6);
insert into digital_lib_category_book (digital_lib_book_fk, digital_lib_category_fk) values (752,34);
insert into digital_lib_book (digital_lib_book_id, title, description, issue_year) values (753,'The Scheme Programming Language, 4th Edition','This book is intended to provide an introduction to the Scheme programming language but not an introduction to programming in general. The reader is expected to have had some experience programming and to be familiar with terms commonly associated with computers and programming languages.',2013);
insert into digital_lib_book_author (digital_lib_book_fk, digital_lib_author_fk) values (753,716);
insert into digital_lib_book_tag (digital_lib_book_fk, digital_lib_tag_fk) values (753,2076);
insert into digital_lib_book_publisher (digital_lib_book_fk, digital_lib_publisher_fk) values (753,258);
insert into digital_lib_category_book (digital_lib_book_fk, digital_lib_category_fk) values (753,6);
insert into digital_lib_category_book (digital_lib_book_fk, digital_lib_category_fk) values (753,34);
insert into digital_lib_book (digital_lib_book_id, title, description, issue_year) values (754,'The Scheme Programming Language (2nd Edition)','This book is intended to provide an introduction to the Scheme programming language but not an introduction to programming in general. The reader is expected to have had some experience programming and to be familiar with terms commonly associated with computers and programming languages.',2011);
insert into digital_lib_book_author (digital_lib_book_fk, digital_lib_author_fk) values (754,716);
insert into digital_lib_book_tag (digital_lib_book_fk, digital_lib_tag_fk) values (754,2076);
insert into digital_lib_book_publisher (digital_lib_book_fk, digital_lib_publisher_fk) values (754,240);
insert into digital_lib_category_book (digital_lib_book_fk, digital_lib_category_fk) values (754,6);
insert into digital_lib_category_book (digital_lib_book_fk, digital_lib_category_fk) values (754,34);
insert into digital_lib_book (digital_lib_book_id, title, description, issue_year) values (755,'Testing with CoffeeScript','This brief but concise manual reviews the methodology for writing code to apply test coverage. To do this, the structure is analyzed from a BDD approach and tools such as Spies or Jasmine are used.',2012);
insert into digital_lib_book_author (digital_lib_book_fk, digital_lib_author_fk) values (755,14);
insert into digital_lib_book_tag (digital_lib_book_fk, digital_lib_tag_fk) values (755,1151);
insert into digital_lib_book_tag (digital_lib_book_fk, digital_lib_tag_fk) values (755,2129);
insert into digital_lib_book_tag (digital_lib_book_fk, digital_lib_tag_fk) values (755,1516);
insert into digital_lib_book_tag (digital_lib_book_fk, digital_lib_tag_fk) values (755,2013);
insert into digital_lib_book_publisher (digital_lib_book_fk, digital_lib_publisher_fk) values (755,80);
insert into digital_lib_category_book (digital_lib_book_fk, digital_lib_category_fk) values (755,6);
insert into digital_lib_category_book (digital_lib_book_fk, digital_lib_category_fk) values (755,34);
insert into digital_lib_book (digital_lib_book_id, title, description, issue_year) values (756,'Python Anti-Patterns','This is a small book of Python anti-patterns and worst practices. Learning about these anti-patterns will help you to avoid them in your own code and make you a better programmer (hopefully). Each pattern comes with a small description, examples and possible solutions. This book contains anti- and migrations pattern for Python and for popular Python frameworks, such as Django.',2015);
insert into digital_lib_book_author (digital_lib_book_fk, digital_lib_author_fk) values (756,325);
insert into digital_lib_book_tag (digital_lib_book_fk, digital_lib_tag_fk) values (756,782);
insert into digital_lib_book_tag (digital_lib_book_fk, digital_lib_tag_fk) values (756,2076);
insert into digital_lib_book_publisher (digital_lib_book_fk, digital_lib_publisher_fk) values (756,43);
insert into digital_lib_category_book (digital_lib_book_fk, digital_lib_category_fk) values (756,6);
insert into digital_lib_category_book (digital_lib_book_fk, digital_lib_category_fk) values (756,34);
insert into digital_lib_book (digital_lib_book_id, title, description, issue_year) values (757,'Python and Coding Theory','In this work, reference is made to the parallelism between learning to program with a language with a complicated syntax (C++) and an easier one (Python).',2010);
insert into digital_lib_book_author (digital_lib_book_fk, digital_lib_author_fk) values (757,714);
insert into digital_lib_book_tag (digital_lib_book_fk, digital_lib_tag_fk) values (757,2446);
insert into digital_lib_book_tag (digital_lib_book_fk, digital_lib_tag_fk) values (757,367);
insert into digital_lib_book_tag (digital_lib_book_fk, digital_lib_tag_fk) values (757,1499);
insert into digital_lib_book_tag (digital_lib_book_fk, digital_lib_tag_fk) values (757,2076);
insert into digital_lib_book_publisher (digital_lib_book_fk, digital_lib_publisher_fk) values (757,258);
insert into digital_lib_category_book (digital_lib_book_fk, digital_lib_category_fk) values (757,6);
insert into digital_lib_category_book (digital_lib_book_fk, digital_lib_category_fk) values (757,34);
insert into digital_lib_book (digital_lib_book_id, title, description, issue_year) values (758,'Python for Everybody: Exploring Data Using Python 3','The overall book structure has been changed to get to doing data analysis problems as quickly as possible and have a series of running examples and exercises about data analysis from the very beginning.',2016);
insert into digital_lib_book_author (digital_lib_book_fk, digital_lib_author_fk) values (758,1058);
insert into digital_lib_book_tag (digital_lib_book_fk, digital_lib_tag_fk) values (758,2076);
insert into digital_lib_book_tag (digital_lib_book_fk, digital_lib_tag_fk) values (758,1229);
insert into digital_lib_book_publisher (digital_lib_book_fk, digital_lib_publisher_fk) values (758,258);
insert into digital_lib_category_book (digital_lib_book_fk, digital_lib_category_fk) values (758,6);
insert into digital_lib_category_book (digital_lib_book_fk, digital_lib_category_fk) values (758,34);
insert into digital_lib_book (digital_lib_book_id, title, description, issue_year) values (759,'Python for Informatics exploring information','The overall book structure has been changed to get to doing data analysis problems as quickly as possible and have a series of running examples and exercises about data analysis from the very beginning.',2013);
insert into digital_lib_book_author (digital_lib_book_fk, digital_lib_author_fk) values (759,1058);
insert into digital_lib_book_tag (digital_lib_book_fk, digital_lib_tag_fk) values (759,2076);
insert into digital_lib_book_tag (digital_lib_book_fk, digital_lib_tag_fk) values (759,1229);
insert into digital_lib_book_tag (digital_lib_book_fk, digital_lib_tag_fk) values (759,880);
insert into digital_lib_book_publisher (digital_lib_book_fk, digital_lib_publisher_fk) values (759,258);
insert into digital_lib_category_book (digital_lib_book_fk, digital_lib_category_fk) values (759,6);
insert into digital_lib_category_book (digital_lib_book_fk, digital_lib_category_fk) values (759,34);
insert into digital_lib_book (digital_lib_book_id, title, description, issue_year) values (760,'Think Python, How to Think Like a Computer Scientist. Edition 2013','This version of Allen\`s celebrated book is updated as of February 2013 with new exercises, examples, and some errata corrections.',2013);
insert into digital_lib_book_author (digital_lib_book_fk, digital_lib_author_fk) values (760,911);
insert into digital_lib_book_tag (digital_lib_book_fk, digital_lib_tag_fk) values (760,2076);
insert into digital_lib_book_tag (digital_lib_book_fk, digital_lib_tag_fk) values (760,1229);
insert into digital_lib_book_tag (digital_lib_book_fk, digital_lib_tag_fk) values (760,880);
insert into digital_lib_book_publisher (digital_lib_book_fk, digital_lib_publisher_fk) values (760,246);
insert into digital_lib_category_book (digital_lib_book_fk, digital_lib_category_fk) values (760,6);
insert into digital_lib_category_book (digital_lib_book_fk, digital_lib_category_fk) values (760,34);
insert into digital_lib_book (digital_lib_book_id, title, description, issue_year) values (761,'Think Python, How to Think Like a Computer Scientist.','This book provides the foundations of Python programming language',2012);
insert into digital_lib_book_author (digital_lib_book_fk, digital_lib_author_fk) values (761,911);
insert into digital_lib_book_tag (digital_lib_book_fk, digital_lib_tag_fk) values (761,2076);
insert into digital_lib_book_tag (digital_lib_book_fk, digital_lib_tag_fk) values (761,1229);
insert into digital_lib_book_tag (digital_lib_book_fk, digital_lib_tag_fk) values (761,880);
insert into digital_lib_book_publisher (digital_lib_book_fk, digital_lib_publisher_fk) values (761,246);
insert into digital_lib_category_book (digital_lib_book_fk, digital_lib_category_fk) values (761,6);
insert into digital_lib_category_book (digital_lib_book_fk, digital_lib_category_fk) values (761,34);
insert into digital_lib_book (digital_lib_book_id, title, description, issue_year) values (762,'How to Think Like a Computer Scientist C Version','The goal of this book, and this class, is to teach you to think like a computer scientist, combining some of the best features of Mathematics, Engineering, and Natural Science.',2019);
insert into digital_lib_book_author (digital_lib_book_fk, digital_lib_author_fk) values (762,1072);
insert into digital_lib_book_tag (digital_lib_book_fk, digital_lib_tag_fk) values (762,2076);
insert into digital_lib_book_tag (digital_lib_book_fk, digital_lib_tag_fk) values (762,2048);
insert into digital_lib_book_tag (digital_lib_book_fk, digital_lib_tag_fk) values (762,880);
insert into digital_lib_book_publisher (digital_lib_book_fk, digital_lib_publisher_fk) values (762,246);
insert into digital_lib_category_book (digital_lib_book_fk, digital_lib_category_fk) values (762,6);
insert into digital_lib_category_book (digital_lib_book_fk, digital_lib_category_fk) values (762,34);
insert into digital_lib_book (digital_lib_book_id, title, description, issue_year) values (763,'How to Think like a Computer Scientist, C++ Version','Allen Downey addresses the C++ programming language on this occasion. With it, it intends to initiate students into the world of Computer Science from a perspective that is not merely academic but completely professional.',1999);
insert into digital_lib_book_author (digital_lib_book_fk, digital_lib_author_fk) values (763,470);
insert into digital_lib_book_tag (digital_lib_book_fk, digital_lib_tag_fk) values (763,2076);
insert into digital_lib_book_tag (digital_lib_book_fk, digital_lib_tag_fk) values (763,367);
insert into digital_lib_book_tag (digital_lib_book_fk, digital_lib_tag_fk) values (763,880);
insert into digital_lib_book_publisher (digital_lib_book_fk, digital_lib_publisher_fk) values (763,246);
insert into digital_lib_category_book (digital_lib_book_fk, digital_lib_category_fk) values (763,6);
insert into digital_lib_category_book (digital_lib_book_fk, digital_lib_category_fk) values (763,34);
insert into digital_lib_book (digital_lib_book_id, title, description, issue_year) values (764,'Think Complexity','This book is inspired by boredom and fascination: first, boredom, by the usual presentation of data structures and algorithms, while fascination comes to me by complex systems. The problem with data structures is that often, in a decontextualized way, they try to solve scientific problems that have not been previously presented.',2012);
insert into digital_lib_book_author (digital_lib_book_fk, digital_lib_author_fk) values (764,470);
insert into digital_lib_book_tag (digital_lib_book_fk, digital_lib_tag_fk) values (764,2446);
insert into digital_lib_book_tag (digital_lib_book_fk, digital_lib_tag_fk) values (764,876);
insert into digital_lib_book_tag (digital_lib_book_fk, digital_lib_tag_fk) values (764,903);
insert into digital_lib_book_tag (digital_lib_book_fk, digital_lib_tag_fk) values (764,2076);
insert into digital_lib_book_publisher (digital_lib_book_fk, digital_lib_publisher_fk) values (764,246);
insert into digital_lib_category_book (digital_lib_book_fk, digital_lib_category_fk) values (764,6);
insert into digital_lib_category_book (digital_lib_book_fk, digital_lib_category_fk) values (764,34);
insert into digital_lib_book (digital_lib_book_id, title, description, issue_year) values (765,'Think Complexity 2','This book is primarily about complexity science, but it is also about data structures and algorithms, intermediate programming in Python, computational modeling, and the philosophy of science',2016);
insert into digital_lib_book_author (digital_lib_book_fk, digital_lib_author_fk) values (765,470);
insert into digital_lib_book_tag (digital_lib_book_fk, digital_lib_tag_fk) values (765,2446);
insert into digital_lib_book_tag (digital_lib_book_fk, digital_lib_tag_fk) values (765,876);
insert into digital_lib_book_tag (digital_lib_book_fk, digital_lib_tag_fk) values (765,903);
insert into digital_lib_book_tag (digital_lib_book_fk, digital_lib_tag_fk) values (765,2076);
insert into digital_lib_book_tag (digital_lib_book_fk, digital_lib_tag_fk) values (765,1022);
insert into digital_lib_book_tag (digital_lib_book_fk, digital_lib_tag_fk) values (765,105);
insert into digital_lib_book_publisher (digital_lib_book_fk, digital_lib_publisher_fk) values (765,246);
insert into digital_lib_category_book (digital_lib_book_fk, digital_lib_category_fk) values (765,6);
insert into digital_lib_category_book (digital_lib_book_fk, digital_lib_category_fk) values (765,34);
insert into digital_lib_book (digital_lib_book_id, title, description, issue_year) values (766,'The Good, the Bad, and the Ugly: An Empirical Study of Implicit Type Conversions in Javascript','The results gathered in the book suggest that type conversions are significantly less evil than commonly assumed and that analyses targeted at real-world JavaScript programs must consider convrsions.',2015);
insert into digital_lib_book_author (digital_lib_book_fk, digital_lib_author_fk) values (766,854);
insert into digital_lib_book_author (digital_lib_book_fk, digital_lib_author_fk) values (766,687);
insert into digital_lib_book_tag (digital_lib_book_fk, digital_lib_tag_fk) values (766,1921);
insert into digital_lib_book_tag (digital_lib_book_fk, digital_lib_tag_fk) values (766,2076);
insert into digital_lib_book_tag (digital_lib_book_fk, digital_lib_tag_fk) values (766,171);
insert into digital_lib_book_tag (digital_lib_book_fk, digital_lib_tag_fk) values (766,759);
insert into digital_lib_book_publisher (digital_lib_book_fk, digital_lib_publisher_fk) values (766,169);
insert into digital_lib_category_book (digital_lib_book_fk, digital_lib_category_fk) values (766,6);
insert into digital_lib_category_book (digital_lib_book_fk, digital_lib_category_fk) values (766,34);
insert into digital_lib_book (digital_lib_book_id, title, description, issue_year) values (767,'TypeScript: Deep Dive','TypeScript is a free and open source programming language developed and maintained by Microsoft. It\`s a superset of JavaScript, essentially adding static typing and class-based objects. This book provides information on it.',2016);
insert into digital_lib_book_author (digital_lib_book_fk, digital_lib_author_fk) values (767,1078);
insert into digital_lib_book_tag (digital_lib_book_fk, digital_lib_tag_fk) values (767,1921);
insert into digital_lib_book_tag (digital_lib_book_fk, digital_lib_tag_fk) values (767,2076);
insert into digital_lib_book_tag (digital_lib_book_fk, digital_lib_tag_fk) values (767,1903);
insert into digital_lib_book_tag (digital_lib_book_fk, digital_lib_tag_fk) values (767,71);
insert into digital_lib_book_publisher (digital_lib_book_fk, digital_lib_publisher_fk) values (767,258);
insert into digital_lib_category_book (digital_lib_book_fk, digital_lib_category_fk) values (767,6);
insert into digital_lib_category_book (digital_lib_book_fk, digital_lib_category_fk) values (767,34);
insert into digital_lib_book (digital_lib_book_id, title, description, issue_year) values (768,'TypeScript Language Specification','TypeScript is a free and open source programming language developed and maintained by Microsoft. It\`s a superset of JavaScript, essentially adding static typing and class-based objects. This book provides information on it.',2013);
insert into digital_lib_book_author (digital_lib_book_fk, digital_lib_author_fk) values (768,325);
insert into digital_lib_book_tag (digital_lib_book_fk, digital_lib_tag_fk) values (768,1921);
insert into digital_lib_book_tag (digital_lib_book_fk, digital_lib_tag_fk) values (768,2076);
insert into digital_lib_book_tag (digital_lib_book_fk, digital_lib_tag_fk) values (768,1903);
insert into digital_lib_book_tag (digital_lib_book_fk, digital_lib_tag_fk) values (768,71);
insert into digital_lib_book_tag (digital_lib_book_fk, digital_lib_tag_fk) values (768,1086);
insert into digital_lib_book_publisher (digital_lib_book_fk, digital_lib_publisher_fk) values (768,176);
insert into digital_lib_category_book (digital_lib_book_fk, digital_lib_category_fk) values (768,6);
insert into digital_lib_category_book (digital_lib_book_fk, digital_lib_category_fk) values (768,34);
insert into digital_lib_book (digital_lib_book_id, title, description, issue_year) values (769,'Visual Basic Script','VBScript (short for Visual Basic Script Edition) is a language interpreted by Microsoft\`s Windows Scripting Host. Its syntax reflects its origin as a variation of the Visual Basic programming language. This book delves deeper into the topic.',2014);
insert into digital_lib_book_author (digital_lib_book_fk, digital_lib_author_fk) values (769,972);
insert into digital_lib_book_tag (digital_lib_book_fk, digital_lib_tag_fk) values (769,2076);
insert into digital_lib_book_tag (digital_lib_book_fk, digital_lib_tag_fk) values (769,1295);
insert into digital_lib_book_tag (digital_lib_book_fk, digital_lib_tag_fk) values (769,121);
insert into digital_lib_book_tag (digital_lib_book_fk, digital_lib_tag_fk) values (769,413);
insert into digital_lib_book_tag (digital_lib_book_fk, digital_lib_tag_fk) values (769,185);
insert into digital_lib_book_publisher (digital_lib_book_fk, digital_lib_publisher_fk) values (769,258);
insert into digital_lib_category_book (digital_lib_book_fk, digital_lib_category_fk) values (769,6);
insert into digital_lib_category_book (digital_lib_book_fk, digital_lib_category_fk) values (769,34);
insert into digital_lib_book (digital_lib_book_id, title, description, issue_year) values (770,'Zen Style Programming','The objective of this book is to lead the reader into good practices when dealing with a development, creating general solutions to logical problems.',2008);
insert into digital_lib_book_author (digital_lib_book_fk, digital_lib_author_fk) values (770,969);
insert into digital_lib_book_tag (digital_lib_book_fk, digital_lib_tag_fk) values (770,876);
insert into digital_lib_book_tag (digital_lib_book_fk, digital_lib_tag_fk) values (770,2076);
insert into digital_lib_book_tag (digital_lib_book_fk, digital_lib_tag_fk) values (770,1035);
insert into digital_lib_book_tag (digital_lib_book_fk, digital_lib_tag_fk) values (770,377);
insert into digital_lib_book_tag (digital_lib_book_fk, digital_lib_tag_fk) values (770,1591);
insert into digital_lib_book_publisher (digital_lib_book_fk, digital_lib_publisher_fk) values (770,101);
insert into digital_lib_category_book (digital_lib_book_fk, digital_lib_category_fk) values (770,6);
insert into digital_lib_category_book (digital_lib_book_fk, digital_lib_category_fk) values (770,34);
insert into digital_lib_book (digital_lib_book_id, title, description, issue_year) values (771,'TypeScript Notes for Professionals','This TypeScript Notes for Professionals book is compiled from Stack Overflow Documentation, the content is written by the beautiful people at Stack Overflow.',2018);
insert into digital_lib_book_author (digital_lib_book_fk, digital_lib_author_fk) values (771,325);
insert into digital_lib_book_tag (digital_lib_book_fk, digital_lib_tag_fk) values (771,1921);
insert into digital_lib_book_tag (digital_lib_book_fk, digital_lib_tag_fk) values (771,2076);
insert into digital_lib_book_tag (digital_lib_book_fk, digital_lib_tag_fk) values (771,908);
insert into digital_lib_book_publisher (digital_lib_book_fk, digital_lib_publisher_fk) values (771,110);
insert into digital_lib_category_book (digital_lib_book_fk, digital_lib_category_fk) values (771,6);
insert into digital_lib_category_book (digital_lib_book_fk, digital_lib_category_fk) values (771,34);
insert into digital_lib_book (digital_lib_book_id, title, description, issue_year) values (772,'VBA Notes for Professionals','This VBA Notes for Professionals book is compiled from Stack Overflow Documentation, the content is written by the beautiful people at Stack Overflow.',2018);
insert into digital_lib_book_author (digital_lib_book_fk, digital_lib_author_fk) values (772,325);
insert into digital_lib_book_tag (digital_lib_book_fk, digital_lib_tag_fk) values (772,699);
insert into digital_lib_book_tag (digital_lib_book_fk, digital_lib_tag_fk) values (772,2126);
insert into digital_lib_book_tag (digital_lib_book_fk, digital_lib_tag_fk) values (772,2076);
insert into digital_lib_book_publisher (digital_lib_book_fk, digital_lib_publisher_fk) values (772,110);
insert into digital_lib_category_book (digital_lib_book_fk, digital_lib_category_fk) values (772,6);
insert into digital_lib_category_book (digital_lib_book_fk, digital_lib_category_fk) values (772,34);
insert into digital_lib_book (digital_lib_book_id, title, description, issue_year) values (773,'Xamarin.Forms Notes for Professionals','This Xamarin.Forms Notes for Professionals book is compiled from Stack Overflow Documentation, the content is written by the beautiful people at Stack Overflow.',2018);
insert into digital_lib_book_author (digital_lib_book_fk, digital_lib_author_fk) values (773,325);
insert into digital_lib_book_tag (digital_lib_book_fk, digital_lib_tag_fk) values (773,821);
insert into digital_lib_book_tag (digital_lib_book_fk, digital_lib_tag_fk) values (773,67);
insert into digital_lib_book_tag (digital_lib_book_fk, digital_lib_tag_fk) values (773,929);
insert into digital_lib_book_tag (digital_lib_book_fk, digital_lib_tag_fk) values (773,2076);
insert into digital_lib_book_publisher (digital_lib_book_fk, digital_lib_publisher_fk) values (773,110);
insert into digital_lib_category_book (digital_lib_book_fk, digital_lib_category_fk) values (773,6);
insert into digital_lib_category_book (digital_lib_book_fk, digital_lib_category_fk) values (773,34);
insert into digital_lib_book (digital_lib_book_id, title, description, issue_year) values (774,'Understanding TypeScript','The goal of this paper is to capture the essence of TypeScript by giving a precise definition of this type system on a core set of constructs of the language. Our main contribution, beyond the familiar advantages of a robust, mathematical formalization, is a refactoring into a safe inner fragment and an additional layer of unsafe rules.',2014);
insert into digital_lib_book_author (digital_lib_book_fk, digital_lib_author_fk) values (774,325);
insert into digital_lib_book_tag (digital_lib_book_fk, digital_lib_tag_fk) values (774,913);
insert into digital_lib_book_tag (digital_lib_book_fk, digital_lib_tag_fk) values (774,1921);
insert into digital_lib_book_tag (digital_lib_book_fk, digital_lib_tag_fk) values (774,2076);
insert into digital_lib_book_tag (digital_lib_book_fk, digital_lib_tag_fk) values (774,759);
insert into digital_lib_book_publisher (digital_lib_book_fk, digital_lib_publisher_fk) values (774,198);
insert into digital_lib_category_book (digital_lib_book_fk, digital_lib_category_fk) values (774,6);
insert into digital_lib_category_book (digital_lib_book_fk, digital_lib_category_fk) values (774,34);
insert into digital_lib_book (digital_lib_book_id, title, description, issue_year) values (775,'Understanding Windows Phone 7','With this guide, the user will delve into the secrets of this platform that foresees a major update for mid-2012.',2012);
insert into digital_lib_book_author (digital_lib_book_fk, digital_lib_author_fk) values (775,1123);
insert into digital_lib_book_tag (digital_lib_book_fk, digital_lib_tag_fk) values (775,19);
insert into digital_lib_book_tag (digital_lib_book_fk, digital_lib_tag_fk) values (775,2406);
insert into digital_lib_book_tag (digital_lib_book_fk, digital_lib_tag_fk) values (775,871);
insert into digital_lib_book_tag (digital_lib_book_fk, digital_lib_tag_fk) values (775,502);
insert into digital_lib_book_tag (digital_lib_book_fk, digital_lib_tag_fk) values (775,1496);
insert into digital_lib_book_tag (digital_lib_book_fk, digital_lib_tag_fk) values (775,1270);
insert into digital_lib_book_publisher (digital_lib_book_fk, digital_lib_publisher_fk) values (775,37);
insert into digital_lib_category_book (digital_lib_book_fk, digital_lib_category_fk) values (775,6);
insert into digital_lib_category_book (digital_lib_book_fk, digital_lib_category_fk) values (775,8);
insert into digital_lib_book (digital_lib_book_id, title, description, issue_year) values (776,'Think Java: How to Think Like a Computer Scientist','Allen Downey intends to initiate readers in Computer Science through various programming languages, with special emphasis on the nomenclature and the terms that every professional must know during the performance of their work. On this occasion, the objective is the Java language and during the various chapters that make up the book, the most basic concepts of the language and the reason for them are reviewed.',2011);
insert into digital_lib_book_author (digital_lib_book_fk, digital_lib_author_fk) values (776,470);
insert into digital_lib_book_tag (digital_lib_book_fk, digital_lib_tag_fk) values (776,1933);
insert into digital_lib_book_tag (digital_lib_book_fk, digital_lib_tag_fk) values (776,2079);
insert into digital_lib_book_tag (digital_lib_book_fk, digital_lib_tag_fk) values (776,2076);
insert into digital_lib_book_publisher (digital_lib_book_fk, digital_lib_publisher_fk) values (776,246);
insert into digital_lib_category_book (digital_lib_book_fk, digital_lib_category_fk) values (776,6);
insert into digital_lib_category_book (digital_lib_book_fk, digital_lib_category_fk) values (776,8);
insert into digital_lib_book (digital_lib_book_id, title, description, issue_year) values (777,'The Mobile Playbook','In this book you will find topics related to the changes that the use of mobile devices has generated in the profile of consumers and in the characteristics of purchases, Tips and strategies to optimize your business and website for mobiles, brand positioning through mobile devices and many other topics that will help you make the most of Mobile Marketing opportunities.',2012);
insert into digital_lib_book_author (digital_lib_book_fk, digital_lib_author_fk) values (777,595);
insert into digital_lib_book_tag (digital_lib_book_fk, digital_lib_tag_fk) values (777,1680);
insert into digital_lib_book_tag (digital_lib_book_fk, digital_lib_tag_fk) values (777,929);
insert into digital_lib_book_tag (digital_lib_book_fk, digital_lib_tag_fk) values (777,473);
insert into digital_lib_book_tag (digital_lib_book_fk, digital_lib_tag_fk) values (777,5);
insert into digital_lib_book_tag (digital_lib_book_fk, digital_lib_tag_fk) values (777,1433);
insert into digital_lib_book_tag (digital_lib_book_fk, digital_lib_tag_fk) values (777,675);
insert into digital_lib_book_publisher (digital_lib_book_fk, digital_lib_publisher_fk) values (777,50);
insert into digital_lib_category_book (digital_lib_book_fk, digital_lib_category_fk) values (777,6);
insert into digital_lib_category_book (digital_lib_book_fk, digital_lib_category_fk) values (777,8);
insert into digital_lib_book (digital_lib_book_id, title, description, issue_year) values (778,'iOS Developer Notes for Professionals','This iOS Developer Notes for Professionals book is compiled from Stack Overflow Documentation, the content is written by the beautiful people at Stack Overflow.',2018);
insert into digital_lib_book_author (digital_lib_book_fk, digital_lib_author_fk) values (778,391);
insert into digital_lib_book_tag (digital_lib_book_fk, digital_lib_tag_fk) values (778,929);
insert into digital_lib_book_tag (digital_lib_book_fk, digital_lib_tag_fk) values (778,2307);
insert into digital_lib_book_tag (digital_lib_book_fk, digital_lib_tag_fk) values (778,2076);
insert into digital_lib_book_publisher (digital_lib_book_fk, digital_lib_publisher_fk) values (778,110);
insert into digital_lib_category_book (digital_lib_book_fk, digital_lib_category_fk) values (778,6);
insert into digital_lib_category_book (digital_lib_book_fk, digital_lib_category_fk) values (778,8);
insert into digital_lib_book (digital_lib_book_id, title, description, issue_year) values (779,'Kotlin Notes for Professionals','This Kotlin Notes for Professionals book is compiled from Stack Overflow Documentation, the content is written by the beautiful people at Stack Overflow.',2018);
insert into digital_lib_book_author (digital_lib_book_fk, digital_lib_author_fk) values (779,391);
insert into digital_lib_book_tag (digital_lib_book_fk, digital_lib_tag_fk) values (779,106);
insert into digital_lib_book_tag (digital_lib_book_fk, digital_lib_tag_fk) values (779,1921);
insert into digital_lib_book_tag (digital_lib_book_fk, digital_lib_tag_fk) values (779,2076);
insert into digital_lib_book_tag (digital_lib_book_fk, digital_lib_tag_fk) values (779,71);
insert into digital_lib_book_publisher (digital_lib_book_fk, digital_lib_publisher_fk) values (779,110);
insert into digital_lib_category_book (digital_lib_book_fk, digital_lib_category_fk) values (779,6);
insert into digital_lib_category_book (digital_lib_book_fk, digital_lib_category_fk) values (779,8);
insert into digital_lib_book (digital_lib_book_id, title, description, issue_year) values (780,'Android Notes for Professionals','Algorithms, Analysis,Computer Science,MATLAB',2018);
insert into digital_lib_book_author (digital_lib_book_fk, digital_lib_author_fk) values (780,391);
insert into digital_lib_book_tag (digital_lib_book_fk, digital_lib_tag_fk) values (780,106);
insert into digital_lib_book_tag (digital_lib_book_fk, digital_lib_tag_fk) values (780,771);
insert into digital_lib_book_tag (digital_lib_book_fk, digital_lib_tag_fk) values (780,2076);
insert into digital_lib_book_tag (digital_lib_book_fk, digital_lib_tag_fk) values (780,71);
insert into digital_lib_book_publisher (digital_lib_book_fk, digital_lib_publisher_fk) values (780,110);
insert into digital_lib_category_book (digital_lib_book_fk, digital_lib_category_fk) values (780,6);
insert into digital_lib_category_book (digital_lib_book_fk, digital_lib_category_fk) values (780,8);
insert into digital_lib_book (digital_lib_book_id, title, description, issue_year) values (781,'Swift Notes for Professionals','This Swift Notes for Professionals book is compiled from Stack Overflow Documentation, the content is written by the beautiful people at Stack Overflow.',2018);
insert into digital_lib_book_author (digital_lib_book_fk, digital_lib_author_fk) values (781,391);
insert into digital_lib_book_tag (digital_lib_book_fk, digital_lib_tag_fk) values (781,929);
insert into digital_lib_book_tag (digital_lib_book_fk, digital_lib_tag_fk) values (781,2307);
insert into digital_lib_book_tag (digital_lib_book_fk, digital_lib_tag_fk) values (781,2076);
insert into digital_lib_book_tag (digital_lib_book_fk, digital_lib_tag_fk) values (781,2270);
insert into digital_lib_book_publisher (digital_lib_book_fk, digital_lib_publisher_fk) values (781,110);
insert into digital_lib_category_book (digital_lib_book_fk, digital_lib_category_fk) values (781,6);
insert into digital_lib_category_book (digital_lib_book_fk, digital_lib_category_fk) values (781,8);
insert into digital_lib_book (digital_lib_book_id, title, description, issue_year) values (782,'Structure and Interpretation of Computer Programs','This manual teaches you the fundamentals of programming from a perspective that invites you to study, to delve into the topics it proposes until you appreciate the beauty enclosed in a written code.',1996);
insert into digital_lib_book_author (digital_lib_book_fk, digital_lib_author_fk) values (782,1131);
insert into digital_lib_book_author (digital_lib_book_fk, digital_lib_author_fk) values (782,885);
insert into digital_lib_book_tag (digital_lib_book_fk, digital_lib_tag_fk) values (782,1922);
insert into digital_lib_book_tag (digital_lib_book_fk, digital_lib_tag_fk) values (782,2076);
insert into digital_lib_book_tag (digital_lib_book_fk, digital_lib_tag_fk) values (782,782);
insert into digital_lib_book_tag (digital_lib_book_fk, digital_lib_tag_fk) values (782,1625);
insert into digital_lib_book_tag (digital_lib_book_fk, digital_lib_tag_fk) values (782,2079);
insert into digital_lib_book_tag (digital_lib_book_fk, digital_lib_tag_fk) values (782,2145);
insert into digital_lib_book_publisher (digital_lib_book_fk, digital_lib_publisher_fk) values (782,194);
insert into digital_lib_category_book (digital_lib_book_fk, digital_lib_category_fk) values (782,6);
insert into digital_lib_category_book (digital_lib_book_fk, digital_lib_category_fk) values (782,8);
insert into digital_lib_book (digital_lib_book_id, title, description, issue_year) values (783,'Building iPhone Apps with HTML, CSS, and JavaScript','This book provides the basics needed to create a wide variety of applications for the iPhone, iPod Touch, and iPad using HTML, CSS, and Javascript instead of Objective-C or Cocoa.',2010);
insert into digital_lib_book_author (digital_lib_book_fk, digital_lib_author_fk) values (783,938);
insert into digital_lib_book_tag (digital_lib_book_fk, digital_lib_tag_fk) values (783,1026);
insert into digital_lib_book_tag (digital_lib_book_fk, digital_lib_tag_fk) values (783,1049);
insert into digital_lib_book_tag (digital_lib_book_fk, digital_lib_tag_fk) values (783,1921);
insert into digital_lib_book_tag (digital_lib_book_fk, digital_lib_tag_fk) values (783,1480);
insert into digital_lib_book_tag (digital_lib_book_fk, digital_lib_tag_fk) values (783,2076);
insert into digital_lib_book_tag (digital_lib_book_fk, digital_lib_tag_fk) values (783,1635);
insert into digital_lib_book_tag (digital_lib_book_fk, digital_lib_tag_fk) values (783,412);
insert into digital_lib_book_publisher (digital_lib_book_fk, digital_lib_publisher_fk) values (783,12);
insert into digital_lib_category_book (digital_lib_book_fk, digital_lib_category_fk) values (783,6);
insert into digital_lib_category_book (digital_lib_book_fk, digital_lib_category_fk) values (783,8);
insert into digital_lib_book (digital_lib_book_id, title, description, issue_year) values (784,'Principles of Object-Oriented Programming','This manual will show you how an architecture with objects is structured and how to understand it at a low level.',2008);
insert into digital_lib_book_author (digital_lib_book_fk, digital_lib_author_fk) values (784,543);
insert into digital_lib_book_author (digital_lib_book_fk, digital_lib_author_fk) values (784,652);
insert into digital_lib_book_tag (digital_lib_book_fk, digital_lib_tag_fk) values (784,2076);
insert into digital_lib_book_tag (digital_lib_book_fk, digital_lib_tag_fk) values (784,2079);
insert into digital_lib_book_publisher (digital_lib_book_fk, digital_lib_publisher_fk) values (784,122);
insert into digital_lib_category_book (digital_lib_book_fk, digital_lib_category_fk) values (784,6);
insert into digital_lib_category_book (digital_lib_book_fk, digital_lib_category_fk) values (784,8);
insert into digital_lib_book (digital_lib_book_id, title, description, issue_year) values (785,'These are the droids you are looking for: An Android Guide','This guide will help you in your first steps during the creation of an application capable of being deployed on any mobile device that implements this operating system.',2011);
insert into digital_lib_book_author (digital_lib_book_fk, digital_lib_author_fk) values (785,1114);
insert into digital_lib_book_tag (digital_lib_book_fk, digital_lib_tag_fk) values (785,821);
insert into digital_lib_book_tag (digital_lib_book_fk, digital_lib_tag_fk) values (785,1480);
insert into digital_lib_book_tag (digital_lib_book_fk, digital_lib_tag_fk) values (785,1839);
insert into digital_lib_book_tag (digital_lib_book_fk, digital_lib_tag_fk) values (785,597);
insert into digital_lib_book_publisher (digital_lib_book_fk, digital_lib_publisher_fk) values (785,37);
insert into digital_lib_category_book (digital_lib_book_fk, digital_lib_category_fk) values (785,6);
insert into digital_lib_category_book (digital_lib_book_fk, digital_lib_category_fk) values (785,8);
insert into digital_lib_book (digital_lib_book_id, title, description, issue_year) values (786,'Mobile Developer\`s Guide to the Parallel Universe','This guide for the development in mobile devices has been elaborated from a point of view of marketing and commercial exploitation. The main premise that justifies this work is that an application, however good it may be, does not sell itself.',2012);
insert into digital_lib_book_author (digital_lib_book_fk, digital_lib_author_fk) values (786,325);
insert into digital_lib_book_tag (digital_lib_book_fk, digital_lib_tag_fk) values (786,1680);
insert into digital_lib_book_tag (digital_lib_book_fk, digital_lib_tag_fk) values (786,1665);
insert into digital_lib_book_tag (digital_lib_book_fk, digital_lib_tag_fk) values (786,929);
insert into digital_lib_book_tag (digital_lib_book_fk, digital_lib_tag_fk) values (786,2076);
insert into digital_lib_book_publisher (digital_lib_book_fk, digital_lib_publisher_fk) values (786,13);
insert into digital_lib_category_book (digital_lib_book_fk, digital_lib_category_fk) values (786,6);
insert into digital_lib_category_book (digital_lib_book_fk, digital_lib_category_fk) values (786,8);
insert into digital_lib_book (digital_lib_book_id, title, description, issue_year) values (787,'EasyMANET for Android','This project represents an attempt to bring EasyMANET closer to the most widespread operating system today on mobile devices: Android.',2013);
insert into digital_lib_book_author (digital_lib_book_fk, digital_lib_author_fk) values (787,466);
insert into digital_lib_book_tag (digital_lib_book_fk, digital_lib_tag_fk) values (787,821);
insert into digital_lib_book_tag (digital_lib_book_fk, digital_lib_tag_fk) values (787,929);
insert into digital_lib_book_tag (digital_lib_book_fk, digital_lib_tag_fk) values (787,2125);
insert into digital_lib_book_tag (digital_lib_book_fk, digital_lib_tag_fk) values (787,2076);
insert into digital_lib_book_publisher (digital_lib_book_fk, digital_lib_publisher_fk) values (787,151);
insert into digital_lib_category_book (digital_lib_book_fk, digital_lib_category_fk) values (787,6);
insert into digital_lib_category_book (digital_lib_book_fk, digital_lib_category_fk) values (787,8);
insert into digital_lib_book (digital_lib_book_id, title, description, issue_year) values (788,'Developing for Firefox OS','This book is written for readers with an intermediate knowledge of HTML, CSS and JavaScript who wants to build mobile applications for Firefox OS.',2013);
insert into digital_lib_book_author (digital_lib_book_fk, digital_lib_author_fk) values (788,1146);
insert into digital_lib_book_tag (digital_lib_book_fk, digital_lib_tag_fk) values (788,1365);
insert into digital_lib_book_tag (digital_lib_book_fk, digital_lib_tag_fk) values (788,1283);
insert into digital_lib_book_tag (digital_lib_book_fk, digital_lib_tag_fk) values (788,929);
insert into digital_lib_book_tag (digital_lib_book_fk, digital_lib_tag_fk) values (788,1609);
insert into digital_lib_book_tag (digital_lib_book_fk, digital_lib_tag_fk) values (788,2076);
insert into digital_lib_book_publisher (digital_lib_book_fk, digital_lib_publisher_fk) values (788,135);
insert into digital_lib_category_book (digital_lib_book_fk, digital_lib_category_fk) values (788,6);
insert into digital_lib_category_book (digital_lib_book_fk, digital_lib_category_fk) values (788,8);
insert into digital_lib_book (digital_lib_book_id, title, description, issue_year) values (789,'Advances and Applications in Mobile Computing','Mobile Computing Advances and Applications provides guidance on how mobile software services can be used to make life easier for mobile users.The main contribution of this book is the improvement of mobile software in application development stages such as analysis, design, development and testing.',2012);
insert into digital_lib_book_author (digital_lib_book_fk, digital_lib_author_fk) values (789,85);
insert into digital_lib_book_tag (digital_lib_book_fk, digital_lib_tag_fk) values (789,2454);
insert into digital_lib_book_tag (digital_lib_book_fk, digital_lib_tag_fk) values (789,929);
insert into digital_lib_book_tag (digital_lib_book_fk, digital_lib_tag_fk) values (789,479);
insert into digital_lib_book_tag (digital_lib_book_fk, digital_lib_tag_fk) values (789,2076);
insert into digital_lib_book_tag (digital_lib_book_fk, digital_lib_tag_fk) values (789,1506);
insert into digital_lib_book_publisher (digital_lib_book_fk, digital_lib_publisher_fk) values (789,261);
insert into digital_lib_category_book (digital_lib_book_fk, digital_lib_category_fk) values (789,6);
insert into digital_lib_category_book (digital_lib_book_fk, digital_lib_category_fk) values (789,8);
insert into digital_lib_book (digital_lib_book_id, title, description, issue_year) values (790,'Android Design Guidelines','This book provides a reference when dealing with the development of Android applications that can also be extrapolated to other mobile operating systems.',2011);
insert into digital_lib_book_author (digital_lib_book_fk, digital_lib_author_fk) values (790,452);
insert into digital_lib_book_tag (digital_lib_book_fk, digital_lib_tag_fk) values (790,2454);
insert into digital_lib_book_tag (digital_lib_book_fk, digital_lib_tag_fk) values (790,929);
insert into digital_lib_book_tag (digital_lib_book_fk, digital_lib_tag_fk) values (790,479);
insert into digital_lib_book_tag (digital_lib_book_fk, digital_lib_tag_fk) values (790,2076);
insert into digital_lib_book_tag (digital_lib_book_fk, digital_lib_tag_fk) values (790,1506);
insert into digital_lib_book_publisher (digital_lib_book_fk, digital_lib_publisher_fk) values (790,258);
insert into digital_lib_category_book (digital_lib_book_fk, digital_lib_category_fk) values (790,6);
insert into digital_lib_category_book (digital_lib_book_fk, digital_lib_category_fk) values (790,8);
insert into digital_lib_book (digital_lib_book_id, title, description, issue_year) values (791,'Android Programming Tutorials','This book is a collection of tutorials, walking you through developing Android applications, from the simplest "Hello, world!" to applications using many advanced Android APIs.',2011);
insert into digital_lib_book_author (digital_lib_book_fk, digital_lib_author_fk) values (791,399);
insert into digital_lib_book_tag (digital_lib_book_fk, digital_lib_tag_fk) values (791,821);
insert into digital_lib_book_tag (digital_lib_book_fk, digital_lib_tag_fk) values (791,1933);
insert into digital_lib_book_tag (digital_lib_book_fk, digital_lib_tag_fk) values (791,2076);
insert into digital_lib_book_tag (digital_lib_book_fk, digital_lib_tag_fk) values (791,929);
insert into digital_lib_book_publisher (digital_lib_book_fk, digital_lib_publisher_fk) values (791,178);
insert into digital_lib_category_book (digital_lib_book_fk, digital_lib_category_fk) values (791,6);
insert into digital_lib_category_book (digital_lib_book_fk, digital_lib_category_fk) values (791,8);
insert into digital_lib_book (digital_lib_book_id, title, description, issue_year) values (792,'Andbook! Android Programming','This document was written for developers who have previously worked with Java™ and want to start developing for Android.',2009);
insert into digital_lib_book_author (digital_lib_book_fk, digital_lib_author_fk) values (792,915);
insert into digital_lib_book_tag (digital_lib_book_fk, digital_lib_tag_fk) values (792,821);
insert into digital_lib_book_tag (digital_lib_book_fk, digital_lib_tag_fk) values (792,1480);
insert into digital_lib_book_tag (digital_lib_book_fk, digital_lib_tag_fk) values (792,2144);
insert into digital_lib_book_tag (digital_lib_book_fk, digital_lib_tag_fk) values (792,597);
insert into digital_lib_book_tag (digital_lib_book_fk, digital_lib_tag_fk) values (792,2076);
insert into digital_lib_book_publisher (digital_lib_book_fk, digital_lib_publisher_fk) values (792,236);
insert into digital_lib_category_book (digital_lib_book_fk, digital_lib_category_fk) values (792,6);
insert into digital_lib_category_book (digital_lib_book_fk, digital_lib_category_fk) values (792,8);
insert into digital_lib_book (digital_lib_book_id, title, description, issue_year) values (793,'Designing Successful iPhone and Android Games with GameMaker','This book contains the persepective of the developer regarding the tool who shows us the way to create our own successful games.',2011);
insert into digital_lib_book_author (digital_lib_book_fk, digital_lib_author_fk) values (793,1149);
insert into digital_lib_book_tag (digital_lib_book_fk, digital_lib_tag_fk) values (793,821);
insert into digital_lib_book_tag (digital_lib_book_fk, digital_lib_tag_fk) values (793,1465);
insert into digital_lib_book_tag (digital_lib_book_fk, digital_lib_tag_fk) values (793,929);
insert into digital_lib_book_tag (digital_lib_book_fk, digital_lib_tag_fk) values (793,561);
insert into digital_lib_book_tag (digital_lib_book_fk, digital_lib_tag_fk) values (793,2076);
insert into digital_lib_book_publisher (digital_lib_book_fk, digital_lib_publisher_fk) values (793,151);
insert into digital_lib_category_book (digital_lib_book_fk, digital_lib_category_fk) values (793,6);
insert into digital_lib_category_book (digital_lib_book_fk, digital_lib_category_fk) values (793,8);
insert into digital_lib_book (digital_lib_book_id, title, description, issue_year) values (794,'Designing for Windows Phone','With this book, you will learn the basic techniques to develop applications: with many examples and images, the result is a very educational volume designed for all audiences.',2011);
insert into digital_lib_book_author (digital_lib_book_fk, digital_lib_author_fk) values (794,325);
insert into digital_lib_book_tag (digital_lib_book_fk, digital_lib_tag_fk) values (794,2406);
insert into digital_lib_book_tag (digital_lib_book_fk, digital_lib_tag_fk) values (794,1480);
insert into digital_lib_book_tag (digital_lib_book_fk, digital_lib_tag_fk) values (794,2144);
insert into digital_lib_book_tag (digital_lib_book_fk, digital_lib_tag_fk) values (794,1770);
insert into digital_lib_book_tag (digital_lib_book_fk, digital_lib_tag_fk) values (794,2076);
insert into digital_lib_book_publisher (digital_lib_book_fk, digital_lib_publisher_fk) values (794,176);
insert into digital_lib_category_book (digital_lib_book_fk, digital_lib_category_fk) values (794,6);
insert into digital_lib_category_book (digital_lib_book_fk, digital_lib_category_fk) values (794,8);
insert into digital_lib_book (digital_lib_book_id, title, description, issue_year) values (795,'Don\`t Panic: Mobile Developer’s Guide','This manual offers all the necessary guidelines to start developing applications for the most common devices and operating systems. It should therefore be considered as an essential reference guide for the programmer who is starting out for the first time in these environments.',2011);
insert into digital_lib_book_author (digital_lib_book_fk, digital_lib_author_fk) values (795,325);
insert into digital_lib_book_tag (digital_lib_book_fk, digital_lib_tag_fk) values (795,821);
insert into digital_lib_book_tag (digital_lib_book_fk, digital_lib_tag_fk) values (795,745);
insert into digital_lib_book_tag (digital_lib_book_fk, digital_lib_tag_fk) values (795,1806);
insert into digital_lib_book_tag (digital_lib_book_fk, digital_lib_tag_fk) values (795,67);
insert into digital_lib_book_tag (digital_lib_book_fk, digital_lib_tag_fk) values (795,676);
insert into digital_lib_book_tag (digital_lib_book_fk, digital_lib_tag_fk) values (795,1933);
insert into digital_lib_book_tag (digital_lib_book_fk, digital_lib_tag_fk) values (795,929);
insert into digital_lib_book_tag (digital_lib_book_fk, digital_lib_tag_fk) values (795,1134);
insert into digital_lib_book_tag (digital_lib_book_fk, digital_lib_tag_fk) values (795,1193);
insert into digital_lib_book_tag (digital_lib_book_fk, digital_lib_tag_fk) values (795,502);
insert into digital_lib_book_publisher (digital_lib_book_fk, digital_lib_publisher_fk) values (795,67);
insert into digital_lib_category_book (digital_lib_book_fk, digital_lib_category_fk) values (795,6);
insert into digital_lib_category_book (digital_lib_book_fk, digital_lib_category_fk) values (795,8);
insert into digital_lib_book (digital_lib_book_id, title, description, issue_year) values (796,'Android Application Development for the Intel® Platform','Android Application Development for the Intel® Platform is the perfect introduction for software engineers and mobile app developers. Through well-designed app samples, code samples and case studies, the book teaches Android application development based on the Intel platform—including for smartphones, tablets, and embedded devices—covering performance tuning, debugging and optimization.',2014);
insert into digital_lib_book_author (digital_lib_book_fk, digital_lib_author_fk) values (796,346);
insert into digital_lib_book_author (digital_lib_book_fk, digital_lib_author_fk) values (796,709);
insert into digital_lib_book_tag (digital_lib_book_fk, digital_lib_tag_fk) values (796,2076);
insert into digital_lib_book_tag (digital_lib_book_fk, digital_lib_tag_fk) values (796,2327);
insert into digital_lib_book_tag (digital_lib_book_fk, digital_lib_tag_fk) values (796,929);
insert into digital_lib_book_publisher (digital_lib_book_fk, digital_lib_publisher_fk) values (796,19);
insert into digital_lib_book_publisher (digital_lib_book_fk, digital_lib_publisher_fk) values (796,1);
insert into digital_lib_book_publisher (digital_lib_book_fk, digital_lib_publisher_fk) values (796,189);
insert into digital_lib_category_book (digital_lib_book_fk, digital_lib_category_fk) values (796,6);
insert into digital_lib_category_book (digital_lib_book_fk, digital_lib_category_fk) values (796,8);
insert into digital_lib_book (digital_lib_book_id, title, description, issue_year) values (797,'GUI Design for Android Apps','GUI Design for Android Apps is the perfect—and concise—introduction for mobile app developers and designers. Through easy-to-follow tutorials, code samples, and case studies, the book shows the must-know principles for user-interface design for Android apps running on the Intel platform, including smartphones, tablets and embedded devices.',2014);
insert into digital_lib_book_author (digital_lib_book_fk, digital_lib_author_fk) values (797,346);
insert into digital_lib_book_author (digital_lib_book_fk, digital_lib_author_fk) values (797,709);
insert into digital_lib_book_tag (digital_lib_book_fk, digital_lib_tag_fk) values (797,2076);
insert into digital_lib_book_tag (digital_lib_book_fk, digital_lib_tag_fk) values (797,2454);
insert into digital_lib_book_tag (digital_lib_book_fk, digital_lib_tag_fk) values (797,929);
insert into digital_lib_book_publisher (digital_lib_book_fk, digital_lib_publisher_fk) values (797,19);
insert into digital_lib_book_publisher (digital_lib_book_fk, digital_lib_publisher_fk) values (797,1);
insert into digital_lib_book_publisher (digital_lib_book_fk, digital_lib_publisher_fk) values (797,189);
insert into digital_lib_category_book (digital_lib_book_fk, digital_lib_category_fk) values (797,6);
insert into digital_lib_category_book (digital_lib_book_fk, digital_lib_category_fk) values (797,8);
insert into digital_lib_book (digital_lib_book_id, title, description, issue_year) values (798,'The Architecture of Open Source Applications','With this first book in a series of two, the authors explain from a technical level the structure of several of the great existing open source applications. Answers to questions such as what are the main components of each program will be studied? How do they interact? And what were its builders able to learn during the experience of its development? In seeking answers to these questions, the contributors to these books provide a unique and invaluable insight into how they think.',2011);
insert into digital_lib_book_author (digital_lib_book_fk, digital_lib_author_fk) values (798,634);
insert into digital_lib_book_author (digital_lib_book_fk, digital_lib_author_fk) values (798,561);
insert into digital_lib_book_tag (digital_lib_book_fk, digital_lib_tag_fk) values (798,2076);
insert into digital_lib_book_tag (digital_lib_book_fk, digital_lib_tag_fk) values (798,1091);
insert into digital_lib_book_tag (digital_lib_book_fk, digital_lib_tag_fk) values (798,394);
insert into digital_lib_book_publisher (digital_lib_book_fk, digital_lib_publisher_fk) values (798,240);
insert into digital_lib_category_book (digital_lib_book_fk, digital_lib_category_fk) values (798,6);
insert into digital_lib_category_book (digital_lib_book_fk, digital_lib_category_fk) values (798,23);
insert into digital_lib_book (digital_lib_book_id, title, description, issue_year) values (799,'97 Things Every Software Architect Should Know','This book is an unpublished and unofficial continuation made from the various collaborations and contributions that many professionals have been making on the homonymous "97 Things Every Software Architect Should Know" published by O\`Reilly.Algorithms, architectures, structures and good practices are compiled here that will surely contribute to the personal training of each professional through the experience of the rest of their colleagues.',2009);
insert into digital_lib_book_author (digital_lib_book_fk, digital_lib_author_fk) values (799,391);
insert into digital_lib_book_tag (digital_lib_book_fk, digital_lib_tag_fk) values (799,782);
insert into digital_lib_book_tag (digital_lib_book_fk, digital_lib_tag_fk) values (799,2076);
insert into digital_lib_book_tag (digital_lib_book_fk, digital_lib_tag_fk) values (799,31);
insert into digital_lib_book_tag (digital_lib_book_fk, digital_lib_tag_fk) values (799,1581);
insert into digital_lib_book_publisher (digital_lib_book_fk, digital_lib_publisher_fk) values (799,12);
insert into digital_lib_category_book (digital_lib_book_fk, digital_lib_category_fk) values (799,6);
insert into digital_lib_category_book (digital_lib_book_fk, digital_lib_category_fk) values (799,23);
insert into digital_lib_book (digital_lib_book_id, title, description, issue_year) values (800,'An Introduction to Design Patterns in C++ with Qt 4','Qt is a widely used cross-platform library for developing applications with a graphical user interface as well as for developing non-GUI programs such as command-line tools and server consoles. This book provides additional information on it.',2006);
insert into digital_lib_book_author (digital_lib_book_fk, digital_lib_author_fk) values (800,1142);
insert into digital_lib_book_author (digital_lib_book_fk, digital_lib_author_fk) values (800,1062);
insert into digital_lib_book_tag (digital_lib_book_fk, digital_lib_tag_fk) values (800,2076);
insert into digital_lib_book_tag (digital_lib_book_fk, digital_lib_tag_fk) values (800,1091);
insert into digital_lib_book_tag (digital_lib_book_fk, digital_lib_tag_fk) values (800,394);
insert into digital_lib_book_tag (digital_lib_book_fk, digital_lib_tag_fk) values (800,782);
insert into digital_lib_book_publisher (digital_lib_book_fk, digital_lib_publisher_fk) values (800,205);
insert into digital_lib_category_book (digital_lib_book_fk, digital_lib_category_fk) values (800,6);
insert into digital_lib_category_book (digital_lib_book_fk, digital_lib_category_fk) values (800,23);
insert into digital_lib_book (digital_lib_book_id, title, description, issue_year) values (801,'An Introduction to Software Architecture','This article provides an introduction to the emerging field of software architecture. Six case studies are presented below to illustrate how our understanding of a complex software system can be enhanced through proper architectural design.',1994);
insert into digital_lib_book_author (digital_lib_book_fk, digital_lib_author_fk) values (801,1021);
insert into digital_lib_book_author (digital_lib_book_fk, digital_lib_author_fk) values (801,510);
insert into digital_lib_book_tag (digital_lib_book_fk, digital_lib_tag_fk) values (801,1091);
insert into digital_lib_book_tag (digital_lib_book_fk, digital_lib_tag_fk) values (801,1839);
insert into digital_lib_book_tag (digital_lib_book_fk, digital_lib_tag_fk) values (801,2454);
insert into digital_lib_book_tag (digital_lib_book_fk, digital_lib_tag_fk) values (801,328);
insert into digital_lib_book_tag (digital_lib_book_fk, digital_lib_tag_fk) values (801,1902);
insert into digital_lib_book_publisher (digital_lib_book_fk, digital_lib_publisher_fk) values (801,16);
insert into digital_lib_category_book (digital_lib_book_fk, digital_lib_category_fk) values (801,6);
insert into digital_lib_category_book (digital_lib_book_fk, digital_lib_category_fk) values (801,23);
insert into digital_lib_book (digital_lib_book_id, title, description, issue_year) values (802,'Apprenticeship Patterns','An essential book to grow as a developer and thereby improve our own quality of life.',2009);
insert into digital_lib_book_author (digital_lib_book_fk, digital_lib_author_fk) values (802,71);
insert into digital_lib_book_author (digital_lib_book_fk, digital_lib_author_fk) values (802,920);
insert into digital_lib_book_tag (digital_lib_book_fk, digital_lib_tag_fk) values (802,1091);
insert into digital_lib_book_tag (digital_lib_book_fk, digital_lib_tag_fk) values (802,1839);
insert into digital_lib_book_tag (digital_lib_book_fk, digital_lib_tag_fk) values (802,2454);
insert into digital_lib_book_tag (digital_lib_book_fk, digital_lib_tag_fk) values (802,328);
insert into digital_lib_book_tag (digital_lib_book_fk, digital_lib_tag_fk) values (802,1902);
insert into digital_lib_book_publisher (digital_lib_book_fk, digital_lib_publisher_fk) values (802,153);
insert into digital_lib_category_book (digital_lib_book_fk, digital_lib_category_fk) values (802,6);
insert into digital_lib_category_book (digital_lib_book_fk, digital_lib_category_fk) values (802,23);
insert into digital_lib_book (digital_lib_book_id, title, description, issue_year) values (803,'Cognitive Patterns: Problem-Solving Frameworks for Object Technology','Cognitive Patterns not only shows us how to develop cognitive-based systems, it provides a comprehensive series of best-practice models and case studies. The book supplies patterns for problem solving, teaches by example, and is based on the firsthand experience of its talented team of authors. It defines how the next generation of systems will be developed.',2011);
insert into digital_lib_book_author (digital_lib_book_fk, digital_lib_author_fk) values (803,912);
insert into digital_lib_book_author (digital_lib_book_fk, digital_lib_author_fk) values (803,560);
insert into digital_lib_book_author (digital_lib_book_fk, digital_lib_author_fk) values (803,590);
insert into digital_lib_book_author (digital_lib_book_fk, digital_lib_author_fk) values (803,417);
insert into digital_lib_book_author (digital_lib_book_fk, digital_lib_author_fk) values (803,286);
insert into digital_lib_book_tag (digital_lib_book_fk, digital_lib_tag_fk) values (803,1091);
insert into digital_lib_book_tag (digital_lib_book_fk, digital_lib_tag_fk) values (803,2076);
insert into digital_lib_book_tag (digital_lib_book_fk, digital_lib_tag_fk) values (803,974);
insert into digital_lib_book_tag (digital_lib_book_fk, digital_lib_tag_fk) values (803,1782);
insert into digital_lib_book_tag (digital_lib_book_fk, digital_lib_tag_fk) values (803,328);
insert into digital_lib_book_tag (digital_lib_book_fk, digital_lib_tag_fk) values (803,479);
insert into digital_lib_book_publisher (digital_lib_book_fk, digital_lib_publisher_fk) values (803,160);
insert into digital_lib_category_book (digital_lib_book_fk, digital_lib_category_fk) values (803,6);
insert into digital_lib_category_book (digital_lib_book_fk, digital_lib_category_fk) values (803,23);
insert into digital_lib_book (digital_lib_book_id, title, description, issue_year) values (804,'Computer Science Design Patterns','In software engineering, a design pattern is a general reusable solution to a commonly occurring problem within a given context in software design. A design pattern is not a finished design that can be transformed directly into source or machine code. This book provides additional information on that.',2014);
insert into digital_lib_book_author (digital_lib_book_fk, digital_lib_author_fk) values (804,325);
insert into digital_lib_book_tag (digital_lib_book_fk, digital_lib_tag_fk) values (804,1674);
insert into digital_lib_book_tag (digital_lib_book_fk, digital_lib_tag_fk) values (804,2076);
insert into digital_lib_book_tag (digital_lib_book_fk, digital_lib_tag_fk) values (804,782);
insert into digital_lib_book_publisher (digital_lib_book_fk, digital_lib_publisher_fk) values (804,144);
insert into digital_lib_category_book (digital_lib_book_fk, digital_lib_category_fk) values (804,6);
insert into digital_lib_category_book (digital_lib_book_fk, digital_lib_category_fk) values (804,23);
insert into digital_lib_book (digital_lib_book_id, title, description, issue_year) values (805,'GoF Design Patterns','A design pattern is a solution to a design problem. For a solution to be considered a pattern, it must have certain characteristics. One of them is that you must have proven its effectiveness by solving similar problems on previous occasions. Another is that it must be reusable, meaning that it is applicable to different design problems in different circumstances. This book helps with gaining a better understanding of that.',2008);
insert into digital_lib_book_author (digital_lib_book_fk, digital_lib_author_fk) values (805,325);
insert into digital_lib_book_tag (digital_lib_book_fk, digital_lib_tag_fk) values (805,1933);
insert into digital_lib_book_tag (digital_lib_book_fk, digital_lib_tag_fk) values (805,782);
insert into digital_lib_book_tag (digital_lib_book_fk, digital_lib_tag_fk) values (805,1896);
insert into digital_lib_book_tag (digital_lib_book_fk, digital_lib_tag_fk) values (805,650);
insert into digital_lib_book_tag (digital_lib_book_fk, digital_lib_tag_fk) values (805,2076);
insert into digital_lib_book_publisher (digital_lib_book_fk, digital_lib_publisher_fk) values (805,258);
insert into digital_lib_category_book (digital_lib_book_fk, digital_lib_category_fk) values (805,6);
insert into digital_lib_category_book (digital_lib_book_fk, digital_lib_category_fk) values (805,23);
insert into digital_lib_book (digital_lib_book_id, title, description, issue_year) values (806,'Design Patterns: Thanks to WikiPedia','A design pattern is a solution to a design problem. For a solution to be considered a pattern, it must have certain characteristics. One of them is that you must have proven its effectiveness by solving similar problems on previous occasions. Another is that it must be reusable, meaning that it is applicable to different design problems in different circumstances. This book helps with gaining a better understanding of that.',2011);
insert into digital_lib_book_author (digital_lib_book_fk, digital_lib_author_fk) values (806,325);
insert into digital_lib_book_tag (digital_lib_book_fk, digital_lib_tag_fk) values (806,1933);
insert into digital_lib_book_tag (digital_lib_book_fk, digital_lib_tag_fk) values (806,782);
insert into digital_lib_book_tag (digital_lib_book_fk, digital_lib_tag_fk) values (806,1896);
insert into digital_lib_book_tag (digital_lib_book_fk, digital_lib_tag_fk) values (806,650);
insert into digital_lib_book_tag (digital_lib_book_fk, digital_lib_tag_fk) values (806,2076);
insert into digital_lib_book_publisher (digital_lib_book_fk, digital_lib_publisher_fk) values (806,258);
insert into digital_lib_category_book (digital_lib_book_fk, digital_lib_category_fk) values (806,6);
insert into digital_lib_category_book (digital_lib_book_fk, digital_lib_category_fk) values (806,23);
insert into digital_lib_book (digital_lib_book_id, title, description, issue_year) values (807,'Design Patterns in Python','The choice of language with which it will be implemented affects the use of design patterns. Naturally some languages ​​apply better than others for different tasks. Each language has its own set of strengths and weaknesses. In this essay we implement some of the most common design patterns in Python, whose object model is quite different from that of conventional object-oriented languages. Thus, we get some insight in this book into patterns in the context of Python.',2011);
insert into digital_lib_book_author (digital_lib_book_fk, digital_lib_author_fk) values (807,940);
insert into digital_lib_book_author (digital_lib_book_fk, digital_lib_author_fk) values (807,636);
insert into digital_lib_book_tag (digital_lib_book_fk, digital_lib_tag_fk) values (807,782);
insert into digital_lib_book_tag (digital_lib_book_fk, digital_lib_tag_fk) values (807,2076);
insert into digital_lib_book_tag (digital_lib_book_fk, digital_lib_tag_fk) values (807,31);
insert into digital_lib_book_tag (digital_lib_book_fk, digital_lib_tag_fk) values (807,1581);
insert into digital_lib_book_tag (digital_lib_book_fk, digital_lib_tag_fk) values (807,1229);
insert into digital_lib_book_tag (digital_lib_book_fk, digital_lib_tag_fk) values (807,169);
insert into digital_lib_book_publisher (digital_lib_book_fk, digital_lib_publisher_fk) values (807,151);
insert into digital_lib_category_book (digital_lib_book_fk, digital_lib_category_fk) values (807,6);
insert into digital_lib_category_book (digital_lib_book_fk, digital_lib_category_fk) values (807,23);
insert into digital_lib_book (digital_lib_book_id, title, description, issue_year) values (808,'Domain-Driven Design Pattern Summaries','Domain-driven design, or Domain-driven design (DDD) is an approach to developing software with complex needs through a deep connection between implementation and core business model concepts. This book provides additional information to this topic.',2004);
insert into digital_lib_book_author (digital_lib_book_fk, digital_lib_author_fk) values (808,740);
insert into digital_lib_book_tag (digital_lib_book_fk, digital_lib_tag_fk) values (808,199);
insert into digital_lib_book_tag (digital_lib_book_fk, digital_lib_tag_fk) values (808,782);
insert into digital_lib_book_tag (digital_lib_book_fk, digital_lib_tag_fk) values (808,2076);
insert into digital_lib_book_tag (digital_lib_book_fk, digital_lib_tag_fk) values (808,1610);
insert into digital_lib_book_publisher (digital_lib_book_fk, digital_lib_publisher_fk) values (808,46);
insert into digital_lib_category_book (digital_lib_book_fk, digital_lib_category_fk) values (808,6);
insert into digital_lib_category_book (digital_lib_book_fk, digital_lib_category_fk) values (808,23);
insert into digital_lib_book (digital_lib_book_id, title, description, issue_year) values (809,'Entity Framework Notes for Professionals','This Entity Framework Notes for Professionals book is compiled from Stack Overflow Documentation, the content is written by the beautiful people at Stack Overflow.',2018);
insert into digital_lib_book_author (digital_lib_book_fk, digital_lib_author_fk) values (809,391);
insert into digital_lib_book_tag (digital_lib_book_fk, digital_lib_tag_fk) values (809,308);
insert into digital_lib_book_tag (digital_lib_book_fk, digital_lib_tag_fk) values (809,106);
insert into digital_lib_book_tag (digital_lib_book_fk, digital_lib_tag_fk) values (809,2126);
insert into digital_lib_book_tag (digital_lib_book_fk, digital_lib_tag_fk) values (809,2076);
insert into digital_lib_book_tag (digital_lib_book_fk, digital_lib_tag_fk) values (809,71);
insert into digital_lib_book_publisher (digital_lib_book_fk, digital_lib_publisher_fk) values (809,22);
insert into digital_lib_category_book (digital_lib_book_fk, digital_lib_category_fk) values (809,6);
insert into digital_lib_category_book (digital_lib_book_fk, digital_lib_category_fk) values (809,23);
insert into digital_lib_book (digital_lib_book_id, title, description, issue_year) values (810,'The microarchitecture of Intel, AMD and VIA CPUs','This manual describes the microarchitecture details of x86 microprocessors from Intel to AMD. The purpose of this book is to enable developers and compilers to make software optimizations for a given microprocessor model. This guide is intended for students of microarchitecture and software engineering.',2011);
insert into digital_lib_book_author (digital_lib_book_fk, digital_lib_author_fk) values (810,824);
insert into digital_lib_book_tag (digital_lib_book_fk, digital_lib_tag_fk) values (810,2159);
insert into digital_lib_book_tag (digital_lib_book_fk, digital_lib_tag_fk) values (810,1851);
insert into digital_lib_book_tag (digital_lib_book_fk, digital_lib_tag_fk) values (810,2327);
insert into digital_lib_book_tag (digital_lib_book_fk, digital_lib_tag_fk) values (810,1731);
insert into digital_lib_book_tag (digital_lib_book_fk, digital_lib_tag_fk) values (810,799);
insert into digital_lib_book_tag (digital_lib_book_fk, digital_lib_tag_fk) values (810,2055);
insert into digital_lib_book_tag (digital_lib_book_fk, digital_lib_tag_fk) values (810,1389);
insert into digital_lib_book_publisher (digital_lib_book_fk, digital_lib_publisher_fk) values (810,125);
insert into digital_lib_category_book (digital_lib_book_fk, digital_lib_category_fk) values (810,6);
insert into digital_lib_category_book (digital_lib_book_fk, digital_lib_category_fk) values (810,23);
insert into digital_lib_book (digital_lib_book_id, title, description, issue_year) values (811,'Motivational Design Patterns','This dissertation presents  a library of twenty-seven motivational design patterns, under the categories of gameful, social, interface and information. Theories and experimental results from motivational psychology, behavioral psychology and behavioral economics are used to explain the power of diferent design patterns and suggest optimal implementations.',2013);
insert into digital_lib_book_author (digital_lib_book_fk, digital_lib_author_fk) values (811,880);
insert into digital_lib_book_tag (digital_lib_book_fk, digital_lib_tag_fk) values (811,782);
insert into digital_lib_book_tag (digital_lib_book_fk, digital_lib_tag_fk) values (811,2160);
insert into digital_lib_book_tag (digital_lib_book_fk, digital_lib_tag_fk) values (811,1679);
insert into digital_lib_book_tag (digital_lib_book_fk, digital_lib_tag_fk) values (811,626);
insert into digital_lib_book_tag (digital_lib_book_fk, digital_lib_tag_fk) values (811,1831);
insert into digital_lib_book_tag (digital_lib_book_fk, digital_lib_tag_fk) values (811,572);
insert into digital_lib_book_tag (digital_lib_book_fk, digital_lib_tag_fk) values (811,2401);
insert into digital_lib_book_publisher (digital_lib_book_fk, digital_lib_publisher_fk) values (811,276);
insert into digital_lib_category_book (digital_lib_book_fk, digital_lib_category_fk) values (811,6);
insert into digital_lib_category_book (digital_lib_book_fk, digital_lib_category_fk) values (811,23);
insert into digital_lib_book (digital_lib_book_id, title, description, issue_year) values (812,'Patterns of Software: Tales from the Software Community','The series of essays that make up this book began as columns for the Journal of Object Oriented Programming.',1996);
insert into digital_lib_book_author (digital_lib_book_fk, digital_lib_author_fk) values (812,667);
insert into digital_lib_book_tag (digital_lib_book_fk, digital_lib_tag_fk) values (812,367);
insert into digital_lib_book_tag (digital_lib_book_fk, digital_lib_tag_fk) values (812,782);
insert into digital_lib_book_tag (digital_lib_book_fk, digital_lib_tag_fk) values (812,2079);
insert into digital_lib_book_tag (digital_lib_book_fk, digital_lib_tag_fk) values (812,2076);
insert into digital_lib_book_tag (digital_lib_book_fk, digital_lib_tag_fk) values (812,1581);
insert into digital_lib_book_publisher (digital_lib_book_fk, digital_lib_publisher_fk) values (812,85);
insert into digital_lib_category_book (digital_lib_book_fk, digital_lib_category_fk) values (812,6);
insert into digital_lib_category_book (digital_lib_book_fk, digital_lib_category_fk) values (812,23);
insert into digital_lib_book (digital_lib_book_id, title, description, issue_year) values (813,'Software Architecture','Free Software – sometimes also referred to as "Open Source" or "Libre Software" – can be used, studied, copied, modified and distributed freely. It offers the freedom to learn and to teach without engaging in dependencies on any single technology provider. These freedoms are considered a fundamental precondition for sustainable development and an inclusive information society. This book discusses this topic.',2011);
insert into digital_lib_book_author (digital_lib_book_fk, digital_lib_author_fk) values (813,623);
insert into digital_lib_book_author (digital_lib_book_fk, digital_lib_author_fk) values (813,533);
insert into digital_lib_book_author (digital_lib_book_fk, digital_lib_author_fk) values (813,953);
insert into digital_lib_book_author (digital_lib_book_fk, digital_lib_author_fk) values (813,378);
insert into digital_lib_book_tag (digital_lib_book_fk, digital_lib_tag_fk) values (813,1091);
insert into digital_lib_book_tag (digital_lib_book_fk, digital_lib_tag_fk) values (813,1839);
insert into digital_lib_book_tag (digital_lib_book_fk, digital_lib_tag_fk) values (813,782);
insert into digital_lib_book_tag (digital_lib_book_fk, digital_lib_tag_fk) values (813,328);
insert into digital_lib_book_tag (digital_lib_book_fk, digital_lib_tag_fk) values (813,385);
insert into digital_lib_book_tag (digital_lib_book_fk, digital_lib_tag_fk) values (813,1902);
insert into digital_lib_book_publisher (digital_lib_book_fk, digital_lib_publisher_fk) values (813,44);
insert into digital_lib_category_book (digital_lib_book_fk, digital_lib_category_fk) values (813,6);
insert into digital_lib_category_book (digital_lib_book_fk, digital_lib_category_fk) values (813,23);
insert into digital_lib_book (digital_lib_book_id, title, description, issue_year) values (814,'Applying Design Patterns for Everyone','This book is an aggregate of various articles on the subject that its author, Anoop, has been publishing on his personal blog. The goal is to present various software design patterns in a way that is simple, easy to understand, easy to read, and even fun. For this, the design of a football engine is used as a context, discussing during the process the advantages of applying the various patterns treated.',2009);
insert into digital_lib_book_author (digital_lib_book_fk, digital_lib_author_fk) values (814,59);
insert into digital_lib_book_tag (digital_lib_book_fk, digital_lib_tag_fk) values (814,1263);
insert into digital_lib_book_tag (digital_lib_book_fk, digital_lib_tag_fk) values (814,2076);
insert into digital_lib_book_publisher (digital_lib_book_fk, digital_lib_publisher_fk) values (814,151);
insert into digital_lib_category_book (digital_lib_book_fk, digital_lib_category_fk) values (814,6);
insert into digital_lib_category_book (digital_lib_book_fk, digital_lib_category_fk) values (814,23);
insert into digital_lib_book (digital_lib_book_id, title, description, issue_year) values (815,'Structure and Interpretation of Computer Programs','This manual teaches you the fundamentals of programming from a perspective that invites you to study, to delve into the topics it proposes until you appreciate the beauty enclosed in a written code.',1996);
insert into digital_lib_book_author (digital_lib_book_fk, digital_lib_author_fk) values (815,1131);
insert into digital_lib_book_author (digital_lib_book_fk, digital_lib_author_fk) values (815,885);
insert into digital_lib_book_tag (digital_lib_book_fk, digital_lib_tag_fk) values (815,2145);
insert into digital_lib_book_tag (digital_lib_book_fk, digital_lib_tag_fk) values (815,1674);
insert into digital_lib_book_tag (digital_lib_book_fk, digital_lib_tag_fk) values (815,2076);
insert into digital_lib_book_tag (digital_lib_book_fk, digital_lib_tag_fk) values (815,1625);
insert into digital_lib_book_tag (digital_lib_book_fk, digital_lib_tag_fk) values (815,2079);
insert into digital_lib_book_tag (digital_lib_book_fk, digital_lib_tag_fk) values (815,782);
insert into digital_lib_book_publisher (digital_lib_book_fk, digital_lib_publisher_fk) values (815,194);
insert into digital_lib_category_book (digital_lib_book_fk, digital_lib_category_fk) values (815,6);
insert into digital_lib_category_book (digital_lib_book_fk, digital_lib_category_fk) values (815,23);
insert into digital_lib_book (digital_lib_book_id, title, description, issue_year) values (816,'Intelligent Human Computer Interaction','This book constitutes the proceedings of the 8th International Conference on Intelligent Human Computer Interaction, IHCI 2016, held in Pilani, India, in December 2016.',2017);
insert into digital_lib_book_author (digital_lib_book_fk, digital_lib_author_fk) values (816,799);
insert into digital_lib_book_author (digital_lib_book_fk, digital_lib_author_fk) values (816,981);
insert into digital_lib_book_author (digital_lib_book_fk, digital_lib_author_fk) values (816,565);
insert into digital_lib_book_author (digital_lib_book_fk, digital_lib_author_fk) values (816,793);
insert into digital_lib_book_tag (digital_lib_book_fk, digital_lib_tag_fk) values (816,873);
insert into digital_lib_book_tag (digital_lib_book_fk, digital_lib_tag_fk) values (816,1823);
insert into digital_lib_book_tag (digital_lib_book_fk, digital_lib_tag_fk) values (816,1873);
insert into digital_lib_book_tag (digital_lib_book_fk, digital_lib_tag_fk) values (816,1613);
insert into digital_lib_book_tag (digital_lib_book_fk, digital_lib_tag_fk) values (816,876);
insert into digital_lib_book_tag (digital_lib_book_fk, digital_lib_tag_fk) values (816,1765);
insert into digital_lib_book_tag (digital_lib_book_fk, digital_lib_tag_fk) values (816,1746);
insert into digital_lib_book_tag (digital_lib_book_fk, digital_lib_tag_fk) values (816,1442);
insert into digital_lib_book_tag (digital_lib_book_fk, digital_lib_tag_fk) values (816,542);
insert into digital_lib_book_tag (digital_lib_book_fk, digital_lib_tag_fk) values (816,1694);
insert into digital_lib_book_tag (digital_lib_book_fk, digital_lib_tag_fk) values (816,1639);
insert into digital_lib_book_publisher (digital_lib_book_fk, digital_lib_publisher_fk) values (816,14);
insert into digital_lib_book_publisher (digital_lib_book_fk, digital_lib_publisher_fk) values (816,2);
insert into digital_lib_category_book (digital_lib_book_fk, digital_lib_category_fk) values (816,6);
insert into digital_lib_category_book (digital_lib_book_fk, digital_lib_category_fk) values (816,19);
insert into digital_lib_book (digital_lib_book_id, title, description, issue_year) values (817,'Open Source Systems: Towards Robust Practices','This book constitutes the refereed proceedings of the 13th IFIP WG 2.13 International Conference on Open Source Systems, OSS 2017, held in Buenos Aires, Argentina, in May 2017.',2017);
insert into digital_lib_book_author (digital_lib_book_fk, digital_lib_author_fk) values (817,868);
insert into digital_lib_book_author (digital_lib_book_fk, digital_lib_author_fk) values (817,1178);
insert into digital_lib_book_author (digital_lib_book_fk, digital_lib_author_fk) values (817,472);
insert into digital_lib_book_author (digital_lib_book_fk, digital_lib_author_fk) values (817,624);
insert into digital_lib_book_author (digital_lib_book_fk, digital_lib_author_fk) values (817,538);
insert into digital_lib_book_author (digital_lib_book_fk, digital_lib_author_fk) values (817,499);
insert into digital_lib_book_tag (digital_lib_book_fk, digital_lib_tag_fk) values (817,806);
insert into digital_lib_book_tag (digital_lib_book_fk, digital_lib_tag_fk) values (817,434);
insert into digital_lib_book_tag (digital_lib_book_fk, digital_lib_tag_fk) values (817,2060);
insert into digital_lib_book_tag (digital_lib_book_fk, digital_lib_tag_fk) values (817,980);
insert into digital_lib_book_tag (digital_lib_book_fk, digital_lib_tag_fk) values (817,1902);
insert into digital_lib_book_tag (digital_lib_book_fk, digital_lib_tag_fk) values (817,1873);
insert into digital_lib_book_tag (digital_lib_book_fk, digital_lib_tag_fk) values (817,1095);
insert into digital_lib_book_tag (digital_lib_book_fk, digital_lib_tag_fk) values (817,1529);
insert into digital_lib_book_publisher (digital_lib_book_fk, digital_lib_publisher_fk) values (817,14);
insert into digital_lib_book_publisher (digital_lib_book_fk, digital_lib_publisher_fk) values (817,2);
insert into digital_lib_category_book (digital_lib_book_fk, digital_lib_category_fk) values (817,6);
insert into digital_lib_category_book (digital_lib_book_fk, digital_lib_category_fk) values (817,19);
insert into digital_lib_book (digital_lib_book_id, title, description, issue_year) values (818,'Scaling a Software Business The Digitalization Journey','This book presents the Scaling Management Framework, a model based on collected experiences from companies that have already made the journey to give software a central role within the organization.',2017);
insert into digital_lib_book_author (digital_lib_book_fk, digital_lib_author_fk) values (818,1147);
insert into digital_lib_book_author (digital_lib_book_fk, digital_lib_author_fk) values (818,225);
insert into digital_lib_book_author (digital_lib_book_fk, digital_lib_author_fk) values (818,1039);
insert into digital_lib_book_author (digital_lib_book_fk, digital_lib_author_fk) values (818,39);
insert into digital_lib_book_tag (digital_lib_book_fk, digital_lib_tag_fk) values (818,1486);
insert into digital_lib_book_tag (digital_lib_book_fk, digital_lib_tag_fk) values (818,330);
insert into digital_lib_book_tag (digital_lib_book_fk, digital_lib_tag_fk) values (818,270);
insert into digital_lib_book_tag (digital_lib_book_fk, digital_lib_tag_fk) values (818,1494);
insert into digital_lib_book_tag (digital_lib_book_fk, digital_lib_tag_fk) values (818,2305);
insert into digital_lib_book_tag (digital_lib_book_fk, digital_lib_tag_fk) values (818,2044);
insert into digital_lib_book_publisher (digital_lib_book_fk, digital_lib_publisher_fk) values (818,14);
insert into digital_lib_book_publisher (digital_lib_book_fk, digital_lib_publisher_fk) values (818,2);
insert into digital_lib_category_book (digital_lib_book_fk, digital_lib_category_fk) values (818,6);
insert into digital_lib_category_book (digital_lib_book_fk, digital_lib_category_fk) values (818,19);
insert into digital_lib_book (digital_lib_book_id, title, description, issue_year) values (819,'Analysis for Computer Scientists Foundations, Methods, and Algorithms','This easy-to-follow textbook/reference presents a concise introduction to mathematical analysis from an algorithmic point of view, with a particular focus on applications of analysis and aspects of mathematical modelling. This fully updated and expanded new edition also features an even greater number of programming exercises.',2018);
insert into digital_lib_book_author (digital_lib_book_fk, digital_lib_author_fk) values (819,343);
insert into digital_lib_book_author (digital_lib_book_fk, digital_lib_author_fk) values (819,221);
insert into digital_lib_book_tag (digital_lib_book_fk, digital_lib_tag_fk) values (819,1405);
insert into digital_lib_book_tag (digital_lib_book_fk, digital_lib_tag_fk) values (819,84);
insert into digital_lib_book_tag (digital_lib_book_fk, digital_lib_tag_fk) values (819,1922);
insert into digital_lib_book_tag (digital_lib_book_fk, digital_lib_tag_fk) values (819,1919);
insert into digital_lib_book_publisher (digital_lib_book_fk, digital_lib_publisher_fk) values (819,14);
insert into digital_lib_book_publisher (digital_lib_book_fk, digital_lib_publisher_fk) values (819,2);
insert into digital_lib_category_book (digital_lib_book_fk, digital_lib_category_fk) values (819,6);
insert into digital_lib_category_book (digital_lib_book_fk, digital_lib_category_fk) values (819,19);
insert into digital_lib_book (digital_lib_book_id, title, description, issue_year) values (820,'Autonomous Control for a Reliable Internet of Services Methods, Models, Approaches, Techniques, Algorithms, and Tools','This open access book was prepared as a Final Publication of the COST Action IC1304 “Autonomous Control for a Reliable Internet of Services (ACROSS)”.',2018);
insert into digital_lib_book_author (digital_lib_book_fk, digital_lib_author_fk) values (820,725);
insert into digital_lib_book_author (digital_lib_book_fk, digital_lib_author_fk) values (820,119);
insert into digital_lib_book_author (digital_lib_book_fk, digital_lib_author_fk) values (820,347);
insert into digital_lib_book_tag (digital_lib_book_fk, digital_lib_tag_fk) values (820,2209);
insert into digital_lib_book_tag (digital_lib_book_fk, digital_lib_tag_fk) values (820,1155);
insert into digital_lib_book_tag (digital_lib_book_fk, digital_lib_tag_fk) values (820,478);
insert into digital_lib_book_tag (digital_lib_book_fk, digital_lib_tag_fk) values (820,309);
insert into digital_lib_book_tag (digital_lib_book_fk, digital_lib_tag_fk) values (820,1752);
insert into digital_lib_book_tag (digital_lib_book_fk, digital_lib_tag_fk) values (820,1148);
insert into digital_lib_book_tag (digital_lib_book_fk, digital_lib_tag_fk) values (820,338);
insert into digital_lib_book_tag (digital_lib_book_fk, digital_lib_tag_fk) values (820,319);
insert into digital_lib_book_tag (digital_lib_book_fk, digital_lib_tag_fk) values (820,665);
insert into digital_lib_book_tag (digital_lib_book_fk, digital_lib_tag_fk) values (820,1299);
insert into digital_lib_book_tag (digital_lib_book_fk, digital_lib_tag_fk) values (820,30);
insert into digital_lib_book_tag (digital_lib_book_fk, digital_lib_tag_fk) values (820,858);
insert into digital_lib_book_tag (digital_lib_book_fk, digital_lib_tag_fk) values (820,2003);
insert into digital_lib_book_tag (digital_lib_book_fk, digital_lib_tag_fk) values (820,2380);
insert into digital_lib_book_tag (digital_lib_book_fk, digital_lib_tag_fk) values (820,2090);
insert into digital_lib_book_tag (digital_lib_book_fk, digital_lib_tag_fk) values (820,622);
insert into digital_lib_book_tag (digital_lib_book_fk, digital_lib_tag_fk) values (820,1422);
insert into digital_lib_book_tag (digital_lib_book_fk, digital_lib_tag_fk) values (820,298);
insert into digital_lib_book_tag (digital_lib_book_fk, digital_lib_tag_fk) values (820,1325);
insert into digital_lib_book_publisher (digital_lib_book_fk, digital_lib_publisher_fk) values (820,14);
insert into digital_lib_book_publisher (digital_lib_book_fk, digital_lib_publisher_fk) values (820,2);
insert into digital_lib_category_book (digital_lib_book_fk, digital_lib_category_fk) values (820,6);
insert into digital_lib_category_book (digital_lib_book_fk, digital_lib_category_fk) values (820,19);
insert into digital_lib_book (digital_lib_book_id, title, description, issue_year) values (821,'Computer Aided Verification','This open access two-volume set LNCS 10980 and 10981 constitutes the refereed proceedings of the 30th International Conference on Computer Aided Verification, CAV 2018, held in Oxford, UK, in July 2018.',2018);
insert into digital_lib_book_author (digital_lib_book_fk, digital_lib_author_fk) values (821,450);
insert into digital_lib_book_author (digital_lib_book_fk, digital_lib_author_fk) values (821,781);
insert into digital_lib_book_tag (digital_lib_book_fk, digital_lib_tag_fk) values (821,2440);
insert into digital_lib_book_tag (digital_lib_book_fk, digital_lib_tag_fk) values (821,73);
insert into digital_lib_book_tag (digital_lib_book_fk, digital_lib_tag_fk) values (821,2077);
insert into digital_lib_book_tag (digital_lib_book_fk, digital_lib_tag_fk) values (821,1288);
insert into digital_lib_book_tag (digital_lib_book_fk, digital_lib_tag_fk) values (821,1729);
insert into digital_lib_book_tag (digital_lib_book_fk, digital_lib_tag_fk) values (821,405);
insert into digital_lib_book_tag (digital_lib_book_fk, digital_lib_tag_fk) values (821,1387);
insert into digital_lib_book_tag (digital_lib_book_fk, digital_lib_tag_fk) values (821,910);
insert into digital_lib_book_tag (digital_lib_book_fk, digital_lib_tag_fk) values (821,1751);
insert into digital_lib_book_tag (digital_lib_book_fk, digital_lib_tag_fk) values (821,1771);
insert into digital_lib_book_tag (digital_lib_book_fk, digital_lib_tag_fk) values (821,1694);
insert into digital_lib_book_tag (digital_lib_book_fk, digital_lib_tag_fk) values (821,2407);
insert into digital_lib_book_publisher (digital_lib_book_fk, digital_lib_publisher_fk) values (821,14);
insert into digital_lib_book_publisher (digital_lib_book_fk, digital_lib_publisher_fk) values (821,2);
insert into digital_lib_category_book (digital_lib_book_fk, digital_lib_category_fk) values (821,6);
insert into digital_lib_category_book (digital_lib_book_fk, digital_lib_category_fk) values (821,19);
insert into digital_lib_book (digital_lib_book_id, title, description, issue_year) values (822,'Computer Aided Verification','This open access two-volume set LNCS 11561 and 11562 constitutes the refereed proceedings of the 31st International Conference on Computer Aided Verification, CAV 2019, held in New York City, USA, in July 2019.',2019);
insert into digital_lib_book_author (digital_lib_book_fk, digital_lib_author_fk) values (822,30);
insert into digital_lib_book_author (digital_lib_book_fk, digital_lib_author_fk) values (822,355);
insert into digital_lib_book_tag (digital_lib_book_fk, digital_lib_tag_fk) values (822,2440);
insert into digital_lib_book_tag (digital_lib_book_fk, digital_lib_tag_fk) values (822,2016);
insert into digital_lib_book_tag (digital_lib_book_fk, digital_lib_tag_fk) values (822,73);
insert into digital_lib_book_tag (digital_lib_book_fk, digital_lib_tag_fk) values (822,1729);
insert into digital_lib_book_tag (digital_lib_book_fk, digital_lib_tag_fk) values (822,1865);
insert into digital_lib_book_tag (digital_lib_book_fk, digital_lib_tag_fk) values (822,1749);
insert into digital_lib_book_tag (digital_lib_book_fk, digital_lib_tag_fk) values (822,1581);
insert into digital_lib_book_tag (digital_lib_book_fk, digital_lib_tag_fk) values (822,2407);
insert into digital_lib_book_publisher (digital_lib_book_fk, digital_lib_publisher_fk) values (822,14);
insert into digital_lib_book_publisher (digital_lib_book_fk, digital_lib_publisher_fk) values (822,2);
insert into digital_lib_category_book (digital_lib_book_fk, digital_lib_category_fk) values (822,6);
insert into digital_lib_category_book (digital_lib_book_fk, digital_lib_category_fk) values (822,19);
insert into digital_lib_book (digital_lib_book_id, title, description, issue_year) values (823,'Foundations of Software Science and Computation Structures','22nd International Conference, FOSSACS 2019, Held as Part of the European Joint Conferences on Theory and Practice of Software, ETAPS 2019, Prague, Czech Republic, April 6–11, 2019, Proceedings',2019);
insert into digital_lib_book_author (digital_lib_book_fk, digital_lib_author_fk) values (823,742);
insert into digital_lib_book_author (digital_lib_book_fk, digital_lib_author_fk) values (823,408);
insert into digital_lib_book_tag (digital_lib_book_fk, digital_lib_tag_fk) values (823,2440);
insert into digital_lib_book_tag (digital_lib_book_fk, digital_lib_tag_fk) values (823,2016);
insert into digital_lib_book_tag (digital_lib_book_fk, digital_lib_tag_fk) values (823,73);
insert into digital_lib_book_tag (digital_lib_book_fk, digital_lib_tag_fk) values (823,1729);
insert into digital_lib_book_tag (digital_lib_book_fk, digital_lib_tag_fk) values (823,1865);
insert into digital_lib_book_tag (digital_lib_book_fk, digital_lib_tag_fk) values (823,1749);
insert into digital_lib_book_tag (digital_lib_book_fk, digital_lib_tag_fk) values (823,1581);
insert into digital_lib_book_tag (digital_lib_book_fk, digital_lib_tag_fk) values (823,2407);
insert into digital_lib_book_publisher (digital_lib_book_fk, digital_lib_publisher_fk) values (823,14);
insert into digital_lib_book_publisher (digital_lib_book_fk, digital_lib_publisher_fk) values (823,2);
insert into digital_lib_category_book (digital_lib_book_fk, digital_lib_category_fk) values (823,6);
insert into digital_lib_category_book (digital_lib_book_fk, digital_lib_category_fk) values (823,19);
insert into digital_lib_book (digital_lib_book_id, title, description, issue_year) values (824,'Foundations of Software Science and Computation Structures','21st International Conference, FOSSACS 2018, Held as Part of the European Joint Conferences on Theory and Practice of Software, ETAPS 2018, Thessaloniki, Greece, April 14–20, 2018. Proceedings',2018);
insert into digital_lib_book_author (digital_lib_book_fk, digital_lib_author_fk) values (824,504);
insert into digital_lib_book_author (digital_lib_book_fk, digital_lib_author_fk) values (824,385);
insert into digital_lib_book_tag (digital_lib_book_fk, digital_lib_tag_fk) values (824,2440);
insert into digital_lib_book_tag (digital_lib_book_fk, digital_lib_tag_fk) values (824,1601);
insert into digital_lib_book_tag (digital_lib_book_fk, digital_lib_tag_fk) values (824,1729);
insert into digital_lib_book_tag (digital_lib_book_fk, digital_lib_tag_fk) values (824,450);
insert into digital_lib_book_tag (digital_lib_book_fk, digital_lib_tag_fk) values (824,1253);
insert into digital_lib_book_tag (digital_lib_book_fk, digital_lib_tag_fk) values (824,1694);
insert into digital_lib_book_tag (digital_lib_book_fk, digital_lib_tag_fk) values (824,1581);
insert into digital_lib_book_tag (digital_lib_book_fk, digital_lib_tag_fk) values (824,513);
insert into digital_lib_book_publisher (digital_lib_book_fk, digital_lib_publisher_fk) values (824,14);
insert into digital_lib_book_publisher (digital_lib_book_fk, digital_lib_publisher_fk) values (824,2);
insert into digital_lib_category_book (digital_lib_book_fk, digital_lib_category_fk) values (824,6);
insert into digital_lib_category_book (digital_lib_book_fk, digital_lib_category_fk) values (824,19);
insert into digital_lib_book (digital_lib_book_id, title, description, issue_year) values (825,'Fundamental Approaches to Software Engineering','21st International Conference, FASE 2018, Held as Part of the European Joint Conferences on Theory and Practice of Software, ETAPS 2018, Thessaloniki, Greece, April 14-20, 2018, Proceedings',2018);
insert into digital_lib_book_author (digital_lib_book_fk, digital_lib_author_fk) values (825,37);
insert into digital_lib_book_author (digital_lib_book_fk, digital_lib_author_fk) values (825,331);
insert into digital_lib_book_tag (digital_lib_book_fk, digital_lib_tag_fk) values (825,1601);
insert into digital_lib_book_tag (digital_lib_book_fk, digital_lib_tag_fk) values (825,1095);
insert into digital_lib_book_tag (digital_lib_book_fk, digital_lib_tag_fk) values (825,795);
insert into digital_lib_book_tag (digital_lib_book_fk, digital_lib_tag_fk) values (825,1729);
insert into digital_lib_book_tag (digital_lib_book_fk, digital_lib_tag_fk) values (825,1771);
insert into digital_lib_book_tag (digital_lib_book_fk, digital_lib_tag_fk) values (825,1694);
insert into digital_lib_book_tag (digital_lib_book_fk, digital_lib_tag_fk) values (825,1581);
insert into digital_lib_book_publisher (digital_lib_book_fk, digital_lib_publisher_fk) values (825,14);
insert into digital_lib_book_publisher (digital_lib_book_fk, digital_lib_publisher_fk) values (825,2);
insert into digital_lib_category_book (digital_lib_book_fk, digital_lib_category_fk) values (825,6);
insert into digital_lib_category_book (digital_lib_book_fk, digital_lib_category_fk) values (825,19);
insert into digital_lib_book (digital_lib_book_id, title, description, issue_year) values (826,'Fundamental Approaches to Software Engineering','This open access book constitutes the proceedings of the 23rd International Conference on Fundamental Approaches to Software Engineering, FASE 2020, which took place in Dublin, Ireland, in April 2020, and was held as Part of the European Joint Conferences on Theory and Practice of Software, ETAPS 2020.',2020);
insert into digital_lib_book_author (digital_lib_book_fk, digital_lib_author_fk) values (826,1059);
insert into digital_lib_book_author (digital_lib_book_fk, digital_lib_author_fk) values (826,488);
insert into digital_lib_book_tag (digital_lib_book_fk, digital_lib_tag_fk) values (826,1581);
insert into digital_lib_book_tag (digital_lib_book_fk, digital_lib_tag_fk) values (826,1426);
insert into digital_lib_book_tag (digital_lib_book_fk, digital_lib_tag_fk) values (826,479);
insert into digital_lib_book_tag (digital_lib_book_fk, digital_lib_tag_fk) values (826,2163);
insert into digital_lib_book_tag (digital_lib_book_fk, digital_lib_tag_fk) values (826,1498);
insert into digital_lib_book_tag (digital_lib_book_fk, digital_lib_tag_fk) values (826,2440);
insert into digital_lib_book_tag (digital_lib_book_fk, digital_lib_tag_fk) values (826,1839);
insert into digital_lib_book_tag (digital_lib_book_fk, digital_lib_tag_fk) values (826,1752);
insert into digital_lib_book_tag (digital_lib_book_fk, digital_lib_tag_fk) values (826,1687);
insert into digital_lib_book_tag (digital_lib_book_fk, digital_lib_tag_fk) values (826,1638);
insert into digital_lib_book_publisher (digital_lib_book_fk, digital_lib_publisher_fk) values (826,14);
insert into digital_lib_book_publisher (digital_lib_book_fk, digital_lib_publisher_fk) values (826,2);
insert into digital_lib_category_book (digital_lib_book_fk, digital_lib_category_fk) values (826,6);
insert into digital_lib_category_book (digital_lib_book_fk, digital_lib_category_fk) values (826,19);
insert into digital_lib_book (digital_lib_book_id, title, description, issue_year) values (827,'Fundamental Approaches to Software Engineering','22nd International Conference, FASE 2019, Held as Part of the European Joint Conferences on Theory and Practice of Software, ETAPS 2019, Prague, Czech Republic, April 6–11, 2019, Proceedings',2019);
insert into digital_lib_book_author (digital_lib_book_fk, digital_lib_author_fk) values (827,277);
insert into digital_lib_book_author (digital_lib_book_fk, digital_lib_author_fk) values (827,749);
insert into digital_lib_book_tag (digital_lib_book_fk, digital_lib_tag_fk) values (827,1729);
insert into digital_lib_book_tag (digital_lib_book_fk, digital_lib_tag_fk) values (827,1122);
insert into digital_lib_book_tag (digital_lib_book_fk, digital_lib_tag_fk) values (827,1660);
insert into digital_lib_book_tag (digital_lib_book_fk, digital_lib_tag_fk) values (827,954);
insert into digital_lib_book_tag (digital_lib_book_fk, digital_lib_tag_fk) values (827,1248);
insert into digital_lib_book_tag (digital_lib_book_fk, digital_lib_tag_fk) values (827,1771);
insert into digital_lib_book_tag (digital_lib_book_fk, digital_lib_tag_fk) values (827,204);
insert into digital_lib_book_tag (digital_lib_book_fk, digital_lib_tag_fk) values (827,1694);
insert into digital_lib_book_tag (digital_lib_book_fk, digital_lib_tag_fk) values (827,31);
insert into digital_lib_book_tag (digital_lib_book_fk, digital_lib_tag_fk) values (827,1581);
insert into digital_lib_book_tag (digital_lib_book_fk, digital_lib_tag_fk) values (827,2407);
insert into digital_lib_book_publisher (digital_lib_book_fk, digital_lib_publisher_fk) values (827,14);
insert into digital_lib_book_publisher (digital_lib_book_fk, digital_lib_publisher_fk) values (827,2);
insert into digital_lib_category_book (digital_lib_book_fk, digital_lib_category_fk) values (827,6);
insert into digital_lib_category_book (digital_lib_book_fk, digital_lib_category_fk) values (827,19);
insert into digital_lib_book (digital_lib_book_id, title, description, issue_year) values (828,'The Essence of Software Engineering','This book includes contributions by leading researchers and industry thought leaders on various topics related to the essence of software engineering and their application in industrial projects. It offers a broad overview of research findings dealing with current practical software engineering issues and also pointers to potential future developments.',2018);
insert into digital_lib_book_author (digital_lib_book_fk, digital_lib_author_fk) values (828,890);
insert into digital_lib_book_author (digital_lib_book_fk, digital_lib_author_fk) values (828,16);
insert into digital_lib_book_tag (digital_lib_book_fk, digital_lib_tag_fk) values (828,2044);
insert into digital_lib_book_tag (digital_lib_book_fk, digital_lib_tag_fk) values (828,48);
insert into digital_lib_book_tag (digital_lib_book_fk, digital_lib_tag_fk) values (828,963);
insert into digital_lib_book_tag (digital_lib_book_fk, digital_lib_tag_fk) values (828,2450);
insert into digital_lib_book_tag (digital_lib_book_fk, digital_lib_tag_fk) values (828,1799);
insert into digital_lib_book_tag (digital_lib_book_fk, digital_lib_tag_fk) values (828,1328);
insert into digital_lib_book_publisher (digital_lib_book_fk, digital_lib_publisher_fk) values (828,14);
insert into digital_lib_book_publisher (digital_lib_book_fk, digital_lib_publisher_fk) values (828,2);
insert into digital_lib_category_book (digital_lib_book_fk, digital_lib_category_fk) values (828,6);
insert into digital_lib_category_book (digital_lib_book_fk, digital_lib_category_fk) values (828,19);
insert into digital_lib_book (digital_lib_book_id, title, description, issue_year) values (829,'CyberParks – The Interface Between People, Places and Technology New Approaches and Perspectives','This open access book is about public open spaces, about people, and about the relationship between them and the role of technology in this relationship. It is about different approaches, methods, empirical studies, and concerns about a phenomenon that is increasingly being in the centre of sciences and strategies – the penetration of digital technologies in the urban space.',2019);
insert into digital_lib_book_author (digital_lib_book_fk, digital_lib_author_fk) values (829,896);
insert into digital_lib_book_author (digital_lib_book_fk, digital_lib_author_fk) values (829,40);
insert into digital_lib_book_author (digital_lib_book_fk, digital_lib_author_fk) values (829,987);
insert into digital_lib_book_author (digital_lib_book_fk, digital_lib_author_fk) values (829,637);
insert into digital_lib_book_author (digital_lib_book_fk, digital_lib_author_fk) values (829,1175);
insert into digital_lib_book_author (digital_lib_book_fk, digital_lib_author_fk) values (829,413);
insert into digital_lib_book_author (digital_lib_book_fk, digital_lib_author_fk) values (829,184);
insert into digital_lib_book_tag (digital_lib_book_fk, digital_lib_tag_fk) values (829,2373);
insert into digital_lib_book_tag (digital_lib_book_fk, digital_lib_tag_fk) values (829,1652);
insert into digital_lib_book_tag (digital_lib_book_fk, digital_lib_tag_fk) values (829,1449);
insert into digital_lib_book_tag (digital_lib_book_fk, digital_lib_tag_fk) values (829,144);
insert into digital_lib_book_tag (digital_lib_book_fk, digital_lib_tag_fk) values (829,2045);
insert into digital_lib_book_tag (digital_lib_book_fk, digital_lib_tag_fk) values (829,128);
insert into digital_lib_book_tag (digital_lib_book_fk, digital_lib_tag_fk) values (829,1682);
insert into digital_lib_book_tag (digital_lib_book_fk, digital_lib_tag_fk) values (829,2093);
insert into digital_lib_book_tag (digital_lib_book_fk, digital_lib_tag_fk) values (829,2325);
insert into digital_lib_book_tag (digital_lib_book_fk, digital_lib_tag_fk) values (829,1641);
insert into digital_lib_book_tag (digital_lib_book_fk, digital_lib_tag_fk) values (829,618);
insert into digital_lib_book_tag (digital_lib_book_fk, digital_lib_tag_fk) values (829,537);
insert into digital_lib_book_tag (digital_lib_book_fk, digital_lib_tag_fk) values (829,130);
insert into digital_lib_book_tag (digital_lib_book_fk, digital_lib_tag_fk) values (829,534);
insert into digital_lib_book_tag (digital_lib_book_fk, digital_lib_tag_fk) values (829,740);
insert into digital_lib_book_tag (digital_lib_book_fk, digital_lib_tag_fk) values (829,711);
insert into digital_lib_book_tag (digital_lib_book_fk, digital_lib_tag_fk) values (829,1231);
insert into digital_lib_book_tag (digital_lib_book_fk, digital_lib_tag_fk) values (829,296);
insert into digital_lib_book_publisher (digital_lib_book_fk, digital_lib_publisher_fk) values (829,14);
insert into digital_lib_book_publisher (digital_lib_book_fk, digital_lib_publisher_fk) values (829,2);
insert into digital_lib_category_book (digital_lib_book_fk, digital_lib_category_fk) values (829,6);
insert into digital_lib_category_book (digital_lib_book_fk, digital_lib_category_fk) values (829,19);
insert into digital_lib_book (digital_lib_book_id, title, description, issue_year) values (830,'Enhanced Living Environments Algorithms, Architectures, Platforms, and Systems','This open access book is the final publication of the COST Action IC1303 “Algorithms, Architectures and Platforms for Enhanced Living Environments (AAPELE)” project.',2019);
insert into digital_lib_book_author (digital_lib_book_fk, digital_lib_author_fk) values (830,725);
insert into digital_lib_book_author (digital_lib_book_fk, digital_lib_author_fk) values (830,1129);
insert into digital_lib_book_author (digital_lib_book_fk, digital_lib_author_fk) values (830,760);
insert into digital_lib_book_author (digital_lib_book_fk, digital_lib_author_fk) values (830,734);
insert into digital_lib_book_author (digital_lib_book_fk, digital_lib_author_fk) values (830,602);
insert into digital_lib_book_tag (digital_lib_book_fk, digital_lib_tag_fk) values (830,1019);
insert into digital_lib_book_tag (digital_lib_book_fk, digital_lib_tag_fk) values (830,244);
insert into digital_lib_book_tag (digital_lib_book_fk, digital_lib_tag_fk) values (830,2440);
insert into digital_lib_book_tag (digital_lib_book_fk, digital_lib_tag_fk) values (830,1613);
insert into digital_lib_book_tag (digital_lib_book_fk, digital_lib_tag_fk) values (830,819);
insert into digital_lib_book_tag (digital_lib_book_fk, digital_lib_tag_fk) values (830,2215);
insert into digital_lib_book_tag (digital_lib_book_fk, digital_lib_tag_fk) values (830,89);
insert into digital_lib_book_tag (digital_lib_book_fk, digital_lib_tag_fk) values (830,1694);
insert into digital_lib_book_tag (digital_lib_book_fk, digital_lib_tag_fk) values (830,1705);
insert into digital_lib_book_publisher (digital_lib_book_fk, digital_lib_publisher_fk) values (830,14);
insert into digital_lib_book_publisher (digital_lib_book_fk, digital_lib_publisher_fk) values (830,2);
insert into digital_lib_category_book (digital_lib_book_fk, digital_lib_category_fk) values (830,6);
insert into digital_lib_category_book (digital_lib_book_fk, digital_lib_category_fk) values (830,19);
insert into digital_lib_book (digital_lib_book_id, title, description, issue_year) values (831,'High-Performance Modelling and Simulation for Big Data Applications','This open access book is the final compendium of case studies emanated from the 4-year COST Action IC1406 “High-Performance Modelling and Simulation for Big Data Applications” (cHiPSet).',2019);
insert into digital_lib_book_author (digital_lib_book_fk, digital_lib_author_fk) values (831,605);
insert into digital_lib_book_author (digital_lib_book_fk, digital_lib_author_fk) values (831,193);
insert into digital_lib_book_tag (digital_lib_book_fk, digital_lib_tag_fk) values (831,2440);
insert into digital_lib_book_tag (digital_lib_book_fk, digital_lib_tag_fk) values (831,2043);
insert into digital_lib_book_tag (digital_lib_book_fk, digital_lib_tag_fk) values (831,880);
insert into digital_lib_book_tag (digital_lib_book_fk, digital_lib_tag_fk) values (831,2209);
insert into digital_lib_book_tag (digital_lib_book_fk, digital_lib_tag_fk) values (831,808);
insert into digital_lib_book_tag (digital_lib_book_fk, digital_lib_tag_fk) values (831,176);
insert into digital_lib_book_tag (digital_lib_book_fk, digital_lib_tag_fk) values (831,630);
insert into digital_lib_book_tag (digital_lib_book_fk, digital_lib_tag_fk) values (831,1627);
insert into digital_lib_book_publisher (digital_lib_book_fk, digital_lib_publisher_fk) values (831,14);
insert into digital_lib_book_publisher (digital_lib_book_fk, digital_lib_publisher_fk) values (831,2);
insert into digital_lib_category_book (digital_lib_book_fk, digital_lib_category_fk) values (831,6);
insert into digital_lib_category_book (digital_lib_book_fk, digital_lib_category_fk) values (831,19);
insert into digital_lib_book (digital_lib_book_id, title, description, issue_year) values (832,'High Performance Computing','This book constitutes the refereed post-conference proceedings of 13 workshops held at the 34th International ISC High Performance 2019 Conference, in Frankfurt, Germany, in June 2019',2019);
insert into digital_lib_book_author (digital_lib_book_fk, digital_lib_author_fk) values (832,768);
insert into digital_lib_book_author (digital_lib_book_fk, digital_lib_author_fk) values (832,988);
insert into digital_lib_book_author (digital_lib_book_fk, digital_lib_author_fk) values (832,75);
insert into digital_lib_book_author (digital_lib_book_fk, digital_lib_author_fk) values (832,703);
insert into digital_lib_book_tag (digital_lib_book_fk, digital_lib_tag_fk) values (832,2440);
insert into digital_lib_book_tag (digital_lib_book_fk, digital_lib_tag_fk) values (832,2043);
insert into digital_lib_book_tag (digital_lib_book_fk, digital_lib_tag_fk) values (832,880);
insert into digital_lib_book_tag (digital_lib_book_fk, digital_lib_tag_fk) values (832,2209);
insert into digital_lib_book_tag (digital_lib_book_fk, digital_lib_tag_fk) values (832,808);
insert into digital_lib_book_tag (digital_lib_book_fk, digital_lib_tag_fk) values (832,176);
insert into digital_lib_book_tag (digital_lib_book_fk, digital_lib_tag_fk) values (832,630);
insert into digital_lib_book_tag (digital_lib_book_fk, digital_lib_tag_fk) values (832,1627);
insert into digital_lib_book_publisher (digital_lib_book_fk, digital_lib_publisher_fk) values (832,14);
insert into digital_lib_book_publisher (digital_lib_book_fk, digital_lib_publisher_fk) values (832,2);
insert into digital_lib_category_book (digital_lib_book_fk, digital_lib_category_fk) values (832,6);
insert into digital_lib_category_book (digital_lib_book_fk, digital_lib_category_fk) values (832,19);
insert into digital_lib_book (digital_lib_book_id, title, description, issue_year) values (833,'Managed Software Evolution','This open access book presents the outcomes of the “Design for Future – Managed Software Evolution” priority program 1593, which was launched by the German Research Foundation (“Deutsche Forschungsgemeinschaft (DFG)”) to develop new approaches to software engineering with a specific focus on long-lived software systems.',2019);
insert into digital_lib_book_author (digital_lib_book_fk, digital_lib_author_fk) values (833,591);
insert into digital_lib_book_author (digital_lib_book_fk, digital_lib_author_fk) values (833,1023);
insert into digital_lib_book_author (digital_lib_book_fk, digital_lib_author_fk) values (833,1130);
insert into digital_lib_book_author (digital_lib_book_fk, digital_lib_author_fk) values (833,914);
insert into digital_lib_book_author (digital_lib_book_fk, digital_lib_author_fk) values (833,711);
insert into digital_lib_book_author (digital_lib_book_fk, digital_lib_author_fk) values (833,1004);
insert into digital_lib_book_tag (digital_lib_book_fk, digital_lib_tag_fk) values (833,2044);
insert into digital_lib_book_tag (digital_lib_book_fk, digital_lib_tag_fk) values (833,400);
insert into digital_lib_book_tag (digital_lib_book_fk, digital_lib_tag_fk) values (833,48);
insert into digital_lib_book_tag (digital_lib_book_fk, digital_lib_tag_fk) values (833,963);
insert into digital_lib_book_tag (digital_lib_book_fk, digital_lib_tag_fk) values (833,232);
insert into digital_lib_book_tag (digital_lib_book_fk, digital_lib_tag_fk) values (833,16);
insert into digital_lib_book_tag (digital_lib_book_fk, digital_lib_tag_fk) values (833,488);
insert into digital_lib_book_tag (digital_lib_book_fk, digital_lib_tag_fk) values (833,716);
insert into digital_lib_book_tag (digital_lib_book_fk, digital_lib_tag_fk) values (833,550);
insert into digital_lib_book_publisher (digital_lib_book_fk, digital_lib_publisher_fk) values (833,14);
insert into digital_lib_book_publisher (digital_lib_book_fk, digital_lib_publisher_fk) values (833,2);
insert into digital_lib_category_book (digital_lib_book_fk, digital_lib_category_fk) values (833,6);
insert into digital_lib_category_book (digital_lib_book_fk, digital_lib_category_fk) values (833,19);
insert into digital_lib_book (digital_lib_book_id, title, description, issue_year) values (834,'Rethinking Productivity in Software Engineering','This open access book collects the wisdom of the 2017 "Dagstuhl" seminar on productivity in software engineering, a meeting of community leaders, who came together with the goal of rethinking traditional definitions and measures of productivity.',2019);
insert into digital_lib_book_author (digital_lib_book_fk, digital_lib_author_fk) values (834,211);
insert into digital_lib_book_author (digital_lib_book_fk, digital_lib_author_fk) values (834,625);
insert into digital_lib_book_tag (digital_lib_book_fk, digital_lib_tag_fk) values (834,48);
insert into digital_lib_book_tag (digital_lib_book_fk, digital_lib_tag_fk) values (834,963);
insert into digital_lib_book_tag (digital_lib_book_fk, digital_lib_tag_fk) values (834,1789);
insert into digital_lib_book_tag (digital_lib_book_fk, digital_lib_tag_fk) values (834,1094);
insert into digital_lib_book_tag (digital_lib_book_fk, digital_lib_tag_fk) values (834,2164);
insert into digital_lib_book_tag (digital_lib_book_fk, digital_lib_tag_fk) values (834,1036);
insert into digital_lib_book_tag (digital_lib_book_fk, digital_lib_tag_fk) values (834,2044);
insert into digital_lib_book_publisher (digital_lib_book_fk, digital_lib_publisher_fk) values (834,19);
insert into digital_lib_book_publisher (digital_lib_book_fk, digital_lib_publisher_fk) values (834,1);
insert into digital_lib_book_publisher (digital_lib_book_fk, digital_lib_publisher_fk) values (834,189);
insert into digital_lib_category_book (digital_lib_book_fk, digital_lib_category_fk) values (834,6);
insert into digital_lib_category_book (digital_lib_book_fk, digital_lib_category_fk) values (834,19);
insert into digital_lib_book (digital_lib_book_id, title, description, issue_year) values (835,'Object-Oriented Analysis, Design and Implementation An Integrated Approach','The second edition of this textbook includes revisions based on the feedback on the first edition. In a new chapter the authors provide a concise introduction to the remainder of UML diagrams, adopting the same holistic approach as the first edition.',2015);
insert into digital_lib_book_author (digital_lib_book_fk, digital_lib_author_fk) values (835,48);
insert into digital_lib_book_author (digital_lib_book_fk, digital_lib_author_fk) values (835,530);
insert into digital_lib_book_tag (digital_lib_book_fk, digital_lib_tag_fk) values (835,1145);
insert into digital_lib_book_tag (digital_lib_book_fk, digital_lib_tag_fk) values (835,1990);
insert into digital_lib_book_tag (digital_lib_book_fk, digital_lib_tag_fk) values (835,1898);
insert into digital_lib_book_tag (digital_lib_book_fk, digital_lib_tag_fk) values (835,85);
insert into digital_lib_book_tag (digital_lib_book_fk, digital_lib_tag_fk) values (835,1025);
insert into digital_lib_book_publisher (digital_lib_book_fk, digital_lib_publisher_fk) values (835,14);
insert into digital_lib_book_publisher (digital_lib_book_fk, digital_lib_publisher_fk) values (835,2);
insert into digital_lib_category_book (digital_lib_book_fk, digital_lib_category_fk) values (835,6);
insert into digital_lib_category_book (digital_lib_book_fk, digital_lib_category_fk) values (835,19);
insert into digital_lib_book (digital_lib_book_id, title, description, issue_year) values (836,'DevOps for Digital Leaders Reignite Business with a Modern DevOps-Enabled Software Factory','In DevOps for Digital Leaders, deep collective experience on both sides of the dev–ops divide informs the global thought leadership and penetrating insights of the authors, all three of whom are cross-portfolio DevOps leaders at CA Technologies.',2016);
insert into digital_lib_book_author (digital_lib_book_fk, digital_lib_author_fk) values (836,443);
insert into digital_lib_book_author (digital_lib_book_fk, digital_lib_author_fk) values (836,356);
insert into digital_lib_book_author (digital_lib_book_fk, digital_lib_author_fk) values (836,516);
insert into digital_lib_book_tag (digital_lib_book_fk, digital_lib_tag_fk) values (836,1977);
insert into digital_lib_book_tag (digital_lib_book_fk, digital_lib_tag_fk) values (836,328);
insert into digital_lib_book_tag (digital_lib_book_fk, digital_lib_tag_fk) values (836,1779);
insert into digital_lib_book_tag (digital_lib_book_fk, digital_lib_tag_fk) values (836,4);
insert into digital_lib_book_tag (digital_lib_book_fk, digital_lib_tag_fk) values (836,1783);
insert into digital_lib_book_tag (digital_lib_book_fk, digital_lib_tag_fk) values (836,50);
insert into digital_lib_book_tag (digital_lib_book_fk, digital_lib_tag_fk) values (836,2243);
insert into digital_lib_book_tag (digital_lib_book_fk, digital_lib_tag_fk) values (836,1797);
insert into digital_lib_book_tag (digital_lib_book_fk, digital_lib_tag_fk) values (836,822);
insert into digital_lib_book_publisher (digital_lib_book_fk, digital_lib_publisher_fk) values (836,19);
insert into digital_lib_book_publisher (digital_lib_book_fk, digital_lib_publisher_fk) values (836,1);
insert into digital_lib_book_publisher (digital_lib_book_fk, digital_lib_publisher_fk) values (836,189);
insert into digital_lib_category_book (digital_lib_book_fk, digital_lib_category_fk) values (836,6);
insert into digital_lib_category_book (digital_lib_book_fk, digital_lib_category_fk) values (836,19);
insert into digital_lib_book (digital_lib_book_id, title, description, issue_year) values (837,'Agile Processes in Software Engineering and Extreme Programming','This open access book constitutes the proceedings of the 19th International Conference on Agile Software Development, XP 2018, held in Porto, Portugal, in May 2018.',2018);
insert into digital_lib_book_author (digital_lib_book_fk, digital_lib_author_fk) values (837,1010);
insert into digital_lib_book_author (digital_lib_book_fk, digital_lib_author_fk) values (837,547);
insert into digital_lib_book_author (digital_lib_book_fk, digital_lib_author_fk) values (837,191);
insert into digital_lib_book_tag (digital_lib_book_fk, digital_lib_tag_fk) values (837,1610);
insert into digital_lib_book_tag (digital_lib_book_fk, digital_lib_tag_fk) values (837,1144);
insert into digital_lib_book_tag (digital_lib_book_fk, digital_lib_tag_fk) values (837,399);
insert into digital_lib_book_tag (digital_lib_book_fk, digital_lib_tag_fk) values (837,711);
insert into digital_lib_book_tag (digital_lib_book_fk, digital_lib_tag_fk) values (837,249);
insert into digital_lib_book_tag (digital_lib_book_fk, digital_lib_tag_fk) values (837,596);
insert into digital_lib_book_tag (digital_lib_book_fk, digital_lib_tag_fk) values (837,1662);
insert into digital_lib_book_tag (digital_lib_book_fk, digital_lib_tag_fk) values (837,359);
insert into digital_lib_book_tag (digital_lib_book_fk, digital_lib_tag_fk) values (837,711);
insert into digital_lib_book_tag (digital_lib_book_fk, digital_lib_tag_fk) values (837,2336);
insert into digital_lib_book_tag (digital_lib_book_fk, digital_lib_tag_fk) values (837,658);
insert into digital_lib_book_tag (digital_lib_book_fk, digital_lib_tag_fk) values (837,227);
insert into digital_lib_book_tag (digital_lib_book_fk, digital_lib_tag_fk) values (837,2037);
insert into digital_lib_book_publisher (digital_lib_book_fk, digital_lib_publisher_fk) values (837,14);
insert into digital_lib_book_publisher (digital_lib_book_fk, digital_lib_publisher_fk) values (837,2);
insert into digital_lib_category_book (digital_lib_book_fk, digital_lib_category_fk) values (837,6);
insert into digital_lib_category_book (digital_lib_book_fk, digital_lib_category_fk) values (837,19);
insert into digital_lib_book (digital_lib_book_id, title, description, issue_year) values (838,'Agile Processes in Software Engineering and Extreme Programming','The volume constitutes the proceedings of the 18th International Conference on Agile Software Development, XP 2017, held in Cologne, Germany, in May 2017.',2017);
insert into digital_lib_book_author (digital_lib_book_fk, digital_lib_author_fk) values (838,1061);
insert into digital_lib_book_author (digital_lib_book_fk, digital_lib_author_fk) values (838,615);
insert into digital_lib_book_author (digital_lib_book_fk, digital_lib_author_fk) values (838,217);
insert into digital_lib_book_tag (digital_lib_book_fk, digital_lib_tag_fk) values (838,1610);
insert into digital_lib_book_tag (digital_lib_book_fk, digital_lib_tag_fk) values (838,204);
insert into digital_lib_book_tag (digital_lib_book_fk, digital_lib_tag_fk) values (838,259);
insert into digital_lib_book_tag (digital_lib_book_fk, digital_lib_tag_fk) values (838,1316);
insert into digital_lib_book_tag (digital_lib_book_fk, digital_lib_tag_fk) values (838,2336);
insert into digital_lib_book_tag (digital_lib_book_fk, digital_lib_tag_fk) values (838,658);
insert into digital_lib_book_tag (digital_lib_book_fk, digital_lib_tag_fk) values (838,2211);
insert into digital_lib_book_tag (digital_lib_book_fk, digital_lib_tag_fk) values (838,711);
insert into digital_lib_book_tag (digital_lib_book_fk, digital_lib_tag_fk) values (838,2320);
insert into digital_lib_book_tag (digital_lib_book_fk, digital_lib_tag_fk) values (838,964);
insert into digital_lib_book_tag (digital_lib_book_fk, digital_lib_tag_fk) values (838,987);
insert into digital_lib_book_publisher (digital_lib_book_fk, digital_lib_publisher_fk) values (838,14);
insert into digital_lib_book_publisher (digital_lib_book_fk, digital_lib_publisher_fk) values (838,2);
insert into digital_lib_category_book (digital_lib_book_fk, digital_lib_category_fk) values (838,6);
insert into digital_lib_category_book (digital_lib_book_fk, digital_lib_category_fk) values (838,19);
insert into digital_lib_book (digital_lib_book_id, title, description, issue_year) values (839,'Agile Processes in Software Engineering and Extreme Programming','This open access book constitutes the proceedings of the 20th International Conference on Agile Software Development, XP 2019, held in Montreal, QC, Canada, in May 2019.',2019);
insert into digital_lib_book_author (digital_lib_book_fk, digital_lib_author_fk) values (839,787);
insert into digital_lib_book_author (digital_lib_book_fk, digital_lib_author_fk) values (839,1182);
insert into digital_lib_book_author (digital_lib_book_fk, digital_lib_author_fk) values (839,815);
insert into digital_lib_book_tag (digital_lib_book_fk, digital_lib_tag_fk) values (839,1610);
insert into digital_lib_book_tag (digital_lib_book_fk, digital_lib_tag_fk) values (839,204);
insert into digital_lib_book_tag (digital_lib_book_fk, digital_lib_tag_fk) values (839,259);
insert into digital_lib_book_tag (digital_lib_book_fk, digital_lib_tag_fk) values (839,1316);
insert into digital_lib_book_tag (digital_lib_book_fk, digital_lib_tag_fk) values (839,2336);
insert into digital_lib_book_tag (digital_lib_book_fk, digital_lib_tag_fk) values (839,658);
insert into digital_lib_book_tag (digital_lib_book_fk, digital_lib_tag_fk) values (839,2211);
insert into digital_lib_book_tag (digital_lib_book_fk, digital_lib_tag_fk) values (839,711);
insert into digital_lib_book_tag (digital_lib_book_fk, digital_lib_tag_fk) values (839,2320);
insert into digital_lib_book_tag (digital_lib_book_fk, digital_lib_tag_fk) values (839,964);
insert into digital_lib_book_tag (digital_lib_book_fk, digital_lib_tag_fk) values (839,987);
insert into digital_lib_book_publisher (digital_lib_book_fk, digital_lib_publisher_fk) values (839,14);
insert into digital_lib_book_publisher (digital_lib_book_fk, digital_lib_publisher_fk) values (839,2);
insert into digital_lib_category_book (digital_lib_book_fk, digital_lib_category_fk) values (839,6);
insert into digital_lib_category_book (digital_lib_book_fk, digital_lib_category_fk) values (839,19);
insert into digital_lib_book (digital_lib_book_id, title, description, issue_year) values (840,'User-Driven Development for Bespoke Software','The research question of this dissertation is therefore: How can the four freedoms of free software benefit bespoke software development?',2013);
insert into digital_lib_book_author (digital_lib_book_fk, digital_lib_author_fk) values (840,109);
insert into digital_lib_book_tag (digital_lib_book_fk, digital_lib_tag_fk) values (840,1610);
insert into digital_lib_book_tag (digital_lib_book_fk, digital_lib_tag_fk) values (840,1725);
insert into digital_lib_book_tag (digital_lib_book_fk, digital_lib_tag_fk) values (840,1028);
insert into digital_lib_book_tag (digital_lib_book_fk, digital_lib_tag_fk) values (840,394);
insert into digital_lib_book_publisher (digital_lib_book_fk, digital_lib_publisher_fk) values (840,138);
insert into digital_lib_category_book (digital_lib_book_fk, digital_lib_category_fk) values (840,6);
insert into digital_lib_category_book (digital_lib_book_fk, digital_lib_category_fk) values (840,19);
insert into digital_lib_book (digital_lib_book_id, title, description, issue_year) values (841,'Introduction to Software Development','This book reviews the fundamentals of programming and the basic concepts of the C language. It is assumed that the reader already has prior knowledge of programming either in this language or in some other language.',2010);
insert into digital_lib_book_author (digital_lib_book_fk, digital_lib_author_fk) values (841,780);
insert into digital_lib_book_author (digital_lib_book_fk, digital_lib_author_fk) values (841,929);
insert into digital_lib_book_tag (digital_lib_book_fk, digital_lib_tag_fk) values (841,367);
insert into digital_lib_book_tag (digital_lib_book_fk, digital_lib_tag_fk) values (841,1933);
insert into digital_lib_book_tag (digital_lib_book_fk, digital_lib_tag_fk) values (841,2076);
insert into digital_lib_book_tag (digital_lib_book_fk, digital_lib_tag_fk) values (841,31);
insert into digital_lib_book_tag (digital_lib_book_fk, digital_lib_tag_fk) values (841,1380);
insert into digital_lib_book_tag (digital_lib_book_fk, digital_lib_tag_fk) values (841,876);
insert into digital_lib_book_publisher (digital_lib_book_fk, digital_lib_publisher_fk) values (841,210);
insert into digital_lib_category_book (digital_lib_book_fk, digital_lib_category_fk) values (841,6);
insert into digital_lib_category_book (digital_lib_book_fk, digital_lib_category_fk) values (841,19);
insert into digital_lib_book (digital_lib_book_id, title, description, issue_year) values (842,'Stereo Depth Map Construction','In the scope of this project we try to replicate basic Stereo Imaging given two photos taken at different horizontal positions from eachother. We are going to rebuild the 3D space possible with two images, with depths from the camera plane.',2012);
insert into digital_lib_book_author (digital_lib_book_fk, digital_lib_author_fk) values (842,171);
insert into digital_lib_book_author (digital_lib_book_fk, digital_lib_author_fk) values (842,1064);
insert into digital_lib_book_author (digital_lib_book_fk, digital_lib_author_fk) values (842,256);
insert into digital_lib_book_tag (digital_lib_book_fk, digital_lib_tag_fk) values (842,1867);
insert into digital_lib_book_tag (digital_lib_book_fk, digital_lib_tag_fk) values (842,1338);
insert into digital_lib_book_tag (digital_lib_book_fk, digital_lib_tag_fk) values (842,1749);
insert into digital_lib_book_tag (digital_lib_book_fk, digital_lib_tag_fk) values (842,2350);
insert into digital_lib_book_tag (digital_lib_book_fk, digital_lib_tag_fk) values (842,1994);
insert into digital_lib_book_publisher (digital_lib_book_fk, digital_lib_publisher_fk) values (842,122);
insert into digital_lib_category_book (digital_lib_book_fk, digital_lib_category_fk) values (842,6);
insert into digital_lib_category_book (digital_lib_book_fk, digital_lib_category_fk) values (842,19);
insert into digital_lib_book (digital_lib_book_id, title, description, issue_year) values (843,'Structural Separation Logic','This thesis presents structural separation logic, a novel program reasoning approach for software that manipulates both standard heaps and structured data such as lists and trees. Structural separation logic builds upon existing work in both separation logic and context logic. It considers data abstractly, much as it is exposed by library interfaces, ignoring implementation details.',2013);
insert into digital_lib_book_author (digital_lib_book_fk, digital_lib_author_fk) values (843,1166);
insert into digital_lib_book_tag (digital_lib_book_fk, digital_lib_tag_fk) values (843,1091);
insert into digital_lib_book_tag (digital_lib_book_fk, digital_lib_tag_fk) values (843,1544);
insert into digital_lib_book_tag (digital_lib_book_fk, digital_lib_tag_fk) values (843,1914);
insert into digital_lib_book_tag (digital_lib_book_fk, digital_lib_tag_fk) values (843,1792);
insert into digital_lib_book_tag (digital_lib_book_fk, digital_lib_tag_fk) values (843,2076);
insert into digital_lib_book_tag (digital_lib_book_fk, digital_lib_tag_fk) values (843,1581);
insert into digital_lib_book_publisher (digital_lib_book_fk, digital_lib_publisher_fk) values (843,278);
insert into digital_lib_category_book (digital_lib_book_fk, digital_lib_category_fk) values (843,6);
insert into digital_lib_category_book (digital_lib_book_fk, digital_lib_category_fk) values (843,19);
insert into digital_lib_book (digital_lib_book_id, title, description, issue_year) values (844,'The Little Black Book on Test Design','This manual has been written to collect and take advantage of the multiple sources of information needed for an ambitious testing system.',2012);
insert into digital_lib_book_author (digital_lib_book_fk, digital_lib_author_fk) values (844,156);
insert into digital_lib_book_tag (digital_lib_book_fk, digital_lib_tag_fk) values (844,901);
insert into digital_lib_book_tag (digital_lib_book_fk, digital_lib_tag_fk) values (844,477);
insert into digital_lib_book_tag (digital_lib_book_fk, digital_lib_tag_fk) values (844,2076);
insert into digital_lib_book_tag (digital_lib_book_fk, digital_lib_tag_fk) values (844,1822);
insert into digital_lib_book_tag (digital_lib_book_fk, digital_lib_tag_fk) values (844,479);
insert into digital_lib_book_tag (digital_lib_book_fk, digital_lib_tag_fk) values (844,1928);
insert into digital_lib_book_tag (digital_lib_book_fk, digital_lib_tag_fk) values (844,1610);
insert into digital_lib_book_publisher (digital_lib_book_fk, digital_lib_publisher_fk) values (844,240);
insert into digital_lib_category_book (digital_lib_book_fk, digital_lib_category_fk) values (844,6);
insert into digital_lib_category_book (digital_lib_book_fk, digital_lib_category_fk) values (844,42);
insert into digital_lib_book (digital_lib_book_id, title, description, issue_year) values (845,'The Future of Software Quality Assurance','This open access book, published to mark the 15th anniversary of the International Software Quality Institute (iSQI), is intended to raise the profile of software testers and their profession. It gathers contributions by respected software testing experts in order to highlight the state of the art as well as future challenges and trends.',2020);
insert into digital_lib_book_author (digital_lib_book_fk, digital_lib_author_fk) values (845,155);
insert into digital_lib_book_tag (digital_lib_book_fk, digital_lib_tag_fk) values (845,2044);
insert into digital_lib_book_tag (digital_lib_book_fk, digital_lib_tag_fk) values (845,958);
insert into digital_lib_book_tag (digital_lib_book_fk, digital_lib_tag_fk) values (845,1328);
insert into digital_lib_book_tag (digital_lib_book_fk, digital_lib_tag_fk) values (845,48);
insert into digital_lib_book_tag (digital_lib_book_fk, digital_lib_tag_fk) values (845,2421);
insert into digital_lib_book_tag (digital_lib_book_fk, digital_lib_tag_fk) values (845,16);
insert into digital_lib_book_publisher (digital_lib_book_fk, digital_lib_publisher_fk) values (845,14);
insert into digital_lib_book_publisher (digital_lib_book_fk, digital_lib_publisher_fk) values (845,2);
insert into digital_lib_category_book (digital_lib_book_fk, digital_lib_category_fk) values (845,6);
insert into digital_lib_category_book (digital_lib_book_fk, digital_lib_category_fk) values (845,42);
insert into digital_lib_book (digital_lib_book_id, title, description, issue_year) values (846,'A Software Testing Primer','In this small manual, made by one of the most recognized specialists in the field of Software Testing, we find topics such as: Concept and necessity of software testing, Functional tests: regression, verification, validation, Non-functional tests: design, usability, performance,Test Planning: purpose, risks, Reports and metrics, Software Complexity',2008);
insert into digital_lib_book_author (digital_lib_book_fk, digital_lib_author_fk) values (846,710);
insert into digital_lib_book_tag (digital_lib_book_fk, digital_lib_tag_fk) values (846,1610);
insert into digital_lib_book_tag (digital_lib_book_fk, digital_lib_tag_fk) values (846,1839);
insert into digital_lib_book_tag (digital_lib_book_fk, digital_lib_tag_fk) values (846,119);
insert into digital_lib_book_tag (digital_lib_book_fk, digital_lib_tag_fk) values (846,479);
insert into digital_lib_book_publisher (digital_lib_book_fk, digital_lib_publisher_fk) values (846,258);
insert into digital_lib_category_book (digital_lib_book_fk, digital_lib_category_fk) values (846,6);
insert into digital_lib_category_book (digital_lib_book_fk, digital_lib_category_fk) values (846,42);
insert into digital_lib_book (digital_lib_book_id, title, description, issue_year) values (847,'Test-Driven Development: Extensive Tutorial','As the title of the book says, this is a tutorial for test-driven development.',2016);
insert into digital_lib_book_author (digital_lib_book_fk, digital_lib_author_fk) values (847,1121);
insert into digital_lib_book_tag (digital_lib_book_fk, digital_lib_tag_fk) values (847,1610);
insert into digital_lib_book_tag (digital_lib_book_fk, digital_lib_tag_fk) values (847,1839);
insert into digital_lib_book_tag (digital_lib_book_fk, digital_lib_tag_fk) values (847,119);
insert into digital_lib_book_tag (digital_lib_book_fk, digital_lib_tag_fk) values (847,479);
insert into digital_lib_book_publisher (digital_lib_book_fk, digital_lib_publisher_fk) values (847,135);
insert into digital_lib_category_book (digital_lib_book_fk, digital_lib_category_fk) values (847,6);
insert into digital_lib_category_book (digital_lib_book_fk, digital_lib_category_fk) values (847,42);
insert into digital_lib_book (digital_lib_book_id, title, description, issue_year) values (848,'Software Test Automation','This book brings together a series of articles published by different experts in the field in order to give greater coverage to a fundamental aspect of modern software development: a work paradigm that produces higher quality codes together with programs with fewer number of failures while more maintainable and scalable.',2010);
insert into digital_lib_book_author (digital_lib_book_fk, digital_lib_author_fk) values (848,178);
insert into digital_lib_book_author (digital_lib_book_fk, digital_lib_author_fk) values (848,481);
insert into digital_lib_book_author (digital_lib_book_fk, digital_lib_author_fk) values (848,1139);
insert into digital_lib_book_author (digital_lib_book_fk, digital_lib_author_fk) values (848,979);
insert into digital_lib_book_author (digital_lib_book_fk, digital_lib_author_fk) values (848,753);
insert into digital_lib_book_author (digital_lib_book_fk, digital_lib_author_fk) values (848,508);
insert into digital_lib_book_author (digital_lib_book_fk, digital_lib_author_fk) values (848,76);
insert into digital_lib_book_tag (digital_lib_book_fk, digital_lib_tag_fk) values (848,1610);
insert into digital_lib_book_tag (digital_lib_book_fk, digital_lib_tag_fk) values (848,1839);
insert into digital_lib_book_tag (digital_lib_book_fk, digital_lib_tag_fk) values (848,119);
insert into digital_lib_book_tag (digital_lib_book_fk, digital_lib_tag_fk) values (848,479);
insert into digital_lib_book_tag (digital_lib_book_fk, digital_lib_tag_fk) values (848,1670);
insert into digital_lib_book_publisher (digital_lib_book_fk, digital_lib_publisher_fk) values (848,39);
insert into digital_lib_category_book (digital_lib_book_fk, digital_lib_category_fk) values (848,6);
insert into digital_lib_category_book (digital_lib_book_fk, digital_lib_category_fk) values (848,42);
insert into digital_lib_book (digital_lib_book_id, title, description, issue_year) values (849,'What is Testing?','A book on the process of testing a new software.',2014);
insert into digital_lib_book_author (digital_lib_book_fk, digital_lib_author_fk) values (849,325);
insert into digital_lib_book_tag (digital_lib_book_fk, digital_lib_tag_fk) values (849,1610);
insert into digital_lib_book_tag (digital_lib_book_fk, digital_lib_tag_fk) values (849,1839);
insert into digital_lib_book_tag (digital_lib_book_fk, digital_lib_tag_fk) values (849,119);
insert into digital_lib_book_tag (digital_lib_book_fk, digital_lib_tag_fk) values (849,479);
insert into digital_lib_book_tag (digital_lib_book_fk, digital_lib_tag_fk) values (849,1670);
insert into digital_lib_book_publisher (digital_lib_book_fk, digital_lib_publisher_fk) values (849,98);
insert into digital_lib_category_book (digital_lib_book_fk, digital_lib_category_fk) values (849,6);
insert into digital_lib_category_book (digital_lib_book_fk, digital_lib_category_fk) values (849,42);
insert into digital_lib_book (digital_lib_book_id, title, description, issue_year) values (850,'Harvard Reference Style Guide','The Harvard system is used to easily include in our writings and academic reflections the basic information of the sources used to quote, paraphrase or comment on ideas belonging to other authors. The main objective of this reference system is to facilitate the writing of scientific papers and to quickly and easily provide the reader with the precise information that allows him to locate the works used during the construction of a writing.',2009);
insert into digital_lib_book_author (digital_lib_book_fk, digital_lib_author_fk) values (850,592);
insert into digital_lib_book_tag (digital_lib_book_fk, digital_lib_tag_fk) values (850,1671);
insert into digital_lib_book_tag (digital_lib_book_fk, digital_lib_tag_fk) values (850,40);
insert into digital_lib_book_tag (digital_lib_book_fk, digital_lib_tag_fk) values (850,897);
insert into digital_lib_book_tag (digital_lib_book_fk, digital_lib_tag_fk) values (850,1441);
insert into digital_lib_book_publisher (digital_lib_book_fk, digital_lib_publisher_fk) values (850,251);
insert into digital_lib_category_book (digital_lib_book_fk, digital_lib_category_fk) values (850,6);
insert into digital_lib_category_book (digital_lib_book_fk, digital_lib_category_fk) values (850,41);
insert into digital_lib_book (digital_lib_book_id, title, description, issue_year) values (851,'How the Internet Works','This manual tries to explain how the Network of Networks works through each of the factors that make it possible.',2012);
insert into digital_lib_book_author (digital_lib_book_fk, digital_lib_author_fk) values (851,332);
insert into digital_lib_book_tag (digital_lib_book_fk, digital_lib_tag_fk) values (851,40);
insert into digital_lib_book_tag (digital_lib_book_fk, digital_lib_tag_fk) values (851,897);
insert into digital_lib_book_tag (digital_lib_book_fk, digital_lib_tag_fk) values (851,524);
insert into digital_lib_book_tag (digital_lib_book_fk, digital_lib_tag_fk) values (851,2179);
insert into digital_lib_book_tag (digital_lib_book_fk, digital_lib_tag_fk) values (851,2171);
insert into digital_lib_book_tag (digital_lib_book_fk, digital_lib_tag_fk) values (851,2184);
insert into digital_lib_book_tag (digital_lib_book_fk, digital_lib_tag_fk) values (851,1999);
insert into digital_lib_book_tag (digital_lib_book_fk, digital_lib_tag_fk) values (851,2244);
insert into digital_lib_book_tag (digital_lib_book_fk, digital_lib_tag_fk) values (851,729);
insert into digital_lib_book_tag (digital_lib_book_fk, digital_lib_tag_fk) values (851,1402);
insert into digital_lib_book_tag (digital_lib_book_fk, digital_lib_tag_fk) values (851,979);
insert into digital_lib_book_publisher (digital_lib_book_fk, digital_lib_publisher_fk) values (851,37);
insert into digital_lib_category_book (digital_lib_book_fk, digital_lib_category_fk) values (851,6);
insert into digital_lib_category_book (digital_lib_book_fk, digital_lib_category_fk) values (851,41);
insert into digital_lib_book (digital_lib_book_id, title, description, issue_year) values (852,'Up to Speed on HTML5 & CSS3','The purpose of this book is to show the new structures in web development so that we can learn how to take advantage of them from now on.',2009);
insert into digital_lib_book_author (digital_lib_book_fk, digital_lib_author_fk) values (852,423);
insert into digital_lib_book_author (digital_lib_book_fk, digital_lib_author_fk) values (852,1150);
insert into digital_lib_book_tag (digital_lib_book_fk, digital_lib_tag_fk) values (852,363);
insert into digital_lib_book_tag (digital_lib_book_fk, digital_lib_tag_fk) values (852,1402);
insert into digital_lib_book_tag (digital_lib_book_fk, digital_lib_tag_fk) values (852,837);
insert into digital_lib_book_tag (digital_lib_book_fk, digital_lib_tag_fk) values (852,1086);
insert into digital_lib_book_publisher (digital_lib_book_fk, digital_lib_publisher_fk) values (852,161);
insert into digital_lib_category_book (digital_lib_book_fk, digital_lib_category_fk) values (852,6);
insert into digital_lib_category_book (digital_lib_book_fk, digital_lib_category_fk) values (852,41);
insert into digital_lib_book (digital_lib_book_id, title, description, issue_year) values (853,'Road Map for the Digital City','Road Map for the Digital City is a book which discusses how New York city has, or will turn into a Digital City. The main topics are social media, crowdsourcing and digital learning.',2012);
insert into digital_lib_book_author (digital_lib_book_fk, digital_lib_author_fk) values (853,1102);
insert into digital_lib_book_tag (digital_lib_book_fk, digital_lib_tag_fk) values (853,1916);
insert into digital_lib_book_tag (digital_lib_book_fk, digital_lib_tag_fk) values (853,2075);
insert into digital_lib_book_tag (digital_lib_book_fk, digital_lib_tag_fk) values (853,385);
insert into digital_lib_book_tag (digital_lib_book_fk, digital_lib_tag_fk) values (853,1661);
insert into digital_lib_book_tag (digital_lib_book_fk, digital_lib_tag_fk) values (853,897);
insert into digital_lib_book_tag (digital_lib_book_fk, digital_lib_tag_fk) values (853,40);
insert into digital_lib_book_publisher (digital_lib_book_fk, digital_lib_publisher_fk) values (853,128);
insert into digital_lib_category_book (digital_lib_book_fk, digital_lib_category_fk) values (853,6);
insert into digital_lib_category_book (digital_lib_book_fk, digital_lib_category_fk) values (853,41);
insert into digital_lib_book (digital_lib_book_id, title, description, issue_year) values (854,'Synchronous e-Learning','This book delves into the topics of facilitating access to knowledge and the manner in which it can be done. Each of these aspects revealing its original idea, operation, state and future.',2007);
insert into digital_lib_book_author (digital_lib_book_fk, digital_lib_author_fk) values (854,720);
insert into digital_lib_book_author (digital_lib_book_fk, digital_lib_author_fk) values (854,965);
insert into digital_lib_book_author (digital_lib_book_fk, digital_lib_author_fk) values (854,453);
insert into digital_lib_book_author (digital_lib_book_fk, digital_lib_author_fk) values (854,1193);
insert into digital_lib_book_tag (digital_lib_book_fk, digital_lib_tag_fk) values (854,1567);
insert into digital_lib_book_tag (digital_lib_book_fk, digital_lib_tag_fk) values (854,1680);
insert into digital_lib_book_tag (digital_lib_book_fk, digital_lib_tag_fk) values (854,40);
insert into digital_lib_book_tag (digital_lib_book_fk, digital_lib_tag_fk) values (854,897);
insert into digital_lib_book_publisher (digital_lib_book_fk, digital_lib_publisher_fk) values (854,263);
insert into digital_lib_category_book (digital_lib_book_fk, digital_lib_category_fk) values (854,6);
insert into digital_lib_category_book (digital_lib_book_fk, digital_lib_category_fk) values (854,41);
insert into digital_lib_book (digital_lib_book_id, title, description, issue_year) values (855,'The Future of Ideas','“The Future of Ideas” is an exploration back in time of how the Internet has fostered creativity and how the big companies of the past are trying to stifle it.',2001);
insert into digital_lib_book_author (digital_lib_book_fk, digital_lib_author_fk) values (855,659);
insert into digital_lib_book_tag (digital_lib_book_fk, digital_lib_tag_fk) values (855,1680);
insert into digital_lib_book_tag (digital_lib_book_fk, digital_lib_tag_fk) values (855,1830);
insert into digital_lib_book_tag (digital_lib_book_fk, digital_lib_tag_fk) values (855,40);
insert into digital_lib_book_tag (digital_lib_book_fk, digital_lib_tag_fk) values (855,2320);
insert into digital_lib_book_tag (digital_lib_book_fk, digital_lib_tag_fk) values (855,1680);
insert into digital_lib_book_tag (digital_lib_book_fk, digital_lib_tag_fk) values (855,1361);
insert into digital_lib_book_tag (digital_lib_book_fk, digital_lib_tag_fk) values (855,897);
insert into digital_lib_book_publisher (digital_lib_book_fk, digital_lib_publisher_fk) values (855,55);
insert into digital_lib_category_book (digital_lib_book_fk, digital_lib_category_fk) values (855,6);
insert into digital_lib_category_book (digital_lib_book_fk, digital_lib_category_fk) values (855,41);
insert into digital_lib_book (digital_lib_book_id, title, description, issue_year) values (856,'The Future Internet','The Future Internet Assembly (FIA) is a successful conference that brings together participants of over 150 research projects from several distinct yet interrelated areas in the European Union Framework Programme 7 (FP7). This book contains papers from the conference.',2013);
insert into digital_lib_book_author (digital_lib_book_fk, digital_lib_author_fk) values (856,503);
insert into digital_lib_book_author (digital_lib_book_fk, digital_lib_author_fk) values (856,902);
insert into digital_lib_book_tag (digital_lib_book_fk, digital_lib_tag_fk) values (856,2209);
insert into digital_lib_book_tag (digital_lib_book_fk, digital_lib_tag_fk) values (856,647);
insert into digital_lib_book_tag (digital_lib_book_fk, digital_lib_tag_fk) values (856,341);
insert into digital_lib_book_tag (digital_lib_book_fk, digital_lib_tag_fk) values (856,2076);
insert into digital_lib_book_tag (digital_lib_book_fk, digital_lib_tag_fk) values (856,40);
insert into digital_lib_book_tag (digital_lib_book_fk, digital_lib_tag_fk) values (856,897);
insert into digital_lib_book_publisher (digital_lib_book_fk, digital_lib_publisher_fk) values (856,14);
insert into digital_lib_category_book (digital_lib_book_fk, digital_lib_category_fk) values (856,6);
insert into digital_lib_category_book (digital_lib_book_fk, digital_lib_category_fk) values (856,41);
insert into digital_lib_book (digital_lib_book_id, title, description, issue_year) values (857,'The Missing Link An Introduction to Web Development and Programming','The Missing Link attempts to bridge the gap between conflicting educational demands. The author of this text takes a broad approach to teaching web programming and development. The result is a single resource that integrates good design practices, modern technologies, and all of the programming tools that one would need to build a successful, dynamic web site.',2014);
insert into digital_lib_book_author (digital_lib_book_fk, digital_lib_author_fk) values (857,34);
insert into digital_lib_book_tag (digital_lib_book_fk, digital_lib_tag_fk) values (857,1635);
insert into digital_lib_book_tag (digital_lib_book_fk, digital_lib_tag_fk) values (857,1869);
insert into digital_lib_book_tag (digital_lib_book_fk, digital_lib_tag_fk) values (857,1086);
insert into digital_lib_book_tag (digital_lib_book_fk, digital_lib_tag_fk) values (857,893);
insert into digital_lib_book_tag (digital_lib_book_fk, digital_lib_tag_fk) values (857,2318);
insert into digital_lib_book_tag (digital_lib_book_fk, digital_lib_tag_fk) values (857,1619);
insert into digital_lib_book_tag (digital_lib_book_fk, digital_lib_tag_fk) values (857,2076);
insert into digital_lib_book_publisher (digital_lib_book_fk, digital_lib_publisher_fk) values (857,120);
insert into digital_lib_category_book (digital_lib_book_fk, digital_lib_category_fk) values (857,6);
insert into digital_lib_category_book (digital_lib_book_fk, digital_lib_category_fk) values (857,41);
insert into digital_lib_book (digital_lib_book_id, title, description, issue_year) values (858,'The Web Book How to create Web sites and applications with HTML, CSS, Javascript, PHP and MySQL','The Web Book covers all the technologies that are necessary for the development of complex Web sites, be they static or dynamic.',2010);
insert into digital_lib_book_author (digital_lib_book_fk, digital_lib_author_fk) values (858,214);
insert into digital_lib_book_tag (digital_lib_book_fk, digital_lib_tag_fk) values (858,1026);
insert into digital_lib_book_tag (digital_lib_book_fk, digital_lib_tag_fk) values (858,200);
insert into digital_lib_book_tag (digital_lib_book_fk, digital_lib_tag_fk) values (858,2318);
insert into digital_lib_book_tag (digital_lib_book_fk, digital_lib_tag_fk) values (858,1619);
insert into digital_lib_book_tag (digital_lib_book_fk, digital_lib_tag_fk) values (858,1086);
insert into digital_lib_book_tag (digital_lib_book_fk, digital_lib_tag_fk) values (858,1279);
insert into digital_lib_book_tag (digital_lib_book_fk, digital_lib_tag_fk) values (858,759);
insert into digital_lib_book_publisher (digital_lib_book_fk, digital_lib_publisher_fk) values (858,258);
insert into digital_lib_category_book (digital_lib_book_fk, digital_lib_category_fk) values (858,6);
insert into digital_lib_category_book (digital_lib_book_fk, digital_lib_category_fk) values (858,41);
insert into digital_lib_book (digital_lib_book_id, title, description, issue_year) values (859,'The Woork Handbook A collaborative book about web design and programming','This book contains a selection of some of the articles that Antonio Lupetti wrote on his blog during the years 2007 and 2008. Some of the techniques this book touches on are AJAX, CSS, PHP, MooTools, Scriptaculous and other web design related topics.',2008);
insert into digital_lib_book_author (digital_lib_book_fk, digital_lib_author_fk) values (859,437);
insert into digital_lib_book_tag (digital_lib_book_fk, digital_lib_tag_fk) values (859,990);
insert into digital_lib_book_tag (digital_lib_book_fk, digital_lib_tag_fk) values (859,1004);
insert into digital_lib_book_tag (digital_lib_book_fk, digital_lib_tag_fk) values (859,1635);
insert into digital_lib_book_tag (digital_lib_book_fk, digital_lib_tag_fk) values (859,827);
insert into digital_lib_book_tag (digital_lib_book_fk, digital_lib_tag_fk) values (859,1279);
insert into digital_lib_book_tag (digital_lib_book_fk, digital_lib_tag_fk) values (859,1086);
insert into digital_lib_book_tag (digital_lib_book_fk, digital_lib_tag_fk) values (859,278);
insert into digital_lib_book_tag (digital_lib_book_fk, digital_lib_tag_fk) values (859,2074);
insert into digital_lib_book_tag (digital_lib_book_fk, digital_lib_tag_fk) values (859,2018);
insert into digital_lib_book_tag (digital_lib_book_fk, digital_lib_tag_fk) values (859,1086);
insert into digital_lib_book_publisher (digital_lib_book_fk, digital_lib_publisher_fk) values (859,258);
insert into digital_lib_category_book (digital_lib_book_fk, digital_lib_category_fk) values (859,6);
insert into digital_lib_category_book (digital_lib_book_fk, digital_lib_category_fk) values (859,41);
insert into digital_lib_book (digital_lib_book_id, title, description, issue_year) values (860,'The Theory and Practice of Online learning','Theory and Practice of Online Learning, edited by Terry Anderson and Fathi Elloumi, is concerned with assisting providers of online education with useful tools to carry out the teaching and learning transactions online. It presents the theory, administration, tools, and methods of designing and delivering learning online.',2011);
insert into digital_lib_book_author (digital_lib_book_fk, digital_lib_author_fk) values (860,454);
insert into digital_lib_book_tag (digital_lib_book_fk, digital_lib_tag_fk) values (860,1654);
insert into digital_lib_book_tag (digital_lib_book_fk, digital_lib_tag_fk) values (860,328);
insert into digital_lib_book_tag (digital_lib_book_fk, digital_lib_tag_fk) values (860,680);
insert into digital_lib_book_tag (digital_lib_book_fk, digital_lib_tag_fk) values (860,1128);
insert into digital_lib_book_publisher (digital_lib_book_fk, digital_lib_publisher_fk) values (860,21);
insert into digital_lib_category_book (digital_lib_book_fk, digital_lib_category_fk) values (860,6);
insert into digital_lib_category_book (digital_lib_book_fk, digital_lib_category_fk) values (860,41);
insert into digital_lib_book (digital_lib_book_id, title, description, issue_year) values (861,'Set Up Your Blog With WordPress','WordPress is a content management system focused on the creation of blogs (regularly updated websites). Developed in PHP and MySQL, under a GPL license and modifiable code and this books allows you to make your own blog using WordPress.',2011);
insert into digital_lib_book_author (digital_lib_book_fk, digital_lib_author_fk) values (861,123);
insert into digital_lib_book_tag (digital_lib_book_fk, digital_lib_tag_fk) values (861,82);
insert into digital_lib_book_tag (digital_lib_book_fk, digital_lib_tag_fk) values (861,1017);
insert into digital_lib_book_tag (digital_lib_book_fk, digital_lib_tag_fk) values (861,827);
insert into digital_lib_book_tag (digital_lib_book_fk, digital_lib_tag_fk) values (861,40);
insert into digital_lib_book_tag (digital_lib_book_fk, digital_lib_tag_fk) values (861,897);
insert into digital_lib_book_tag (digital_lib_book_fk, digital_lib_tag_fk) values (861,1725);
insert into digital_lib_book_tag (digital_lib_book_fk, digital_lib_tag_fk) values (861,2316);
insert into digital_lib_book_publisher (digital_lib_book_fk, digital_lib_publisher_fk) values (861,37);
insert into digital_lib_category_book (digital_lib_book_fk, digital_lib_category_fk) values (861,6);
insert into digital_lib_category_book (digital_lib_book_fk, digital_lib_category_fk) values (861,41);
insert into digital_lib_book (digital_lib_book_id, title, description, issue_year) values (862,'Using YouTube: from Consumption to Production','This guide reviews the tools that the popular service offers its users for both video playback and content desktop publishing.',2012);
insert into digital_lib_book_author (digital_lib_book_fk, digital_lib_author_fk) values (862,1114);
insert into digital_lib_book_tag (digital_lib_book_fk, digital_lib_tag_fk) values (862,2223);
insert into digital_lib_book_tag (digital_lib_book_fk, digital_lib_tag_fk) values (862,717);
insert into digital_lib_book_tag (digital_lib_book_fk, digital_lib_tag_fk) values (862,2235);
insert into digital_lib_book_tag (digital_lib_book_fk, digital_lib_tag_fk) values (862,40);
insert into digital_lib_book_tag (digital_lib_book_fk, digital_lib_tag_fk) values (862,897);
insert into digital_lib_book_publisher (digital_lib_book_fk, digital_lib_publisher_fk) values (862,37);
insert into digital_lib_category_book (digital_lib_book_fk, digital_lib_category_fk) values (862,6);
insert into digital_lib_category_book (digital_lib_book_fk, digital_lib_category_fk) values (862,41);
insert into digital_lib_book (digital_lib_book_id, title, description, issue_year) values (863,'Get Into Google Plus','With this guide, you will be introduced to the services and functionalities offered by the controversial Google platform.',2012);
insert into digital_lib_book_author (digital_lib_book_fk, digital_lib_author_fk) values (863,147);
insert into digital_lib_book_tag (digital_lib_book_fk, digital_lib_tag_fk) values (863,705);
insert into digital_lib_book_tag (digital_lib_book_fk, digital_lib_tag_fk) values (863,533);
insert into digital_lib_book_tag (digital_lib_book_fk, digital_lib_tag_fk) values (863,897);
insert into digital_lib_book_tag (digital_lib_book_fk, digital_lib_tag_fk) values (863,40);
insert into digital_lib_book_publisher (digital_lib_book_fk, digital_lib_publisher_fk) values (863,37);
insert into digital_lib_category_book (digital_lib_book_fk, digital_lib_category_fk) values (863,6);
insert into digital_lib_category_book (digital_lib_book_fk, digital_lib_category_fk) values (863,41);
insert into digital_lib_book (digital_lib_book_id, title, description, issue_year) values (864,'Client vs. Developer Wars','This book is about a wonderful discovery that transformed understanding development and  allows us to clearly communicate the subtleties of a website for those clients -the majority- who are not technical.',2006);
insert into digital_lib_book_author (digital_lib_book_fk, digital_lib_author_fk) values (864,599);
insert into digital_lib_book_tag (digital_lib_book_fk, digital_lib_tag_fk) values (864,1279);
insert into digital_lib_book_tag (digital_lib_book_fk, digital_lib_tag_fk) values (864,2076);
insert into digital_lib_book_tag (digital_lib_book_fk, digital_lib_tag_fk) values (864,1086);
insert into digital_lib_book_publisher (digital_lib_book_fk, digital_lib_publisher_fk) values (864,101);
insert into digital_lib_category_book (digital_lib_book_fk, digital_lib_category_fk) values (864,6);
insert into digital_lib_category_book (digital_lib_book_fk, digital_lib_category_fk) values (864,41);
insert into digital_lib_book (digital_lib_book_id, title, description, issue_year) values (865,'CSS Notes for Professionals','This CSS Notes for Professionals book is compiled from Stack Overflow Documentation, the content is written by the beautiful people at Stack Overflow.',2018);
insert into digital_lib_book_author (digital_lib_book_fk, digital_lib_author_fk) values (865,391);
insert into digital_lib_book_tag (digital_lib_book_fk, digital_lib_tag_fk) values (865,2076);
insert into digital_lib_book_tag (digital_lib_book_fk, digital_lib_tag_fk) values (865,1086);
insert into digital_lib_book_publisher (digital_lib_book_fk, digital_lib_publisher_fk) values (865,22);
insert into digital_lib_category_book (digital_lib_book_fk, digital_lib_category_fk) values (865,6);
insert into digital_lib_category_book (digital_lib_book_fk, digital_lib_category_fk) values (865,41);
insert into digital_lib_book (digital_lib_book_id, title, description, issue_year) values (866,'CSS Coding Style Conventions','This book is offering the rules and conventions of the CSS coding style for beginners and professionals alike.',2009);
insert into digital_lib_book_author (digital_lib_book_fk, digital_lib_author_fk) values (866,1107);
insert into digital_lib_book_tag (digital_lib_book_fk, digital_lib_tag_fk) values (866,1086);
insert into digital_lib_book_tag (digital_lib_book_fk, digital_lib_tag_fk) values (866,2076);
insert into digital_lib_book_publisher (digital_lib_book_fk, digital_lib_publisher_fk) values (866,188);
insert into digital_lib_category_book (digital_lib_book_fk, digital_lib_category_fk) values (866,6);
insert into digital_lib_category_book (digital_lib_book_fk, digital_lib_category_fk) values (866,41);
insert into digital_lib_book (digital_lib_book_id, title, description, issue_year) values (867,'The very Unnoficial Facebook Privacy Manual','Facebook is constantly evolving, while your privacy options are always in the spotlight. The truth is that Facebook\`s privacy options are quite complete. Here we explain how to use them.',2011);
insert into digital_lib_book_author (digital_lib_book_fk, digital_lib_author_fk) values (867,47);
insert into digital_lib_book_tag (digital_lib_book_fk, digital_lib_tag_fk) values (867,542);
insert into digital_lib_book_tag (digital_lib_book_fk, digital_lib_tag_fk) values (867,2089);
insert into digital_lib_book_tag (digital_lib_book_fk, digital_lib_tag_fk) values (867,705);
insert into digital_lib_book_tag (digital_lib_book_fk, digital_lib_tag_fk) values (867,40);
insert into digital_lib_book_tag (digital_lib_book_fk, digital_lib_tag_fk) values (867,927);
insert into digital_lib_book_publisher (digital_lib_book_fk, digital_lib_publisher_fk) values (867,37);
insert into digital_lib_category_book (digital_lib_book_fk, digital_lib_category_fk) values (867,6);
insert into digital_lib_category_book (digital_lib_book_fk, digital_lib_category_fk) values (867,41);
insert into digital_lib_book (digital_lib_book_id, title, description, issue_year) values (868,'The Facebook Marketing Guide','Facebook is constantly evolving, while your privacy options are always in the spotlight. The truth is that Facebook\`s privacy options are quite complete. Here we explain how to use them.',2012);
insert into digital_lib_book_author (digital_lib_book_fk, digital_lib_author_fk) values (868,47);
insert into digital_lib_book_tag (digital_lib_book_fk, digital_lib_tag_fk) values (868,542);
insert into digital_lib_book_tag (digital_lib_book_fk, digital_lib_tag_fk) values (868,2089);
insert into digital_lib_book_tag (digital_lib_book_fk, digital_lib_tag_fk) values (868,705);
insert into digital_lib_book_tag (digital_lib_book_fk, digital_lib_tag_fk) values (868,40);
insert into digital_lib_book_tag (digital_lib_book_fk, digital_lib_tag_fk) values (868,927);
insert into digital_lib_book_publisher (digital_lib_book_fk, digital_lib_publisher_fk) values (868,37);
insert into digital_lib_category_book (digital_lib_book_fk, digital_lib_category_fk) values (868,6);
insert into digital_lib_category_book (digital_lib_book_fk, digital_lib_category_fk) values (868,41);
insert into digital_lib_book (digital_lib_book_id, title, description, issue_year) values (869,'A Guide to Facebook Security','Crimes on Facebook grow at the same rate as its popularity, which is why we find more and more cases of Identity theft, Extortion, Defamation, Pedophilia, Cyber ​​Harassment, among others, in this famous social network. Within this framework then arises the publication of an official guide to preserve our security on Facebook: "A Guide to Facebook Security".',2011);
insert into digital_lib_book_author (digital_lib_book_fk, digital_lib_author_fk) values (869,361);
insert into digital_lib_book_author (digital_lib_book_fk, digital_lib_author_fk) values (869,435);
insert into digital_lib_book_author (digital_lib_book_fk, digital_lib_author_fk) values (869,89);
insert into digital_lib_book_tag (digital_lib_book_fk, digital_lib_tag_fk) values (869,542);
insert into digital_lib_book_tag (digital_lib_book_fk, digital_lib_tag_fk) values (869,2089);
insert into digital_lib_book_tag (digital_lib_book_fk, digital_lib_tag_fk) values (869,705);
insert into digital_lib_book_tag (digital_lib_book_fk, digital_lib_tag_fk) values (869,40);
insert into digital_lib_book_tag (digital_lib_book_fk, digital_lib_tag_fk) values (869,927);
insert into digital_lib_book_publisher (digital_lib_book_fk, digital_lib_publisher_fk) values (869,258);
insert into digital_lib_category_book (digital_lib_book_fk, digital_lib_category_fk) values (869,6);
insert into digital_lib_category_book (digital_lib_book_fk, digital_lib_category_fk) values (869,41);
